lat,lon,trend,period
-77.875,-179.875,70.8745,1993-2026
-77.875,-175.875,63.7993,1993-2026
-77.875,-173.875,60.919,1993-2026
-77.875,-163.875,41.5168,1993-2026
-77.875,-161.875,44.8387,1993-2026
-77.875,-159.875,40.1664,1993-2026
-77.875,174.125,56.6096,1993-2026
-77.875,176.125,56.7271,1993-2026
-75.875,-179.875,50.8441,1993-2026
-75.875,-177.875,52.353,1993-2026
-75.875,170.125,38.1637,1993-2026
-75.875,172.125,40.5527,1993-2026
-75.875,174.125,42.0214,1993-2026
-75.875,176.125,40.4725,1993-2026
-75.875,178.125,40.4313,1993-2026
-73.875,-179.875,36.7968,1993-2026
-73.875,-117.875,17.5017,1993-2026
-73.875,-115.875,16.6019,1993-2026
-73.875,-113.875,15.2685,1993-2026
-73.875,-111.875,13.6245,1993-2026
-73.875,172.125,35.4401,1993-2026
-73.875,174.125,32.8367,1993-2026
-73.875,176.125,33.7466,1993-2026
-73.875,178.125,35.5309,1993-2026
-71.875,-179.875,26.9315,1993-2026
-71.875,-177.875,33.0973,1993-2026
-71.875,170.125,29.0883,1993-2026
-71.875,172.125,31.2021,1993-2026
-71.875,174.125,28.3098,1993-2026
-71.875,176.125,29.9511,1993-2026
-71.875,178.125,27.107,1993-2026
-69.875,-179.875,19.6589,1993-2026
-69.875,-177.875,28.5599,1993-2026
-69.875,-167.875,20.7637,1993-2026
-69.875,-165.875,20.1152,1993-2026
-69.875,-163.875,21.3463,1993-2026
-69.875,-161.875,22.5322,1993-2026
-69.875,-159.875,22.2949,1993-2026
-69.875,-157.875,21.989,1993-2026
-69.875,-155.875,23.3752,1993-2026
-69.875,-153.875,26.2237,1993-2026
-69.875,-151.875,20.1495,1993-2026
-69.875,-149.875,17.9817,1993-2026
-69.875,-147.875,17.848,1993-2026
-69.875,-145.875,21.3415,1993-2026
-69.875,-143.875,25.9082,1993-2026
-69.875,-141.875,21.2215,1993-2026
-69.875,-139.875,17.7011,1993-2026
-69.875,-137.875,10.0984,1993-2026
-69.875,-135.875,9.4607,1993-2026
-69.875,-133.875,13.1222,1993-2026
-69.875,-131.875,6.6937,1993-2026
-69.875,-121.875,21.1566,1993-2026
-69.875,-119.875,14.1467,1993-2026
-69.875,-117.875,12.2697,1993-2026
-69.875,-115.875,9.636,1993-2026
-69.875,-113.875,7.4652,1993-2026
-69.875,-111.875,3.5807,1993-2026
-69.875,-109.875,1.1583,1993-2026
-69.875,-107.875,7.9739,1993-2026
-69.875,-105.875,14.7432,1993-2026
-69.875,-101.875,11.178,1993-2026
-69.875,-99.875,17.4433,1993-2026
-69.875,-97.875,10.25,1993-2026
-69.875,-79.875,11.0045,1993-2026
-69.875,-23.875,35.547,1993-2026
-69.875,-21.875,28.8301,1993-2026
-69.875,-19.875,29.9511,1993-2026
-69.875,-17.875,23.3255,1993-2026
-69.875,-15.875,19.2108,1993-2026
-69.875,-13.875,19.3812,1993-2026
-69.875,-11.875,16.3341,1993-2026
-69.875,174.125,21.1201,1993-2026
-69.875,176.125,24.7221,1993-2026
-69.875,178.125,20.6489,1993-2026
-67.875,-179.875,19.2813,1993-2026
-67.875,-177.875,17.6549,1993-2026
-67.875,-175.875,18.8715,1993-2026
-67.875,-173.875,17.9211,1993-2026
-67.875,-171.875,19.4332,1993-2026
-67.875,-169.875,17.0613,1993-2026
-67.875,-167.875,17.3323,1993-2026
-67.875,-165.875,19.1715,1993-2026
-67.875,-163.875,15.1832,1993-2026
-67.875,-161.875,11.4994,1993-2026
-67.875,-159.875,14.688,1993-2026
-67.875,-157.875,16.9724,1993-2026
-67.875,-155.875,17.2366,1993-2026
-67.875,-153.875,17.5601,1993-2026
-67.875,-151.875,21.1191,1993-2026
-67.875,-149.875,13.4731,1993-2026
-67.875,-147.875,9.1233,1993-2026
-67.875,-145.875,11.2112,1993-2026
-67.875,-143.875,16.7935,1993-2026
-67.875,-141.875,5.3271,1993-2026
-67.875,-139.875,7.831,1993-2026
-67.875,-137.875,8.6553,1993-2026
-67.875,-135.875,7.8508,1993-2026
-67.875,-133.875,5.8982,1993-2026
-67.875,-131.875,3.0055,1993-2026
-67.875,-129.875,5.9315,1993-2026
-67.875,-127.875,9.1982,1993-2026
-67.875,-125.875,4.2879,1993-2026
-67.875,-123.875,4.9808,1993-2026
-67.875,-121.875,2.6081,1993-2026
-67.875,-119.875,0.7639,1993-2026
-67.875,-117.875,4.048,1993-2026
-67.875,-115.875,2.0623,1993-2026
-67.875,-113.875,0.3934,1993-2026
-67.875,-111.875,1.245,1993-2026
-67.875,-109.875,7.9824,1993-2026
-67.875,-107.875,5.0598,1993-2026
-67.875,-105.875,7.8687,1993-2026
-67.875,-103.875,23.6245,1993-2026
-67.875,-101.875,2.3821,1993-2026
-67.875,-99.875,-2.7658,1993-2026
-67.875,-97.875,16.1173,1993-2026
-67.875,-95.875,8.7852,1993-2026
-67.875,-93.875,10.5266,1993-2026
-67.875,-91.875,11.7174,1993-2026
-67.875,-89.875,14.3768,1993-2026
-67.875,-87.875,6.4011,1993-2026
-67.875,-85.875,10.8866,1993-2026
-67.875,-83.875,18.7031,1993-2026
-67.875,-81.875,10.0902,1993-2026
-67.875,-79.875,12.8448,1993-2026
-67.875,-77.875,14.0076,1993-2026
-67.875,-75.875,14.5753,1993-2026
-67.875,-73.875,13.9035,1993-2026
-67.875,-71.875,15.3798,1993-2026
-67.875,-69.875,17.8449,1993-2026
-67.875,-67.875,15.1034,1993-2026
-67.875,-33.875,28.2476,1993-2026
-67.875,-31.875,23.7061,1993-2026
-67.875,-29.875,28.367,1993-2026
-67.875,-27.875,36.5337,1993-2026
-67.875,-25.875,35.0504,1993-2026
-67.875,-23.875,23.0823,1993-2026
-67.875,-21.875,23.7135,1993-2026
-67.875,-19.875,22.7927,1993-2026
-67.875,-17.875,17.9516,1993-2026
-67.875,-15.875,19.336,1993-2026
-67.875,-13.875,22.484,1993-2026
-67.875,-11.875,22.5987,1993-2026
-67.875,-9.875,21.4515,1993-2026
-67.875,-7.875,25.1666,1993-2026
-67.875,-5.875,26.2154,1993-2026
-67.875,-3.875,27.1679,1993-2026
-67.875,-1.875,25.2363,1993-2026
-67.875,0.125,25.6069,1993-2026
-67.875,2.125,25.1124,1993-2026
-67.875,4.125,24.6387,1993-2026
-67.875,6.125,22.4804,1993-2026
-67.875,8.125,22.9748,1993-2026
-67.875,10.125,16.5868,1993-2026
-67.875,12.125,14.5646,1993-2026
-67.875,14.125,17.4871,1993-2026
-67.875,16.125,24.2863,1993-2026
-67.875,18.125,22.0429,1993-2026
-67.875,20.125,21.6397,1993-2026
-67.875,22.125,20.3865,1993-2026
-67.875,24.125,22.7922,1993-2026
-67.875,26.125,29.7461,1993-2026
-67.875,28.125,25.516,1993-2026
-67.875,30.125,30.6255,1993-2026
-67.875,66.125,21.6038,1993-2026
-67.875,68.125,17.7369,1993-2026
-67.875,74.125,15.9221,1993-2026
-67.875,76.125,26.1276,1993-2026
-67.875,78.125,27.7998,1993-2026
-67.875,80.125,31.0302,1993-2026
-67.875,172.125,30.4892,1993-2026
-67.875,174.125,26.8136,1993-2026
-67.875,176.125,18.3388,1993-2026
-67.875,178.125,19.9418,1993-2026
-65.875,-179.875,20.6768,1993-2026
-65.875,-177.875,22.6108,1993-2026
-65.875,-175.875,19.1221,1993-2026
-65.875,-173.875,18.2032,1993-2026
-65.875,-171.875,22.1085,1993-2026
-65.875,-169.875,15.9982,1993-2026
-65.875,-167.875,14.0729,1993-2026
-65.875,-165.875,14.7692,1993-2026
-65.875,-163.875,15.0005,1993-2026
-65.875,-161.875,18.3189,1993-2026
-65.875,-159.875,18.704,1993-2026
-65.875,-157.875,18.3353,1993-2026
-65.875,-155.875,19.2629,1993-2026
-65.875,-153.875,17.8727,1993-2026
-65.875,-151.875,19.8453,1993-2026
-65.875,-149.875,17.8902,1993-2026
-65.875,-147.875,15.2216,1993-2026
-65.875,-145.875,9.7926,1993-2026
-65.875,-143.875,9.1205,1993-2026
-65.875,-141.875,2.2698,1993-2026
-65.875,-139.875,8.2887,1993-2026
-65.875,-137.875,10.3753,1993-2026
-65.875,-135.875,15.1306,1993-2026
-65.875,-133.875,17.0037,1993-2026
-65.875,-131.875,6.1432,1993-2026
-65.875,-129.875,-4.0038,1993-2026
-65.875,-127.875,-5.4243,1993-2026
-65.875,-125.875,-6.0015,1993-2026
-65.875,-123.875,-14.7494,1993-2026
-65.875,-121.875,-0.7215,1993-2026
-65.875,-119.875,-8.73,1993-2026
-65.875,-117.875,-7.3858,1993-2026
-65.875,-115.875,-27.061,1993-2026
-65.875,-113.875,15.5758,1993-2026
-65.875,-111.875,7.6979,1993-2026
-65.875,-109.875,-3.6126,1993-2026
-65.875,-107.875,-12.796,1993-2026
-65.875,-105.875,6.8884,1993-2026
-65.875,-103.875,0.9019,1993-2026
-65.875,-101.875,-10.1056,1993-2026
-65.875,-99.875,-11.4445,1993-2026
-65.875,-97.875,8.8645,1993-2026
-65.875,-95.875,8.8442,1993-2026
-65.875,-93.875,19.3176,1993-2026
-65.875,-91.875,-0.1273,1993-2026
-65.875,-89.875,3.1442,1993-2026
-65.875,-87.875,4.8082,1993-2026
-65.875,-85.875,2.2781,1993-2026
-65.875,-83.875,-3.9082,1993-2026
-65.875,-81.875,3.8927,1993-2026
-65.875,-79.875,33.1273,1993-2026
-65.875,-77.875,11.8127,1993-2026
-65.875,-75.875,25.9645,1993-2026
-65.875,-73.875,18.046,1993-2026
-65.875,-71.875,18.3426,1993-2026
-65.875,-69.875,16.6432,1993-2026
-65.875,-67.875,14.2519,1993-2026
-65.875,-65.875,10.9109,1993-2026
-65.875,-35.875,22.1339,1993-2026
-65.875,-33.875,27.6873,1993-2026
-65.875,-31.875,28.4664,1993-2026
-65.875,-29.875,32.4574,1993-2026
-65.875,-27.875,28.1213,1993-2026
-65.875,-25.875,27.4755,1993-2026
-65.875,-23.875,15.5916,1993-2026
-65.875,-21.875,14.9048,1993-2026
-65.875,-19.875,19.0446,1993-2026
-65.875,-17.875,20.5388,1993-2026
-65.875,-15.875,23.586,1993-2026
-65.875,-13.875,25.3568,1993-2026
-65.875,-11.875,26.2929,1993-2026
-65.875,-9.875,24.8596,1993-2026
-65.875,-7.875,21.9973,1993-2026
-65.875,-5.875,21.1848,1993-2026
-65.875,-3.875,21.0039,1993-2026
-65.875,-1.875,22.6877,1993-2026
-65.875,0.125,24.3348,1993-2026
-65.875,2.125,23.8094,1993-2026
-65.875,4.125,23.6719,1993-2026
-65.875,6.125,23.2708,1993-2026
-65.875,8.125,23.1261,1993-2026
-65.875,10.125,24.0363,1993-2026
-65.875,12.125,24.0939,1993-2026
-65.875,14.125,23.2384,1993-2026
-65.875,16.125,20.371,1993-2026
-65.875,18.125,19.9287,1993-2026
-65.875,20.125,19.964,1993-2026
-65.875,22.125,19.9902,1993-2026
-65.875,24.125,21.0494,1993-2026
-65.875,26.125,21.449,1993-2026
-65.875,28.125,20.8108,1993-2026
-65.875,30.125,21.9474,1993-2026
-65.875,32.125,22.184,1993-2026
-65.875,34.125,20.4856,1993-2026
-65.875,36.125,19.3873,1993-2026
-65.875,38.125,20.3168,1993-2026
-65.875,40.125,18.4292,1993-2026
-65.875,42.125,18.8913,1993-2026
-65.875,44.125,20.7982,1993-2026
-65.875,46.125,19.9248,1993-2026
-65.875,50.125,15.089,1993-2026
-65.875,52.125,26.8114,1993-2026
-65.875,54.125,12.5452,1993-2026
-65.875,60.125,15.347,1993-2026
-65.875,62.125,18.7664,1993-2026
-65.875,64.125,20.2831,1993-2026
-65.875,66.125,23.3027,1993-2026
-65.875,68.125,26.8795,1993-2026
-65.875,70.125,23.04,1993-2026
-65.875,72.125,23.4315,1993-2026
-65.875,74.125,21.3976,1993-2026
-65.875,76.125,20.1455,1993-2026
-65.875,78.125,19.8255,1993-2026
-65.875,92.125,24.3946,1993-2026
-65.875,94.125,21.2887,1993-2026
-65.875,132.125,12.3011,1993-2026
-65.875,140.125,15.6091,1993-2026
-65.875,142.125,17.3132,1993-2026
-65.875,144.125,12.9192,1993-2026
-65.875,146.125,19.717,1993-2026
-65.875,164.125,20.9904,1993-2026
-65.875,166.125,18.481,1993-2026
-65.875,168.125,23.2642,1993-2026
-65.875,170.125,24.7822,1993-2026
-65.875,172.125,17.8539,1993-2026
-65.875,174.125,16.8024,1993-2026
-65.875,176.125,16.9848,1993-2026
-65.875,178.125,19.5702,1993-2026
-63.875,-179.875,31.664,1993-2026
-63.875,-177.875,30.059,1993-2026
-63.875,-175.875,36.8729,1993-2026
-63.875,-173.875,13.0244,1993-2026
-63.875,-171.875,8.2098,1993-2026
-63.875,-169.875,18.8894,1993-2026
-63.875,-167.875,16.4874,1993-2026
-63.875,-165.875,13.4961,1993-2026
-63.875,-163.875,13.2866,1993-2026
-63.875,-161.875,14.7808,1993-2026
-63.875,-159.875,14.5234,1993-2026
-63.875,-157.875,13.7908,1993-2026
-63.875,-155.875,16.74,1993-2026
-63.875,-153.875,17.7198,1993-2026
-63.875,-151.875,16.2092,1993-2026
-63.875,-149.875,13.0727,1993-2026
-63.875,-147.875,11.264,1993-2026
-63.875,-145.875,9.0605,1993-2026
-63.875,-143.875,11.7973,1993-2026
-63.875,-141.875,8.0763,1993-2026
-63.875,-139.875,11.9419,1993-2026
-63.875,-137.875,6.3073,1993-2026
-63.875,-135.875,2.7987,1993-2026
-63.875,-133.875,23.0903,1993-2026
-63.875,-131.875,24.4258,1993-2026
-63.875,-129.875,8.8921,1993-2026
-63.875,-127.875,7.4371,1993-2026
-63.875,-125.875,10.0519,1993-2026
-63.875,-123.875,14.056,1993-2026
-63.875,-121.875,-21.3997,1993-2026
-63.875,-119.875,-11.2931,1993-2026
-63.875,-117.875,-16.6253,1993-2026
-63.875,-115.875,-5.1494,1993-2026
-63.875,-113.875,-26.5558,1993-2026
-63.875,-111.875,-4.2494,1993-2026
-63.875,-109.875,-2.3361,1993-2026
-63.875,-107.875,-25.1453,1993-2026
-63.875,-105.875,4.9384,1993-2026
-63.875,-103.875,-3.0624,1993-2026
-63.875,-101.875,5.2718,1993-2026
-63.875,-99.875,6.4176,1993-2026
-63.875,-97.875,-10.8087,1993-2026
-63.875,-95.875,10.8876,1993-2026
-63.875,-93.875,18.6256,1993-2026
-63.875,-91.875,10.1821,1993-2026
-63.875,-89.875,-3.1108,1993-2026
-63.875,-87.875,-17.6661,1993-2026
-63.875,-85.875,3.5966,1993-2026
-63.875,-83.875,20.8834,1993-2026
-63.875,-81.875,16.5048,1993-2026
-63.875,-79.875,20.3356,1993-2026
-63.875,-77.875,23.1571,1993-2026
-63.875,-75.875,17.5848,1993-2026
-63.875,-73.875,37.8223,1993-2026
-63.875,-71.875,6.3358,1993-2026
-63.875,-69.875,19.9355,1993-2026
-63.875,-67.875,11.5955,1993-2026
-63.875,-65.875,17.7827,1993-2026
-63.875,-63.875,19.1681,1993-2026
-63.875,-61.875,15.4655,1993-2026
-63.875,-59.875,18.0527,1993-2026
-63.875,-55.875,22.4608,1993-2026
-63.875,-37.875,30.756,1993-2026
-63.875,-35.875,29.8197,1993-2026
-63.875,-33.875,28.0457,1993-2026
-63.875,-31.875,22.4809,1993-2026
-63.875,-29.875,26.5041,1993-2026
-63.875,-27.875,26.8446,1993-2026
-63.875,-25.875,19.7995,1993-2026
-63.875,-23.875,18.7377,1993-2026
-63.875,-21.875,18.4063,1993-2026
-63.875,-19.875,22.5537,1993-2026
-63.875,-17.875,26.6565,1993-2026
-63.875,-15.875,26.0018,1993-2026
-63.875,-13.875,24.674,1993-2026
-63.875,-11.875,22.9074,1993-2026
-63.875,-9.875,21.7137,1993-2026
-63.875,-7.875,22.8135,1993-2026
-63.875,-5.875,23.3971,1993-2026
-63.875,-3.875,21.0721,1993-2026
-63.875,-1.875,18.1311,1993-2026
-63.875,0.125,19.5716,1993-2026
-63.875,2.125,24.5923,1993-2026
-63.875,4.125,22.5498,1993-2026
-63.875,6.125,23.3395,1993-2026
-63.875,8.125,22.5585,1993-2026
-63.875,10.125,22.4802,1993-2026
-63.875,12.125,18.9571,1993-2026
-63.875,14.125,19.4748,1993-2026
-63.875,16.125,22.0921,1993-2026
-63.875,18.125,20.2573,1993-2026
-63.875,20.125,21.7548,1993-2026
-63.875,22.125,25.4221,1993-2026
-63.875,24.125,20.5306,1993-2026
-63.875,26.125,21.0155,1993-2026
-63.875,28.125,19.4724,1993-2026
-63.875,30.125,18.8565,1993-2026
-63.875,32.125,16.4313,1993-2026
-63.875,34.125,20.956,1993-2026
-63.875,36.125,24.599,1993-2026
-63.875,38.125,33.3644,1993-2026
-63.875,40.125,23.4329,1993-2026
-63.875,42.125,20.6187,1993-2026
-63.875,44.125,16.0892,1993-2026
-63.875,46.125,16.5769,1993-2026
-63.875,48.125,18.6382,1993-2026
-63.875,50.125,18.6644,1993-2026
-63.875,52.125,16.4526,1993-2026
-63.875,54.125,17.115,1993-2026
-63.875,56.125,18.6779,1993-2026
-63.875,58.125,11.5701,1993-2026
-63.875,60.125,20.4276,1993-2026
-63.875,62.125,18.316,1993-2026
-63.875,64.125,19.0166,1993-2026
-63.875,66.125,-2.2573,1993-2026
-63.875,68.125,18.989,1993-2026
-63.875,70.125,20.5132,1993-2026
-63.875,72.125,14.729,1993-2026
-63.875,74.125,19.9239,1993-2026
-63.875,76.125,31.6137,1993-2026
-63.875,78.125,36.9484,1993-2026
-63.875,80.125,25.6282,1993-2026
-63.875,82.125,28.5789,1993-2026
-63.875,84.125,18.0938,1993-2026
-63.875,86.125,31.1415,1993-2026
-63.875,88.125,32.1474,1993-2026
-63.875,90.125,30.4103,1993-2026
-63.875,92.125,31.7061,1993-2026
-63.875,102.125,29.8298,1993-2026
-63.875,104.125,25.0289,1993-2026
-63.875,106.125,23.8829,1993-2026
-63.875,108.125,24.7631,1993-2026
-63.875,110.125,25.3742,1993-2026
-63.875,112.125,24.151,1993-2026
-63.875,114.125,20.2426,1993-2026
-63.875,116.125,17.0463,1993-2026
-63.875,118.125,23.8103,1993-2026
-63.875,120.125,27.7606,1993-2026
-63.875,122.125,25.9805,1993-2026
-63.875,124.125,25.499,1993-2026
-63.875,126.125,31.2619,1993-2026
-63.875,128.125,31.2382,1993-2026
-63.875,130.125,28.6911,1993-2026
-63.875,132.125,28.1535,1993-2026
-63.875,134.125,33.2255,1993-2026
-63.875,136.125,23.1963,1993-2026
-63.875,138.125,22.6979,1993-2026
-63.875,140.125,46.4947,1993-2026
-63.875,142.125,19.4458,1993-2026
-63.875,144.125,22.0215,1993-2026
-63.875,146.125,18.8032,1993-2026
-63.875,148.125,23.8974,1993-2026
-63.875,150.125,15.1369,1993-2026
-63.875,152.125,17.4581,1993-2026
-63.875,154.125,17.3158,1993-2026
-63.875,156.125,14.4735,1993-2026
-63.875,158.125,22.0611,1993-2026
-63.875,160.125,19.6164,1993-2026
-63.875,162.125,22.5186,1993-2026
-63.875,164.125,19.6573,1993-2026
-63.875,166.125,22.1395,1993-2026
-63.875,168.125,24.7974,1993-2026
-63.875,170.125,19.08,1993-2026
-63.875,172.125,18.3121,1993-2026
-63.875,174.125,19.6132,1993-2026
-63.875,176.125,31.4129,1993-2026
-63.875,178.125,24.7084,1993-2026
-61.875,-179.875,1.9776,1993-2026
-61.875,-177.875,2.3845,1993-2026
-61.875,-175.875,-4.575,1993-2026
-61.875,-173.875,-9.7727,1993-2026
-61.875,-171.875,23.1019,1993-2026
-61.875,-169.875,16.5856,1993-2026
-61.875,-167.875,19.6224,1993-2026
-61.875,-165.875,9.541,1993-2026
-61.875,-163.875,3.7892,1993-2026
-61.875,-161.875,20.0337,1993-2026
-61.875,-159.875,9.6842,1993-2026
-61.875,-157.875,7.7434,1993-2026
-61.875,-155.875,9.09,1993-2026
-61.875,-153.875,14.0124,1993-2026
-61.875,-151.875,12.4834,1993-2026
-61.875,-149.875,12.5763,1993-2026
-61.875,-147.875,9.9677,1993-2026
-61.875,-145.875,8.8152,1993-2026
-61.875,-143.875,16.8402,1993-2026
-61.875,-141.875,13.2716,1993-2026
-61.875,-139.875,7.1526,1993-2026
-61.875,-137.875,7.4347,1993-2026
-61.875,-135.875,6.7553,1993-2026
-61.875,-133.875,9.9411,1993-2026
-61.875,-131.875,3.2734,1993-2026
-61.875,-129.875,3.6305,1993-2026
-61.875,-127.875,6.0789,1993-2026
-61.875,-125.875,2.5505,1993-2026
-61.875,-123.875,-10.6669,1993-2026
-61.875,-121.875,-60.7166,1993-2026
-61.875,-119.875,-14.7068,1993-2026
-61.875,-117.875,-1.9974,1993-2026
-61.875,-115.875,20.0545,1993-2026
-61.875,-113.875,-16.8489,1993-2026
-61.875,-111.875,12.2903,1993-2026
-61.875,-109.875,0.9387,1993-2026
-61.875,-107.875,0.2985,1993-2026
-61.875,-105.875,-2.5074,1993-2026
-61.875,-103.875,-3.4495,1993-2026
-61.875,-101.875,-13.831,1993-2026
-61.875,-99.875,-5.8587,1993-2026
-61.875,-97.875,-1.2934,1993-2026
-61.875,-95.875,5.5229,1993-2026
-61.875,-93.875,-1.8455,1993-2026
-61.875,-91.875,7.8513,1993-2026
-61.875,-89.875,1.1981,1993-2026
-61.875,-87.875,4.501,1993-2026
-61.875,-85.875,35.9119,1993-2026
-61.875,-83.875,-10.201,1993-2026
-61.875,-81.875,9.9885,1993-2026
-61.875,-79.875,26.5674,1993-2026
-61.875,-77.875,24.7897,1993-2026
-61.875,-75.875,13.006,1993-2026
-61.875,-73.875,16.6432,1993-2026
-61.875,-71.875,12.3973,1993-2026
-61.875,-69.875,29.0734,1993-2026
-61.875,-67.875,45.166,1993-2026
-61.875,-65.875,29.8906,1993-2026
-61.875,-63.875,11.7237,1993-2026
-61.875,-61.875,11.9729,1993-2026
-61.875,-59.875,17.2065,1993-2026
-61.875,-57.875,9.4631,1993-2026
-61.875,-55.875,15.9276,1993-2026
-61.875,-53.875,23.161,1993-2026
-61.875,-51.875,18.0863,1993-2026
-61.875,-49.875,20.8664,1993-2026
-61.875,-47.875,20.9953,1993-2026
-61.875,-45.875,25.4334,1993-2026
-61.875,-43.875,26.6283,1993-2026
-61.875,-41.875,31.455,1993-2026
-61.875,-39.875,23.806,1993-2026
-61.875,-37.875,19.4898,1993-2026
-61.875,-35.875,18.7011,1993-2026
-61.875,-33.875,17.6043,1993-2026
-61.875,-31.875,20.1201,1993-2026
-61.875,-29.875,17.1339,1993-2026
-61.875,-27.875,18.3899,1993-2026
-61.875,-25.875,21.1253,1993-2026
-61.875,-23.875,19.9563,1993-2026
-61.875,-21.875,20.1184,1993-2026
-61.875,-19.875,19.5227,1993-2026
-61.875,-17.875,18.8434,1993-2026
-61.875,-15.875,23.8259,1993-2026
-61.875,-13.875,18.9852,1993-2026
-61.875,-11.875,19.8402,1993-2026
-61.875,-9.875,22.5595,1993-2026
-61.875,-7.875,24.3256,1993-2026
-61.875,-5.875,22.9931,1993-2026
-61.875,-3.875,25.5856,1993-2026
-61.875,-1.875,23.4571,1993-2026
-61.875,0.125,17.3656,1993-2026
-61.875,2.125,17.9579,1993-2026
-61.875,4.125,17.1745,1993-2026
-61.875,6.125,19.0568,1993-2026
-61.875,8.125,20.7116,1993-2026
-61.875,10.125,17.129,1993-2026
-61.875,12.125,17.3013,1993-2026
-61.875,14.125,17.9545,1993-2026
-61.875,16.125,17.3918,1993-2026
-61.875,18.125,16.2,1993-2026
-61.875,20.125,20.0661,1993-2026
-61.875,22.125,9.4573,1993-2026
-61.875,24.125,8.491,1993-2026
-61.875,26.125,16.8508,1993-2026
-61.875,28.125,23.7145,1993-2026
-61.875,30.125,19.2779,1993-2026
-61.875,32.125,12.0426,1993-2026
-61.875,34.125,7.8885,1993-2026
-61.875,36.125,-0.4074,1993-2026
-61.875,38.125,4.2498,1993-2026
-61.875,40.125,11.055,1993-2026
-61.875,42.125,20.0419,1993-2026
-61.875,44.125,14.8098,1993-2026
-61.875,46.125,12.8797,1993-2026
-61.875,48.125,7.1023,1993-2026
-61.875,50.125,10.1903,1993-2026
-61.875,52.125,8.9216,1993-2026
-61.875,54.125,17.159,1993-2026
-61.875,56.125,21.1965,1993-2026
-61.875,58.125,22.0195,1993-2026
-61.875,60.125,12.9237,1993-2026
-61.875,62.125,20.6119,1993-2026
-61.875,64.125,13.7744,1993-2026
-61.875,66.125,20.9715,1993-2026
-61.875,68.125,2.1745,1993-2026
-61.875,70.125,7.5131,1993-2026
-61.875,72.125,5.4479,1993-2026
-61.875,74.125,13.7061,1993-2026
-61.875,76.125,15.9915,1993-2026
-61.875,78.125,13.5866,1993-2026
-61.875,80.125,15.374,1993-2026
-61.875,82.125,13.6108,1993-2026
-61.875,84.125,18.6194,1993-2026
-61.875,86.125,29.6453,1993-2026
-61.875,88.125,34.1768,1993-2026
-61.875,90.125,40.0515,1993-2026
-61.875,92.125,26.0177,1993-2026
-61.875,94.125,38.01,1993-2026
-61.875,96.125,36.2656,1993-2026
-61.875,98.125,30.3169,1993-2026
-61.875,100.125,36.1747,1993-2026
-61.875,102.125,29.6124,1993-2026
-61.875,104.125,37.1956,1993-2026
-61.875,106.125,34.3732,1993-2026
-61.875,108.125,18.4442,1993-2026
-61.875,110.125,26.0153,1993-2026
-61.875,112.125,17.3811,1993-2026
-61.875,114.125,17.3052,1993-2026
-61.875,116.125,26.1644,1993-2026
-61.875,118.125,24.9126,1993-2026
-61.875,120.125,16.995,1993-2026
-61.875,122.125,26.0294,1993-2026
-61.875,124.125,32.8611,1993-2026
-61.875,126.125,38.7358,1993-2026
-61.875,128.125,44.7595,1993-2026
-61.875,130.125,21.5855,1993-2026
-61.875,132.125,28.9147,1993-2026
-61.875,134.125,34.5121,1993-2026
-61.875,136.125,26.7556,1993-2026
-61.875,138.125,32.2926,1993-2026
-61.875,140.125,22.9432,1993-2026
-61.875,142.125,36.0624,1993-2026
-61.875,144.125,29.0173,1993-2026
-61.875,146.125,32.9231,1993-2026
-61.875,148.125,27.1094,1993-2026
-61.875,150.125,17.0661,1993-2026
-61.875,152.125,18.3692,1993-2026
-61.875,154.125,16.3732,1993-2026
-61.875,156.125,22.7042,1993-2026
-61.875,158.125,20.7256,1993-2026
-61.875,160.125,18.0595,1993-2026
-61.875,162.125,25.6379,1993-2026
-61.875,164.125,28.4768,1993-2026
-61.875,166.125,27.8023,1993-2026
-61.875,168.125,26.7474,1993-2026
-61.875,170.125,10.0413,1993-2026
-61.875,172.125,0.4892,1993-2026
-61.875,174.125,51.8221,1993-2026
-61.875,176.125,17.8282,1993-2026
-61.875,178.125,-2.3439,1993-2026
-59.875,-179.875,26.25,1993-2026
-59.875,-177.875,2.3535,1993-2026
-59.875,-175.875,17.8926,1993-2026
-59.875,-173.875,0.8719,1993-2026
-59.875,-171.875,7.0669,1993-2026
-59.875,-169.875,-19.3398,1993-2026
-59.875,-167.875,-10.2319,1993-2026
-59.875,-165.875,13.6016,1993-2026
-59.875,-163.875,5.431,1993-2026
-59.875,-161.875,3.046,1993-2026
-59.875,-159.875,5.9715,1993-2026
-59.875,-157.875,-10.5242,1993-2026
-59.875,-155.875,3.8594,1993-2026
-59.875,-153.875,7.9229,1993-2026
-59.875,-151.875,0.255,1993-2026
-59.875,-149.875,12.359,1993-2026
-59.875,-147.875,13.7221,1993-2026
-59.875,-145.875,17.9347,1993-2026
-59.875,-143.875,3.5995,1993-2026
-59.875,-141.875,-2.099,1993-2026
-59.875,-139.875,-9.4597,1993-2026
-59.875,-137.875,-4.349,1993-2026
-59.875,-135.875,-9.0435,1993-2026
-59.875,-133.875,-4.2566,1993-2026
-59.875,-131.875,-14.3318,1993-2026
-59.875,-129.875,-4.17,1993-2026
-59.875,-127.875,21.2173,1993-2026
-59.875,-125.875,10.8532,1993-2026
-59.875,-123.875,-62.2031,1993-2026
-59.875,-121.875,20.2123,1993-2026
-59.875,-119.875,-53.4005,1993-2026
-59.875,-117.875,8.8084,1993-2026
-59.875,-115.875,-17.5239,1993-2026
-59.875,-113.875,7.919,1993-2026
-59.875,-111.875,0.1161,1993-2026
-59.875,-109.875,-15.5269,1993-2026
-59.875,-107.875,-10.8605,1993-2026
-59.875,-105.875,3.3358,1993-2026
-59.875,-103.875,-3.4679,1993-2026
-59.875,-101.875,24.6624,1993-2026
-59.875,-99.875,45.2318,1993-2026
-59.875,-97.875,58.5871,1993-2026
-59.875,-95.875,68.6661,1993-2026
-59.875,-93.875,64.2624,1993-2026
-59.875,-91.875,30.2255,1993-2026
-59.875,-89.875,-4.2218,1993-2026
-59.875,-87.875,12.8473,1993-2026
-59.875,-85.875,23.4252,1993-2026
-59.875,-83.875,35.4677,1993-2026
-59.875,-81.875,36.0135,1993-2026
-59.875,-79.875,-17.611,1993-2026
-59.875,-77.875,76.484,1993-2026
-59.875,-75.875,0.2947,1993-2026
-59.875,-73.875,46.3045,1993-2026
-59.875,-71.875,41.6565,1993-2026
-59.875,-69.875,57.8516,1993-2026
-59.875,-67.875,36.2985,1993-2026
-59.875,-65.875,15.121,1993-2026
-59.875,-63.875,11.085,1993-2026
-59.875,-61.875,24.8579,1993-2026
-59.875,-59.875,28.2198,1993-2026
-59.875,-57.875,5.4827,1993-2026
-59.875,-55.875,8.2597,1993-2026
-59.875,-53.875,9.1785,1993-2026
-59.875,-51.875,11.1595,1993-2026
-59.875,-49.875,17.4948,1993-2026
-59.875,-47.875,17.8273,1993-2026
-59.875,-45.875,19.0979,1993-2026
-59.875,-43.875,17.969,1993-2026
-59.875,-41.875,28.8435,1993-2026
-59.875,-39.875,22.229,1993-2026
-59.875,-37.875,19.2382,1993-2026
-59.875,-35.875,22.3727,1993-2026
-59.875,-33.875,23.221,1993-2026
-59.875,-31.875,19.7311,1993-2026
-59.875,-29.875,18.4877,1993-2026
-59.875,-27.875,21.7969,1993-2026
-59.875,-25.875,19.2116,1993-2026
-59.875,-23.875,18.9315,1993-2026
-59.875,-21.875,37.3568,1993-2026
-59.875,-19.875,23.5181,1993-2026
-59.875,-17.875,24.0479,1993-2026
-59.875,-15.875,22.4613,1993-2026
-59.875,-13.875,22.1477,1993-2026
-59.875,-11.875,23.5863,1993-2026
-59.875,-9.875,21.2734,1993-2026
-59.875,-7.875,21.7006,1993-2026
-59.875,-5.875,21.2734,1993-2026
-59.875,-3.875,21.7916,1993-2026
-59.875,-1.875,22.9331,1993-2026
-59.875,0.125,19.1298,1993-2026
-59.875,2.125,19.6156,1993-2026
-59.875,4.125,20.8297,1993-2026
-59.875,6.125,19.4027,1993-2026
-59.875,8.125,15.4577,1993-2026
-59.875,10.125,16.5469,1993-2026
-59.875,12.125,20.776,1993-2026
-59.875,14.125,22.7695,1993-2026
-59.875,16.125,15.4253,1993-2026
-59.875,18.125,15.2395,1993-2026
-59.875,20.125,12.0498,1993-2026
-59.875,22.125,7.4482,1993-2026
-59.875,24.125,21.9716,1993-2026
-59.875,26.125,18.269,1993-2026
-59.875,28.125,28.2561,1993-2026
-59.875,30.125,34.9297,1993-2026
-59.875,32.125,37.306,1993-2026
-59.875,34.125,36.0677,1993-2026
-59.875,36.125,40.6756,1993-2026
-59.875,38.125,22.1463,1993-2026
-59.875,40.125,35.504,1993-2026
-59.875,42.125,10.3026,1993-2026
-59.875,44.125,11.5921,1993-2026
-59.875,46.125,6.6963,1993-2026
-59.875,48.125,5.5142,1993-2026
-59.875,50.125,-4.8716,1993-2026
-59.875,52.125,14.3947,1993-2026
-59.875,54.125,35.8205,1993-2026
-59.875,56.125,-6.689,1993-2026
-59.875,58.125,11.58,1993-2026
-59.875,60.125,26.4779,1993-2026
-59.875,62.125,20.9623,1993-2026
-59.875,64.125,12.3455,1993-2026
-59.875,66.125,1.409,1993-2026
-59.875,68.125,10.9887,1993-2026
-59.875,70.125,-1.6365,1993-2026
-59.875,72.125,9.3513,1993-2026
-59.875,74.125,12.1456,1993-2026
-59.875,76.125,14.4015,1993-2026
-59.875,78.125,16.0781,1993-2026
-59.875,80.125,18.3285,1993-2026
-59.875,82.125,18.7815,1993-2026
-59.875,84.125,15.5506,1993-2026
-59.875,86.125,23.1315,1993-2026
-59.875,88.125,30.3174,1993-2026
-59.875,90.125,38.8297,1993-2026
-59.875,92.125,34.8368,1993-2026
-59.875,94.125,28.321,1993-2026
-59.875,96.125,46.7598,1993-2026
-59.875,98.125,51.7732,1993-2026
-59.875,100.125,35.4092,1993-2026
-59.875,102.125,27.6663,1993-2026
-59.875,104.125,24.4084,1993-2026
-59.875,106.125,30.0377,1993-2026
-59.875,108.125,26.5548,1993-2026
-59.875,110.125,32.804,1993-2026
-59.875,112.125,39.286,1993-2026
-59.875,114.125,32.2369,1993-2026
-59.875,116.125,-3.5569,1993-2026
-59.875,118.125,23.6337,1993-2026
-59.875,120.125,11.1823,1993-2026
-59.875,122.125,1.5019,1993-2026
-59.875,124.125,24.9116,1993-2026
-59.875,126.125,42.6731,1993-2026
-59.875,128.125,35.2244,1993-2026
-59.875,130.125,60.4844,1993-2026
-59.875,132.125,73.321,1993-2026
-59.875,134.125,28.7385,1993-2026
-59.875,136.125,31.9994,1993-2026
-59.875,138.125,47.2558,1993-2026
-59.875,140.125,29.7687,1993-2026
-59.875,142.125,8.7019,1993-2026
-59.875,144.125,30.1887,1993-2026
-59.875,146.125,29.49,1993-2026
-59.875,148.125,16.5044,1993-2026
-59.875,150.125,23.0598,1993-2026
-59.875,152.125,18.0402,1993-2026
-59.875,154.125,28.1003,1993-2026
-59.875,156.125,44.055,1993-2026
-59.875,158.125,10.1594,1993-2026
-59.875,160.125,25.0035,1993-2026
-59.875,162.125,31.1719,1993-2026
-59.875,164.125,66.5395,1993-2026
-59.875,166.125,37.6737,1993-2026
-59.875,168.125,8.9477,1993-2026
-59.875,170.125,30.4297,1993-2026
-59.875,172.125,75.5163,1993-2026
-59.875,174.125,56.6289,1993-2026
-59.875,176.125,10.0427,1993-2026
-59.875,178.125,14.9802,1993-2026
-57.875,-179.875,-2.7532,1993-2026
-57.875,-177.875,5.6192,1993-2026
-57.875,-175.875,60.2656,1993-2026
-57.875,-173.875,3.4713,1993-2026
-57.875,-171.875,22.0529,1993-2026
-57.875,-169.875,32.0531,1993-2026
-57.875,-167.875,16.395,1993-2026
-57.875,-165.875,14.7523,1993-2026
-57.875,-163.875,16.0815,1993-2026
-57.875,-161.875,2.3477,1993-2026
-57.875,-159.875,11.8834,1993-2026
-57.875,-157.875,-42.2748,1993-2026
-57.875,-155.875,-14.4406,1993-2026
-57.875,-153.875,-20.0598,1993-2026
-57.875,-151.875,-5.8011,1993-2026
-57.875,-149.875,-10.1492,1993-2026
-57.875,-147.875,3.1718,1993-2026
-57.875,-145.875,2.1668,1993-2026
-57.875,-143.875,-19.8673,1993-2026
-57.875,-141.875,-18.4713,1993-2026
-57.875,-139.875,4.4676,1993-2026
-57.875,-137.875,-28.2348,1993-2026
-57.875,-135.875,-19.756,1993-2026
-57.875,-133.875,-14.1731,1993-2026
-57.875,-131.875,-25.8392,1993-2026
-57.875,-129.875,-57.1452,1993-2026
-57.875,-127.875,-14.97,1993-2026
-57.875,-125.875,-8.4595,1993-2026
-57.875,-123.875,-24.0097,1993-2026
-57.875,-121.875,-7.3026,1993-2026
-57.875,-119.875,0.3948,1993-2026
-57.875,-117.875,0.2903,1993-2026
-57.875,-115.875,-3.2327,1993-2026
-57.875,-113.875,-26.2781,1993-2026
-57.875,-111.875,3.9745,1993-2026
-57.875,-109.875,-10.531,1993-2026
-57.875,-107.875,7.1303,1993-2026
-57.875,-105.875,-4.9021,1993-2026
-57.875,-103.875,31.5368,1993-2026
-57.875,-101.875,-25.3606,1993-2026
-57.875,-99.875,38.6574,1993-2026
-57.875,-97.875,18.0939,1993-2026
-57.875,-95.875,18.5952,1993-2026
-57.875,-93.875,-11.1871,1993-2026
-57.875,-91.875,5.4794,1993-2026
-57.875,-89.875,44.5418,1993-2026
-57.875,-87.875,12.2894,1993-2026
-57.875,-85.875,31.6761,1993-2026
-57.875,-83.875,31.3016,1993-2026
-57.875,-81.875,12.2923,1993-2026
-57.875,-79.875,-3.7084,1993-2026
-57.875,-77.875,64.365,1993-2026
-57.875,-75.875,40.3587,1993-2026
-57.875,-73.875,-34.606,1993-2026
-57.875,-71.875,29.6269,1993-2026
-57.875,-69.875,54.3615,1993-2026
-57.875,-67.875,-22.575,1993-2026
-57.875,-65.875,-21.0924,1993-2026
-57.875,-63.875,-28.7473,1993-2026
-57.875,-61.875,21.5642,1993-2026
-57.875,-59.875,-2.3874,1993-2026
-57.875,-57.875,24.5971,1993-2026
-57.875,-55.875,0.5361,1993-2026
-57.875,-53.875,42.1113,1993-2026
-57.875,-51.875,-11.1329,1993-2026
-57.875,-49.875,20.3308,1993-2026
-57.875,-47.875,22.4724,1993-2026
-57.875,-45.875,5.2766,1993-2026
-57.875,-43.875,7.559,1993-2026
-57.875,-41.875,7.9427,1993-2026
-57.875,-39.875,10.2561,1993-2026
-57.875,-37.875,-1.5106,1993-2026
-57.875,-35.875,18.8855,1993-2026
-57.875,-33.875,22.8547,1993-2026
-57.875,-31.875,19.5189,1993-2026
-57.875,-29.875,23.011,1993-2026
-57.875,-27.875,27.0189,1993-2026
-57.875,-25.875,20.8215,1993-2026
-57.875,-23.875,18.9595,1993-2026
-57.875,-21.875,4.8165,1993-2026
-57.875,-19.875,23.9613,1993-2026
-57.875,-17.875,26.8544,1993-2026
-57.875,-15.875,21.3469,1993-2026
-57.875,-13.875,21.2139,1993-2026
-57.875,-11.875,10.1182,1993-2026
-57.875,-9.875,28.5411,1993-2026
-57.875,-7.875,34.1008,1993-2026
-57.875,-5.875,25.9897,1993-2026
-57.875,-3.875,11.6869,1993-2026
-57.875,-1.875,32.5935,1993-2026
-57.875,0.125,23.9865,1993-2026
-57.875,2.125,22.591,1993-2026
-57.875,4.125,22.9853,1993-2026
-57.875,6.125,23.5742,1993-2026
-57.875,8.125,19.964,1993-2026
-57.875,10.125,17.1121,1993-2026
-57.875,12.125,13.9316,1993-2026
-57.875,14.125,18.8119,1993-2026
-57.875,16.125,15.691,1993-2026
-57.875,18.125,15.5071,1993-2026
-57.875,20.125,17.9482,1993-2026
-57.875,22.125,28.4303,1993-2026
-57.875,24.125,27.4016,1993-2026
-57.875,26.125,28.5837,1993-2026
-57.875,28.125,13.7894,1993-2026
-57.875,30.125,11.2776,1993-2026
-57.875,32.125,-5.34,1993-2026
-57.875,34.125,29.3032,1993-2026
-57.875,36.125,34.8537,1993-2026
-57.875,38.125,6.9121,1993-2026
-57.875,40.125,9.6329,1993-2026
-57.875,42.125,11.0773,1993-2026
-57.875,44.125,12.796,1993-2026
-57.875,46.125,31.1177,1993-2026
-57.875,48.125,26.0347,1993-2026
-57.875,50.125,15.1553,1993-2026
-57.875,52.125,13.4985,1993-2026
-57.875,54.125,16.7032,1993-2026
-57.875,56.125,33.2061,1993-2026
-57.875,58.125,12.7582,1993-2026
-57.875,60.125,28.9423,1993-2026
-57.875,62.125,12.1921,1993-2026
-57.875,64.125,24.4742,1993-2026
-57.875,66.125,13.3577,1993-2026
-57.875,68.125,3.6968,1993-2026
-57.875,70.125,13.7603,1993-2026
-57.875,72.125,4.4032,1993-2026
-57.875,74.125,9.5182,1993-2026
-57.875,76.125,13.2242,1993-2026
-57.875,78.125,17.1498,1993-2026
-57.875,80.125,17.6768,1993-2026
-57.875,82.125,21.7277,1993-2026
-57.875,84.125,41.6497,1993-2026
-57.875,86.125,38.6889,1993-2026
-57.875,88.125,30.6058,1993-2026
-57.875,90.125,55.0844,1993-2026
-57.875,92.125,48.5424,1993-2026
-57.875,94.125,50.7794,1993-2026
-57.875,96.125,34.9306,1993-2026
-57.875,98.125,30.7142,1993-2026
-57.875,100.125,40.7927,1993-2026
-57.875,102.125,32.4203,1993-2026
-57.875,104.125,12.4524,1993-2026
-57.875,106.125,32.7813,1993-2026
-57.875,108.125,18.3044,1993-2026
-57.875,110.125,23.3826,1993-2026
-57.875,112.125,19.3931,1993-2026
-57.875,114.125,33.3866,1993-2026
-57.875,116.125,45.5211,1993-2026
-57.875,118.125,43.1787,1993-2026
-57.875,120.125,47.0685,1993-2026
-57.875,122.125,62.9598,1993-2026
-57.875,124.125,49.006,1993-2026
-57.875,126.125,42.1398,1993-2026
-57.875,128.125,23.504,1993-2026
-57.875,130.125,20.0385,1993-2026
-57.875,132.125,52.4913,1993-2026
-57.875,134.125,48.765,1993-2026
-57.875,136.125,45.8318,1993-2026
-57.875,138.125,41.2476,1993-2026
-57.875,140.125,47.2834,1993-2026
-57.875,142.125,44.8689,1993-2026
-57.875,144.125,7.7042,1993-2026
-57.875,146.125,16.4448,1993-2026
-57.875,148.125,18.704,1993-2026
-57.875,150.125,17.3071,1993-2026
-57.875,152.125,37.8126,1993-2026
-57.875,154.125,11.2616,1993-2026
-57.875,156.125,43.1337,1993-2026
-57.875,158.125,22.7768,1993-2026
-57.875,160.125,67.8,1993-2026
-57.875,162.125,36.0644,1993-2026
-57.875,164.125,24.661,1993-2026
-57.875,166.125,49.5479,1993-2026
-57.875,168.125,66.7703,1993-2026
-57.875,170.125,92.2398,1993-2026
-57.875,172.125,25.5256,1993-2026
-57.875,174.125,62.1513,1993-2026
-57.875,176.125,45.0977,1993-2026
-57.875,178.125,23.97,1993-2026
-55.875,-179.875,63.2642,1993-2026
-55.875,-177.875,64.185,1993-2026
-55.875,-175.875,45.7679,1993-2026
-55.875,-173.875,39.4945,1993-2026
-55.875,-171.875,-2.6482,1993-2026
-55.875,-169.875,16.4865,1993-2026
-55.875,-167.875,23.7213,1993-2026
-55.875,-165.875,8.9042,1993-2026
-55.875,-163.875,10.2523,1993-2026
-55.875,-161.875,-33.5623,1993-2026
-55.875,-159.875,-20.1237,1993-2026
-55.875,-157.875,36.8419,1993-2026
-55.875,-155.875,-43.2174,1993-2026
-55.875,-153.875,-23.6032,1993-2026
-55.875,-151.875,-4.1632,1993-2026
-55.875,-149.875,-29.8597,1993-2026
-55.875,-147.875,-12.209,1993-2026
-55.875,-145.875,14.1295,1993-2026
-55.875,-143.875,20.0608,1993-2026
-55.875,-141.875,-4.1487,1993-2026
-55.875,-139.875,17.5161,1993-2026
-55.875,-137.875,-31.0882,1993-2026
-55.875,-135.875,-18.6547,1993-2026
-55.875,-133.875,-3.3934,1993-2026
-55.875,-131.875,-33.9005,1993-2026
-55.875,-129.875,-34.694,1993-2026
-55.875,-127.875,-66.465,1993-2026
-55.875,-125.875,-37.844,1993-2026
-55.875,-123.875,19.201,1993-2026
-55.875,-121.875,24.2352,1993-2026
-55.875,-119.875,-19.426,1993-2026
-55.875,-117.875,19.6819,1993-2026
-55.875,-115.875,10.0331,1993-2026
-55.875,-113.875,25.8977,1993-2026
-55.875,-111.875,7.6655,1993-2026
-55.875,-109.875,20.5268,1993-2026
-55.875,-107.875,33.6377,1993-2026
-55.875,-105.875,2.9932,1993-2026
-55.875,-103.875,14.82,1993-2026
-55.875,-101.875,66.8231,1993-2026
-55.875,-99.875,10.5755,1993-2026
-55.875,-97.875,38.1513,1993-2026
-55.875,-95.875,47.1184,1993-2026
-55.875,-93.875,48.1515,1993-2026
-55.875,-91.875,10.5682,1993-2026
-55.875,-89.875,50.8679,1993-2026
-55.875,-87.875,25.9955,1993-2026
-55.875,-85.875,-1.6166,1993-2026
-55.875,-83.875,45.7824,1993-2026
-55.875,-81.875,31.9229,1993-2026
-55.875,-79.875,44.0216,1993-2026
-55.875,-77.875,26.1145,1993-2026
-55.875,-75.875,35.969,1993-2026
-55.875,-73.875,45.7452,1993-2026
-55.875,-71.875,22.5174,1993-2026
-55.875,-69.875,12.8008,1993-2026
-55.875,-67.875,10.1826,1993-2026
-55.875,-65.875,27.1747,1993-2026
-55.875,-63.875,86.0148,1993-2026
-55.875,-61.875,43.859,1993-2026
-55.875,-59.875,-4.1565,1993-2026
-55.875,-57.875,20.0923,1993-2026
-55.875,-55.875,74.2674,1993-2026
-55.875,-53.875,17.5292,1993-2026
-55.875,-51.875,58.5198,1993-2026
-55.875,-49.875,87.8753,1993-2026
-55.875,-47.875,-16.2232,1993-2026
-55.875,-45.875,40.9718,1993-2026
-55.875,-43.875,-2.6845,1993-2026
-55.875,-41.875,-16.8315,1993-2026
-55.875,-39.875,11.2471,1993-2026
-55.875,-37.875,24.4432,1993-2026
-55.875,-35.875,21.5468,1993-2026
-55.875,-33.875,23.1929,1993-2026
-55.875,-31.875,27.2173,1993-2026
-55.875,-29.875,19.7419,1993-2026
-55.875,-27.875,24.3232,1993-2026
-55.875,-25.875,2.31,1993-2026
-55.875,-23.875,40.9515,1993-2026
-55.875,-21.875,18.6261,1993-2026
-55.875,-19.875,18.5831,1993-2026
-55.875,-17.875,17.9729,1993-2026
-55.875,-15.875,20.0018,1993-2026
-55.875,-13.875,25.2968,1993-2026
-55.875,-11.875,21.1195,1993-2026
-55.875,-9.875,28.0834,1993-2026
-55.875,-7.875,31.4618,1993-2026
-55.875,-5.875,26.0129,1993-2026
-55.875,-3.875,35.0216,1993-2026
-55.875,-1.875,37.3756,1993-2026
-55.875,0.125,36.4974,1993-2026
-55.875,2.125,18.5008,1993-2026
-55.875,4.125,17.6206,1993-2026
-55.875,6.125,25.4777,1993-2026
-55.875,8.125,21.7258,1993-2026
-55.875,10.125,19.3384,1993-2026
-55.875,12.125,21.1906,1993-2026
-55.875,14.125,13.9132,1993-2026
-55.875,16.125,16.9466,1993-2026
-55.875,18.125,13.3452,1993-2026
-55.875,20.125,20.519,1993-2026
-55.875,22.125,16.6016,1993-2026
-55.875,24.125,25.9156,1993-2026
-55.875,26.125,9.2274,1993-2026
-55.875,28.125,3.2758,1993-2026
-55.875,30.125,61.6413,1993-2026
-55.875,32.125,6.1302,1993-2026
-55.875,34.125,4.5629,1993-2026
-55.875,36.125,28.844,1993-2026
-55.875,38.125,3.7515,1993-2026
-55.875,40.125,16.0839,1993-2026
-55.875,42.125,11.4165,1993-2026
-55.875,44.125,18.7118,1993-2026
-55.875,46.125,16.9979,1993-2026
-55.875,48.125,18.8284,1993-2026
-55.875,50.125,11.5955,1993-2026
-55.875,52.125,11.9003,1993-2026
-55.875,54.125,11.4537,1993-2026
-55.875,56.125,21.0982,1993-2026
-55.875,58.125,7.7202,1993-2026
-55.875,60.125,16.0631,1993-2026
-55.875,62.125,23.6042,1993-2026
-55.875,64.125,17.1518,1993-2026
-55.875,66.125,20.0937,1993-2026
-55.875,68.125,19.2416,1993-2026
-55.875,70.125,16.4685,1993-2026
-55.875,72.125,20.0502,1993-2026
-55.875,74.125,17.7576,1993-2026
-55.875,76.125,15.5056,1993-2026
-55.875,78.125,20.8524,1993-2026
-55.875,80.125,32.8244,1993-2026
-55.875,82.125,6.0344,1993-2026
-55.875,84.125,37.9176,1993-2026
-55.875,86.125,20.1716,1993-2026
-55.875,88.125,56.4798,1993-2026
-55.875,90.125,35.129,1993-2026
-55.875,92.125,54.361,1993-2026
-55.875,94.125,61.9515,1993-2026
-55.875,96.125,36.1882,1993-2026
-55.875,98.125,57.3794,1993-2026
-55.875,100.125,32.8476,1993-2026
-55.875,102.125,50.0085,1993-2026
-55.875,104.125,57.0184,1993-2026
-55.875,106.125,-7.4753,1993-2026
-55.875,108.125,14.3381,1993-2026
-55.875,110.125,19.2813,1993-2026
-55.875,112.125,8.8084,1993-2026
-55.875,114.125,20.1426,1993-2026
-55.875,116.125,23.3177,1993-2026
-55.875,118.125,22.3723,1993-2026
-55.875,120.125,21.7161,1993-2026
-55.875,122.125,33.7674,1993-2026
-55.875,124.125,56.715,1993-2026
-55.875,126.125,60.241,1993-2026
-55.875,128.125,37.7347,1993-2026
-55.875,130.125,62.0303,1993-2026
-55.875,132.125,54.2656,1993-2026
-55.875,134.125,38.1465,1993-2026
-55.875,136.125,23.3884,1993-2026
-55.875,138.125,29.0913,1993-2026
-55.875,140.125,30.7863,1993-2026
-55.875,142.125,25.3897,1993-2026
-55.875,144.125,29.8892,1993-2026
-55.875,146.125,9.7292,1993-2026
-55.875,148.125,43.6931,1993-2026
-55.875,150.125,5.5553,1993-2026
-55.875,152.125,96.824,1993-2026
-55.875,154.125,61.4952,1993-2026
-55.875,156.125,50.9439,1993-2026
-55.875,158.125,89.0395,1993-2026
-55.875,160.125,48.8303,1993-2026
-55.875,162.125,53.2306,1993-2026
-55.875,164.125,36.6344,1993-2026
-55.875,166.125,44.1769,1993-2026
-55.875,168.125,51.2574,1993-2026
-55.875,170.125,54.6513,1993-2026
-55.875,172.125,4.4066,1993-2026
-55.875,174.125,26.0923,1993-2026
-55.875,176.125,49.7831,1993-2026
-55.875,178.125,32.9656,1993-2026
-53.875,-179.875,53.2113,1993-2026
-53.875,-177.875,82.5039,1993-2026
-53.875,-175.875,12.2405,1993-2026
-53.875,-173.875,60.7282,1993-2026
-53.875,-171.875,39.2806,1993-2026
-53.875,-169.875,33.2734,1993-2026
-53.875,-167.875,38.9908,1993-2026
-53.875,-165.875,50.611,1993-2026
-53.875,-163.875,17.174,1993-2026
-53.875,-161.875,42.4398,1993-2026
-53.875,-159.875,9.0653,1993-2026
-53.875,-157.875,-22.7415,1993-2026
-53.875,-155.875,-10.3389,1993-2026
-53.875,-153.875,-41.459,1993-2026
-53.875,-151.875,-2.4232,1993-2026
-53.875,-149.875,-102.7234,1993-2026
-53.875,-147.875,-11.2815,1993-2026
-53.875,-145.875,-60.2105,1993-2026
-53.875,-143.875,-21.5603,1993-2026
-53.875,-141.875,6.6082,1993-2026
-53.875,-139.875,24.5734,1993-2026
-53.875,-137.875,47.4053,1993-2026
-53.875,-135.875,-14.8553,1993-2026
-53.875,-133.875,6.5047,1993-2026
-53.875,-131.875,-1.829,1993-2026
-53.875,-129.875,29.536,1993-2026
-53.875,-127.875,73.9839,1993-2026
-53.875,-125.875,18.4481,1993-2026
-53.875,-123.875,11.7469,1993-2026
-53.875,-121.875,9.7142,1993-2026
-53.875,-119.875,39.8903,1993-2026
-53.875,-117.875,17.7484,1993-2026
-53.875,-115.875,-13.9761,1993-2026
-53.875,-113.875,-0.9774,1993-2026
-53.875,-111.875,3.3968,1993-2026
-53.875,-109.875,3.8356,1993-2026
-53.875,-107.875,17.9869,1993-2026
-53.875,-105.875,37.6674,1993-2026
-53.875,-103.875,19.2532,1993-2026
-53.875,-101.875,14.0381,1993-2026
-53.875,-99.875,50.4861,1993-2026
-53.875,-97.875,32.5616,1993-2026
-53.875,-95.875,42.5797,1993-2026
-53.875,-93.875,38.2781,1993-2026
-53.875,-91.875,35.7426,1993-2026
-53.875,-89.875,26.3366,1993-2026
-53.875,-87.875,38.595,1993-2026
-53.875,-85.875,35.9182,1993-2026
-53.875,-83.875,29.9047,1993-2026
-53.875,-81.875,25.2227,1993-2026
-53.875,-79.875,37.8063,1993-2026
-53.875,-77.875,28.5368,1993-2026
-53.875,-75.875,11.6444,1993-2026
-53.875,-73.875,13.2731,1993-2026
-53.875,-71.875,18.1863,1993-2026
-53.875,-65.875,17.6903,1993-2026
-53.875,-63.875,24.6387,1993-2026
-53.875,-61.875,31.7685,1993-2026
-53.875,-59.875,29.6753,1993-2026
-53.875,-57.875,30.2071,1993-2026
-53.875,-55.875,29.535,1993-2026
-53.875,-53.875,-6.975,1993-2026
-53.875,-51.875,-14.3806,1993-2026
-53.875,-49.875,-9.2685,1993-2026
-53.875,-47.875,14.4406,1993-2026
-53.875,-45.875,8.1208,1993-2026
-53.875,-43.875,22.2982,1993-2026
-53.875,-41.875,31.0926,1993-2026
-53.875,-39.875,21.0324,1993-2026
-53.875,-37.875,22.5973,1993-2026
-53.875,-35.875,25.8285,1993-2026
-53.875,-33.875,39.2047,1993-2026
-53.875,-31.875,31.2547,1993-2026
-53.875,-29.875,13.3873,1993-2026
-53.875,-27.875,20.7426,1993-2026
-53.875,-25.875,24.6692,1993-2026
-53.875,-23.875,19.725,1993-2026
-53.875,-21.875,40.4245,1993-2026
-53.875,-19.875,34.2106,1993-2026
-53.875,-17.875,38.4716,1993-2026
-53.875,-15.875,21.4577,1993-2026
-53.875,-13.875,31.8184,1993-2026
-53.875,-11.875,26.6545,1993-2026
-53.875,-9.875,26.9894,1993-2026
-53.875,-7.875,25.3539,1993-2026
-53.875,-5.875,29.5456,1993-2026
-53.875,-3.875,30.6431,1993-2026
-53.875,-1.875,26.9647,1993-2026
-53.875,0.125,28.6877,1993-2026
-53.875,2.125,34.5194,1993-2026
-53.875,4.125,38.5524,1993-2026
-53.875,6.125,35.4087,1993-2026
-53.875,8.125,31.7376,1993-2026
-53.875,10.125,28.4632,1993-2026
-53.875,12.125,20.8108,1993-2026
-53.875,14.125,21.06,1993-2026
-53.875,16.125,18.209,1993-2026
-53.875,18.125,21.1534,1993-2026
-53.875,20.125,23.6565,1993-2026
-53.875,22.125,24.6184,1993-2026
-53.875,24.125,24.3261,1993-2026
-53.875,26.125,19.0244,1993-2026
-53.875,28.125,5.264,1993-2026
-53.875,30.125,4.1119,1993-2026
-53.875,32.125,31.0447,1993-2026
-53.875,34.125,11.0744,1993-2026
-53.875,36.125,4.2789,1993-2026
-53.875,38.125,11.4029,1993-2026
-53.875,40.125,13.9844,1993-2026
-53.875,42.125,14.7615,1993-2026
-53.875,44.125,20.0482,1993-2026
-53.875,46.125,27.5753,1993-2026
-53.875,48.125,16.8498,1993-2026
-53.875,50.125,11.5331,1993-2026
-53.875,52.125,22.1279,1993-2026
-53.875,54.125,4.9118,1993-2026
-53.875,56.125,22.7865,1993-2026
-53.875,58.125,18.6861,1993-2026
-53.875,60.125,16.5948,1993-2026
-53.875,62.125,0.525,1993-2026
-53.875,64.125,7.7995,1993-2026
-53.875,66.125,14.3531,1993-2026
-53.875,68.125,24.1877,1993-2026
-53.875,70.125,26.04,1993-2026
-53.875,72.125,28.2532,1993-2026
-53.875,74.125,29.445,1993-2026
-53.875,76.125,29.1687,1993-2026
-53.875,78.125,18.6711,1993-2026
-53.875,80.125,28.036,1993-2026
-53.875,82.125,20.3081,1993-2026
-53.875,84.125,7.8837,1993-2026
-53.875,86.125,-30.5119,1993-2026
-53.875,88.125,47.3613,1993-2026
-53.875,90.125,20.4194,1993-2026
-53.875,92.125,67.9573,1993-2026
-53.875,94.125,54.3465,1993-2026
-53.875,96.125,54.4369,1993-2026
-53.875,98.125,13.8368,1993-2026
-53.875,100.125,0.2623,1993-2026
-53.875,102.125,15.4708,1993-2026
-53.875,104.125,24.8748,1993-2026
-53.875,106.125,30.5666,1993-2026
-53.875,108.125,4.6592,1993-2026
-53.875,110.125,21.7873,1993-2026
-53.875,112.125,9.0885,1993-2026
-53.875,114.125,26.6802,1993-2026
-53.875,116.125,11.8442,1993-2026
-53.875,118.125,20.924,1993-2026
-53.875,120.125,27.7161,1993-2026
-53.875,122.125,27.1703,1993-2026
-53.875,124.125,69.2598,1993-2026
-53.875,126.125,52.6679,1993-2026
-53.875,128.125,62.8123,1993-2026
-53.875,130.125,33.4103,1993-2026
-53.875,132.125,7.2315,1993-2026
-53.875,134.125,9.5042,1993-2026
-53.875,136.125,74.1876,1993-2026
-53.875,138.125,31.4555,1993-2026
-53.875,140.125,31.9195,1993-2026
-53.875,142.125,33.9532,1993-2026
-53.875,144.125,1.1042,1993-2026
-53.875,146.125,29.4808,1993-2026
-53.875,148.125,57.7137,1993-2026
-53.875,150.125,104.4479,1993-2026
-53.875,152.125,-100.1744,1993-2026
-53.875,154.125,10.8019,1993-2026
-53.875,156.125,62.7769,1993-2026
-53.875,158.125,45.3102,1993-2026
-53.875,160.125,64.9471,1993-2026
-53.875,162.125,68.2819,1993-2026
-53.875,164.125,38.355,1993-2026
-53.875,166.125,44.3182,1993-2026
-53.875,168.125,42.5758,1993-2026
-53.875,170.125,43.5523,1993-2026
-53.875,172.125,45.3992,1993-2026
-53.875,174.125,9.0513,1993-2026
-53.875,176.125,40.8576,1993-2026
-53.875,178.125,53.7097,1993-2026
-51.875,-179.875,54.1902,1993-2026
-51.875,-177.875,35.1305,1993-2026
-51.875,-175.875,47.714,1993-2026
-51.875,-173.875,89.7145,1993-2026
-51.875,-171.875,73.1492,1993-2026
-51.875,-169.875,68.9066,1993-2026
-51.875,-167.875,16.6863,1993-2026
-51.875,-165.875,44.8998,1993-2026
-51.875,-163.875,-24.1582,1993-2026
-51.875,-161.875,-4.1574,1993-2026
-51.875,-159.875,-2.5181,1993-2026
-51.875,-157.875,-49.65,1993-2026
-51.875,-155.875,-32.7735,1993-2026
-51.875,-153.875,15.9518,1993-2026
-51.875,-151.875,60.5419,1993-2026
-51.875,-149.875,56.805,1993-2026
-51.875,-147.875,33.5477,1993-2026
-51.875,-145.875,-41.7566,1993-2026
-51.875,-143.875,-35.6918,1993-2026
-51.875,-141.875,-21.8666,1993-2026
-51.875,-139.875,-74.9719,1993-2026
-51.875,-137.875,-82.2106,1993-2026
-51.875,-135.875,29.5287,1993-2026
-51.875,-133.875,15.0518,1993-2026
-51.875,-131.875,-20.8447,1993-2026
-51.875,-129.875,31.9277,1993-2026
-51.875,-127.875,45.2337,1993-2026
-51.875,-125.875,9.0765,1993-2026
-51.875,-123.875,14.2582,1993-2026
-51.875,-121.875,4.5924,1993-2026
-51.875,-119.875,9.616,1993-2026
-51.875,-117.875,9.7045,1993-2026
-51.875,-115.875,-21.6344,1993-2026
-51.875,-113.875,-9.0794,1993-2026
-51.875,-111.875,28.1235,1993-2026
-51.875,-109.875,10.2668,1993-2026
-51.875,-107.875,32.8582,1993-2026
-51.875,-105.875,37.9287,1993-2026
-51.875,-103.875,33.7606,1993-2026
-51.875,-101.875,47.1474,1993-2026
-51.875,-99.875,35.4174,1993-2026
-51.875,-97.875,39.4626,1993-2026
-51.875,-95.875,46.8605,1993-2026
-51.875,-93.875,39.3198,1993-2026
-51.875,-91.875,32.0739,1993-2026
-51.875,-89.875,31.4482,1993-2026
-51.875,-87.875,38.9724,1993-2026
-51.875,-85.875,30.9948,1993-2026
-51.875,-83.875,31.9926,1993-2026
-51.875,-81.875,29.7556,1993-2026
-51.875,-79.875,32.7397,1993-2026
-51.875,-77.875,15.6058,1993-2026
-51.875,-75.875,21.6948,1993-2026
-51.875,-73.875,17.5573,1993-2026
-51.875,-67.875,17.1368,1993-2026
-51.875,-65.875,23.4373,1993-2026
-51.875,-63.875,25.9166,1993-2026
-51.875,-61.875,30.2874,1993-2026
-51.875,-59.875,27.5047,1993-2026
-51.875,-57.875,33.5729,1993-2026
-51.875,-55.875,26.8065,1993-2026
-51.875,-53.875,29.7832,1993-2026
-51.875,-51.875,39.9121,1993-2026
-51.875,-49.875,9.8463,1993-2026
-51.875,-47.875,25.2116,1993-2026
-51.875,-45.875,32.4392,1993-2026
-51.875,-43.875,23.3095,1993-2026
-51.875,-41.875,14.5205,1993-2026
-51.875,-39.875,36.5453,1993-2026
-51.875,-37.875,30.1669,1993-2026
-51.875,-35.875,30.0194,1993-2026
-51.875,-33.875,48.5381,1993-2026
-51.875,-31.875,20.7968,1993-2026
-51.875,-29.875,24.1098,1993-2026
-51.875,-27.875,69.8961,1993-2026
-51.875,-25.875,31.4023,1993-2026
-51.875,-23.875,30.0552,1993-2026
-51.875,-21.875,49.9776,1993-2026
-51.875,-19.875,31.9747,1993-2026
-51.875,-17.875,37.934,1993-2026
-51.875,-15.875,65.3579,1993-2026
-51.875,-13.875,23.1513,1993-2026
-51.875,-11.875,39.4263,1993-2026
-51.875,-9.875,35.2219,1993-2026
-51.875,-7.875,24.6048,1993-2026
-51.875,-5.875,33.0663,1993-2026
-51.875,-3.875,30.9058,1993-2026
-51.875,-1.875,33.0165,1993-2026
-51.875,0.125,29.6802,1993-2026
-51.875,2.125,36.0353,1993-2026
-51.875,4.125,39.1926,1993-2026
-51.875,6.125,23.0531,1993-2026
-51.875,8.125,33.0876,1993-2026
-51.875,10.125,31.576,1993-2026
-51.875,12.125,36.0968,1993-2026
-51.875,14.125,23.3618,1993-2026
-51.875,16.125,28.0413,1993-2026
-51.875,18.125,27.2124,1993-2026
-51.875,20.125,13.3718,1993-2026
-51.875,22.125,16.2353,1993-2026
-51.875,24.125,25.6423,1993-2026
-51.875,26.125,33.7505,1993-2026
-51.875,28.125,8.3197,1993-2026
-51.875,30.125,-2.0385,1993-2026
-51.875,32.125,-1.8673,1993-2026
-51.875,34.125,5.8123,1993-2026
-51.875,36.125,18.3706,1993-2026
-51.875,38.125,31.9094,1993-2026
-51.875,40.125,21.6706,1993-2026
-51.875,42.125,15.4108,1993-2026
-51.875,44.125,19.1802,1993-2026
-51.875,46.125,17.0463,1993-2026
-51.875,48.125,45.2685,1993-2026
-51.875,50.125,1.23,1993-2026
-51.875,52.125,42.7384,1993-2026
-51.875,54.125,25.0742,1993-2026
-51.875,56.125,28.5121,1993-2026
-51.875,58.125,20.3163,1993-2026
-51.875,60.125,10.0045,1993-2026
-51.875,62.125,10.6771,1993-2026
-51.875,64.125,9.106,1993-2026
-51.875,66.125,33.3774,1993-2026
-51.875,68.125,30.0876,1993-2026
-51.875,70.125,26.6289,1993-2026
-51.875,72.125,23.7295,1993-2026
-51.875,74.125,25.83,1993-2026
-51.875,76.125,25.9539,1993-2026
-51.875,78.125,24.2913,1993-2026
-51.875,80.125,44.3715,1993-2026
-51.875,82.125,-1.1661,1993-2026
-51.875,84.125,21.4921,1993-2026
-51.875,86.125,63.1515,1993-2026
-51.875,88.125,57.1031,1993-2026
-51.875,90.125,33.089,1993-2026
-51.875,92.125,57.121,1993-2026
-51.875,94.125,-0.735,1993-2026
-51.875,96.125,52.8237,1993-2026
-51.875,98.125,64.3195,1993-2026
-51.875,100.125,4.2619,1993-2026
-51.875,102.125,19.0103,1993-2026
-51.875,104.125,16.2097,1993-2026
-51.875,106.125,33.3184,1993-2026
-51.875,108.125,12.405,1993-2026
-51.875,110.125,50.7377,1993-2026
-51.875,112.125,-0.3542,1993-2026
-51.875,114.125,16.711,1993-2026
-51.875,116.125,31.7032,1993-2026
-51.875,118.125,17.4281,1993-2026
-51.875,120.125,40.2489,1993-2026
-51.875,122.125,10.1148,1993-2026
-51.875,124.125,-8.6918,1993-2026
-51.875,126.125,9.7829,1993-2026
-51.875,128.125,17.8582,1993-2026
-51.875,130.125,53.3323,1993-2026
-51.875,132.125,22.2518,1993-2026
-51.875,134.125,54.9281,1993-2026
-51.875,136.125,48.1026,1993-2026
-51.875,138.125,5.4644,1993-2026
-51.875,140.125,34.3935,1993-2026
-51.875,142.125,109.1032,1993-2026
-51.875,144.125,48.8806,1993-2026
-51.875,146.125,-48.0353,1993-2026
-51.875,148.125,14.6792,1993-2026
-51.875,150.125,59.5998,1993-2026
-51.875,152.125,47.3327,1993-2026
-51.875,154.125,100.5581,1993-2026
-51.875,156.125,39.4592,1993-2026
-51.875,158.125,-30.7534,1993-2026
-51.875,160.125,15.8318,1993-2026
-51.875,162.125,38.4358,1993-2026
-51.875,164.125,44.0695,1993-2026
-51.875,166.125,49.9631,1993-2026
-51.875,168.125,47.4377,1993-2026
-51.875,170.125,45.9494,1993-2026
-51.875,172.125,47.4939,1993-2026
-51.875,174.125,46.0887,1993-2026
-51.875,176.125,56.0177,1993-2026
-51.875,178.125,22.4555,1993-2026
-49.875,-179.875,51.3605,1993-2026
-49.875,-177.875,27.8744,1993-2026
-49.875,-175.875,70.0229,1993-2026
-49.875,-173.875,76.8242,1993-2026
-49.875,-171.875,55.7366,1993-2026
-49.875,-169.875,22.1719,1993-2026
-49.875,-167.875,43.9984,1993-2026
-49.875,-165.875,22.3321,1993-2026
-49.875,-163.875,19.096,1993-2026
-49.875,-161.875,-28.6553,1993-2026
-49.875,-159.875,-60.0484,1993-2026
-49.875,-157.875,53.296,1993-2026
-49.875,-155.875,72.3794,1993-2026
-49.875,-153.875,-12.5685,1993-2026
-49.875,-151.875,19.9529,1993-2026
-49.875,-149.875,1.7298,1993-2026
-49.875,-147.875,48.2618,1993-2026
-49.875,-145.875,10.0911,1993-2026
-49.875,-143.875,46.3055,1993-2026
-49.875,-141.875,44.2181,1993-2026
-49.875,-139.875,42.3498,1993-2026
-49.875,-137.875,35.4431,1993-2026
-49.875,-135.875,27.1897,1993-2026
-49.875,-133.875,38.4523,1993-2026
-49.875,-131.875,42.7282,1993-2026
-49.875,-129.875,36.2385,1993-2026
-49.875,-127.875,27.7248,1993-2026
-49.875,-125.875,24.241,1993-2026
-49.875,-123.875,27.3992,1993-2026
-49.875,-121.875,19.6113,1993-2026
-49.875,-119.875,1.5247,1993-2026
-49.875,-117.875,20.9303,1993-2026
-49.875,-115.875,5.5998,1993-2026
-49.875,-113.875,11.6429,1993-2026
-49.875,-111.875,20.1281,1993-2026
-49.875,-109.875,25.1124,1993-2026
-49.875,-107.875,38.5408,1993-2026
-49.875,-105.875,45.6856,1993-2026
-49.875,-103.875,58.3147,1993-2026
-49.875,-101.875,48.1069,1993-2026
-49.875,-99.875,45.4258,1993-2026
-49.875,-97.875,36.374,1993-2026
-49.875,-95.875,45.4495,1993-2026
-49.875,-93.875,30.0213,1993-2026
-49.875,-91.875,43.6253,1993-2026
-49.875,-89.875,27.3982,1993-2026
-49.875,-87.875,29.7808,1993-2026
-49.875,-85.875,31.9326,1993-2026
-49.875,-83.875,31.7385,1993-2026
-49.875,-81.875,25.5682,1993-2026
-49.875,-79.875,23.3371,1993-2026
-49.875,-77.875,11.0434,1993-2026
-49.875,-75.875,9.1423,1993-2026
-49.875,-73.875,18.1539,1993-2026
-49.875,-67.875,19.2861,1993-2026
-49.875,-65.875,22.5973,1993-2026
-49.875,-63.875,27.2981,1993-2026
-49.875,-61.875,30.1548,1993-2026
-49.875,-59.875,31.4332,1993-2026
-49.875,-57.875,31.2997,1993-2026
-49.875,-55.875,31.3069,1993-2026
-49.875,-53.875,22.7202,1993-2026
-49.875,-51.875,25.3969,1993-2026
-49.875,-49.875,18.6087,1993-2026
-49.875,-47.875,35.2258,1993-2026
-49.875,-45.875,37.4202,1993-2026
-49.875,-43.875,33.2168,1993-2026
-49.875,-41.875,32.624,1993-2026
-49.875,-39.875,34.9698,1993-2026
-49.875,-37.875,26.9173,1993-2026
-49.875,-35.875,49.1656,1993-2026
-49.875,-33.875,23.2519,1993-2026
-49.875,-31.875,27.9179,1993-2026
-49.875,-29.875,41.4658,1993-2026
-49.875,-27.875,1.0621,1993-2026
-49.875,-25.875,39.0798,1993-2026
-49.875,-23.875,72.7379,1993-2026
-49.875,-21.875,38.6898,1993-2026
-49.875,-19.875,23.7585,1993-2026
-49.875,-17.875,44.5282,1993-2026
-49.875,-15.875,36.8294,1993-2026
-49.875,-13.875,64.4952,1993-2026
-49.875,-11.875,53.1203,1993-2026
-49.875,-9.875,43.1792,1993-2026
-49.875,-7.875,37.5305,1993-2026
-49.875,-5.875,14.4721,1993-2026
-49.875,-3.875,19.5324,1993-2026
-49.875,-1.875,40.6326,1993-2026
-49.875,0.125,27.4156,1993-2026
-49.875,2.125,21.4887,1993-2026
-49.875,4.125,44.1053,1993-2026
-49.875,6.125,30.3019,1993-2026
-49.875,8.125,37.5329,1993-2026
-49.875,10.125,29.7266,1993-2026
-49.875,12.125,7.3994,1993-2026
-49.875,14.125,56.1958,1993-2026
-49.875,16.125,57.6794,1993-2026
-49.875,18.125,57.3445,1993-2026
-49.875,20.125,9.2874,1993-2026
-49.875,22.125,12.7485,1993-2026
-49.875,24.125,79.5813,1993-2026
-49.875,26.125,-20.8147,1993-2026
-49.875,28.125,36.4994,1993-2026
-49.875,30.125,27.4877,1993-2026
-49.875,32.125,47.9192,1993-2026
-49.875,34.125,24.6106,1993-2026
-49.875,36.125,58.6224,1993-2026
-49.875,38.125,27.7026,1993-2026
-49.875,40.125,29.9129,1993-2026
-49.875,42.125,14.8839,1993-2026
-49.875,44.125,8.5931,1993-2026
-49.875,46.125,25.5044,1993-2026
-49.875,48.125,24.9184,1993-2026
-49.875,50.125,34.4927,1993-2026
-49.875,52.125,12.6798,1993-2026
-49.875,54.125,30.9126,1993-2026
-49.875,56.125,16.1565,1993-2026
-49.875,58.125,21.346,1993-2026
-49.875,60.125,26.5331,1993-2026
-49.875,62.125,28.921,1993-2026
-49.875,64.125,25.3152,1993-2026
-49.875,66.125,28.9021,1993-2026
-49.875,68.125,30.7752,1993-2026
-49.875,70.125,28.4792,1993-2026
-49.875,72.125,24.5705,1993-2026
-49.875,74.125,18.9411,1993-2026
-49.875,76.125,-2.7044,1993-2026
-49.875,78.125,-13.6442,1993-2026
-49.875,80.125,44.1997,1993-2026
-49.875,82.125,-14.2031,1993-2026
-49.875,84.125,11.1919,1993-2026
-49.875,86.125,19.7729,1993-2026
-49.875,88.125,1.366,1993-2026
-49.875,90.125,46.2465,1993-2026
-49.875,92.125,16.0834,1993-2026
-49.875,94.125,33.991,1993-2026
-49.875,96.125,39.8565,1993-2026
-49.875,98.125,-17.551,1993-2026
-49.875,100.125,23.2805,1993-2026
-49.875,102.125,45.2932,1993-2026
-49.875,104.125,0.0944,1993-2026
-49.875,106.125,22.9365,1993-2026
-49.875,108.125,21.2598,1993-2026
-49.875,110.125,24.7892,1993-2026
-49.875,112.125,8.4213,1993-2026
-49.875,114.125,21.6663,1993-2026
-49.875,116.125,48.134,1993-2026
-49.875,118.125,92.2277,1993-2026
-49.875,120.125,12.2255,1993-2026
-49.875,122.125,63.8066,1993-2026
-49.875,124.125,86.1624,1993-2026
-49.875,126.125,76.3098,1993-2026
-49.875,128.125,47.3405,1993-2026
-49.875,130.125,-24.8318,1993-2026
-49.875,132.125,43.3345,1993-2026
-49.875,134.125,52.1027,1993-2026
-49.875,136.125,47.4247,1993-2026
-49.875,138.125,58.8077,1993-2026
-49.875,140.125,62.7324,1993-2026
-49.875,142.125,21.9866,1993-2026
-49.875,144.125,55.1473,1993-2026
-49.875,146.125,109.5019,1993-2026
-49.875,148.125,70.1279,1993-2026
-49.875,150.125,98.1053,1993-2026
-49.875,152.125,91.0563,1993-2026
-49.875,154.125,13.9819,1993-2026
-49.875,156.125,30.9155,1993-2026
-49.875,158.125,61.1458,1993-2026
-49.875,160.125,73.5063,1993-2026
-49.875,162.125,84.3977,1993-2026
-49.875,164.125,40.2368,1993-2026
-49.875,166.125,46.3805,1993-2026
-49.875,168.125,49.2305,1993-2026
-49.875,170.125,46.7734,1993-2026
-49.875,172.125,46.5735,1993-2026
-49.875,174.125,48.6363,1993-2026
-49.875,176.125,53.5926,1993-2026
-49.875,178.125,56.4542,1993-2026
-47.875,-179.875,58.2242,1993-2026
-47.875,-177.875,46.3016,1993-2026
-47.875,-175.875,40.9955,1993-2026
-47.875,-173.875,55.7729,1993-2026
-47.875,-171.875,82.6108,1993-2026
-47.875,-169.875,49.1124,1993-2026
-47.875,-167.875,61.4937,1993-2026
-47.875,-165.875,41.6352,1993-2026
-47.875,-163.875,52.0374,1993-2026
-47.875,-161.875,60.8918,1993-2026
-47.875,-159.875,60.839,1993-2026
-47.875,-157.875,56.5539,1993-2026
-47.875,-155.875,43.3824,1993-2026
-47.875,-153.875,56.384,1993-2026
-47.875,-151.875,41.7827,1993-2026
-47.875,-149.875,37.0694,1993-2026
-47.875,-147.875,34.5213,1993-2026
-47.875,-145.875,51.4698,1993-2026
-47.875,-143.875,57.8066,1993-2026
-47.875,-141.875,53.4155,1993-2026
-47.875,-139.875,30.2182,1993-2026
-47.875,-137.875,35.6061,1993-2026
-47.875,-135.875,27.6566,1993-2026
-47.875,-133.875,35.0081,1993-2026
-47.875,-131.875,44.2103,1993-2026
-47.875,-129.875,46.4018,1993-2026
-47.875,-127.875,31.8818,1993-2026
-47.875,-125.875,38.5931,1993-2026
-47.875,-123.875,41.8156,1993-2026
-47.875,-121.875,26.3981,1993-2026
-47.875,-119.875,41.4363,1993-2026
-47.875,-117.875,28.3031,1993-2026
-47.875,-115.875,32.3976,1993-2026
-47.875,-113.875,22.845,1993-2026
-47.875,-111.875,34.9045,1993-2026
-47.875,-109.875,41.3047,1993-2026
-47.875,-107.875,49.0592,1993-2026
-47.875,-105.875,51.2531,1993-2026
-47.875,-103.875,41.5558,1993-2026
-47.875,-101.875,36.9982,1993-2026
-47.875,-99.875,43.4618,1993-2026
-47.875,-97.875,38.5892,1993-2026
-47.875,-95.875,38.1832,1993-2026
-47.875,-93.875,30.9368,1993-2026
-47.875,-91.875,38.7329,1993-2026
-47.875,-89.875,40.5842,1993-2026
-47.875,-87.875,36.8608,1993-2026
-47.875,-85.875,30.5787,1993-2026
-47.875,-83.875,32.3221,1993-2026
-47.875,-81.875,24.6145,1993-2026
-47.875,-79.875,35.264,1993-2026
-47.875,-77.875,25.4531,1993-2026
-47.875,-75.875,14.64,1993-2026
-47.875,-73.875,18.7113,1993-2026
-47.875,-65.875,31.171,1993-2026
-47.875,-63.875,27.5424,1993-2026
-47.875,-61.875,28.349,1993-2026
-47.875,-59.875,32.7402,1993-2026
-47.875,-57.875,56.1353,1993-2026
-47.875,-55.875,50.0047,1993-2026
-47.875,-53.875,60.7766,1993-2026
-47.875,-51.875,70.9873,1993-2026
-47.875,-49.875,50.9439,1993-2026
-47.875,-47.875,44.7527,1993-2026
-47.875,-45.875,80.1832,1993-2026
-47.875,-43.875,49.4216,1993-2026
-47.875,-41.875,43.6311,1993-2026
-47.875,-39.875,34.6113,1993-2026
-47.875,-37.875,72.6397,1993-2026
-47.875,-35.875,21.6576,1993-2026
-47.875,-33.875,17.1779,1993-2026
-47.875,-31.875,39.629,1993-2026
-47.875,-29.875,68.2461,1993-2026
-47.875,-27.875,68.6744,1993-2026
-47.875,-25.875,15.0305,1993-2026
-47.875,-23.875,10.6573,1993-2026
-47.875,-21.875,63.584,1993-2026
-47.875,-19.875,87.8327,1993-2026
-47.875,-17.875,32.251,1993-2026
-47.875,-15.875,38.9023,1993-2026
-47.875,-13.875,45.8173,1993-2026
-47.875,-11.875,45.1021,1993-2026
-47.875,-9.875,51.7544,1993-2026
-47.875,-7.875,45.2521,1993-2026
-47.875,-5.875,55.6698,1993-2026
-47.875,-3.875,78.2835,1993-2026
-47.875,-1.875,42.6339,1993-2026
-47.875,0.125,49.9771,1993-2026
-47.875,2.125,26.3671,1993-2026
-47.875,4.125,48.2748,1993-2026
-47.875,6.125,46.9277,1993-2026
-47.875,8.125,31.2092,1993-2026
-47.875,10.125,66.36,1993-2026
-47.875,12.125,59.115,1993-2026
-47.875,14.125,38.8113,1993-2026
-47.875,16.125,34.5532,1993-2026
-47.875,18.125,46.7777,1993-2026
-47.875,20.125,57.6934,1993-2026
-47.875,22.125,43.6224,1993-2026
-47.875,24.125,-5.5752,1993-2026
-47.875,26.125,51.4461,1993-2026
-47.875,28.125,60.0479,1993-2026
-47.875,30.125,46.2639,1993-2026
-47.875,32.125,-20.7856,1993-2026
-47.875,34.125,-16.2232,1993-2026
-47.875,36.125,60.3808,1993-2026
-47.875,38.125,-16.95,1993-2026
-47.875,40.125,47.1484,1993-2026
-47.875,42.125,3.7055,1993-2026
-47.875,44.125,12.8511,1993-2026
-47.875,46.125,-4.9452,1993-2026
-47.875,48.125,-0.6915,1993-2026
-47.875,50.125,25.0461,1993-2026
-47.875,52.125,20.235,1993-2026
-47.875,54.125,11.8224,1993-2026
-47.875,56.125,11.4358,1993-2026
-47.875,58.125,18.6566,1993-2026
-47.875,60.125,11.5674,1993-2026
-47.875,62.125,53.1765,1993-2026
-47.875,64.125,26.1605,1993-2026
-47.875,66.125,27.0484,1993-2026
-47.875,68.125,29.9995,1993-2026
-47.875,70.125,28.6989,1993-2026
-47.875,72.125,27.6973,1993-2026
-47.875,74.125,34.5121,1993-2026
-47.875,76.125,20.311,1993-2026
-47.875,78.125,13.9176,1993-2026
-47.875,80.125,30.9987,1993-2026
-47.875,82.125,51.6324,1993-2026
-47.875,84.125,35.4358,1993-2026
-47.875,86.125,51.9048,1993-2026
-47.875,88.125,4.7773,1993-2026
-47.875,90.125,-20.6027,1993-2026
-47.875,92.125,40.9732,1993-2026
-47.875,94.125,43.3631,1993-2026
-47.875,96.125,33.6745,1993-2026
-47.875,98.125,10.8479,1993-2026
-47.875,100.125,22.8102,1993-2026
-47.875,102.125,-5.894,1993-2026
-47.875,104.125,31.4211,1993-2026
-47.875,106.125,24.3319,1993-2026
-47.875,108.125,25.7124,1993-2026
-47.875,110.125,54.1302,1993-2026
-47.875,112.125,-9.0673,1993-2026
-47.875,114.125,13.2126,1993-2026
-47.875,116.125,-12.6165,1993-2026
-47.875,118.125,34.2431,1993-2026
-47.875,120.125,5.7653,1993-2026
-47.875,122.125,13.2232,1993-2026
-47.875,124.125,20.7716,1993-2026
-47.875,126.125,34.4506,1993-2026
-47.875,128.125,19.966,1993-2026
-47.875,130.125,35.9187,1993-2026
-47.875,132.125,28.2711,1993-2026
-47.875,134.125,50.7842,1993-2026
-47.875,136.125,40.5179,1993-2026
-47.875,138.125,57.7408,1993-2026
-47.875,140.125,43.0069,1993-2026
-47.875,142.125,14.7973,1993-2026
-47.875,144.125,27.0048,1993-2026
-47.875,146.125,19.5571,1993-2026
-47.875,148.125,59.6715,1993-2026
-47.875,150.125,44.0003,1993-2026
-47.875,152.125,27.0242,1993-2026
-47.875,154.125,49.2595,1993-2026
-47.875,156.125,48.6823,1993-2026
-47.875,158.125,59.2742,1993-2026
-47.875,160.125,49.7627,1993-2026
-47.875,162.125,36.0281,1993-2026
-47.875,164.125,58.591,1993-2026
-47.875,166.125,51.7698,1993-2026
-47.875,168.125,46.8731,1993-2026
-47.875,170.125,54.4345,1993-2026
-47.875,172.125,45.0827,1993-2026
-47.875,174.125,50.3448,1993-2026
-47.875,176.125,75.3019,1993-2026
-47.875,178.125,63.0866,1993-2026
-45.875,-179.875,73.1579,1993-2026
-45.875,-177.875,77.1281,1993-2026
-45.875,-175.875,55.7961,1993-2026
-45.875,-173.875,88.5,1993-2026
-45.875,-171.875,95.0337,1993-2026
-45.875,-169.875,57.0547,1993-2026
-45.875,-167.875,52.9485,1993-2026
-45.875,-165.875,65.7895,1993-2026
-45.875,-163.875,57.9305,1993-2026
-45.875,-161.875,62.6206,1993-2026
-45.875,-159.875,65.4948,1993-2026
-45.875,-157.875,63.8608,1993-2026
-45.875,-155.875,50.2098,1993-2026
-45.875,-153.875,45.3169,1993-2026
-45.875,-151.875,49.7613,1993-2026
-45.875,-149.875,43.1245,1993-2026
-45.875,-147.875,46.4797,1993-2026
-45.875,-145.875,41.7852,1993-2026
-45.875,-143.875,27.7171,1993-2026
-45.875,-141.875,38.0047,1993-2026
-45.875,-139.875,60.0963,1993-2026
-45.875,-137.875,42.2376,1993-2026
-45.875,-135.875,37.7705,1993-2026
-45.875,-133.875,34.3626,1993-2026
-45.875,-131.875,28.5305,1993-2026
-45.875,-129.875,26.4324,1993-2026
-45.875,-127.875,26.6555,1993-2026
-45.875,-125.875,18.8782,1993-2026
-45.875,-123.875,29.3734,1993-2026
-45.875,-121.875,38.9869,1993-2026
-45.875,-119.875,34.7468,1993-2026
-45.875,-117.875,31.9703,1993-2026
-45.875,-115.875,44.1934,1993-2026
-45.875,-113.875,30.4292,1993-2026
-45.875,-111.875,38.2665,1993-2026
-45.875,-109.875,36.0827,1993-2026
-45.875,-107.875,46.2165,1993-2026
-45.875,-105.875,55.4076,1993-2026
-45.875,-103.875,49.7913,1993-2026
-45.875,-101.875,49.4918,1993-2026
-45.875,-99.875,49.2702,1993-2026
-45.875,-97.875,28.8818,1993-2026
-45.875,-95.875,32.5781,1993-2026
-45.875,-93.875,23.5587,1993-2026
-45.875,-91.875,41.129,1993-2026
-45.875,-89.875,31.681,1993-2026
-45.875,-87.875,28.1681,1993-2026
-45.875,-85.875,30.9489,1993-2026
-45.875,-83.875,35.5205,1993-2026
-45.875,-81.875,31.9698,1993-2026
-45.875,-79.875,21.1156,1993-2026
-45.875,-77.875,19.4652,1993-2026
-45.875,-75.875,24.4931,1993-2026
-45.875,-73.875,25.5808,1993-2026
-45.875,-65.875,31.6476,1993-2026
-45.875,-63.875,27.1118,1993-2026
-45.875,-61.875,29.0235,1993-2026
-45.875,-59.875,33.1606,1993-2026
-45.875,-57.875,34.9461,1993-2026
-45.875,-55.875,12.6184,1993-2026
-45.875,-53.875,63.9687,1993-2026
-45.875,-51.875,120.7737,1993-2026
-45.875,-49.875,40.6035,1993-2026
-45.875,-47.875,60.9223,1993-2026
-45.875,-45.875,33.9982,1993-2026
-45.875,-43.875,40.5745,1993-2026
-45.875,-41.875,82.2145,1993-2026
-45.875,-39.875,82.7826,1993-2026
-45.875,-37.875,100.0016,1993-2026
-45.875,-35.875,91.5348,1993-2026
-45.875,-33.875,40.214,1993-2026
-45.875,-31.875,77.4261,1993-2026
-45.875,-29.875,10.0519,1993-2026
-45.875,-27.875,8.311,1993-2026
-45.875,-25.875,92.3061,1993-2026
-45.875,-23.875,53.7377,1993-2026
-45.875,-21.875,59.474,1993-2026
-45.875,-19.875,71.2524,1993-2026
-45.875,-17.875,64.1153,1993-2026
-45.875,-15.875,66.2458,1993-2026
-45.875,-13.875,67.081,1993-2026
-45.875,-11.875,66.074,1993-2026
-45.875,-9.875,65.084,1993-2026
-45.875,-7.875,38.9594,1993-2026
-45.875,-5.875,59.746,1993-2026
-45.875,-3.875,69.166,1993-2026
-45.875,-1.875,54.6765,1993-2026
-45.875,0.125,30.2671,1993-2026
-45.875,2.125,18.2042,1993-2026
-45.875,4.125,49.4298,1993-2026
-45.875,6.125,20.6816,1993-2026
-45.875,8.125,33.9465,1993-2026
-45.875,10.125,33.2792,1993-2026
-45.875,12.125,45.7752,1993-2026
-45.875,14.125,48.7723,1993-2026
-45.875,16.125,46.5102,1993-2026
-45.875,18.125,52.3708,1993-2026
-45.875,20.125,58.0466,1993-2026
-45.875,22.125,28.9834,1993-2026
-45.875,24.125,17.6482,1993-2026
-45.875,26.125,28.5252,1993-2026
-45.875,28.125,24.1108,1993-2026
-45.875,30.125,44.9477,1993-2026
-45.875,32.125,7.1071,1993-2026
-45.875,34.125,38.6569,1993-2026
-45.875,36.125,36.1674,1993-2026
-45.875,38.125,14.9724,1993-2026
-45.875,40.125,7.1173,1993-2026
-45.875,42.125,-0.1921,1993-2026
-45.875,44.125,7.276,1993-2026
-45.875,46.125,20.8118,1993-2026
-45.875,48.125,25.9355,1993-2026
-45.875,50.125,17.686,1993-2026
-45.875,52.125,21.9005,1993-2026
-45.875,54.125,22.5344,1993-2026
-45.875,56.125,42.2908,1993-2026
-45.875,58.125,10.5556,1993-2026
-45.875,60.125,0.9324,1993-2026
-45.875,62.125,-19.2431,1993-2026
-45.875,64.125,7.9002,1993-2026
-45.875,66.125,24.6905,1993-2026
-45.875,68.125,34.8077,1993-2026
-45.875,70.125,52.8823,1993-2026
-45.875,72.125,15.7142,1993-2026
-45.875,74.125,53.5877,1993-2026
-45.875,76.125,-20.1542,1993-2026
-45.875,78.125,115.5285,1993-2026
-45.875,80.125,23.3874,1993-2026
-45.875,82.125,24.3382,1993-2026
-45.875,84.125,39.989,1993-2026
-45.875,86.125,25.0815,1993-2026
-45.875,88.125,8.701,1993-2026
-45.875,90.125,22.7487,1993-2026
-45.875,92.125,42.7011,1993-2026
-45.875,94.125,-10.8774,1993-2026
-45.875,96.125,-0.1568,1993-2026
-45.875,98.125,13.6423,1993-2026
-45.875,100.125,27.7423,1993-2026
-45.875,102.125,0.0856,1993-2026
-45.875,104.125,2.4431,1993-2026
-45.875,106.125,88.5997,1993-2026
-45.875,108.125,4.7618,1993-2026
-45.875,110.125,61.0631,1993-2026
-45.875,112.125,7.1719,1993-2026
-45.875,114.125,92.3768,1993-2026
-45.875,116.125,64.7603,1993-2026
-45.875,118.125,7.0306,1993-2026
-45.875,120.125,64.2169,1993-2026
-45.875,122.125,64.9998,1993-2026
-45.875,124.125,29.3308,1993-2026
-45.875,126.125,30.1239,1993-2026
-45.875,128.125,27.1205,1993-2026
-45.875,130.125,32.969,1993-2026
-45.875,132.125,25.3195,1993-2026
-45.875,134.125,15.2782,1993-2026
-45.875,136.125,3.9382,1993-2026
-45.875,138.125,23.145,1993-2026
-45.875,140.125,13.9094,1993-2026
-45.875,142.125,27.3953,1993-2026
-45.875,144.125,46.7845,1993-2026
-45.875,146.125,65.385,1993-2026
-45.875,148.125,62.1145,1993-2026
-45.875,150.125,56.5297,1993-2026
-45.875,152.125,46.7381,1993-2026
-45.875,154.125,56.4469,1993-2026
-45.875,156.125,53.0381,1993-2026
-45.875,158.125,51.9716,1993-2026
-45.875,160.125,50.8471,1993-2026
-45.875,162.125,42.5961,1993-2026
-45.875,164.125,42.1079,1993-2026
-45.875,166.125,49.7652,1993-2026
-45.875,172.125,55.7061,1993-2026
-45.875,174.125,63.1635,1993-2026
-45.875,176.125,54.4292,1993-2026
-45.875,178.125,70.7792,1993-2026
-43.875,-179.875,54.4708,1993-2026
-43.875,-177.875,62.1779,1993-2026
-43.875,-175.875,64.8861,1993-2026
-43.875,-173.875,69.8453,1993-2026
-43.875,-171.875,75.7118,1993-2026
-43.875,-169.875,73.0631,1993-2026
-43.875,-167.875,58.5765,1993-2026
-43.875,-165.875,65.6855,1993-2026
-43.875,-163.875,59.7668,1993-2026
-43.875,-161.875,53.4871,1993-2026
-43.875,-159.875,65.3081,1993-2026
-43.875,-157.875,61.051,1993-2026
-43.875,-155.875,59.8524,1993-2026
-43.875,-153.875,69.3276,1993-2026
-43.875,-151.875,56.9531,1993-2026
-43.875,-149.875,44.6124,1993-2026
-43.875,-147.875,45.8081,1993-2026
-43.875,-145.875,45.3237,1993-2026
-43.875,-143.875,49.3921,1993-2026
-43.875,-141.875,42.2231,1993-2026
-43.875,-139.875,34.5,1993-2026
-43.875,-137.875,33.2748,1993-2026
-43.875,-135.875,40.0829,1993-2026
-43.875,-133.875,33.9682,1993-2026
-43.875,-131.875,34.561,1993-2026
-43.875,-129.875,36.6571,1993-2026
-43.875,-127.875,32.8127,1993-2026
-43.875,-125.875,34.1516,1993-2026
-43.875,-123.875,39.5453,1993-2026
-43.875,-121.875,36.2506,1993-2026
-43.875,-119.875,37.1347,1993-2026
-43.875,-117.875,32.6144,1993-2026
-43.875,-115.875,43.0892,1993-2026
-43.875,-113.875,54.9377,1993-2026
-43.875,-111.875,41.5926,1993-2026
-43.875,-109.875,46.4318,1993-2026
-43.875,-107.875,37.1042,1993-2026
-43.875,-105.875,36.7268,1993-2026
-43.875,-103.875,34.7666,1993-2026
-43.875,-101.875,43.8479,1993-2026
-43.875,-99.875,32.2945,1993-2026
-43.875,-97.875,36.044,1993-2026
-43.875,-95.875,32.8926,1993-2026
-43.875,-93.875,29.9153,1993-2026
-43.875,-91.875,40.1492,1993-2026
-43.875,-89.875,30.1379,1993-2026
-43.875,-87.875,33.2371,1993-2026
-43.875,-85.875,31.7235,1993-2026
-43.875,-83.875,27.9024,1993-2026
-43.875,-81.875,47.221,1993-2026
-43.875,-79.875,26.566,1993-2026
-43.875,-77.875,27.6929,1993-2026
-43.875,-75.875,29.4784,1993-2026
-43.875,-73.875,26.6415,1993-2026
-43.875,-63.875,39.1698,1993-2026
-43.875,-61.875,30.4752,1993-2026
-43.875,-59.875,32.1411,1993-2026
-43.875,-57.875,38.9081,1993-2026
-43.875,-55.875,-3.9106,1993-2026
-43.875,-53.875,134.7948,1993-2026
-43.875,-51.875,28.0679,1993-2026
-43.875,-49.875,59.1605,1993-2026
-43.875,-47.875,62.474,1993-2026
-43.875,-45.875,50.4963,1993-2026
-43.875,-43.875,42.2816,1993-2026
-43.875,-41.875,72.661,1993-2026
-43.875,-39.875,88.0331,1993-2026
-43.875,-37.875,70.9079,1993-2026
-43.875,-35.875,52.8581,1993-2026
-43.875,-33.875,29.2785,1993-2026
-43.875,-31.875,54.8342,1993-2026
-43.875,-29.875,71.3831,1993-2026
-43.875,-27.875,84.5782,1993-2026
-43.875,-25.875,3.1002,1993-2026
-43.875,-23.875,41.9715,1993-2026
-43.875,-21.875,52.4376,1993-2026
-43.875,-19.875,28.8015,1993-2026
-43.875,-17.875,75.5115,1993-2026
-43.875,-15.875,59.2577,1993-2026
-43.875,-13.875,27.4645,1993-2026
-43.875,-11.875,74.8926,1993-2026
-43.875,-9.875,60.4316,1993-2026
-43.875,-7.875,51.0929,1993-2026
-43.875,-5.875,94.0718,1993-2026
-43.875,-3.875,69.3537,1993-2026
-43.875,-1.875,41.219,1993-2026
-43.875,0.125,73.4569,1993-2026
-43.875,2.125,56.5616,1993-2026
-43.875,4.125,55.4855,1993-2026
-43.875,6.125,76.3335,1993-2026
-43.875,8.125,39.0619,1993-2026
-43.875,10.125,29.656,1993-2026
-43.875,12.125,67.1424,1993-2026
-43.875,14.125,36.2342,1993-2026
-43.875,16.125,39.4539,1993-2026
-43.875,18.125,32.116,1993-2026
-43.875,20.125,19.1666,1993-2026
-43.875,22.125,34.4855,1993-2026
-43.875,24.125,22.2798,1993-2026
-43.875,26.125,23.8239,1993-2026
-43.875,28.125,20.8215,1993-2026
-43.875,30.125,40.2126,1993-2026
-43.875,32.125,56.025,1993-2026
-43.875,34.125,25.2218,1993-2026
-43.875,36.125,18.8139,1993-2026
-43.875,38.125,13.2455,1993-2026
-43.875,40.125,27.2231,1993-2026
-43.875,42.125,22.2963,1993-2026
-43.875,44.125,33.556,1993-2026
-43.875,46.125,23.8548,1993-2026
-43.875,48.125,15.7108,1993-2026
-43.875,50.125,34.7845,1993-2026
-43.875,52.125,21.6798,1993-2026
-43.875,54.125,52.4473,1993-2026
-43.875,56.125,81.8444,1993-2026
-43.875,58.125,-49.5121,1993-2026
-43.875,60.125,49.2619,1993-2026
-43.875,62.125,57.8777,1993-2026
-43.875,64.125,40.4656,1993-2026
-43.875,66.125,11.2089,1993-2026
-43.875,68.125,17.6124,1993-2026
-43.875,70.125,105.8453,1993-2026
-43.875,72.125,55.154,1993-2026
-43.875,74.125,33.7873,1993-2026
-43.875,76.125,47.8234,1993-2026
-43.875,78.125,2.4411,1993-2026
-43.875,80.125,34.2663,1993-2026
-43.875,82.125,28.3176,1993-2026
-43.875,84.125,30.7461,1993-2026
-43.875,86.125,-10.8406,1993-2026
-43.875,88.125,39.1142,1993-2026
-43.875,90.125,37.994,1993-2026
-43.875,92.125,40.7802,1993-2026
-43.875,94.125,-2.8306,1993-2026
-43.875,96.125,19.3829,1993-2026
-43.875,98.125,21.0537,1993-2026
-43.875,100.125,40.3423,1993-2026
-43.875,102.125,52.5281,1993-2026
-43.875,104.125,0.1127,1993-2026
-43.875,106.125,40.7468,1993-2026
-43.875,108.125,62.8926,1993-2026
-43.875,110.125,31.8435,1993-2026
-43.875,112.125,37.4942,1993-2026
-43.875,114.125,31.6016,1993-2026
-43.875,116.125,26.2621,1993-2026
-43.875,118.125,37.4352,1993-2026
-43.875,120.125,34.1768,1993-2026
-43.875,122.125,32.4673,1993-2026
-43.875,124.125,49.5169,1993-2026
-43.875,126.125,30.6402,1993-2026
-43.875,128.125,30.9731,1993-2026
-43.875,130.125,35.5205,1993-2026
-43.875,132.125,48.2835,1993-2026
-43.875,134.125,27.96,1993-2026
-43.875,136.125,40.0911,1993-2026
-43.875,138.125,26.8694,1993-2026
-43.875,140.125,40.9021,1993-2026
-43.875,142.125,39.5865,1993-2026
-43.875,144.125,18.5419,1993-2026
-43.875,146.125,36.869,1993-2026
-43.875,148.125,42.1074,1993-2026
-43.875,150.125,24.8347,1993-2026
-43.875,152.125,61.2063,1993-2026
-43.875,154.125,47.8965,1993-2026
-43.875,156.125,60.8265,1993-2026
-43.875,158.125,44.6274,1993-2026
-43.875,160.125,52.1715,1993-2026
-43.875,162.125,50.8931,1993-2026
-43.875,164.125,43.4787,1993-2026
-43.875,166.125,55.7874,1993-2026
-43.875,168.125,51.3939,1993-2026
-43.875,172.125,60.48,1993-2026
-43.875,174.125,57.541,1993-2026
-43.875,176.125,53.3545,1993-2026
-43.875,178.125,61.2218,1993-2026
-41.875,-179.875,59.1648,1993-2026
-41.875,-177.875,67.2039,1993-2026
-41.875,-175.875,74.5074,1993-2026
-41.875,-173.875,104.2568,1993-2026
-41.875,-171.875,70.8542,1993-2026
-41.875,-169.875,65.5669,1993-2026
-41.875,-167.875,60.0832,1993-2026
-41.875,-165.875,62.371,1993-2026
-41.875,-163.875,57.9208,1993-2026
-41.875,-161.875,56.6545,1993-2026
-41.875,-159.875,50.8277,1993-2026
-41.875,-157.875,52.4405,1993-2026
-41.875,-155.875,46.0437,1993-2026
-41.875,-153.875,40.5939,1993-2026
-41.875,-151.875,55.8624,1993-2026
-41.875,-149.875,54.6561,1993-2026
-41.875,-147.875,46.4666,1993-2026
-41.875,-145.875,51.8144,1993-2026
-41.875,-143.875,33.2255,1993-2026
-41.875,-141.875,40.1206,1993-2026
-41.875,-139.875,51.7394,1993-2026
-41.875,-137.875,48.3934,1993-2026
-41.875,-135.875,41.8989,1993-2026
-41.875,-133.875,43.9994,1993-2026
-41.875,-131.875,51.5908,1993-2026
-41.875,-129.875,43.2247,1993-2026
-41.875,-127.875,46.9379,1993-2026
-41.875,-125.875,48.3692,1993-2026
-41.875,-123.875,36.5332,1993-2026
-41.875,-121.875,29.4223,1993-2026
-41.875,-119.875,46.4671,1993-2026
-41.875,-117.875,47.804,1993-2026
-41.875,-115.875,33.7224,1993-2026
-41.875,-113.875,44.1924,1993-2026
-41.875,-111.875,38.9047,1993-2026
-41.875,-109.875,38.6158,1993-2026
-41.875,-107.875,35.4784,1993-2026
-41.875,-105.875,33.9063,1993-2026
-41.875,-103.875,36.5608,1993-2026
-41.875,-101.875,39.1858,1993-2026
-41.875,-99.875,24.4069,1993-2026
-41.875,-97.875,42.1389,1993-2026
-41.875,-95.875,48.1674,1993-2026
-41.875,-93.875,39.6929,1993-2026
-41.875,-91.875,26.8369,1993-2026
-41.875,-89.875,43.2735,1993-2026
-41.875,-87.875,34.9215,1993-2026
-41.875,-85.875,42.5545,1993-2026
-41.875,-83.875,28.3873,1993-2026
-41.875,-81.875,21.8826,1993-2026
-41.875,-79.875,31.7323,1993-2026
-41.875,-77.875,18.7161,1993-2026
-41.875,-75.875,27.7519,1993-2026
-41.875,-73.875,20.6376,1993-2026
-41.875,-63.875,33.014,1993-2026
-41.875,-61.875,31.7444,1993-2026
-41.875,-59.875,32.9458,1993-2026
-41.875,-57.875,43.1724,1993-2026
-41.875,-55.875,59.0366,1993-2026
-41.875,-53.875,137.9274,1993-2026
-41.875,-51.875,-34.1802,1993-2026
-41.875,-49.875,45.4331,1993-2026
-41.875,-47.875,103.0611,1993-2026
-41.875,-45.875,61.08,1993-2026
-41.875,-43.875,78.4185,1993-2026
-41.875,-41.875,66.8477,1993-2026
-41.875,-39.875,53.6347,1993-2026
-41.875,-37.875,-4.9035,1993-2026
-41.875,-35.875,23.6903,1993-2026
-41.875,-33.875,92.9052,1993-2026
-41.875,-31.875,68.9763,1993-2026
-41.875,-29.875,80.2529,1993-2026
-41.875,-27.875,33.4669,1993-2026
-41.875,-25.875,44.924,1993-2026
-41.875,-23.875,77.7339,1993-2026
-41.875,-21.875,61.8165,1993-2026
-41.875,-19.875,52.9771,1993-2026
-41.875,-17.875,48.6034,1993-2026
-41.875,-15.875,29.6124,1993-2026
-41.875,-13.875,8.7992,1993-2026
-41.875,-11.875,47.7794,1993-2026
-41.875,-9.875,28.561,1993-2026
-41.875,-7.875,42.2255,1993-2026
-41.875,-5.875,33.9944,1993-2026
-41.875,-3.875,52.6026,1993-2026
-41.875,-1.875,49.7806,1993-2026
-41.875,0.125,38.2916,1993-2026
-41.875,2.125,56.4232,1993-2026
-41.875,4.125,42.2821,1993-2026
-41.875,6.125,65.2689,1993-2026
-41.875,8.125,68.4465,1993-2026
-41.875,10.125,50.2906,1993-2026
-41.875,12.125,76.6781,1993-2026
-41.875,14.125,85.9466,1993-2026
-41.875,16.125,26.7169,1993-2026
-41.875,18.125,20.6729,1993-2026
-41.875,20.125,45.7965,1993-2026
-41.875,22.125,-3.1335,1993-2026
-41.875,24.125,-106.6239,1993-2026
-41.875,26.125,16.9452,1993-2026
-41.875,28.125,32.236,1993-2026
-41.875,30.125,1.7623,1993-2026
-41.875,32.125,26.8258,1993-2026
-41.875,34.125,58.4627,1993-2026
-41.875,36.125,53.8747,1993-2026
-41.875,38.125,64.9398,1993-2026
-41.875,40.125,29.9942,1993-2026
-41.875,42.125,21.4185,1993-2026
-41.875,44.125,59.7266,1993-2026
-41.875,46.125,15.1873,1993-2026
-41.875,48.125,43.1448,1993-2026
-41.875,50.125,36.6498,1993-2026
-41.875,52.125,50.7445,1993-2026
-41.875,54.125,-11.1687,1993-2026
-41.875,56.125,41.1397,1993-2026
-41.875,58.125,47.7353,1993-2026
-41.875,60.125,153.4761,1993-2026
-41.875,62.125,8.6821,1993-2026
-41.875,64.125,90.6774,1993-2026
-41.875,66.125,21.6571,1993-2026
-41.875,68.125,50.0424,1993-2026
-41.875,70.125,98.8074,1993-2026
-41.875,72.125,38.821,1993-2026
-41.875,74.125,47.4097,1993-2026
-41.875,76.125,47.251,1993-2026
-41.875,78.125,13.8402,1993-2026
-41.875,80.125,36.4882,1993-2026
-41.875,82.125,27.4316,1993-2026
-41.875,84.125,40.4695,1993-2026
-41.875,86.125,56.041,1993-2026
-41.875,88.125,38.3405,1993-2026
-41.875,90.125,11.4953,1993-2026
-41.875,92.125,20.2403,1993-2026
-41.875,94.125,37.5479,1993-2026
-41.875,96.125,47.3463,1993-2026
-41.875,98.125,30.3726,1993-2026
-41.875,100.125,27.721,1993-2026
-41.875,102.125,35.3753,1993-2026
-41.875,104.125,34.7598,1993-2026
-41.875,106.125,34.6418,1993-2026
-41.875,108.125,26.6173,1993-2026
-41.875,110.125,54.4031,1993-2026
-41.875,112.125,38.3419,1993-2026
-41.875,114.125,32.5984,1993-2026
-41.875,116.125,17.9748,1993-2026
-41.875,118.125,41.9855,1993-2026
-41.875,120.125,33.5163,1993-2026
-41.875,122.125,36.6208,1993-2026
-41.875,124.125,26.0347,1993-2026
-41.875,126.125,39.9673,1993-2026
-41.875,128.125,30.1089,1993-2026
-41.875,130.125,20.0613,1993-2026
-41.875,132.125,14.3918,1993-2026
-41.875,134.125,35.7856,1993-2026
-41.875,136.125,33.4679,1993-2026
-41.875,138.125,27.1955,1993-2026
-41.875,140.125,39.1887,1993-2026
-41.875,142.125,28.9635,1993-2026
-41.875,144.125,24.9615,1993-2026
-41.875,148.125,33.9842,1993-2026
-41.875,150.125,28.0558,1993-2026
-41.875,152.125,61.1535,1993-2026
-41.875,154.125,60.0034,1993-2026
-41.875,156.125,38.2916,1993-2026
-41.875,158.125,50.1876,1993-2026
-41.875,160.125,67.9031,1993-2026
-41.875,162.125,33.1558,1993-2026
-41.875,164.125,51.8081,1993-2026
-41.875,166.125,48.0382,1993-2026
-41.875,168.125,58.6616,1993-2026
-41.875,170.125,52.62,1993-2026
-41.875,174.125,64.4603,1993-2026
-41.875,176.125,50.446,1993-2026
-41.875,178.125,31.7744,1993-2026
-39.875,-179.875,37.5634,1993-2026
-39.875,-177.875,50.3134,1993-2026
-39.875,-175.875,29.07,1993-2026
-39.875,-173.875,51.6915,1993-2026
-39.875,-171.875,61.8305,1993-2026
-39.875,-169.875,74.7329,1993-2026
-39.875,-167.875,73.0282,1993-2026
-39.875,-165.875,63.8574,1993-2026
-39.875,-163.875,73.0795,1993-2026
-39.875,-161.875,51.8419,1993-2026
-39.875,-159.875,52.9302,1993-2026
-39.875,-157.875,54.149,1993-2026
-39.875,-155.875,61.8716,1993-2026
-39.875,-153.875,46.5648,1993-2026
-39.875,-151.875,48.2627,1993-2026
-39.875,-149.875,47.9148,1993-2026
-39.875,-147.875,50.1692,1993-2026
-39.875,-145.875,44.6777,1993-2026
-39.875,-143.875,44.4005,1993-2026
-39.875,-141.875,33.3561,1993-2026
-39.875,-139.875,43.2445,1993-2026
-39.875,-137.875,34.996,1993-2026
-39.875,-135.875,68.5437,1993-2026
-39.875,-133.875,53.8355,1993-2026
-39.875,-131.875,41.2137,1993-2026
-39.875,-129.875,33.1819,1993-2026
-39.875,-127.875,37.1298,1993-2026
-39.875,-125.875,54.299,1993-2026
-39.875,-123.875,37.2261,1993-2026
-39.875,-121.875,47.4885,1993-2026
-39.875,-119.875,48.9929,1993-2026
-39.875,-117.875,38.6545,1993-2026
-39.875,-115.875,29.475,1993-2026
-39.875,-113.875,28.3974,1993-2026
-39.875,-111.875,50.8669,1993-2026
-39.875,-109.875,30.7969,1993-2026
-39.875,-107.875,51.4205,1993-2026
-39.875,-105.875,42.6619,1993-2026
-39.875,-103.875,47.07,1993-2026
-39.875,-101.875,39.6547,1993-2026
-39.875,-99.875,40.6916,1993-2026
-39.875,-97.875,37.1894,1993-2026
-39.875,-95.875,32.925,1993-2026
-39.875,-93.875,22.231,1993-2026
-39.875,-91.875,40.7623,1993-2026
-39.875,-89.875,20.0187,1993-2026
-39.875,-87.875,56.6366,1993-2026
-39.875,-85.875,26.4881,1993-2026
-39.875,-83.875,29.2002,1993-2026
-39.875,-81.875,22.0548,1993-2026
-39.875,-79.875,17.1194,1993-2026
-39.875,-77.875,36.779,1993-2026
-39.875,-75.875,23.4726,1993-2026
-39.875,-73.875,19.2237,1993-2026
-39.875,-61.875,31.1797,1993-2026
-39.875,-59.875,26.2423,1993-2026
-39.875,-57.875,46.9892,1993-2026
-39.875,-55.875,44.8398,1993-2026
-39.875,-53.875,56.9608,1993-2026
-39.875,-51.875,29.6816,1993-2026
-39.875,-49.875,157.4221,1993-2026
-39.875,-47.875,60.1897,1993-2026
-39.875,-45.875,57.0387,1993-2026
-39.875,-43.875,52.8068,1993-2026
-39.875,-41.875,66.3624,1993-2026
-39.875,-39.875,80.836,1993-2026
-39.875,-37.875,63.511,1993-2026
-39.875,-35.875,67.5532,1993-2026
-39.875,-33.875,17.7397,1993-2026
-39.875,-31.875,85.0205,1993-2026
-39.875,-29.875,16.2847,1993-2026
-39.875,-27.875,8.0081,1993-2026
-39.875,-25.875,47.5166,1993-2026
-39.875,-23.875,10.1119,1993-2026
-39.875,-21.875,34.0331,1993-2026
-39.875,-19.875,39.4485,1993-2026
-39.875,-17.875,25.2518,1993-2026
-39.875,-15.875,54.9116,1993-2026
-39.875,-13.875,15.2918,1993-2026
-39.875,-11.875,53.0985,1993-2026
-39.875,-9.875,45.3455,1993-2026
-39.875,-7.875,38.4382,1993-2026
-39.875,-5.875,38.6182,1993-2026
-39.875,-3.875,49.1792,1993-2026
-39.875,-1.875,39.9948,1993-2026
-39.875,0.125,47.5829,1993-2026
-39.875,2.125,33.7548,1993-2026
-39.875,4.125,60.1703,1993-2026
-39.875,6.125,48.5216,1993-2026
-39.875,8.125,32.2398,1993-2026
-39.875,10.125,81.8748,1993-2026
-39.875,12.125,82.3239,1993-2026
-39.875,14.125,51.8076,1993-2026
-39.875,16.125,135.6126,1993-2026
-39.875,18.125,37.6669,1993-2026
-39.875,20.125,43.5126,1993-2026
-39.875,22.125,225.6537,1993-2026
-39.875,24.125,67.0447,1993-2026
-39.875,26.125,11.0056,1993-2026
-39.875,28.125,-30.7273,1993-2026
-39.875,30.125,116.4406,1993-2026
-39.875,32.125,87.7515,1993-2026
-39.875,34.125,53.9603,1993-2026
-39.875,36.125,78.9944,1993-2026
-39.875,38.125,44.0773,1993-2026
-39.875,40.125,67.4811,1993-2026
-39.875,42.125,36.4858,1993-2026
-39.875,44.125,-22.6389,1993-2026
-39.875,46.125,-150.1931,1993-2026
-39.875,48.125,118.7865,1993-2026
-39.875,50.125,165.9982,1993-2026
-39.875,52.125,54.5947,1993-2026
-39.875,54.125,6.8831,1993-2026
-39.875,56.125,-14.2844,1993-2026
-39.875,58.125,3.5148,1993-2026
-39.875,60.125,38.9647,1993-2026
-39.875,62.125,63.5545,1993-2026
-39.875,64.125,29.9187,1993-2026
-39.875,66.125,-17.7948,1993-2026
-39.875,68.125,60.225,1993-2026
-39.875,70.125,35.7658,1993-2026
-39.875,72.125,36.0474,1993-2026
-39.875,74.125,30.525,1993-2026
-39.875,76.125,67.0689,1993-2026
-39.875,78.125,24.2937,1993-2026
-39.875,80.125,68.7624,1993-2026
-39.875,82.125,16.0674,1993-2026
-39.875,84.125,43.9795,1993-2026
-39.875,86.125,38.3826,1993-2026
-39.875,88.125,43.1952,1993-2026
-39.875,90.125,32.2011,1993-2026
-39.875,92.125,50.8437,1993-2026
-39.875,94.125,38.9879,1993-2026
-39.875,96.125,16.665,1993-2026
-39.875,98.125,39.2608,1993-2026
-39.875,100.125,26.6284,1993-2026
-39.875,102.125,36.1495,1993-2026
-39.875,104.125,30.1224,1993-2026
-39.875,106.125,42.886,1993-2026
-39.875,108.125,51.0068,1993-2026
-39.875,110.125,38.684,1993-2026
-39.875,112.125,11.0715,1993-2026
-39.875,114.125,16.0592,1993-2026
-39.875,116.125,25.5731,1993-2026
-39.875,118.125,11.0569,1993-2026
-39.875,120.125,53.609,1993-2026
-39.875,122.125,14.4871,1993-2026
-39.875,124.125,36.4679,1993-2026
-39.875,126.125,22.7739,1993-2026
-39.875,128.125,36.4321,1993-2026
-39.875,130.125,25.4806,1993-2026
-39.875,132.125,24.076,1993-2026
-39.875,134.125,13.9123,1993-2026
-39.875,136.125,25.861,1993-2026
-39.875,138.125,17.7673,1993-2026
-39.875,140.125,9.5661,1993-2026
-39.875,142.125,21.5018,1993-2026
-39.875,144.125,34.5527,1993-2026
-39.875,146.125,25.5856,1993-2026
-39.875,148.125,21.285,1993-2026
-39.875,150.125,62.9095,1993-2026
-39.875,152.125,87.0871,1993-2026
-39.875,154.125,90.1394,1993-2026
-39.875,156.125,65.4319,1993-2026
-39.875,158.125,69.106,1993-2026
-39.875,160.125,36.8148,1993-2026
-39.875,162.125,44.6623,1993-2026
-39.875,164.125,60.6213,1993-2026
-39.875,166.125,48.6919,1993-2026
-39.875,168.125,56.3826,1993-2026
-39.875,170.125,57.4727,1993-2026
-39.875,172.125,54.5502,1993-2026
-39.875,174.125,48.7689,1993-2026
-39.875,178.125,58.6079,1993-2026
-37.875,-179.875,43.2789,1993-2026
-37.875,-177.875,36.4452,1993-2026
-37.875,-175.875,53.6889,1993-2026
-37.875,-173.875,31.7163,1993-2026
-37.875,-171.875,50.3555,1993-2026
-37.875,-169.875,50.0981,1993-2026
-37.875,-167.875,66.6615,1993-2026
-37.875,-165.875,62.371,1993-2026
-37.875,-163.875,57.2385,1993-2026
-37.875,-161.875,51.1079,1993-2026
-37.875,-159.875,55.8789,1993-2026
-37.875,-157.875,60.1132,1993-2026
-37.875,-155.875,58.7284,1993-2026
-37.875,-153.875,62.6637,1993-2026
-37.875,-151.875,56.2955,1993-2026
-37.875,-149.875,52.5682,1993-2026
-37.875,-147.875,46.6577,1993-2026
-37.875,-145.875,55.4797,1993-2026
-37.875,-143.875,49.3756,1993-2026
-37.875,-141.875,60.2235,1993-2026
-37.875,-139.875,41.6148,1993-2026
-37.875,-137.875,62.8631,1993-2026
-37.875,-135.875,46.7269,1993-2026
-37.875,-133.875,41.5379,1993-2026
-37.875,-131.875,46.3674,1993-2026
-37.875,-129.875,48.9165,1993-2026
-37.875,-127.875,41.9163,1993-2026
-37.875,-125.875,44.58,1993-2026
-37.875,-123.875,53.8161,1993-2026
-37.875,-121.875,42.8061,1993-2026
-37.875,-119.875,36.9106,1993-2026
-37.875,-117.875,44.416,1993-2026
-37.875,-115.875,28.3916,1993-2026
-37.875,-113.875,41.731,1993-2026
-37.875,-111.875,63.7645,1993-2026
-37.875,-109.875,50.5844,1993-2026
-37.875,-107.875,30.3406,1993-2026
-37.875,-105.875,51.7442,1993-2026
-37.875,-103.875,30.2516,1993-2026
-37.875,-101.875,53.6598,1993-2026
-37.875,-99.875,30.674,1993-2026
-37.875,-97.875,23.7847,1993-2026
-37.875,-95.875,20.9618,1993-2026
-37.875,-93.875,41.5635,1993-2026
-37.875,-91.875,32.7426,1993-2026
-37.875,-89.875,39.2023,1993-2026
-37.875,-87.875,32.2108,1993-2026
-37.875,-85.875,28.7681,1993-2026
-37.875,-83.875,29.205,1993-2026
-37.875,-81.875,30.7021,1993-2026
-37.875,-79.875,16.395,1993-2026
-37.875,-77.875,27.2681,1993-2026
-37.875,-75.875,11.7784,1993-2026
-37.875,-73.875,27.6721,1993-2026
-37.875,-55.875,37.9819,1993-2026
-37.875,-53.875,21.9905,1993-2026
-37.875,-51.875,1.5387,1993-2026
-37.875,-49.875,82.6244,1993-2026
-37.875,-47.875,59.0206,1993-2026
-37.875,-45.875,125.1092,1993-2026
-37.875,-43.875,96.781,1993-2026
-37.875,-41.875,18.2782,1993-2026
-37.875,-39.875,81.3445,1993-2026
-37.875,-37.875,71.4832,1993-2026
-37.875,-35.875,69.1452,1993-2026
-37.875,-33.875,38.9792,1993-2026
-37.875,-31.875,62.714,1993-2026
-37.875,-29.875,59.2079,1993-2026
-37.875,-27.875,69.2903,1993-2026
-37.875,-25.875,70.4632,1993-2026
-37.875,-23.875,48.9939,1993-2026
-37.875,-21.875,42.7635,1993-2026
-37.875,-19.875,54.6924,1993-2026
-37.875,-17.875,33.6692,1993-2026
-37.875,-15.875,43.4637,1993-2026
-37.875,-13.875,42.3029,1993-2026
-37.875,-11.875,54.9508,1993-2026
-37.875,-9.875,39.4016,1993-2026
-37.875,-7.875,48.5671,1993-2026
-37.875,-5.875,43.7269,1993-2026
-37.875,-3.875,38.0589,1993-2026
-37.875,-1.875,39.1442,1993-2026
-37.875,0.125,46.3756,1993-2026
-37.875,2.125,70.9897,1993-2026
-37.875,4.125,67.7071,1993-2026
-37.875,6.125,60.5415,1993-2026
-37.875,8.125,25.5624,1993-2026
-37.875,10.125,14.3535,1993-2026
-37.875,12.125,-41.2244,1993-2026
-37.875,14.125,66.2947,1993-2026
-37.875,16.125,47.5563,1993-2026
-37.875,18.125,26.6879,1993-2026
-37.875,20.125,13.0011,1993-2026
-37.875,22.125,11.7915,1993-2026
-37.875,24.125,28.4545,1993-2026
-37.875,26.125,58.1971,1993-2026
-37.875,28.125,30.1708,1993-2026
-37.875,30.125,84.3498,1993-2026
-37.875,32.125,-91.2997,1993-2026
-37.875,34.125,52.0621,1993-2026
-37.875,36.125,67.3819,1993-2026
-37.875,38.125,-126.8468,1993-2026
-37.875,40.125,135.5313,1993-2026
-37.875,42.125,39.1524,1993-2026
-37.875,44.125,108.4563,1993-2026
-37.875,46.125,20.4581,1993-2026
-37.875,48.125,-58.3573,1993-2026
-37.875,50.125,82.1681,1993-2026
-37.875,52.125,5.3516,1993-2026
-37.875,54.125,23.5931,1993-2026
-37.875,56.125,18.631,1993-2026
-37.875,58.125,48.1645,1993-2026
-37.875,60.125,-12.464,1993-2026
-37.875,62.125,41.8369,1993-2026
-37.875,64.125,23.6506,1993-2026
-37.875,66.125,52.9882,1993-2026
-37.875,68.125,29.3971,1993-2026
-37.875,70.125,10.5334,1993-2026
-37.875,72.125,29.129,1993-2026
-37.875,74.125,26.3105,1993-2026
-37.875,76.125,37.1298,1993-2026
-37.875,78.125,31.1003,1993-2026
-37.875,80.125,22.6287,1993-2026
-37.875,82.125,45.1171,1993-2026
-37.875,84.125,19.3147,1993-2026
-37.875,86.125,32.6492,1993-2026
-37.875,88.125,36.0992,1993-2026
-37.875,90.125,25.9447,1993-2026
-37.875,92.125,37.8818,1993-2026
-37.875,94.125,31.2823,1993-2026
-37.875,96.125,24.4877,1993-2026
-37.875,98.125,31.8484,1993-2026
-37.875,100.125,38.8587,1993-2026
-37.875,102.125,12.8269,1993-2026
-37.875,104.125,20.9535,1993-2026
-37.875,106.125,28.3379,1993-2026
-37.875,108.125,4.8532,1993-2026
-37.875,110.125,51.3266,1993-2026
-37.875,112.125,10.2126,1993-2026
-37.875,114.125,39.7524,1993-2026
-37.875,116.125,27.8884,1993-2026
-37.875,118.125,15.0527,1993-2026
-37.875,120.125,19.1177,1993-2026
-37.875,122.125,21.0639,1993-2026
-37.875,124.125,7.1589,1993-2026
-37.875,126.125,29.2123,1993-2026
-37.875,128.125,23.7595,1993-2026
-37.875,130.125,16.0756,1993-2026
-37.875,132.125,7.244,1993-2026
-37.875,134.125,38.6787,1993-2026
-37.875,136.125,4.6568,1993-2026
-37.875,138.125,31.4298,1993-2026
-37.875,140.125,35.5481,1993-2026
-37.875,148.125,32.7837,1993-2026
-37.875,150.125,32.8824,1993-2026
-37.875,152.125,25.8155,1993-2026
-37.875,154.125,3.5584,1993-2026
-37.875,156.125,62.7029,1993-2026
-37.875,158.125,73.4105,1993-2026
-37.875,160.125,80.2708,1993-2026
-37.875,162.125,59.8882,1993-2026
-37.875,164.125,54.1834,1993-2026
-37.875,166.125,43.9573,1993-2026
-37.875,168.125,54.6411,1993-2026
-37.875,170.125,59.1266,1993-2026
-37.875,172.125,55.4923,1993-2026
-37.875,174.125,53.2795,1993-2026
-35.875,-179.875,18.6455,1993-2026
-35.875,-177.875,20.7281,1993-2026
-35.875,-175.875,55.9156,1993-2026
-35.875,-173.875,52.7173,1993-2026
-35.875,-171.875,48.0716,1993-2026
-35.875,-169.875,60.9992,1993-2026
-35.875,-167.875,61.6974,1993-2026
-35.875,-165.875,59.5626,1993-2026
-35.875,-163.875,44.761,1993-2026
-35.875,-161.875,56.3835,1993-2026
-35.875,-159.875,60.8565,1993-2026
-35.875,-157.875,51.7703,1993-2026
-35.875,-155.875,61.8881,1993-2026
-35.875,-153.875,61.4618,1993-2026
-35.875,-151.875,58.7923,1993-2026
-35.875,-149.875,53.0473,1993-2026
-35.875,-147.875,61.3142,1993-2026
-35.875,-145.875,52.2992,1993-2026
-35.875,-143.875,65.6923,1993-2026
-35.875,-141.875,60.2376,1993-2026
-35.875,-139.875,70.9379,1993-2026
-35.875,-137.875,53.114,1993-2026
-35.875,-135.875,64.7971,1993-2026
-35.875,-133.875,53.4745,1993-2026
-35.875,-131.875,36.8845,1993-2026
-35.875,-129.875,54.9358,1993-2026
-35.875,-127.875,38.4281,1993-2026
-35.875,-125.875,57.6648,1993-2026
-35.875,-123.875,37.1797,1993-2026
-35.875,-121.875,30.2139,1993-2026
-35.875,-119.875,51.2018,1993-2026
-35.875,-117.875,39.1776,1993-2026
-35.875,-115.875,66.6566,1993-2026
-35.875,-113.875,40.6529,1993-2026
-35.875,-111.875,28.5803,1993-2026
-35.875,-109.875,40.2353,1993-2026
-35.875,-107.875,42.4089,1993-2026
-35.875,-105.875,27.0571,1993-2026
-35.875,-103.875,48.4297,1993-2026
-35.875,-101.875,29.9187,1993-2026
-35.875,-99.875,27.0479,1993-2026
-35.875,-97.875,33.826,1993-2026
-35.875,-95.875,34.6897,1993-2026
-35.875,-93.875,54.4234,1993-2026
-35.875,-91.875,20.9913,1993-2026
-35.875,-89.875,19.7942,1993-2026
-35.875,-87.875,30.2526,1993-2026
-35.875,-85.875,26.6811,1993-2026
-35.875,-83.875,32.4169,1993-2026
-35.875,-81.875,29.8297,1993-2026
-35.875,-79.875,30.2831,1993-2026
-35.875,-77.875,19.4971,1993-2026
-35.875,-75.875,24.4669,1993-2026
-35.875,-73.875,18.0726,1993-2026
-35.875,-55.875,13.1458,1993-2026
-35.875,-53.875,44.1048,1993-2026
-35.875,-51.875,49.8344,1993-2026
-35.875,-49.875,75.6465,1993-2026
-35.875,-47.875,16.4535,1993-2026
-35.875,-45.875,66.0092,1993-2026
-35.875,-43.875,77.2089,1993-2026
-35.875,-41.875,18.8734,1993-2026
-35.875,-39.875,52.1289,1993-2026
-35.875,-37.875,48.1747,1993-2026
-35.875,-35.875,32.3163,1993-2026
-35.875,-33.875,47.7648,1993-2026
-35.875,-31.875,48.8545,1993-2026
-35.875,-29.875,33.7316,1993-2026
-35.875,-27.875,59.8263,1993-2026
-35.875,-25.875,37.9374,1993-2026
-35.875,-23.875,58.9171,1993-2026
-35.875,-21.875,57.6919,1993-2026
-35.875,-19.875,39.1539,1993-2026
-35.875,-17.875,61.4061,1993-2026
-35.875,-15.875,42.0353,1993-2026
-35.875,-13.875,51.4277,1993-2026
-35.875,-11.875,32.1494,1993-2026
-35.875,-9.875,50.3448,1993-2026
-35.875,-7.875,38.5926,1993-2026
-35.875,-5.875,58.9132,1993-2026
-35.875,-3.875,35.1644,1993-2026
-35.875,-1.875,30.1292,1993-2026
-35.875,0.125,50.6347,1993-2026
-35.875,2.125,40.8503,1993-2026
-35.875,4.125,21.676,1993-2026
-35.875,6.125,43.2053,1993-2026
-35.875,8.125,48.1635,1993-2026
-35.875,10.125,30.4369,1993-2026
-35.875,12.125,-1.396,1993-2026
-35.875,14.125,65.2374,1993-2026
-35.875,16.125,52.3152,1993-2026
-35.875,18.125,60.9479,1993-2026
-35.875,20.125,41.7131,1993-2026
-35.875,22.125,38.7218,1993-2026
-35.875,24.125,81.3977,1993-2026
-35.875,26.125,33.7795,1993-2026
-35.875,28.125,-53.6729,1993-2026
-35.875,30.125,5.9453,1993-2026
-35.875,32.125,111.1819,1993-2026
-35.875,34.125,-6.5468,1993-2026
-35.875,36.125,76.2731,1993-2026
-35.875,38.125,8.1789,1993-2026
-35.875,40.125,11.9835,1993-2026
-35.875,42.125,56.5868,1993-2026
-35.875,44.125,13.8092,1993-2026
-35.875,46.125,72.2463,1993-2026
-35.875,48.125,43.1777,1993-2026
-35.875,50.125,31.1265,1993-2026
-35.875,52.125,40.7792,1993-2026
-35.875,54.125,35.8253,1993-2026
-35.875,56.125,49.6215,1993-2026
-35.875,58.125,24.6847,1993-2026
-35.875,60.125,5.7944,1993-2026
-35.875,62.125,36.3866,1993-2026
-35.875,64.125,31.1085,1993-2026
-35.875,66.125,17.476,1993-2026
-35.875,68.125,23.2442,1993-2026
-35.875,70.125,31.4458,1993-2026
-35.875,72.125,39.3145,1993-2026
-35.875,74.125,34.3558,1993-2026
-35.875,76.125,21.3169,1993-2026
-35.875,78.125,35.8026,1993-2026
-35.875,80.125,42.0329,1993-2026
-35.875,82.125,39.405,1993-2026
-35.875,84.125,40.8203,1993-2026
-35.875,86.125,35.8277,1993-2026
-35.875,88.125,21.5119,1993-2026
-35.875,90.125,32.0937,1993-2026
-35.875,92.125,29.0676,1993-2026
-35.875,94.125,51.6276,1993-2026
-35.875,96.125,19.741,1993-2026
-35.875,98.125,44.3056,1993-2026
-35.875,100.125,13.5765,1993-2026
-35.875,102.125,40.9602,1993-2026
-35.875,104.125,23.6153,1993-2026
-35.875,106.125,-1.9045,1993-2026
-35.875,108.125,26.1832,1993-2026
-35.875,110.125,56.1019,1993-2026
-35.875,112.125,23.8326,1993-2026
-35.875,114.125,31.4579,1993-2026
-35.875,116.125,20.3211,1993-2026
-35.875,118.125,23.4387,1993-2026
-35.875,120.125,32.4697,1993-2026
-35.875,122.125,24.8676,1993-2026
-35.875,124.125,18.2666,1993-2026
-35.875,126.125,41.2292,1993-2026
-35.875,128.125,15.2845,1993-2026
-35.875,130.125,31.5285,1993-2026
-35.875,132.125,15.0585,1993-2026
-35.875,134.125,22.5232,1993-2026
-35.875,136.125,34.7148,1993-2026
-35.875,138.125,27.9426,1993-2026
-35.875,150.125,51.5071,1993-2026
-35.875,152.125,114.571,1993-2026
-35.875,154.125,32.309,1993-2026
-35.875,156.125,-21.2497,1993-2026
-35.875,158.125,64.0152,1993-2026
-35.875,160.125,57.3208,1993-2026
-35.875,162.125,20.4571,1993-2026
-35.875,164.125,47.2969,1993-2026
-35.875,166.125,50.0652,1993-2026
-35.875,168.125,44.519,1993-2026
-35.875,170.125,46.4724,1993-2026
-35.875,172.125,63.4302,1993-2026
-35.875,176.125,48.2506,1993-2026
-35.875,178.125,25.9456,1993-2026
-33.875,-179.875,38.0473,1993-2026
-33.875,-177.875,19.2416,1993-2026
-33.875,-175.875,54.3532,1993-2026
-33.875,-173.875,39.5153,1993-2026
-33.875,-171.875,44.0332,1993-2026
-33.875,-169.875,60.3276,1993-2026
-33.875,-167.875,35.4615,1993-2026
-33.875,-165.875,65.475,1993-2026
-33.875,-163.875,57.2947,1993-2026
-33.875,-161.875,69.254,1993-2026
-33.875,-159.875,58.619,1993-2026
-33.875,-157.875,67.3718,1993-2026
-33.875,-155.875,60.5226,1993-2026
-33.875,-153.875,64.0563,1993-2026
-33.875,-151.875,48.57,1993-2026
-33.875,-149.875,62.3584,1993-2026
-33.875,-147.875,73.0785,1993-2026
-33.875,-145.875,84.5923,1993-2026
-33.875,-143.875,42.6702,1993-2026
-33.875,-141.875,51.7911,1993-2026
-33.875,-139.875,47.0177,1993-2026
-33.875,-137.875,53.3173,1993-2026
-33.875,-135.875,30.6,1993-2026
-33.875,-133.875,33.5289,1993-2026
-33.875,-131.875,67.4981,1993-2026
-33.875,-129.875,26.1252,1993-2026
-33.875,-127.875,38.5452,1993-2026
-33.875,-125.875,41.7295,1993-2026
-33.875,-123.875,58.9476,1993-2026
-33.875,-121.875,37.2648,1993-2026
-33.875,-119.875,41.1029,1993-2026
-33.875,-117.875,35.1523,1993-2026
-33.875,-115.875,26.5548,1993-2026
-33.875,-113.875,35.5969,1993-2026
-33.875,-111.875,44.2848,1993-2026
-33.875,-109.875,24.1974,1993-2026
-33.875,-107.875,40.259,1993-2026
-33.875,-105.875,30.7398,1993-2026
-33.875,-103.875,33.9755,1993-2026
-33.875,-101.875,0.7065,1993-2026
-33.875,-99.875,26.4344,1993-2026
-33.875,-97.875,18.6977,1993-2026
-33.875,-95.875,22.1342,1993-2026
-33.875,-93.875,14.6531,1993-2026
-33.875,-91.875,26.9013,1993-2026
-33.875,-89.875,32.25,1993-2026
-33.875,-87.875,20.3052,1993-2026
-33.875,-85.875,11.1232,1993-2026
-33.875,-83.875,19.0892,1993-2026
-33.875,-81.875,25.4782,1993-2026
-33.875,-79.875,29.4315,1993-2026
-33.875,-77.875,14.9671,1993-2026
-33.875,-75.875,7.8058,1993-2026
-33.875,-73.875,17.5103,1993-2026
-33.875,-71.875,26.0763,1993-2026
-33.875,-51.875,38.626,1993-2026
-33.875,-49.875,33.78,1993-2026
-33.875,-47.875,43.0519,1993-2026
-33.875,-45.875,79.8663,1993-2026
-33.875,-43.875,49.2706,1993-2026
-33.875,-41.875,48.9155,1993-2026
-33.875,-39.875,32.624,1993-2026
-33.875,-37.875,28.0568,1993-2026
-33.875,-35.875,43.1115,1993-2026
-33.875,-33.875,47.4794,1993-2026
-33.875,-31.875,61.05,1993-2026
-33.875,-29.875,35.7571,1993-2026
-33.875,-27.875,17.9439,1993-2026
-33.875,-25.875,31.5213,1993-2026
-33.875,-23.875,64.9713,1993-2026
-33.875,-21.875,53.3492,1993-2026
-33.875,-19.875,24.5071,1993-2026
-33.875,-17.875,45.719,1993-2026
-33.875,-15.875,14.8277,1993-2026
-33.875,-13.875,41.0744,1993-2026
-33.875,-11.875,70.3065,1993-2026
-33.875,-9.875,85.7458,1993-2026
-33.875,-7.875,49.4095,1993-2026
-33.875,-5.875,38.3555,1993-2026
-33.875,-3.875,45.8797,1993-2026
-33.875,-1.875,29.0482,1993-2026
-33.875,0.125,37.0674,1993-2026
-33.875,2.125,28.3665,1993-2026
-33.875,4.125,53.6826,1993-2026
-33.875,6.125,48.1123,1993-2026
-33.875,8.125,31.1884,1993-2026
-33.875,10.125,15.0581,1993-2026
-33.875,12.125,85.7918,1993-2026
-33.875,14.125,49.064,1993-2026
-33.875,16.125,5.0182,1993-2026
-33.875,18.125,47.1789,1993-2026
-33.875,26.125,27.6247,1993-2026
-33.875,28.125,29.0173,1993-2026
-33.875,30.125,-16.1395,1993-2026
-33.875,32.125,55.9456,1993-2026
-33.875,34.125,73.5363,1993-2026
-33.875,36.125,40.3234,1993-2026
-33.875,38.125,40.7637,1993-2026
-33.875,40.125,65.6085,1993-2026
-33.875,42.125,48.5361,1993-2026
-33.875,44.125,64.3606,1993-2026
-33.875,46.125,24.3948,1993-2026
-33.875,48.125,-12.7481,1993-2026
-33.875,50.125,39.3513,1993-2026
-33.875,52.125,23.8476,1993-2026
-33.875,54.125,15.3852,1993-2026
-33.875,56.125,32.1494,1993-2026
-33.875,58.125,30.7573,1993-2026
-33.875,60.125,37.7424,1993-2026
-33.875,62.125,32.7411,1993-2026
-33.875,64.125,50.6976,1993-2026
-33.875,66.125,33.5444,1993-2026
-33.875,68.125,34.2624,1993-2026
-33.875,70.125,25.8813,1993-2026
-33.875,72.125,41.1198,1993-2026
-33.875,74.125,34.4889,1993-2026
-33.875,76.125,53.3419,1993-2026
-33.875,78.125,22.7313,1993-2026
-33.875,80.125,37.0355,1993-2026
-33.875,82.125,41.7716,1993-2026
-33.875,84.125,50.8302,1993-2026
-33.875,86.125,45.8173,1993-2026
-33.875,88.125,49.5673,1993-2026
-33.875,90.125,40.5208,1993-2026
-33.875,92.125,41.7102,1993-2026
-33.875,94.125,37.7565,1993-2026
-33.875,96.125,19.9539,1993-2026
-33.875,98.125,52.8537,1993-2026
-33.875,100.125,69.9455,1993-2026
-33.875,102.125,28.0795,1993-2026
-33.875,104.125,53.4798,1993-2026
-33.875,106.125,41.5553,1993-2026
-33.875,108.125,23.4271,1993-2026
-33.875,110.125,50.4818,1993-2026
-33.875,112.125,32.8432,1993-2026
-33.875,114.125,34.8474,1993-2026
-33.875,120.125,30.4447,1993-2026
-33.875,122.125,31.7773,1993-2026
-33.875,124.125,38.2863,1993-2026
-33.875,126.125,29.9337,1993-2026
-33.875,128.125,24.42,1993-2026
-33.875,130.125,28.6606,1993-2026
-33.875,132.125,29.6642,1993-2026
-33.875,134.125,40.004,1993-2026
-33.875,152.125,78.2569,1993-2026
-33.875,154.125,167.2766,1993-2026
-33.875,156.125,118.6626,1993-2026
-33.875,158.125,31.6476,1993-2026
-33.875,160.125,73.9713,1993-2026
-33.875,162.125,80.2311,1993-2026
-33.875,164.125,37.08,1993-2026
-33.875,166.125,58.6127,1993-2026
-33.875,168.125,71.2219,1993-2026
-33.875,170.125,53.2176,1993-2026
-33.875,172.125,58.064,1993-2026
-33.875,174.125,49.1497,1993-2026
-33.875,176.125,22.2634,1993-2026
-33.875,178.125,25.68,1993-2026
-31.875,-179.875,48.0285,1993-2026
-31.875,-177.875,52.109,1993-2026
-31.875,-175.875,43.5073,1993-2026
-31.875,-173.875,58.7221,1993-2026
-31.875,-171.875,36.8923,1993-2026
-31.875,-169.875,63.076,1993-2026
-31.875,-167.875,40.8784,1993-2026
-31.875,-165.875,69.0402,1993-2026
-31.875,-163.875,62.0869,1993-2026
-31.875,-161.875,56.294,1993-2026
-31.875,-159.875,67.9848,1993-2026
-31.875,-157.875,63.5308,1993-2026
-31.875,-155.875,66.4606,1993-2026
-31.875,-153.875,58.7298,1993-2026
-31.875,-151.875,81.6576,1993-2026
-31.875,-149.875,57.9213,1993-2026
-31.875,-147.875,45.8487,1993-2026
-31.875,-145.875,77.1648,1993-2026
-31.875,-143.875,52.6123,1993-2026
-31.875,-141.875,73.9524,1993-2026
-31.875,-139.875,41.8447,1993-2026
-31.875,-137.875,51.8076,1993-2026
-31.875,-135.875,50.7469,1993-2026
-31.875,-133.875,40.9142,1993-2026
-31.875,-131.875,47.7605,1993-2026
-31.875,-129.875,42.9034,1993-2026
-31.875,-127.875,40.6853,1993-2026
-31.875,-125.875,36.4515,1993-2026
-31.875,-123.875,47.1987,1993-2026
-31.875,-121.875,31.2344,1993-2026
-31.875,-119.875,24.3663,1993-2026
-31.875,-117.875,51.2874,1993-2026
-31.875,-115.875,61.5658,1993-2026
-31.875,-113.875,49.875,1993-2026
-31.875,-111.875,35.8911,1993-2026
-31.875,-109.875,25.0456,1993-2026
-31.875,-107.875,26.1073,1993-2026
-31.875,-105.875,49.3437,1993-2026
-31.875,-103.875,23.3884,1993-2026
-31.875,-101.875,33.3561,1993-2026
-31.875,-99.875,30.4902,1993-2026
-31.875,-97.875,30.2923,1993-2026
-31.875,-95.875,10.6935,1993-2026
-31.875,-93.875,18.3721,1993-2026
-31.875,-91.875,12.8206,1993-2026
-31.875,-89.875,11.9071,1993-2026
-31.875,-87.875,12.2129,1993-2026
-31.875,-85.875,20.9192,1993-2026
-31.875,-83.875,18.2003,1993-2026
-31.875,-81.875,18.3073,1993-2026
-31.875,-79.875,15.6852,1993-2026
-31.875,-77.875,17.1779,1993-2026
-31.875,-75.875,9.3155,1993-2026
-31.875,-73.875,6.4471,1993-2026
-31.875,-71.875,19.9819,1993-2026
-31.875,-51.875,41.25,1993-2026
-31.875,-49.875,49.1792,1993-2026
-31.875,-47.875,25.6098,1993-2026
-31.875,-45.875,24.5681,1993-2026
-31.875,-43.875,35.3719,1993-2026
-31.875,-41.875,45.2473,1993-2026
-31.875,-39.875,33.675,1993-2026
-31.875,-37.875,33.5739,1993-2026
-31.875,-35.875,35.596,1993-2026
-31.875,-33.875,17.3279,1993-2026
-31.875,-31.875,44.8156,1993-2026
-31.875,-29.875,32.1373,1993-2026
-31.875,-27.875,47.3018,1993-2026
-31.875,-25.875,24.0024,1993-2026
-31.875,-23.875,49.5537,1993-2026
-31.875,-21.875,29.1397,1993-2026
-31.875,-19.875,37.1163,1993-2026
-31.875,-17.875,32.8844,1993-2026
-31.875,-15.875,28.8585,1993-2026
-31.875,-13.875,22.5576,1993-2026
-31.875,-11.875,2.626,1993-2026
-31.875,-9.875,26.6627,1993-2026
-31.875,-7.875,46.4119,1993-2026
-31.875,-5.875,42.5598,1993-2026
-31.875,-3.875,32.3652,1993-2026
-31.875,-1.875,6.9208,1993-2026
-31.875,0.125,35.8737,1993-2026
-31.875,2.125,28.545,1993-2026
-31.875,4.125,19.4565,1993-2026
-31.875,6.125,20.6835,1993-2026
-31.875,8.125,28.1652,1993-2026
-31.875,10.125,-7.8402,1993-2026
-31.875,12.125,9.9847,1993-2026
-31.875,14.125,6.0527,1993-2026
-31.875,16.125,30.3474,1993-2026
-31.875,18.125,32.5819,1993-2026
-31.875,30.125,35.069,1993-2026
-31.875,32.125,43.3994,1993-2026
-31.875,34.125,60.8211,1993-2026
-31.875,36.125,36.1873,1993-2026
-31.875,38.125,40.1482,1993-2026
-31.875,40.125,46.6563,1993-2026
-31.875,42.125,41.1968,1993-2026
-31.875,44.125,31.846,1993-2026
-31.875,46.125,39.48,1993-2026
-31.875,48.125,39.3895,1993-2026
-31.875,50.125,15.8574,1993-2026
-31.875,52.125,19.769,1993-2026
-31.875,54.125,77.9473,1993-2026
-31.875,56.125,5.9134,1993-2026
-31.875,58.125,9.9174,1993-2026
-31.875,60.125,13.9195,1993-2026
-31.875,62.125,47.774,1993-2026
-31.875,64.125,22.6529,1993-2026
-31.875,66.125,30.0368,1993-2026
-31.875,68.125,28.4071,1993-2026
-31.875,70.125,28.1434,1993-2026
-31.875,72.125,12.9266,1993-2026
-31.875,74.125,45.0808,1993-2026
-31.875,76.125,36.5085,1993-2026
-31.875,78.125,51.3165,1993-2026
-31.875,80.125,24.0784,1993-2026
-31.875,82.125,42.0963,1993-2026
-31.875,84.125,40.0805,1993-2026
-31.875,86.125,37.8455,1993-2026
-31.875,88.125,62.9085,1993-2026
-31.875,90.125,22.7424,1993-2026
-31.875,92.125,31.501,1993-2026
-31.875,94.125,30.4679,1993-2026
-31.875,96.125,36.5695,1993-2026
-31.875,98.125,28.2702,1993-2026
-31.875,100.125,45.4911,1993-2026
-31.875,102.125,51.9348,1993-2026
-31.875,104.125,61.2765,1993-2026
-31.875,106.125,49.0965,1993-2026
-31.875,108.125,20.3076,1993-2026
-31.875,110.125,44.5147,1993-2026
-31.875,112.125,31.1734,1993-2026
-31.875,114.125,20.6419,1993-2026
-31.875,130.125,47.7348,1993-2026
-31.875,132.125,39.8134,1993-2026
-31.875,154.125,0.5908,1993-2026
-31.875,156.125,121.1187,1993-2026
-31.875,158.125,90.8371,1993-2026
-31.875,160.125,90.4253,1993-2026
-31.875,162.125,59.3632,1993-2026
-31.875,164.125,-2.1885,1993-2026
-31.875,166.125,43.7787,1993-2026
-31.875,168.125,51.9581,1993-2026
-31.875,170.125,23.4208,1993-2026
-31.875,172.125,41.7847,1993-2026
-31.875,174.125,7.4923,1993-2026
-31.875,176.125,40.6485,1993-2026
-31.875,178.125,18.2163,1993-2026
-29.875,-179.875,66.8695,1993-2026
-29.875,-177.875,24.4365,1993-2026
-29.875,-175.875,48.3005,1993-2026
-29.875,-173.875,41.5282,1993-2026
-29.875,-171.875,71.9913,1993-2026
-29.875,-169.875,45.6484,1993-2026
-29.875,-167.875,75.9489,1993-2026
-29.875,-165.875,81.8027,1993-2026
-29.875,-163.875,59.5123,1993-2026
-29.875,-161.875,74.8229,1993-2026
-29.875,-159.875,82.0079,1993-2026
-29.875,-157.875,48.7582,1993-2026
-29.875,-155.875,83.2674,1993-2026
-29.875,-153.875,51.9402,1993-2026
-29.875,-151.875,44.3327,1993-2026
-29.875,-149.875,54.9073,1993-2026
-29.875,-147.875,47.3531,1993-2026
-29.875,-145.875,57.7718,1993-2026
-29.875,-143.875,49.574,1993-2026
-29.875,-141.875,41.3139,1993-2026
-29.875,-139.875,67.1589,1993-2026
-29.875,-137.875,49.606,1993-2026
-29.875,-135.875,45.3068,1993-2026
-29.875,-133.875,43.0684,1993-2026
-29.875,-131.875,49.3035,1993-2026
-29.875,-129.875,61.4071,1993-2026
-29.875,-127.875,63.0392,1993-2026
-29.875,-125.875,38.4968,1993-2026
-29.875,-123.875,39.6677,1993-2026
-29.875,-121.875,37.0844,1993-2026
-29.875,-119.875,30.0644,1993-2026
-29.875,-117.875,28.8455,1993-2026
-29.875,-115.875,36.5831,1993-2026
-29.875,-113.875,48.2811,1993-2026
-29.875,-111.875,36.225,1993-2026
-29.875,-109.875,15.6203,1993-2026
-29.875,-107.875,26.8495,1993-2026
-29.875,-105.875,15.8395,1993-2026
-29.875,-103.875,37.7071,1993-2026
-29.875,-101.875,29.8355,1993-2026
-29.875,-99.875,11.1073,1993-2026
-29.875,-97.875,28.6868,1993-2026
-29.875,-95.875,23.8306,1993-2026
-29.875,-93.875,25.5542,1993-2026
-29.875,-91.875,24.6881,1993-2026
-29.875,-89.875,24.9063,1993-2026
-29.875,-87.875,12.8821,1993-2026
-29.875,-85.875,22.7874,1993-2026
-29.875,-83.875,20.7411,1993-2026
-29.875,-81.875,23.4392,1993-2026
-29.875,-79.875,19.9461,1993-2026
-29.875,-77.875,17.1048,1993-2026
-29.875,-75.875,32.7774,1993-2026
-29.875,-73.875,20.5926,1993-2026
-29.875,-71.875,34.8784,1993-2026
-29.875,-49.875,37.5953,1993-2026
-29.875,-47.875,34.9074,1993-2026
-29.875,-45.875,17.43,1993-2026
-29.875,-43.875,49.4332,1993-2026
-29.875,-41.875,58.1927,1993-2026
-29.875,-39.875,43.635,1993-2026
-29.875,-37.875,38.1247,1993-2026
-29.875,-35.875,29.5713,1993-2026
-29.875,-33.875,7.8227,1993-2026
-29.875,-31.875,48.6827,1993-2026
-29.875,-29.875,49.2774,1993-2026
-29.875,-27.875,34.2827,1993-2026
-29.875,-25.875,43.2484,1993-2026
-29.875,-23.875,44.8432,1993-2026
-29.875,-21.875,26.5282,1993-2026
-29.875,-19.875,39.3339,1993-2026
-29.875,-17.875,60.4142,1993-2026
-29.875,-15.875,44.129,1993-2026
-29.875,-13.875,57.4853,1993-2026
-29.875,-11.875,37.0282,1993-2026
-29.875,-9.875,33.4737,1993-2026
-29.875,-7.875,19.7032,1993-2026
-29.875,-5.875,7.4245,1993-2026
-29.875,-3.875,40.6268,1993-2026
-29.875,-1.875,45.1292,1993-2026
-29.875,0.125,67.0273,1993-2026
-29.875,2.125,58.7594,1993-2026
-29.875,4.125,31.7942,1993-2026
-29.875,6.125,28.1308,1993-2026
-29.875,8.125,26.5544,1993-2026
-29.875,10.125,62.2984,1993-2026
-29.875,12.125,46.4811,1993-2026
-29.875,14.125,23.9753,1993-2026
-29.875,16.125,30.5095,1993-2026
-29.875,32.125,32.5079,1993-2026
-29.875,34.125,20.2563,1993-2026
-29.875,36.125,48.675,1993-2026
-29.875,38.125,43.079,1993-2026
-29.875,40.125,52.4898,1993-2026
-29.875,42.125,8.2858,1993-2026
-29.875,44.125,56.7194,1993-2026
-29.875,46.125,13.5121,1993-2026
-29.875,48.125,40.305,1993-2026
-29.875,50.125,34.1589,1993-2026
-29.875,52.125,15.8323,1993-2026
-29.875,54.125,3.4055,1993-2026
-29.875,56.125,43.1739,1993-2026
-29.875,58.125,66.2884,1993-2026
-29.875,60.125,45.9566,1993-2026
-29.875,62.125,30.8419,1993-2026
-29.875,64.125,39.765,1993-2026
-29.875,66.125,34.169,1993-2026
-29.875,68.125,65.0719,1993-2026
-29.875,70.125,40.1221,1993-2026
-29.875,72.125,23.7373,1993-2026
-29.875,74.125,47.941,1993-2026
-29.875,76.125,61.0326,1993-2026
-29.875,78.125,38.3831,1993-2026
-29.875,80.125,39.8395,1993-2026
-29.875,82.125,54.3634,1993-2026
-29.875,84.125,55.4671,1993-2026
-29.875,86.125,21.4568,1993-2026
-29.875,88.125,42.2506,1993-2026
-29.875,90.125,34.2663,1993-2026
-29.875,92.125,46.3505,1993-2026
-29.875,94.125,30.9944,1993-2026
-29.875,96.125,41.2829,1993-2026
-29.875,98.125,86.7987,1993-2026
-29.875,100.125,22.0592,1993-2026
-29.875,102.125,-9.2361,1993-2026
-29.875,104.125,5.1963,1993-2026
-29.875,106.125,35.0289,1993-2026
-29.875,108.125,40.8135,1993-2026
-29.875,110.125,52.9185,1993-2026
-29.875,112.125,30.5371,1993-2026
-29.875,114.125,42.8647,1993-2026
-29.875,154.125,75.1466,1993-2026
-29.875,156.125,31.2919,1993-2026
-29.875,158.125,45.1747,1993-2026
-29.875,160.125,25.2247,1993-2026
-29.875,162.125,53.8882,1993-2026
-29.875,164.125,41.3221,1993-2026
-29.875,166.125,10.859,1993-2026
-29.875,168.125,10.6544,1993-2026
-29.875,170.125,38.4711,1993-2026
-29.875,172.125,47.4155,1993-2026
-29.875,174.125,77.969,1993-2026
-29.875,176.125,45.7326,1993-2026
-29.875,178.125,75.765,1993-2026
-27.875,-179.875,-5.6361,1993-2026
-27.875,-177.875,57.33,1993-2026
-27.875,-175.875,54.9852,1993-2026
-27.875,-173.875,54.586,1993-2026
-27.875,-171.875,47.6966,1993-2026
-27.875,-169.875,57.9353,1993-2026
-27.875,-167.875,44.8582,1993-2026
-27.875,-165.875,60.4994,1993-2026
-27.875,-163.875,56.2684,1993-2026
-27.875,-161.875,94.7656,1993-2026
-27.875,-159.875,53.0415,1993-2026
-27.875,-157.875,74.4339,1993-2026
-27.875,-155.875,38.2418,1993-2026
-27.875,-153.875,75.7355,1993-2026
-27.875,-151.875,75.2289,1993-2026
-27.875,-149.875,41.7523,1993-2026
-27.875,-147.875,35.8573,1993-2026
-27.875,-145.875,53.4547,1993-2026
-27.875,-143.875,63.8792,1993-2026
-27.875,-141.875,31.8319,1993-2026
-27.875,-139.875,41.1571,1993-2026
-27.875,-137.875,48.5119,1993-2026
-27.875,-135.875,29.8582,1993-2026
-27.875,-133.875,51.449,1993-2026
-27.875,-131.875,38.4682,1993-2026
-27.875,-129.875,15.7882,1993-2026
-27.875,-127.875,53.9216,1993-2026
-27.875,-125.875,17.6961,1993-2026
-27.875,-123.875,27.6382,1993-2026
-27.875,-121.875,30.1771,1993-2026
-27.875,-119.875,30.5027,1993-2026
-27.875,-117.875,48.6281,1993-2026
-27.875,-115.875,21.9058,1993-2026
-27.875,-113.875,30.1219,1993-2026
-27.875,-111.875,28.289,1993-2026
-27.875,-109.875,26.8669,1993-2026
-27.875,-107.875,44.2785,1993-2026
-27.875,-105.875,31.2169,1993-2026
-27.875,-103.875,23.2466,1993-2026
-27.875,-101.875,24.1176,1993-2026
-27.875,-99.875,32.2394,1993-2026
-27.875,-97.875,26.9913,1993-2026
-27.875,-95.875,22.7555,1993-2026
-27.875,-93.875,20.9531,1993-2026
-27.875,-91.875,16.6684,1993-2026
-27.875,-89.875,9.7031,1993-2026
-27.875,-87.875,19.4056,1993-2026
-27.875,-85.875,18.9852,1993-2026
-27.875,-83.875,14.7198,1993-2026
-27.875,-81.875,23.4465,1993-2026
-27.875,-79.875,23.641,1993-2026
-27.875,-77.875,28.8866,1993-2026
-27.875,-75.875,10.7473,1993-2026
-27.875,-73.875,25.2881,1993-2026
-27.875,-71.875,27.3402,1993-2026
-27.875,-47.875,34.1482,1993-2026
-27.875,-45.875,35.5573,1993-2026
-27.875,-43.875,44.9124,1993-2026
-27.875,-41.875,46.5068,1993-2026
-27.875,-39.875,24.4737,1993-2026
-27.875,-37.875,40.7274,1993-2026
-27.875,-35.875,61.0665,1993-2026
-27.875,-33.875,39.8869,1993-2026
-27.875,-31.875,53.5742,1993-2026
-27.875,-29.875,37.5832,1993-2026
-27.875,-27.875,30.3523,1993-2026
-27.875,-25.875,49.456,1993-2026
-27.875,-23.875,36.1955,1993-2026
-27.875,-21.875,25.9103,1993-2026
-27.875,-19.875,36.6682,1993-2026
-27.875,-17.875,51.5729,1993-2026
-27.875,-15.875,31.2765,1993-2026
-27.875,-13.875,47.8306,1993-2026
-27.875,-11.875,38.7547,1993-2026
-27.875,-9.875,35.8335,1993-2026
-27.875,-7.875,38.3787,1993-2026
-27.875,-5.875,31.8261,1993-2026
-27.875,-3.875,19.8198,1993-2026
-27.875,-1.875,45.81,1993-2026
-27.875,0.125,37.4119,1993-2026
-27.875,2.125,31.7671,1993-2026
-27.875,4.125,10.755,1993-2026
-27.875,6.125,58.619,1993-2026
-27.875,8.125,49.8823,1993-2026
-27.875,10.125,30.2826,1993-2026
-27.875,12.125,40.0539,1993-2026
-27.875,14.125,36.0208,1993-2026
-27.875,34.125,52.4763,1993-2026
-27.875,36.125,11.024,1993-2026
-27.875,38.125,50.1668,1993-2026
-27.875,40.125,94.5155,1993-2026
-27.875,42.125,46.7434,1993-2026
-27.875,44.125,31.7898,1993-2026
-27.875,46.125,4.904,1993-2026
-27.875,48.125,49.6263,1993-2026
-27.875,50.125,-8.8694,1993-2026
-27.875,52.125,10.7226,1993-2026
-27.875,54.125,24.5666,1993-2026
-27.875,56.125,77.1648,1993-2026
-27.875,58.125,18.6542,1993-2026
-27.875,60.125,38.7145,1993-2026
-27.875,62.125,38.1102,1993-2026
-27.875,64.125,13.6335,1993-2026
-27.875,66.125,38.0787,1993-2026
-27.875,68.125,23.145,1993-2026
-27.875,70.125,51.8385,1993-2026
-27.875,72.125,25.6408,1993-2026
-27.875,74.125,42.7945,1993-2026
-27.875,76.125,74.8863,1993-2026
-27.875,78.125,45.48,1993-2026
-27.875,80.125,32.1494,1993-2026
-27.875,82.125,36.7268,1993-2026
-27.875,84.125,36.1747,1993-2026
-27.875,86.125,27.5763,1993-2026
-27.875,88.125,36.1519,1993-2026
-27.875,90.125,12.4398,1993-2026
-27.875,92.125,58.2174,1993-2026
-27.875,94.125,56.3942,1993-2026
-27.875,96.125,54.6581,1993-2026
-27.875,98.125,65.7377,1993-2026
-27.875,100.125,54.7515,1993-2026
-27.875,102.125,44.4111,1993-2026
-27.875,104.125,62.8302,1993-2026
-27.875,106.125,18.4219,1993-2026
-27.875,108.125,72.9716,1993-2026
-27.875,110.125,58.2276,1993-2026
-27.875,112.125,17.4048,1993-2026
-27.875,114.125,44.8118,1993-2026
-27.875,154.125,34.875,1993-2026
-27.875,156.125,14.7252,1993-2026
-27.875,158.125,-31.2194,1993-2026
-27.875,160.125,17.2069,1993-2026
-27.875,162.125,20.3555,1993-2026
-27.875,164.125,10.9534,1993-2026
-27.875,166.125,43.8982,1993-2026
-27.875,168.125,-8.0894,1993-2026
-27.875,170.125,70.2634,1993-2026
-27.875,172.125,36.4248,1993-2026
-27.875,174.125,47.6821,1993-2026
-27.875,176.125,20.056,1993-2026
-27.875,178.125,61.5276,1993-2026
-25.875,-179.875,70.7313,1993-2026
-25.875,-177.875,15.6165,1993-2026
-25.875,-175.875,12.2869,1993-2026
-25.875,-173.875,65.6187,1993-2026
-25.875,-171.875,55.3418,1993-2026
-25.875,-169.875,53.565,1993-2026
-25.875,-167.875,50.1818,1993-2026
-25.875,-165.875,71.341,1993-2026
-25.875,-163.875,60.8603,1993-2026
-25.875,-161.875,44.3168,1993-2026
-25.875,-159.875,42.7137,1993-2026
-25.875,-157.875,79.6447,1993-2026
-25.875,-155.875,46.4894,1993-2026
-25.875,-153.875,16.8968,1993-2026
-25.875,-151.875,56.3076,1993-2026
-25.875,-149.875,60.3571,1993-2026
-25.875,-147.875,43.2692,1993-2026
-25.875,-145.875,26.5582,1993-2026
-25.875,-143.875,52.4206,1993-2026
-25.875,-141.875,51.9673,1993-2026
-25.875,-139.875,48.7935,1993-2026
-25.875,-137.875,34.26,1993-2026
-25.875,-135.875,45.7219,1993-2026
-25.875,-133.875,29.4145,1993-2026
-25.875,-131.875,46.395,1993-2026
-25.875,-129.875,17.6197,1993-2026
-25.875,-127.875,37.2377,1993-2026
-25.875,-125.875,35.4416,1993-2026
-25.875,-123.875,33.5729,1993-2026
-25.875,-121.875,48.284,1993-2026
-25.875,-119.875,29.4368,1993-2026
-25.875,-117.875,33.9465,1993-2026
-25.875,-115.875,30.2734,1993-2026
-25.875,-113.875,21.5511,1993-2026
-25.875,-111.875,16.006,1993-2026
-25.875,-109.875,21.0629,1993-2026
-25.875,-107.875,29.9671,1993-2026
-25.875,-105.875,16.6374,1993-2026
-25.875,-103.875,28.3156,1993-2026
-25.875,-101.875,17.4566,1993-2026
-25.875,-99.875,22.9185,1993-2026
-25.875,-97.875,21.6595,1993-2026
-25.875,-95.875,17.4915,1993-2026
-25.875,-93.875,21.2835,1993-2026
-25.875,-91.875,26.5655,1993-2026
-25.875,-89.875,14.7276,1993-2026
-25.875,-87.875,27.225,1993-2026
-25.875,-85.875,20.8684,1993-2026
-25.875,-83.875,29.4285,1993-2026
-25.875,-81.875,31.0253,1993-2026
-25.875,-79.875,14.43,1993-2026
-25.875,-77.875,32.1319,1993-2026
-25.875,-75.875,31.1187,1993-2026
-25.875,-73.875,33.3973,1993-2026
-25.875,-71.875,28.5527,1993-2026
-25.875,-47.875,28.71,1993-2026
-25.875,-45.875,30.0639,1993-2026
-25.875,-43.875,31.3544,1993-2026
-25.875,-41.875,32.3531,1993-2026
-25.875,-39.875,45.8535,1993-2026
-25.875,-37.875,38.6932,1993-2026
-25.875,-35.875,50.7997,1993-2026
-25.875,-33.875,47.5461,1993-2026
-25.875,-31.875,41.2113,1993-2026
-25.875,-29.875,33.5492,1993-2026
-25.875,-27.875,40.6635,1993-2026
-25.875,-25.875,32.265,1993-2026
-25.875,-23.875,34.231,1993-2026
-25.875,-21.875,39.1229,1993-2026
-25.875,-19.875,27.5642,1993-2026
-25.875,-17.875,32.5413,1993-2026
-25.875,-15.875,35.6608,1993-2026
-25.875,-13.875,34.2571,1993-2026
-25.875,-11.875,18.4074,1993-2026
-25.875,-9.875,30.7969,1993-2026
-25.875,-7.875,36.8473,1993-2026
-25.875,-5.875,66.2284,1993-2026
-25.875,-3.875,40.5798,1993-2026
-25.875,-1.875,16.4023,1993-2026
-25.875,0.125,48.7292,1993-2026
-25.875,2.125,19.9205,1993-2026
-25.875,4.125,42.2468,1993-2026
-25.875,6.125,44.9158,1993-2026
-25.875,8.125,42.6852,1993-2026
-25.875,10.125,28.9965,1993-2026
-25.875,12.125,39.631,1993-2026
-25.875,14.125,32.4706,1993-2026
-25.875,34.125,13.7129,1993-2026
-25.875,36.125,34.1221,1993-2026
-25.875,38.125,4.8131,1993-2026
-25.875,40.125,26.8548,1993-2026
-25.875,42.125,27.9111,1993-2026
-25.875,44.125,40.5895,1993-2026
-25.875,46.125,38.5374,1993-2026
-25.875,48.125,17.0032,1993-2026
-25.875,50.125,16.861,1993-2026
-25.875,52.125,89.1155,1993-2026
-25.875,54.125,-3.1268,1993-2026
-25.875,56.125,73.8024,1993-2026
-25.875,58.125,50.6187,1993-2026
-25.875,60.125,9.5269,1993-2026
-25.875,62.125,43.9674,1993-2026
-25.875,64.125,53.4198,1993-2026
-25.875,66.125,15.0518,1993-2026
-25.875,68.125,69.5739,1993-2026
-25.875,70.125,51.0803,1993-2026
-25.875,72.125,67.6229,1993-2026
-25.875,74.125,41.1,1993-2026
-25.875,76.125,70.5619,1993-2026
-25.875,78.125,51.616,1993-2026
-25.875,80.125,74.7905,1993-2026
-25.875,82.125,81.6097,1993-2026
-25.875,84.125,38.5819,1993-2026
-25.875,86.125,45.3948,1993-2026
-25.875,88.125,56.0792,1993-2026
-25.875,90.125,45.6803,1993-2026
-25.875,92.125,-3.5163,1993-2026
-25.875,94.125,28.9297,1993-2026
-25.875,96.125,79.5256,1993-2026
-25.875,98.125,17.8403,1993-2026
-25.875,100.125,20.324,1993-2026
-25.875,102.125,34.3747,1993-2026
-25.875,104.125,43.6761,1993-2026
-25.875,106.125,44.6265,1993-2026
-25.875,108.125,30.5463,1993-2026
-25.875,110.125,34.3485,1993-2026
-25.875,112.125,55.9016,1993-2026
-25.875,114.125,42.9668,1993-2026
-25.875,154.125,26.1542,1993-2026
-25.875,156.125,55.0011,1993-2026
-25.875,158.125,15.5052,1993-2026
-25.875,160.125,47.0976,1993-2026
-25.875,162.125,8.1406,1993-2026
-25.875,164.125,8.1087,1993-2026
-25.875,166.125,31.8977,1993-2026
-25.875,168.125,7.3006,1993-2026
-25.875,170.125,27.164,1993-2026
-25.875,172.125,28.4216,1993-2026
-25.875,174.125,53.5969,1993-2026
-25.875,176.125,78.7955,1993-2026
-25.875,178.125,65.9052,1993-2026
-23.875,-179.875,28.801,1993-2026
-23.875,-177.875,36.3387,1993-2026
-23.875,-175.875,39.3682,1993-2026
-23.875,-173.875,71.7489,1993-2026
-23.875,-171.875,72.96,1993-2026
-23.875,-169.875,74.8848,1993-2026
-23.875,-167.875,62.1348,1993-2026
-23.875,-165.875,34.4884,1993-2026
-23.875,-163.875,52.5,1993-2026
-23.875,-161.875,33.7418,1993-2026
-23.875,-159.875,76.229,1993-2026
-23.875,-157.875,58.2871,1993-2026
-23.875,-155.875,61.0442,1993-2026
-23.875,-153.875,41.5253,1993-2026
-23.875,-151.875,39.4635,1993-2026
-23.875,-149.875,73.455,1993-2026
-23.875,-147.875,48.2802,1993-2026
-23.875,-145.875,39.8879,1993-2026
-23.875,-143.875,22.5687,1993-2026
-23.875,-141.875,39.7597,1993-2026
-23.875,-139.875,36.5971,1993-2026
-23.875,-137.875,52.3897,1993-2026
-23.875,-135.875,42.2661,1993-2026
-23.875,-133.875,23.6845,1993-2026
-23.875,-131.875,34.0055,1993-2026
-23.875,-129.875,26.1363,1993-2026
-23.875,-127.875,46.9998,1993-2026
-23.875,-125.875,46.3156,1993-2026
-23.875,-123.875,10.7042,1993-2026
-23.875,-121.875,19.9147,1993-2026
-23.875,-119.875,25.0761,1993-2026
-23.875,-117.875,24.8773,1993-2026
-23.875,-115.875,32.1847,1993-2026
-23.875,-113.875,23.3497,1993-2026
-23.875,-111.875,25.0326,1993-2026
-23.875,-109.875,23.3444,1993-2026
-23.875,-107.875,21.0813,1993-2026
-23.875,-105.875,20.3071,1993-2026
-23.875,-103.875,24.6885,1993-2026
-23.875,-101.875,31.1197,1993-2026
-23.875,-99.875,18.5081,1993-2026
-23.875,-97.875,24.8995,1993-2026
-23.875,-95.875,24.2956,1993-2026
-23.875,-93.875,16.9147,1993-2026
-23.875,-91.875,14.5219,1993-2026
-23.875,-89.875,23.9381,1993-2026
-23.875,-87.875,27.5361,1993-2026
-23.875,-85.875,26.5965,1993-2026
-23.875,-83.875,20.9632,1993-2026
-23.875,-81.875,24.6697,1993-2026
-23.875,-79.875,21.8003,1993-2026
-23.875,-77.875,13.6906,1993-2026
-23.875,-75.875,9.4302,1993-2026
-23.875,-73.875,21.2327,1993-2026
-23.875,-71.875,14.6627,1993-2026
-23.875,-45.875,35.594,1993-2026
-23.875,-43.875,28.2339,1993-2026
-23.875,-41.875,36.5235,1993-2026
-23.875,-39.875,26.0652,1993-2026
-23.875,-37.875,30.3547,1993-2026
-23.875,-35.875,28.0437,1993-2026
-23.875,-33.875,36.48,1993-2026
-23.875,-31.875,28.4773,1993-2026
-23.875,-29.875,32.3008,1993-2026
-23.875,-27.875,32.4755,1993-2026
-23.875,-25.875,33.7331,1993-2026
-23.875,-23.875,33.4553,1993-2026
-23.875,-21.875,37.9103,1993-2026
-23.875,-19.875,31.3611,1993-2026
-23.875,-17.875,34.3263,1993-2026
-23.875,-15.875,33.4621,1993-2026
-23.875,-13.875,28.2827,1993-2026
-23.875,-11.875,37.6016,1993-2026
-23.875,-9.875,37.2116,1993-2026
-23.875,-7.875,38.1155,1993-2026
-23.875,-5.875,30.3968,1993-2026
-23.875,-3.875,36.3218,1993-2026
-23.875,-1.875,43.8668,1993-2026
-23.875,0.125,45.3344,1993-2026
-23.875,2.125,44.4087,1993-2026
-23.875,4.125,45.6237,1993-2026
-23.875,6.125,39.1853,1993-2026
-23.875,8.125,36.6416,1993-2026
-23.875,10.125,41.7339,1993-2026
-23.875,12.125,27.5197,1993-2026
-23.875,14.125,37.0824,1993-2026
-23.875,36.125,34.2077,1993-2026
-23.875,38.125,-5.3777,1993-2026
-23.875,40.125,54.225,1993-2026
-23.875,42.125,29.0782,1993-2026
-23.875,48.125,33.0876,1993-2026
-23.875,50.125,98.4658,1993-2026
-23.875,52.125,70.0065,1993-2026
-23.875,54.125,28.4734,1993-2026
-23.875,56.125,55.8039,1993-2026
-23.875,58.125,49.71,1993-2026
-23.875,60.125,22.1753,1993-2026
-23.875,62.125,60.1248,1993-2026
-23.875,64.125,48.481,1993-2026
-23.875,66.125,88.9694,1993-2026
-23.875,68.125,75.5695,1993-2026
-23.875,70.125,55.2832,1993-2026
-23.875,72.125,40.9582,1993-2026
-23.875,74.125,46.7502,1993-2026
-23.875,76.125,17.4915,1993-2026
-23.875,78.125,49.1003,1993-2026
-23.875,80.125,66.0571,1993-2026
-23.875,82.125,64.6084,1993-2026
-23.875,84.125,41.0081,1993-2026
-23.875,86.125,67.9427,1993-2026
-23.875,88.125,45.6871,1993-2026
-23.875,90.125,70.2919,1993-2026
-23.875,92.125,50.5181,1993-2026
-23.875,94.125,62.1726,1993-2026
-23.875,96.125,29.6768,1993-2026
-23.875,98.125,25.426,1993-2026
-23.875,100.125,71.0429,1993-2026
-23.875,102.125,67.7235,1993-2026
-23.875,104.125,58.409,1993-2026
-23.875,106.125,33.7781,1993-2026
-23.875,108.125,38.504,1993-2026
-23.875,110.125,9.3726,1993-2026
-23.875,112.125,50.9279,1993-2026
-23.875,152.125,32.3265,1993-2026
-23.875,154.125,36.5381,1993-2026
-23.875,156.125,8.0927,1993-2026
-23.875,158.125,12.4185,1993-2026
-23.875,160.125,11.9506,1993-2026
-23.875,162.125,50.2848,1993-2026
-23.875,164.125,25.4381,1993-2026
-23.875,166.125,28.349,1993-2026
-23.875,168.125,33.5356,1993-2026
-23.875,170.125,32.3047,1993-2026
-23.875,172.125,54.5023,1993-2026
-23.875,174.125,39.5042,1993-2026
-23.875,176.125,51.7863,1993-2026
-23.875,178.125,53.1092,1993-2026
-21.875,-179.875,50.566,1993-2026
-21.875,-177.875,40.0287,1993-2026
-21.875,-175.875,60.5879,1993-2026
-21.875,-173.875,32.6168,1993-2026
-21.875,-171.875,73.0244,1993-2026
-21.875,-169.875,57.1505,1993-2026
-21.875,-167.875,61.1173,1993-2026
-21.875,-165.875,55.6127,1993-2026
-21.875,-163.875,56.6327,1993-2026
-21.875,-161.875,50.999,1993-2026
-21.875,-159.875,13.9156,1993-2026
-21.875,-157.875,35.6052,1993-2026
-21.875,-155.875,48.4089,1993-2026
-21.875,-153.875,69.0498,1993-2026
-21.875,-151.875,43.8731,1993-2026
-21.875,-149.875,32.0473,1993-2026
-21.875,-147.875,44.8166,1993-2026
-21.875,-145.875,36.0794,1993-2026
-21.875,-143.875,51.8898,1993-2026
-21.875,-141.875,35.1997,1993-2026
-21.875,-139.875,52.0684,1993-2026
-21.875,-137.875,33.046,1993-2026
-21.875,-135.875,13.5489,1993-2026
-21.875,-133.875,28.6902,1993-2026
-21.875,-131.875,23.5016,1993-2026
-21.875,-129.875,18.6808,1993-2026
-21.875,-127.875,29.2752,1993-2026
-21.875,-125.875,18.2831,1993-2026
-21.875,-123.875,22.5295,1993-2026
-21.875,-121.875,27.8632,1993-2026
-21.875,-119.875,22.1279,1993-2026
-21.875,-117.875,17.3187,1993-2026
-21.875,-115.875,25.9195,1993-2026
-21.875,-113.875,23.9763,1993-2026
-21.875,-111.875,31.381,1993-2026
-21.875,-109.875,25.9848,1993-2026
-21.875,-107.875,25.5019,1993-2026
-21.875,-105.875,36.0073,1993-2026
-21.875,-103.875,29.6724,1993-2026
-21.875,-101.875,19.6631,1993-2026
-21.875,-99.875,21.4166,1993-2026
-21.875,-97.875,26.0027,1993-2026
-21.875,-95.875,33.63,1993-2026
-21.875,-93.875,26.3395,1993-2026
-21.875,-91.875,24.1544,1993-2026
-21.875,-89.875,19.3011,1993-2026
-21.875,-87.875,22.8271,1993-2026
-21.875,-85.875,23.1668,1993-2026
-21.875,-83.875,14.0448,1993-2026
-21.875,-81.875,29.1798,1993-2026
-21.875,-79.875,31.2363,1993-2026
-21.875,-77.875,21.7035,1993-2026
-21.875,-75.875,16.5334,1993-2026
-21.875,-73.875,21.7461,1993-2026
-21.875,-71.875,22.7337,1993-2026
-21.875,-39.875,30.5265,1993-2026
-21.875,-37.875,39.8318,1993-2026
-21.875,-35.875,30.3629,1993-2026
-21.875,-33.875,38.8573,1993-2026
-21.875,-31.875,38.5519,1993-2026
-21.875,-29.875,24.136,1993-2026
-21.875,-27.875,31.0577,1993-2026
-21.875,-25.875,36.3687,1993-2026
-21.875,-23.875,34.4192,1993-2026
-21.875,-21.875,34.2319,1993-2026
-21.875,-19.875,35.0318,1993-2026
-21.875,-17.875,35.3061,1993-2026
-21.875,-15.875,30.0082,1993-2026
-21.875,-13.875,38.6845,1993-2026
-21.875,-11.875,40.7327,1993-2026
-21.875,-9.875,34.034,1993-2026
-21.875,-7.875,34.141,1993-2026
-21.875,-5.875,30.0416,1993-2026
-21.875,-3.875,42.631,1993-2026
-21.875,-1.875,39.0518,1993-2026
-21.875,0.125,40.8416,1993-2026
-21.875,2.125,43.2852,1993-2026
-21.875,4.125,38.0594,1993-2026
-21.875,6.125,24.7413,1993-2026
-21.875,8.125,27.7626,1993-2026
-21.875,10.125,33.0547,1993-2026
-21.875,12.125,37.5745,1993-2026
-21.875,14.125,38.1615,1993-2026
-21.875,36.125,33.9063,1993-2026
-21.875,38.125,109.1168,1993-2026
-21.875,40.125,25.8673,1993-2026
-21.875,42.125,-17.8306,1993-2026
-21.875,48.125,48.391,1993-2026
-21.875,50.125,38.3579,1993-2026
-21.875,52.125,25.5818,1993-2026
-21.875,54.125,31.1594,1993-2026
-21.875,56.125,28.0824,1993-2026
-21.875,58.125,48.2555,1993-2026
-21.875,60.125,98.4019,1993-2026
-21.875,62.125,50.3637,1993-2026
-21.875,64.125,26.0516,1993-2026
-21.875,66.125,53.8219,1993-2026
-21.875,68.125,39.7147,1993-2026
-21.875,70.125,50.8094,1993-2026
-21.875,72.125,57.6987,1993-2026
-21.875,74.125,39.7602,1993-2026
-21.875,76.125,74.6632,1993-2026
-21.875,78.125,39.1331,1993-2026
-21.875,80.125,50.4948,1993-2026
-21.875,82.125,66.0024,1993-2026
-21.875,84.125,59.2016,1993-2026
-21.875,86.125,70.6781,1993-2026
-21.875,88.125,60.1369,1993-2026
-21.875,90.125,64.7719,1993-2026
-21.875,92.125,52.1468,1993-2026
-21.875,94.125,28.8968,1993-2026
-21.875,96.125,36.2763,1993-2026
-21.875,98.125,71.3202,1993-2026
-21.875,100.125,47.2902,1993-2026
-21.875,102.125,52.7347,1993-2026
-21.875,104.125,54.0668,1993-2026
-21.875,106.125,46.5968,1993-2026
-21.875,108.125,67.6969,1993-2026
-21.875,110.125,60.1103,1993-2026
-21.875,112.125,41.9381,1993-2026
-21.875,114.125,52.3529,1993-2026
-21.875,150.125,41.7997,1993-2026
-21.875,152.125,32.5394,1993-2026
-21.875,154.125,25.0205,1993-2026
-21.875,156.125,35.6303,1993-2026
-21.875,158.125,31.2726,1993-2026
-21.875,160.125,39.3353,1993-2026
-21.875,162.125,45.8569,1993-2026
-21.875,164.125,25.2015,1993-2026
-21.875,166.125,48.6561,1993-2026
-21.875,168.125,60.3329,1993-2026
-21.875,170.125,20.3294,1993-2026
-21.875,172.125,24.2821,1993-2026
-21.875,174.125,43.1473,1993-2026
-21.875,176.125,33.7631,1993-2026
-21.875,178.125,33.8129,1993-2026
-19.875,-179.875,51.6087,1993-2026
-19.875,-177.875,71.9231,1993-2026
-19.875,-175.875,48.4084,1993-2026
-19.875,-173.875,73.1298,1993-2026
-19.875,-171.875,54.645,1993-2026
-19.875,-169.875,59.6666,1993-2026
-19.875,-167.875,63.4616,1993-2026
-19.875,-165.875,64.304,1993-2026
-19.875,-163.875,46.6123,1993-2026
-19.875,-161.875,41.1673,1993-2026
-19.875,-159.875,38.911,1993-2026
-19.875,-157.875,29.8335,1993-2026
-19.875,-155.875,20.8316,1993-2026
-19.875,-153.875,27.6624,1993-2026
-19.875,-151.875,45.1853,1993-2026
-19.875,-149.875,37.4197,1993-2026
-19.875,-147.875,33.631,1993-2026
-19.875,-145.875,42.7573,1993-2026
-19.875,-143.875,35.234,1993-2026
-19.875,-141.875,37.4787,1993-2026
-19.875,-139.875,40.1168,1993-2026
-19.875,-137.875,25.5,1993-2026
-19.875,-135.875,24.7635,1993-2026
-19.875,-133.875,32.5185,1993-2026
-19.875,-131.875,19.8363,1993-2026
-19.875,-129.875,19.2576,1993-2026
-19.875,-127.875,15.7113,1993-2026
-19.875,-125.875,25.7521,1993-2026
-19.875,-123.875,26.4329,1993-2026
-19.875,-121.875,20.3158,1993-2026
-19.875,-119.875,32.2727,1993-2026
-19.875,-117.875,29.7019,1993-2026
-19.875,-115.875,27.5182,1993-2026
-19.875,-113.875,21.4335,1993-2026
-19.875,-111.875,19.8077,1993-2026
-19.875,-109.875,23.7484,1993-2026
-19.875,-107.875,22.8881,1993-2026
-19.875,-105.875,29.2185,1993-2026
-19.875,-103.875,27.8356,1993-2026
-19.875,-101.875,17.3226,1993-2026
-19.875,-99.875,24.9155,1993-2026
-19.875,-97.875,23.8979,1993-2026
-19.875,-95.875,25.1918,1993-2026
-19.875,-93.875,17.61,1993-2026
-19.875,-91.875,6.4195,1993-2026
-19.875,-89.875,15.1558,1993-2026
-19.875,-87.875,32.3023,1993-2026
-19.875,-85.875,43.0606,1993-2026
-19.875,-83.875,22.3524,1993-2026
-19.875,-81.875,16.4695,1993-2026
-19.875,-79.875,15.6353,1993-2026
-19.875,-77.875,22.7908,1993-2026
-19.875,-75.875,16.6858,1993-2026
-19.875,-73.875,29.9095,1993-2026
-19.875,-71.875,23.7905,1993-2026
-19.875,-39.875,30.2202,1993-2026
-19.875,-37.875,37.7927,1993-2026
-19.875,-35.875,34.9655,1993-2026
-19.875,-33.875,29.999,1993-2026
-19.875,-31.875,27.9716,1993-2026
-19.875,-29.875,36.0769,1993-2026
-19.875,-27.875,30.5182,1993-2026
-19.875,-25.875,32.8427,1993-2026
-19.875,-23.875,31.1037,1993-2026
-19.875,-21.875,32.6274,1993-2026
-19.875,-19.875,33.0474,1993-2026
-19.875,-17.875,30.0953,1993-2026
-19.875,-15.875,38.925,1993-2026
-19.875,-13.875,34.4511,1993-2026
-19.875,-11.875,38.6874,1993-2026
-19.875,-9.875,37.4056,1993-2026
-19.875,-7.875,33.7355,1993-2026
-19.875,-5.875,36.9348,1993-2026
-19.875,-3.875,28.0563,1993-2026
-19.875,-1.875,33.7558,1993-2026
-19.875,0.125,39.2366,1993-2026
-19.875,2.125,39.2884,1993-2026
-19.875,4.125,32.8229,1993-2026
-19.875,6.125,41.6787,1993-2026
-19.875,8.125,34.381,1993-2026
-19.875,10.125,37.5131,1993-2026
-19.875,12.125,35.3255,1993-2026
-19.875,36.125,31.8605,1993-2026
-19.875,38.125,74.2418,1993-2026
-19.875,40.125,2.8897,1993-2026
-19.875,42.125,44.7469,1993-2026
-19.875,44.125,44.1779,1993-2026
-19.875,50.125,42.9402,1993-2026
-19.875,52.125,41.2166,1993-2026
-19.875,54.125,64.17,1993-2026
-19.875,56.125,46.4395,1993-2026
-19.875,58.125,41.6695,1993-2026
-19.875,60.125,30.3673,1993-2026
-19.875,62.125,49.1908,1993-2026
-19.875,64.125,57.4113,1993-2026
-19.875,66.125,48.0532,1993-2026
-19.875,68.125,24.9058,1993-2026
-19.875,70.125,46.4574,1993-2026
-19.875,72.125,45.5468,1993-2026
-19.875,74.125,65.8771,1993-2026
-19.875,76.125,50.2016,1993-2026
-19.875,78.125,70.17,1993-2026
-19.875,80.125,70.4908,1993-2026
-19.875,82.125,59.4915,1993-2026
-19.875,84.125,50.6831,1993-2026
-19.875,86.125,62.7881,1993-2026
-19.875,88.125,72.1858,1993-2026
-19.875,90.125,39.9968,1993-2026
-19.875,92.125,35.5994,1993-2026
-19.875,94.125,38.9313,1993-2026
-19.875,96.125,52.1681,1993-2026
-19.875,98.125,35.3739,1993-2026
-19.875,100.125,28.3515,1993-2026
-19.875,102.125,49.0911,1993-2026
-19.875,104.125,6.5361,1993-2026
-19.875,106.125,43.4603,1993-2026
-19.875,108.125,66.7427,1993-2026
-19.875,110.125,54.9498,1993-2026
-19.875,112.125,62.3332,1993-2026
-19.875,114.125,69.2565,1993-2026
-19.875,116.125,63.1331,1993-2026
-19.875,118.125,54.6876,1993-2026
-19.875,120.125,50.3652,1993-2026
-19.875,148.125,31.501,1993-2026
-19.875,150.125,37.6737,1993-2026
-19.875,152.125,40.8808,1993-2026
-19.875,154.125,53.82,1993-2026
-19.875,156.125,44.6695,1993-2026
-19.875,158.125,30.2647,1993-2026
-19.875,160.125,34.8029,1993-2026
-19.875,162.125,38.806,1993-2026
-19.875,164.125,53.6932,1993-2026
-19.875,166.125,66.3658,1993-2026
-19.875,168.125,68.0376,1993-2026
-19.875,170.125,53.8635,1993-2026
-19.875,172.125,29.9681,1993-2026
-19.875,174.125,63.7345,1993-2026
-19.875,176.125,61.124,1993-2026
-19.875,178.125,59.8094,1993-2026
-17.875,-179.875,53.325,1993-2026
-17.875,-177.875,39.5744,1993-2026
-17.875,-175.875,46.7985,1993-2026
-17.875,-173.875,62.3385,1993-2026
-17.875,-171.875,43.4076,1993-2026
-17.875,-169.875,28.2784,1993-2026
-17.875,-167.875,28.8644,1993-2026
-17.875,-165.875,32.9385,1993-2026
-17.875,-163.875,23.4479,1993-2026
-17.875,-161.875,36.4026,1993-2026
-17.875,-159.875,40.9887,1993-2026
-17.875,-157.875,42.3116,1993-2026
-17.875,-155.875,46.2276,1993-2026
-17.875,-153.875,31.0011,1993-2026
-17.875,-151.875,40.1685,1993-2026
-17.875,-149.875,30.7215,1993-2026
-17.875,-147.875,39.9465,1993-2026
-17.875,-145.875,38.9071,1993-2026
-17.875,-143.875,27.076,1993-2026
-17.875,-141.875,26.2239,1993-2026
-17.875,-139.875,16.9471,1993-2026
-17.875,-137.875,13.9548,1993-2026
-17.875,-135.875,17.0303,1993-2026
-17.875,-133.875,25.9137,1993-2026
-17.875,-131.875,29.2582,1993-2026
-17.875,-129.875,36.4263,1993-2026
-17.875,-127.875,38.025,1993-2026
-17.875,-125.875,27.4931,1993-2026
-17.875,-123.875,25.8382,1993-2026
-17.875,-121.875,25.6176,1993-2026
-17.875,-119.875,18.1011,1993-2026
-17.875,-117.875,22.3142,1993-2026
-17.875,-115.875,18.4868,1993-2026
-17.875,-113.875,16.9215,1993-2026
-17.875,-111.875,20.5379,1993-2026
-17.875,-109.875,20.5805,1993-2026
-17.875,-107.875,26.2282,1993-2026
-17.875,-105.875,25.9616,1993-2026
-17.875,-103.875,25.4473,1993-2026
-17.875,-101.875,19.5252,1993-2026
-17.875,-99.875,23.9018,1993-2026
-17.875,-97.875,18.3121,1993-2026
-17.875,-95.875,20.2268,1993-2026
-17.875,-93.875,22.7666,1993-2026
-17.875,-91.875,14.041,1993-2026
-17.875,-89.875,20.3284,1993-2026
-17.875,-87.875,26.3405,1993-2026
-17.875,-85.875,25.0437,1993-2026
-17.875,-83.875,24.9024,1993-2026
-17.875,-81.875,20.385,1993-2026
-17.875,-79.875,16.8687,1993-2026
-17.875,-77.875,15.8381,1993-2026
-17.875,-75.875,30.2163,1993-2026
-17.875,-73.875,19.576,1993-2026
-17.875,-71.875,21.3358,1993-2026
-17.875,-37.875,29.1706,1993-2026
-17.875,-35.875,31.9156,1993-2026
-17.875,-33.875,47.82,1993-2026
-17.875,-31.875,36.2869,1993-2026
-17.875,-29.875,31.6331,1993-2026
-17.875,-27.875,33.3958,1993-2026
-17.875,-25.875,29.8205,1993-2026
-17.875,-23.875,29.0642,1993-2026
-17.875,-21.875,29.8355,1993-2026
-17.875,-19.875,31.5556,1993-2026
-17.875,-17.875,28.3645,1993-2026
-17.875,-15.875,30.0484,1993-2026
-17.875,-13.875,34.5619,1993-2026
-17.875,-11.875,35.3202,1993-2026
-17.875,-9.875,36.9073,1993-2026
-17.875,-7.875,35.624,1993-2026
-17.875,-5.875,33.2221,1993-2026
-17.875,-3.875,28.3665,1993-2026
-17.875,-1.875,37.8527,1993-2026
-17.875,0.125,39.8235,1993-2026
-17.875,2.125,42.406,1993-2026
-17.875,4.125,33.8608,1993-2026
-17.875,6.125,33.1911,1993-2026
-17.875,8.125,37.1018,1993-2026
-17.875,10.125,31.9016,1993-2026
-17.875,38.125,22.5977,1993-2026
-17.875,40.125,-3.3576,1993-2026
-17.875,42.125,42.5831,1993-2026
-17.875,44.125,44.8669,1993-2026
-17.875,50.125,44.5185,1993-2026
-17.875,52.125,51.7045,1993-2026
-17.875,54.125,57.6169,1993-2026
-17.875,56.125,44.5461,1993-2026
-17.875,58.125,42.8216,1993-2026
-17.875,60.125,30.2831,1993-2026
-17.875,62.125,29.9647,1993-2026
-17.875,64.125,26.4823,1993-2026
-17.875,66.125,47.3516,1993-2026
-17.875,68.125,32.3884,1993-2026
-17.875,70.125,42.3881,1993-2026
-17.875,72.125,27.8623,1993-2026
-17.875,74.125,42.0644,1993-2026
-17.875,76.125,28.8411,1993-2026
-17.875,78.125,37.7579,1993-2026
-17.875,80.125,39.8942,1993-2026
-17.875,82.125,49.9418,1993-2026
-17.875,84.125,39.1239,1993-2026
-17.875,86.125,53.9613,1993-2026
-17.875,88.125,78.4244,1993-2026
-17.875,90.125,62.8539,1993-2026
-17.875,92.125,61.8406,1993-2026
-17.875,94.125,38.5868,1993-2026
-17.875,96.125,37.9505,1993-2026
-17.875,98.125,27.6929,1993-2026
-17.875,100.125,48.194,1993-2026
-17.875,102.125,61.0185,1993-2026
-17.875,104.125,48.9953,1993-2026
-17.875,106.125,27.8826,1993-2026
-17.875,108.125,42.7171,1993-2026
-17.875,110.125,67.3626,1993-2026
-17.875,112.125,60.6435,1993-2026
-17.875,114.125,74.1329,1993-2026
-17.875,116.125,76.2421,1993-2026
-17.875,118.125,61.6461,1993-2026
-17.875,120.125,61.4134,1993-2026
-17.875,122.125,61.5237,1993-2026
-17.875,146.125,31.1115,1993-2026
-17.875,148.125,33.2313,1993-2026
-17.875,150.125,25.3887,1993-2026
-17.875,152.125,38.731,1993-2026
-17.875,154.125,51.1127,1993-2026
-17.875,156.125,62.6874,1993-2026
-17.875,158.125,32.7077,1993-2026
-17.875,160.125,40.7739,1993-2026
-17.875,162.125,50.6153,1993-2026
-17.875,164.125,48.931,1993-2026
-17.875,166.125,64.6989,1993-2026
-17.875,168.125,48.8003,1993-2026
-17.875,170.125,39.1447,1993-2026
-17.875,172.125,38.2277,1993-2026
-17.875,174.125,39.494,1993-2026
-17.875,176.125,62.3516,1993-2026
-15.875,-179.875,46.8208,1993-2026
-15.875,-177.875,44.2984,1993-2026
-15.875,-175.875,38.4561,1993-2026
-15.875,-173.875,39.9121,1993-2026
-15.875,-171.875,40.1095,1993-2026
-15.875,-169.875,37.8823,1993-2026
-15.875,-167.875,47.5568,1993-2026
-15.875,-165.875,39.6963,1993-2026
-15.875,-163.875,40.6742,1993-2026
-15.875,-161.875,34.9427,1993-2026
-15.875,-159.875,32.671,1993-2026
-15.875,-157.875,31.3718,1993-2026
-15.875,-155.875,32.6695,1993-2026
-15.875,-153.875,38.8418,1993-2026
-15.875,-151.875,34.5919,1993-2026
-15.875,-149.875,32.6705,1993-2026
-15.875,-147.875,28.9515,1993-2026
-15.875,-145.875,27.8535,1993-2026
-15.875,-143.875,27.1819,1993-2026
-15.875,-141.875,25.3776,1993-2026
-15.875,-139.875,28.2566,1993-2026
-15.875,-137.875,27.5352,1993-2026
-15.875,-135.875,30.1892,1993-2026
-15.875,-133.875,24.1776,1993-2026
-15.875,-131.875,18.1926,1993-2026
-15.875,-129.875,31.3829,1993-2026
-15.875,-127.875,22.0645,1993-2026
-15.875,-125.875,23.5098,1993-2026
-15.875,-123.875,25.274,1993-2026
-15.875,-121.875,26.8456,1993-2026
-15.875,-119.875,24.2898,1993-2026
-15.875,-117.875,21.4694,1993-2026
-15.875,-115.875,24.2284,1993-2026
-15.875,-113.875,20.2495,1993-2026
-15.875,-111.875,22.0069,1993-2026
-15.875,-109.875,21.6677,1993-2026
-15.875,-107.875,14.1997,1993-2026
-15.875,-105.875,17.0618,1993-2026
-15.875,-103.875,15.4248,1993-2026
-15.875,-101.875,15.5811,1993-2026
-15.875,-99.875,18.7829,1993-2026
-15.875,-97.875,20.7073,1993-2026
-15.875,-95.875,19.4826,1993-2026
-15.875,-93.875,20.9487,1993-2026
-15.875,-91.875,15.3232,1993-2026
-15.875,-89.875,15.7969,1993-2026
-15.875,-87.875,20.731,1993-2026
-15.875,-85.875,23.8089,1993-2026
-15.875,-83.875,14.0598,1993-2026
-15.875,-81.875,31.0345,1993-2026
-15.875,-79.875,17.3855,1993-2026
-15.875,-77.875,15.6856,1993-2026
-15.875,-75.875,19.9335,1993-2026
-15.875,-37.875,33.5337,1993-2026
-15.875,-35.875,29.6923,1993-2026
-15.875,-33.875,28.1385,1993-2026
-15.875,-31.875,30.4108,1993-2026
-15.875,-29.875,30.6842,1993-2026
-15.875,-27.875,32.3729,1993-2026
-15.875,-25.875,32.5287,1993-2026
-15.875,-23.875,30.0939,1993-2026
-15.875,-21.875,31.216,1993-2026
-15.875,-19.875,29.6216,1993-2026
-15.875,-17.875,30.9885,1993-2026
-15.875,-15.875,29.9874,1993-2026
-15.875,-13.875,29.8345,1993-2026
-15.875,-11.875,31.0002,1993-2026
-15.875,-9.875,32.0211,1993-2026
-15.875,-7.875,33.9184,1993-2026
-15.875,-5.875,32.8152,1993-2026
-15.875,-3.875,32.3739,1993-2026
-15.875,-1.875,32.3061,1993-2026
-15.875,0.125,30.9334,1993-2026
-15.875,2.125,33.9,1993-2026
-15.875,4.125,33.1568,1993-2026
-15.875,6.125,31.7303,1993-2026
-15.875,8.125,35.1605,1993-2026
-15.875,10.125,39.6237,1993-2026
-15.875,40.125,24.4185,1993-2026
-15.875,42.125,42.7848,1993-2026
-15.875,44.125,33.5981,1993-2026
-15.875,46.125,49.3495,1993-2026
-15.875,50.125,37.4937,1993-2026
-15.875,52.125,37.6587,1993-2026
-15.875,54.125,44.671,1993-2026
-15.875,56.125,39.8652,1993-2026
-15.875,58.125,41.2118,1993-2026
-15.875,60.125,27.9131,1993-2026
-15.875,62.125,31.1821,1993-2026
-15.875,64.125,28.7884,1993-2026
-15.875,66.125,19.3476,1993-2026
-15.875,68.125,24.1897,1993-2026
-15.875,70.125,35.3971,1993-2026
-15.875,72.125,41.5142,1993-2026
-15.875,74.125,32.9715,1993-2026
-15.875,76.125,12.8492,1993-2026
-15.875,78.125,35.6879,1993-2026
-15.875,80.125,46.171,1993-2026
-15.875,82.125,49.9031,1993-2026
-15.875,84.125,52.1681,1993-2026
-15.875,86.125,36.9784,1993-2026
-15.875,88.125,45.826,1993-2026
-15.875,90.125,39.6518,1993-2026
-15.875,92.125,45.2835,1993-2026
-15.875,94.125,28.4173,1993-2026
-15.875,96.125,14.4024,1993-2026
-15.875,98.125,52.5348,1993-2026
-15.875,100.125,38.3342,1993-2026
-15.875,102.125,30.2458,1993-2026
-15.875,104.125,20.9598,1993-2026
-15.875,106.125,56.8529,1993-2026
-15.875,108.125,41.0148,1993-2026
-15.875,110.125,35.8461,1993-2026
-15.875,112.125,39.6155,1993-2026
-15.875,114.125,56.1566,1993-2026
-15.875,116.125,69.4089,1993-2026
-15.875,118.125,63.2952,1993-2026
-15.875,120.125,59.6473,1993-2026
-15.875,122.125,61.9268,1993-2026
-15.875,124.125,71.8229,1993-2026
-15.875,138.125,82.0394,1993-2026
-15.875,140.125,79.0756,1993-2026
-15.875,146.125,32.3656,1993-2026
-15.875,148.125,31.3703,1993-2026
-15.875,150.125,31.4081,1993-2026
-15.875,152.125,31.4821,1993-2026
-15.875,154.125,41.7905,1993-2026
-15.875,156.125,22.2198,1993-2026
-15.875,158.125,46.0219,1993-2026
-15.875,160.125,48.7466,1993-2026
-15.875,162.125,61.9815,1993-2026
-15.875,164.125,65.6763,1993-2026
-15.875,166.125,60.8884,1993-2026
-15.875,168.125,53.7097,1993-2026
-15.875,170.125,71.7774,1993-2026
-15.875,172.125,73.965,1993-2026
-15.875,174.125,53.4387,1993-2026
-15.875,176.125,52.8271,1993-2026
-15.875,178.125,54.2932,1993-2026
-13.875,-179.875,72.9489,1993-2026
-13.875,-177.875,68.519,1993-2026
-13.875,-175.875,59.3744,1993-2026
-13.875,-173.875,55.6398,1993-2026
-13.875,-171.875,54.3189,1993-2026
-13.875,-169.875,55.3505,1993-2026
-13.875,-167.875,50.7508,1993-2026
-13.875,-165.875,44.9294,1993-2026
-13.875,-163.875,45.5666,1993-2026
-13.875,-161.875,42.0479,1993-2026
-13.875,-159.875,49.036,1993-2026
-13.875,-157.875,41.6661,1993-2026
-13.875,-155.875,32.7155,1993-2026
-13.875,-153.875,31.6577,1993-2026
-13.875,-151.875,34.0118,1993-2026
-13.875,-149.875,26.9235,1993-2026
-13.875,-147.875,24.8477,1993-2026
-13.875,-145.875,26.4779,1993-2026
-13.875,-143.875,27.7011,1993-2026
-13.875,-141.875,19.6776,1993-2026
-13.875,-139.875,25.3355,1993-2026
-13.875,-137.875,12.3561,1993-2026
-13.875,-135.875,17.94,1993-2026
-13.875,-133.875,24.4989,1993-2026
-13.875,-131.875,19.9824,1993-2026
-13.875,-129.875,15.8468,1993-2026
-13.875,-127.875,22.6723,1993-2026
-13.875,-125.875,18.8482,1993-2026
-13.875,-123.875,17.1406,1993-2026
-13.875,-121.875,17.91,1993-2026
-13.875,-119.875,17.2834,1993-2026
-13.875,-117.875,13.3161,1993-2026
-13.875,-115.875,14.4315,1993-2026
-13.875,-113.875,23.161,1993-2026
-13.875,-111.875,11.7769,1993-2026
-13.875,-109.875,17.2437,1993-2026
-13.875,-107.875,17.536,1993-2026
-13.875,-105.875,21.3344,1993-2026
-13.875,-103.875,21.7379,1993-2026
-13.875,-101.875,17.369,1993-2026
-13.875,-99.875,19.7216,1993-2026
-13.875,-97.875,18.511,1993-2026
-13.875,-95.875,16.291,1993-2026
-13.875,-93.875,12.0044,1993-2026
-13.875,-91.875,12.3832,1993-2026
-13.875,-89.875,19.066,1993-2026
-13.875,-87.875,16.4076,1993-2026
-13.875,-85.875,19.5339,1993-2026
-13.875,-83.875,16.005,1993-2026
-13.875,-81.875,21.2826,1993-2026
-13.875,-79.875,21.0827,1993-2026
-13.875,-77.875,14.5679,1993-2026
-13.875,-37.875,33.1127,1993-2026
-13.875,-35.875,44.7755,1993-2026
-13.875,-33.875,28.8208,1993-2026
-13.875,-31.875,34.5126,1993-2026
-13.875,-29.875,25.2479,1993-2026
-13.875,-27.875,31.9335,1993-2026
-13.875,-25.875,32.4155,1993-2026
-13.875,-23.875,35.6095,1993-2026
-13.875,-21.875,33.3252,1993-2026
-13.875,-19.875,30.8908,1993-2026
-13.875,-17.875,35.2844,1993-2026
-13.875,-15.875,26.5708,1993-2026
-13.875,-13.875,31.2479,1993-2026
-13.875,-11.875,31.3224,1993-2026
-13.875,-9.875,29.8713,1993-2026
-13.875,-7.875,33.4127,1993-2026
-13.875,-5.875,37.1231,1993-2026
-13.875,-3.875,37.5315,1993-2026
-13.875,-1.875,35.3144,1993-2026
-13.875,0.125,38.4479,1993-2026
-13.875,2.125,41.761,1993-2026
-13.875,4.125,37.7318,1993-2026
-13.875,6.125,32.2152,1993-2026
-13.875,8.125,39.9924,1993-2026
-13.875,10.125,35.2485,1993-2026
-13.875,12.125,45.5506,1993-2026
-13.875,42.125,27.854,1993-2026
-13.875,44.125,52.8145,1993-2026
-13.875,46.125,67.6568,1993-2026
-13.875,48.125,44.9197,1993-2026
-13.875,50.125,48.3585,1993-2026
-13.875,52.125,25.8542,1993-2026
-13.875,54.125,31.1913,1993-2026
-13.875,56.125,34.2726,1993-2026
-13.875,58.125,33.1045,1993-2026
-13.875,60.125,25.2116,1993-2026
-13.875,62.125,22.9156,1993-2026
-13.875,64.125,17.3681,1993-2026
-13.875,66.125,28.0718,1993-2026
-13.875,68.125,35.1798,1993-2026
-13.875,70.125,21.0411,1993-2026
-13.875,72.125,31.8968,1993-2026
-13.875,74.125,44.0545,1993-2026
-13.875,76.125,62.4615,1993-2026
-13.875,78.125,73.9113,1993-2026
-13.875,80.125,69.4152,1993-2026
-13.875,82.125,54.8932,1993-2026
-13.875,84.125,50.4547,1993-2026
-13.875,86.125,37.1521,1993-2026
-13.875,88.125,28.8489,1993-2026
-13.875,90.125,23.0269,1993-2026
-13.875,92.125,11.1827,1993-2026
-13.875,94.125,10.456,1993-2026
-13.875,96.125,9.3305,1993-2026
-13.875,98.125,20.2974,1993-2026
-13.875,100.125,32.204,1993-2026
-13.875,102.125,43.7061,1993-2026
-13.875,104.125,38.5365,1993-2026
-13.875,106.125,37.8958,1993-2026
-13.875,108.125,50.6332,1993-2026
-13.875,110.125,46.1071,1993-2026
-13.875,112.125,63.9077,1993-2026
-13.875,114.125,53.4435,1993-2026
-13.875,116.125,70.2794,1993-2026
-13.875,118.125,77.1774,1993-2026
-13.875,120.125,45.7156,1993-2026
-13.875,122.125,70.8537,1993-2026
-13.875,124.125,70.3123,1993-2026
-13.875,126.125,69.299,1993-2026
-13.875,128.125,69.8453,1993-2026
-13.875,136.125,79.2668,1993-2026
-13.875,138.125,81.1195,1993-2026
-13.875,140.125,81.8603,1993-2026
-13.875,144.125,37.2363,1993-2026
-13.875,146.125,48.9673,1993-2026
-13.875,148.125,65.6531,1993-2026
-13.875,150.125,61.3026,1993-2026
-13.875,152.125,70.1265,1993-2026
-13.875,154.125,57.2894,1993-2026
-13.875,156.125,51.1911,1993-2026
-13.875,158.125,60.3015,1993-2026
-13.875,160.125,64.8155,1993-2026
-13.875,162.125,63.1868,1993-2026
-13.875,164.125,58.4777,1993-2026
-13.875,166.125,63.5056,1993-2026
-13.875,168.125,60.6508,1993-2026
-13.875,170.125,77.7073,1993-2026
-13.875,172.125,76.9529,1993-2026
-13.875,174.125,63.2105,1993-2026
-13.875,176.125,59.444,1993-2026
-13.875,178.125,69.2569,1993-2026
-11.875,-179.875,76.4739,1993-2026
-11.875,-177.875,71.3724,1993-2026
-11.875,-175.875,66.3871,1993-2026
-11.875,-173.875,68.1165,1993-2026
-11.875,-171.875,62.7435,1993-2026
-11.875,-169.875,58.7724,1993-2026
-11.875,-167.875,55.6152,1993-2026
-11.875,-165.875,48.5197,1993-2026
-11.875,-163.875,41.9119,1993-2026
-11.875,-161.875,42.2327,1993-2026
-11.875,-159.875,24.1171,1993-2026
-11.875,-157.875,31.2285,1993-2026
-11.875,-155.875,30.7031,1993-2026
-11.875,-153.875,26.5074,1993-2026
-11.875,-151.875,26.6076,1993-2026
-11.875,-149.875,24.8216,1993-2026
-11.875,-147.875,21.2439,1993-2026
-11.875,-145.875,15.9615,1993-2026
-11.875,-143.875,15.5458,1993-2026
-11.875,-141.875,16.9761,1993-2026
-11.875,-139.875,15.7481,1993-2026
-11.875,-137.875,13.2745,1993-2026
-11.875,-135.875,14.251,1993-2026
-11.875,-133.875,19.9398,1993-2026
-11.875,-131.875,12.9731,1993-2026
-11.875,-129.875,18.0847,1993-2026
-11.875,-127.875,15.9852,1993-2026
-11.875,-125.875,15.3527,1993-2026
-11.875,-123.875,20.2553,1993-2026
-11.875,-121.875,20.2998,1993-2026
-11.875,-119.875,13.9485,1993-2026
-11.875,-117.875,11.4329,1993-2026
-11.875,-115.875,14.1639,1993-2026
-11.875,-113.875,16.3921,1993-2026
-11.875,-111.875,15.8971,1993-2026
-11.875,-109.875,13.3853,1993-2026
-11.875,-107.875,13.349,1993-2026
-11.875,-105.875,13.6785,1993-2026
-11.875,-103.875,17.1997,1993-2026
-11.875,-101.875,19.1913,1993-2026
-11.875,-99.875,20.6729,1993-2026
-11.875,-97.875,17.521,1993-2026
-11.875,-95.875,18.5956,1993-2026
-11.875,-93.875,19.7516,1993-2026
-11.875,-91.875,21.5347,1993-2026
-11.875,-89.875,19.7419,1993-2026
-11.875,-87.875,14.6444,1993-2026
-11.875,-85.875,20.8277,1993-2026
-11.875,-83.875,24.8618,1993-2026
-11.875,-81.875,18.749,1993-2026
-11.875,-79.875,17.699,1993-2026
-11.875,-77.875,23.7963,1993-2026
-11.875,-35.875,27.8618,1993-2026
-11.875,-33.875,41.7992,1993-2026
-11.875,-31.875,32.5587,1993-2026
-11.875,-29.875,29.4019,1993-2026
-11.875,-27.875,30.8163,1993-2026
-11.875,-25.875,29.8074,1993-2026
-11.875,-23.875,27.764,1993-2026
-11.875,-21.875,34.6413,1993-2026
-11.875,-19.875,28.1153,1993-2026
-11.875,-17.875,35.0139,1993-2026
-11.875,-15.875,33.5003,1993-2026
-11.875,-13.875,29.3976,1993-2026
-11.875,-11.875,33.7403,1993-2026
-11.875,-9.875,34.8126,1993-2026
-11.875,-7.875,32.6908,1993-2026
-11.875,-5.875,36.7877,1993-2026
-11.875,-3.875,37.4429,1993-2026
-11.875,-1.875,33.4118,1993-2026
-11.875,0.125,36.8831,1993-2026
-11.875,2.125,34.6994,1993-2026
-11.875,4.125,38.8848,1993-2026
-11.875,6.125,36.0924,1993-2026
-11.875,8.125,39.3116,1993-2026
-11.875,10.125,41.1624,1993-2026
-11.875,12.125,43.6955,1993-2026
-11.875,42.125,35.909,1993-2026
-11.875,44.125,50.3424,1993-2026
-11.875,46.125,35.0332,1993-2026
-11.875,48.125,41.4958,1993-2026
-11.875,50.125,46.0084,1993-2026
-11.875,52.125,32.2021,1993-2026
-11.875,54.125,27.8327,1993-2026
-11.875,56.125,37.9074,1993-2026
-11.875,58.125,25.9558,1993-2026
-11.875,60.125,24.3808,1993-2026
-11.875,62.125,21.5289,1993-2026
-11.875,64.125,27.0605,1993-2026
-11.875,66.125,37.1032,1993-2026
-11.875,68.125,63.0682,1993-2026
-11.875,70.125,67.6698,1993-2026
-11.875,72.125,75.7737,1993-2026
-11.875,74.125,80.6163,1993-2026
-11.875,76.125,71.1648,1993-2026
-11.875,78.125,82.7061,1993-2026
-11.875,80.125,64.2281,1993-2026
-11.875,82.125,45.1016,1993-2026
-11.875,84.125,28.8706,1993-2026
-11.875,86.125,26.9071,1993-2026
-11.875,88.125,32.6889,1993-2026
-11.875,90.125,30.6063,1993-2026
-11.875,92.125,7.6456,1993-2026
-11.875,94.125,2.8461,1993-2026
-11.875,96.125,22.1071,1993-2026
-11.875,98.125,38.2955,1993-2026
-11.875,100.125,50.2456,1993-2026
-11.875,102.125,26.6134,1993-2026
-11.875,104.125,22.2523,1993-2026
-11.875,106.125,30.0948,1993-2026
-11.875,108.125,30.0165,1993-2026
-11.875,110.125,38.9018,1993-2026
-11.875,112.125,64.1298,1993-2026
-11.875,114.125,38.0487,1993-2026
-11.875,116.125,45.8129,1993-2026
-11.875,118.125,67.965,1993-2026
-11.875,120.125,65.5761,1993-2026
-11.875,122.125,63.1785,1993-2026
-11.875,124.125,72.6915,1993-2026
-11.875,126.125,73.5934,1993-2026
-11.875,128.125,69.121,1993-2026
-11.875,130.125,82.1042,1993-2026
-11.875,132.125,59.9971,1993-2026
-11.875,134.125,68.0477,1993-2026
-11.875,136.125,71.954,1993-2026
-11.875,138.125,78.6247,1993-2026
-11.875,140.125,84.014,1993-2026
-11.875,142.125,65.9405,1993-2026
-11.875,144.125,40.5324,1993-2026
-11.875,146.125,45.7447,1993-2026
-11.875,148.125,46.8939,1993-2026
-11.875,150.125,59.2863,1993-2026
-11.875,152.125,53.4116,1993-2026
-11.875,154.125,47.9966,1993-2026
-11.875,156.125,72.8666,1993-2026
-11.875,158.125,78.659,1993-2026
-11.875,160.125,75.2477,1993-2026
-11.875,162.125,86.4111,1993-2026
-11.875,164.125,80.6661,1993-2026
-11.875,166.125,86.2447,1993-2026
-11.875,168.125,96.0256,1993-2026
-11.875,170.125,91.2847,1993-2026
-11.875,172.125,90.3803,1993-2026
-11.875,174.125,80.0323,1993-2026
-11.875,176.125,77.4339,1993-2026
-11.875,178.125,78.0044,1993-2026
-9.875,-179.875,75.6053,1993-2026
-9.875,-177.875,71.2844,1993-2026
-9.875,-175.875,65.7566,1993-2026
-9.875,-173.875,59.8084,1993-2026
-9.875,-171.875,57.5076,1993-2026
-9.875,-169.875,58.785,1993-2026
-9.875,-167.875,51.1234,1993-2026
-9.875,-165.875,45.3653,1993-2026
-9.875,-163.875,40.1032,1993-2026
-9.875,-161.875,39.7074,1993-2026
-9.875,-159.875,28.1511,1993-2026
-9.875,-157.875,18.8115,1993-2026
-9.875,-155.875,19.3084,1993-2026
-9.875,-153.875,19.4458,1993-2026
-9.875,-151.875,19.1366,1993-2026
-9.875,-149.875,20.0947,1993-2026
-9.875,-147.875,20.8239,1993-2026
-9.875,-145.875,26.5074,1993-2026
-9.875,-143.875,22.3679,1993-2026
-9.875,-141.875,18.7544,1993-2026
-9.875,-139.875,18.3769,1993-2026
-9.875,-137.875,19.2934,1993-2026
-9.875,-135.875,17.7489,1993-2026
-9.875,-133.875,17.5568,1993-2026
-9.875,-131.875,16.5465,1993-2026
-9.875,-129.875,14.9927,1993-2026
-9.875,-127.875,14.6042,1993-2026
-9.875,-125.875,10.5532,1993-2026
-9.875,-123.875,12.0745,1993-2026
-9.875,-121.875,13.3185,1993-2026
-9.875,-119.875,12.9948,1993-2026
-9.875,-117.875,14.9555,1993-2026
-9.875,-115.875,18.6174,1993-2026
-9.875,-113.875,21.3135,1993-2026
-9.875,-111.875,20.5166,1993-2026
-9.875,-109.875,11.461,1993-2026
-9.875,-107.875,17.1479,1993-2026
-9.875,-105.875,15.4645,1993-2026
-9.875,-103.875,17.3627,1993-2026
-9.875,-101.875,14.4194,1993-2026
-9.875,-99.875,16.0403,1993-2026
-9.875,-97.875,15.4118,1993-2026
-9.875,-95.875,15.7834,1993-2026
-9.875,-93.875,15.3295,1993-2026
-9.875,-91.875,13.0906,1993-2026
-9.875,-89.875,16.8876,1993-2026
-9.875,-87.875,21.3024,1993-2026
-9.875,-85.875,20.956,1993-2026
-9.875,-83.875,25.9515,1993-2026
-9.875,-81.875,21.3131,1993-2026
-9.875,-79.875,21.855,1993-2026
-9.875,-35.875,35.0831,1993-2026
-9.875,-33.875,36.5482,1993-2026
-9.875,-31.875,32.3211,1993-2026
-9.875,-29.875,33.3068,1993-2026
-9.875,-27.875,28.2426,1993-2026
-9.875,-25.875,27.8134,1993-2026
-9.875,-23.875,28.3427,1993-2026
-9.875,-21.875,28.6166,1993-2026
-9.875,-19.875,36.5971,1993-2026
-9.875,-17.875,28.2706,1993-2026
-9.875,-15.875,32.6855,1993-2026
-9.875,-13.875,35.3061,1993-2026
-9.875,-11.875,34.1865,1993-2026
-9.875,-9.875,35.6666,1993-2026
-9.875,-7.875,37.7453,1993-2026
-9.875,-5.875,37.0156,1993-2026
-9.875,-3.875,39.6392,1993-2026
-9.875,-1.875,39.2744,1993-2026
-9.875,0.125,33.8889,1993-2026
-9.875,2.125,38.3569,1993-2026
-9.875,4.125,36.7045,1993-2026
-9.875,6.125,39.1065,1993-2026
-9.875,8.125,39.0455,1993-2026
-9.875,10.125,36.5952,1993-2026
-9.875,12.125,46.11,1993-2026
-9.875,40.125,29.4958,1993-2026
-9.875,42.125,39.2966,1993-2026
-9.875,44.125,51.704,1993-2026
-9.875,46.125,41.0395,1993-2026
-9.875,48.125,34.0031,1993-2026
-9.875,50.125,30.5468,1993-2026
-9.875,52.125,41.1682,1993-2026
-9.875,54.125,34.2721,1993-2026
-9.875,56.125,27.6469,1993-2026
-9.875,58.125,22.9316,1993-2026
-9.875,60.125,31.8692,1993-2026
-9.875,62.125,32.1,1993-2026
-9.875,64.125,44.8568,1993-2026
-9.875,66.125,52.4395,1993-2026
-9.875,68.125,72.0963,1993-2026
-9.875,70.125,82.3563,1993-2026
-9.875,72.125,74.4208,1993-2026
-9.875,74.125,78.7994,1993-2026
-9.875,76.125,87.3116,1993-2026
-9.875,78.125,76.5895,1993-2026
-9.875,80.125,53.7866,1993-2026
-9.875,82.125,38.535,1993-2026
-9.875,84.125,36.2482,1993-2026
-9.875,86.125,40.5523,1993-2026
-9.875,88.125,55.0369,1993-2026
-9.875,90.125,50.8461,1993-2026
-9.875,92.125,36.1713,1993-2026
-9.875,94.125,16.5518,1993-2026
-9.875,96.125,23.2597,1993-2026
-9.875,98.125,39.7592,1993-2026
-9.875,100.125,50.5239,1993-2026
-9.875,102.125,30.4229,1993-2026
-9.875,104.125,58.6771,1993-2026
-9.875,106.125,65.6569,1993-2026
-9.875,108.125,52.6079,1993-2026
-9.875,110.125,53.9153,1993-2026
-9.875,112.125,69.1969,1993-2026
-9.875,114.125,60.3929,1993-2026
-9.875,116.125,58.3563,1993-2026
-9.875,118.125,67.0587,1993-2026
-9.875,122.125,69.9421,1993-2026
-9.875,126.125,76.9195,1993-2026
-9.875,128.125,70.4061,1993-2026
-9.875,130.125,67.3423,1993-2026
-9.875,132.125,69.8821,1993-2026
-9.875,134.125,78.6963,1993-2026
-9.875,136.125,82.83,1993-2026
-9.875,138.125,90.3832,1993-2026
-9.875,140.125,84.4906,1993-2026
-9.875,142.125,63.2782,1993-2026
-9.875,144.125,40.7952,1993-2026
-9.875,146.125,48.1906,1993-2026
-9.875,150.125,62.8698,1993-2026
-9.875,152.125,72.8869,1993-2026
-9.875,154.125,91.8068,1993-2026
-9.875,156.125,70.2924,1993-2026
-9.875,158.125,95.7823,1993-2026
-9.875,160.125,98.2606,1993-2026
-9.875,162.125,85.5532,1993-2026
-9.875,164.125,80.1198,1993-2026
-9.875,166.125,94.9268,1993-2026
-9.875,168.125,90.164,1993-2026
-9.875,170.125,79.8532,1993-2026
-9.875,172.125,90.0561,1993-2026
-9.875,174.125,79.3902,1993-2026
-9.875,176.125,71.7082,1993-2026
-9.875,178.125,77.564,1993-2026
-7.875,-179.875,62.0298,1993-2026
-7.875,-177.875,57.825,1993-2026
-7.875,-175.875,54.3823,1993-2026
-7.875,-173.875,41.4992,1993-2026
-7.875,-171.875,38.8587,1993-2026
-7.875,-169.875,37.5581,1993-2026
-7.875,-167.875,33.5908,1993-2026
-7.875,-165.875,33.135,1993-2026
-7.875,-163.875,31.9965,1993-2026
-7.875,-161.875,30.3281,1993-2026
-7.875,-159.875,34.1124,1993-2026
-7.875,-157.875,27.8458,1993-2026
-7.875,-155.875,24.7098,1993-2026
-7.875,-153.875,26.5452,1993-2026
-7.875,-151.875,28.5721,1993-2026
-7.875,-149.875,30.5129,1993-2026
-7.875,-147.875,26.0042,1993-2026
-7.875,-145.875,21.7587,1993-2026
-7.875,-143.875,21.6871,1993-2026
-7.875,-141.875,23.1368,1993-2026
-7.875,-139.875,18.2352,1993-2026
-7.875,-137.875,13.3021,1993-2026
-7.875,-135.875,8.9661,1993-2026
-7.875,-133.875,6.1548,1993-2026
-7.875,-131.875,8.0056,1993-2026
-7.875,-129.875,8.6787,1993-2026
-7.875,-127.875,11.7015,1993-2026
-7.875,-125.875,14.731,1993-2026
-7.875,-123.875,14.3884,1993-2026
-7.875,-121.875,10.1342,1993-2026
-7.875,-119.875,11.4721,1993-2026
-7.875,-117.875,12.9866,1993-2026
-7.875,-115.875,11.2974,1993-2026
-7.875,-113.875,12.69,1993-2026
-7.875,-111.875,17.8548,1993-2026
-7.875,-109.875,9.5027,1993-2026
-7.875,-107.875,9.3276,1993-2026
-7.875,-105.875,12.4669,1993-2026
-7.875,-103.875,13.7603,1993-2026
-7.875,-101.875,15.0881,1993-2026
-7.875,-99.875,8.1198,1993-2026
-7.875,-97.875,18.8952,1993-2026
-7.875,-95.875,22.8242,1993-2026
-7.875,-93.875,17.3018,1993-2026
-7.875,-91.875,18.1161,1993-2026
-7.875,-89.875,20.9739,1993-2026
-7.875,-87.875,17.7402,1993-2026
-7.875,-85.875,19.1105,1993-2026
-7.875,-83.875,15.3856,1993-2026
-7.875,-81.875,25.89,1993-2026
-7.875,-79.875,23.7716,1993-2026
-7.875,-33.875,38.4624,1993-2026
-7.875,-31.875,38.385,1993-2026
-7.875,-29.875,38.7015,1993-2026
-7.875,-27.875,36.2545,1993-2026
-7.875,-25.875,39.419,1993-2026
-7.875,-23.875,39.9784,1993-2026
-7.875,-21.875,34.5915,1993-2026
-7.875,-19.875,31.4037,1993-2026
-7.875,-17.875,33.4215,1993-2026
-7.875,-15.875,29.7692,1993-2026
-7.875,-13.875,26.8374,1993-2026
-7.875,-11.875,31.6234,1993-2026
-7.875,-9.875,33.5806,1993-2026
-7.875,-7.875,31.3747,1993-2026
-7.875,-5.875,30.8134,1993-2026
-7.875,-3.875,32.5979,1993-2026
-7.875,-1.875,36.8289,1993-2026
-7.875,0.125,37.6021,1993-2026
-7.875,2.125,36.0697,1993-2026
-7.875,4.125,35.5505,1993-2026
-7.875,6.125,40.7085,1993-2026
-7.875,8.125,42.9252,1993-2026
-7.875,10.125,33.4268,1993-2026
-7.875,12.125,45.5879,1993-2026
-7.875,40.125,30.3581,1993-2026
-7.875,42.125,42.2739,1993-2026
-7.875,44.125,38.6845,1993-2026
-7.875,46.125,29.7431,1993-2026
-7.875,48.125,35.5263,1993-2026
-7.875,50.125,27.5981,1993-2026
-7.875,52.125,31.4303,1993-2026
-7.875,54.125,29.6429,1993-2026
-7.875,56.125,22.47,1993-2026
-7.875,58.125,25.3505,1993-2026
-7.875,60.125,31.5261,1993-2026
-7.875,62.125,36.7224,1993-2026
-7.875,64.125,50.4339,1993-2026
-7.875,66.125,52.3065,1993-2026
-7.875,68.125,47.1063,1993-2026
-7.875,70.125,49.9674,1993-2026
-7.875,72.125,53.7973,1993-2026
-7.875,74.125,72.9634,1993-2026
-7.875,76.125,77.5534,1993-2026
-7.875,78.125,67.1594,1993-2026
-7.875,80.125,34.6781,1993-2026
-7.875,82.125,17.0777,1993-2026
-7.875,84.125,15.1616,1993-2026
-7.875,86.125,28.7956,1993-2026
-7.875,88.125,38.4237,1993-2026
-7.875,90.125,34.9969,1993-2026
-7.875,92.125,30.5119,1993-2026
-7.875,94.125,39.0958,1993-2026
-7.875,96.125,35.7977,1993-2026
-7.875,98.125,38.1726,1993-2026
-7.875,100.125,42.0271,1993-2026
-7.875,102.125,54.3063,1993-2026
-7.875,104.125,77.7252,1993-2026
-7.875,106.125,85.2537,1993-2026
-7.875,108.125,77.416,1993-2026
-7.875,110.125,74.2926,1993-2026
-7.875,116.125,57.5327,1993-2026
-7.875,118.125,62.9294,1993-2026
-7.875,120.125,63.5632,1993-2026
-7.875,122.125,65.07,1993-2026
-7.875,124.125,76.3795,1993-2026
-7.875,126.125,69.3668,1993-2026
-7.875,128.125,73.7356,1993-2026
-7.875,130.125,67.7763,1993-2026
-7.875,132.125,64.424,1993-2026
-7.875,134.125,70.8866,1993-2026
-7.875,136.125,79.2082,1993-2026
-7.875,144.125,40.1134,1993-2026
-7.875,148.125,68.1619,1993-2026
-7.875,150.125,73.1027,1993-2026
-7.875,152.125,94.7395,1993-2026
-7.875,154.125,98.6874,1993-2026
-7.875,156.125,91.7492,1993-2026
-7.875,158.125,95.0956,1993-2026
-7.875,160.125,98.101,1993-2026
-7.875,162.125,95.939,1993-2026
-7.875,164.125,94.0631,1993-2026
-7.875,166.125,90.2787,1993-2026
-7.875,168.125,85.2842,1993-2026
-7.875,170.125,75.3363,1993-2026
-7.875,172.125,74.5984,1993-2026
-7.875,174.125,73.6263,1993-2026
-7.875,176.125,71.4445,1993-2026
-7.875,178.125,70.6708,1993-2026
-5.875,-179.875,47.0511,1993-2026
-5.875,-177.875,40.0781,1993-2026
-5.875,-175.875,34.8266,1993-2026
-5.875,-173.875,33.0779,1993-2026
-5.875,-171.875,27.9213,1993-2026
-5.875,-169.875,26.1189,1993-2026
-5.875,-167.875,21.9982,1993-2026
-5.875,-165.875,22.0544,1993-2026
-5.875,-163.875,20.5224,1993-2026
-5.875,-161.875,20.5742,1993-2026
-5.875,-159.875,20.8834,1993-2026
-5.875,-157.875,18.9077,1993-2026
-5.875,-155.875,22.8789,1993-2026
-5.875,-153.875,22.3534,1993-2026
-5.875,-151.875,21.1747,1993-2026
-5.875,-149.875,19.5847,1993-2026
-5.875,-147.875,18.0987,1993-2026
-5.875,-145.875,17.459,1993-2026
-5.875,-143.875,14.9453,1993-2026
-5.875,-141.875,18.1863,1993-2026
-5.875,-139.875,17.5597,1993-2026
-5.875,-137.875,10.4589,1993-2026
-5.875,-135.875,11.9061,1993-2026
-5.875,-133.875,15.1965,1993-2026
-5.875,-131.875,16.9031,1993-2026
-5.875,-129.875,16.186,1993-2026
-5.875,-127.875,16.6505,1993-2026
-5.875,-125.875,17.6356,1993-2026
-5.875,-123.875,17.2873,1993-2026
-5.875,-121.875,15.9856,1993-2026
-5.875,-119.875,17.4377,1993-2026
-5.875,-117.875,18.4234,1993-2026
-5.875,-115.875,17.205,1993-2026
-5.875,-113.875,17.7479,1993-2026
-5.875,-111.875,17.4929,1993-2026
-5.875,-109.875,17.3632,1993-2026
-5.875,-107.875,16.6805,1993-2026
-5.875,-105.875,15.5008,1993-2026
-5.875,-103.875,12.0629,1993-2026
-5.875,-101.875,18.8032,1993-2026
-5.875,-99.875,18.2584,1993-2026
-5.875,-97.875,17.4648,1993-2026
-5.875,-95.875,20.0816,1993-2026
-5.875,-93.875,22.2532,1993-2026
-5.875,-91.875,24.1021,1993-2026
-5.875,-89.875,18.2255,1993-2026
-5.875,-87.875,21.6276,1993-2026
-5.875,-85.875,21.2695,1993-2026
-5.875,-83.875,20.6889,1993-2026
-5.875,-81.875,22.47,1993-2026
-5.875,-33.875,35.5819,1993-2026
-5.875,-31.875,36.8439,1993-2026
-5.875,-29.875,39.5124,1993-2026
-5.875,-27.875,38.6206,1993-2026
-5.875,-25.875,37.5842,1993-2026
-5.875,-23.875,36.2516,1993-2026
-5.875,-21.875,36.3861,1993-2026
-5.875,-19.875,33.4132,1993-2026
-5.875,-17.875,30.7848,1993-2026
-5.875,-15.875,32.1755,1993-2026
-5.875,-13.875,35.0066,1993-2026
-5.875,-11.875,35.9502,1993-2026
-5.875,-9.875,34.5421,1993-2026
-5.875,-7.875,34.4685,1993-2026
-5.875,-5.875,29.3753,1993-2026
-5.875,-3.875,28.1773,1993-2026
-5.875,-1.875,33.1345,1993-2026
-5.875,0.125,33.7355,1993-2026
-5.875,2.125,35.3831,1993-2026
-5.875,4.125,35.7339,1993-2026
-5.875,6.125,35.2558,1993-2026
-5.875,8.125,38.3845,1993-2026
-5.875,10.125,41.2766,1993-2026
-5.875,12.125,46.8735,1993-2026
-5.875,40.125,38.3845,1993-2026
-5.875,42.125,36.4103,1993-2026
-5.875,44.125,33.9798,1993-2026
-5.875,46.125,38.3782,1993-2026
-5.875,48.125,41.2737,1993-2026
-5.875,50.125,28.4502,1993-2026
-5.875,52.125,33.2298,1993-2026
-5.875,54.125,34.8634,1993-2026
-5.875,56.125,30.5037,1993-2026
-5.875,58.125,28.5232,1993-2026
-5.875,60.125,27.1858,1993-2026
-5.875,62.125,31.8547,1993-2026
-5.875,64.125,43.7724,1993-2026
-5.875,66.125,46.604,1993-2026
-5.875,68.125,35.8544,1993-2026
-5.875,70.125,41.6216,1993-2026
-5.875,72.125,39.6987,1993-2026
-5.875,74.125,37.7381,1993-2026
-5.875,76.125,39.4844,1993-2026
-5.875,78.125,45.9498,1993-2026
-5.875,80.125,46.0239,1993-2026
-5.875,82.125,42.5956,1993-2026
-5.875,84.125,49.4265,1993-2026
-5.875,86.125,48.8158,1993-2026
-5.875,88.125,41.9265,1993-2026
-5.875,90.125,36.1863,1993-2026
-5.875,92.125,44.4992,1993-2026
-5.875,94.125,54.0242,1993-2026
-5.875,96.125,48.7437,1993-2026
-5.875,98.125,44.0652,1993-2026
-5.875,100.125,63.3358,1993-2026
-5.875,102.125,78.0987,1993-2026
-5.875,104.125,76.8189,1993-2026
-5.875,106.125,65.0874,1993-2026
-5.875,108.125,58.3282,1993-2026
-5.875,110.125,61.1956,1993-2026
-5.875,112.125,66.5124,1993-2026
-5.875,114.125,69.5627,1993-2026
-5.875,116.125,62.9124,1993-2026
-5.875,118.125,59.7977,1993-2026
-5.875,120.125,67.6737,1993-2026
-5.875,122.125,67.4294,1993-2026
-5.875,124.125,65.3685,1993-2026
-5.875,126.125,68.2456,1993-2026
-5.875,128.125,67.8135,1993-2026
-5.875,130.125,74.9956,1993-2026
-5.875,132.125,72.6498,1993-2026
-5.875,134.125,72.8656,1993-2026
-5.875,136.125,71.8955,1993-2026
-5.875,138.125,85.5518,1993-2026
-5.875,148.125,81.5845,1993-2026
-5.875,152.125,90.1258,1993-2026
-5.875,154.125,95.6773,1993-2026
-5.875,156.125,86.8471,1993-2026
-5.875,158.125,87.676,1993-2026
-5.875,160.125,82.7439,1993-2026
-5.875,162.125,77.7145,1993-2026
-5.875,164.125,78.374,1993-2026
-5.875,166.125,73.2353,1993-2026
-5.875,168.125,77.504,1993-2026
-5.875,170.125,76.5561,1993-2026
-5.875,172.125,66.3702,1993-2026
-5.875,174.125,56.6356,1993-2026
-5.875,176.125,55.5731,1993-2026
-5.875,178.125,50.6439,1993-2026
-3.875,-179.875,34.0877,1993-2026
-3.875,-177.875,29.4556,1993-2026
-3.875,-175.875,24.8927,1993-2026
-3.875,-173.875,21.5947,1993-2026
-3.875,-171.875,25.4385,1993-2026
-3.875,-169.875,21.9944,1993-2026
-3.875,-167.875,21.4045,1993-2026
-3.875,-165.875,18.9271,1993-2026
-3.875,-163.875,21.1931,1993-2026
-3.875,-161.875,20.579,1993-2026
-3.875,-159.875,24.3295,1993-2026
-3.875,-157.875,22.7995,1993-2026
-3.875,-155.875,22.3055,1993-2026
-3.875,-153.875,17.0303,1993-2026
-3.875,-151.875,17.4445,1993-2026
-3.875,-149.875,14.9773,1993-2026
-3.875,-147.875,15.0953,1993-2026
-3.875,-145.875,12.2497,1993-2026
-3.875,-143.875,10.9447,1993-2026
-3.875,-141.875,10.7874,1993-2026
-3.875,-139.875,10.6437,1993-2026
-3.875,-137.875,10.0437,1993-2026
-3.875,-135.875,10.349,1993-2026
-3.875,-133.875,14.6739,1993-2026
-3.875,-131.875,17.2665,1993-2026
-3.875,-129.875,15.9242,1993-2026
-3.875,-127.875,16.4187,1993-2026
-3.875,-125.875,14.4329,1993-2026
-3.875,-123.875,12.5637,1993-2026
-3.875,-121.875,15.4882,1993-2026
-3.875,-119.875,17.3453,1993-2026
-3.875,-117.875,14.3444,1993-2026
-3.875,-115.875,13.7066,1993-2026
-3.875,-113.875,16.1502,1993-2026
-3.875,-111.875,14.6027,1993-2026
-3.875,-109.875,11.7106,1993-2026
-3.875,-107.875,14.2103,1993-2026
-3.875,-105.875,14.1145,1993-2026
-3.875,-103.875,14.5011,1993-2026
-3.875,-101.875,18.1282,1993-2026
-3.875,-99.875,21.1394,1993-2026
-3.875,-97.875,14.3376,1993-2026
-3.875,-95.875,11.7885,1993-2026
-3.875,-93.875,15.3581,1993-2026
-3.875,-91.875,16.1734,1993-2026
-3.875,-89.875,16.7574,1993-2026
-3.875,-87.875,19.6089,1993-2026
-3.875,-85.875,23.0056,1993-2026
-3.875,-83.875,24.2482,1993-2026
-3.875,-81.875,22.2397,1993-2026
-3.875,-37.875,35.0139,1993-2026
-3.875,-35.875,36.7655,1993-2026
-3.875,-33.875,35.6415,1993-2026
-3.875,-31.875,36.5376,1993-2026
-3.875,-29.875,37.1347,1993-2026
-3.875,-27.875,35.7382,1993-2026
-3.875,-25.875,32.7445,1993-2026
-3.875,-23.875,33.8695,1993-2026
-3.875,-21.875,33.7563,1993-2026
-3.875,-19.875,34.8271,1993-2026
-3.875,-17.875,33.1108,1993-2026
-3.875,-15.875,32.5292,1993-2026
-3.875,-13.875,35.8897,1993-2026
-3.875,-11.875,39.091,1993-2026
-3.875,-9.875,39.1752,1993-2026
-3.875,-7.875,36.6556,1993-2026
-3.875,-5.875,34.126,1993-2026
-3.875,-3.875,34.0974,1993-2026
-3.875,-1.875,37.1071,1993-2026
-3.875,0.125,39.2666,1993-2026
-3.875,2.125,37.53,1993-2026
-3.875,4.125,33.9827,1993-2026
-3.875,6.125,34.3819,1993-2026
-3.875,8.125,41.4058,1993-2026
-3.875,10.125,47.1276,1993-2026
-3.875,40.125,31.3365,1993-2026
-3.875,42.125,42.854,1993-2026
-3.875,44.125,41.671,1993-2026
-3.875,46.125,32.7479,1993-2026
-3.875,48.125,27.1156,1993-2026
-3.875,50.125,35.5277,1993-2026
-3.875,52.125,39.1234,1993-2026
-3.875,54.125,28.7506,1993-2026
-3.875,56.125,30.3735,1993-2026
-3.875,58.125,33.1137,1993-2026
-3.875,60.125,27.1161,1993-2026
-3.875,62.125,27.3402,1993-2026
-3.875,64.125,25.5968,1993-2026
-3.875,66.125,26.9923,1993-2026
-3.875,68.125,24.946,1993-2026
-3.875,70.125,27.0411,1993-2026
-3.875,72.125,29.3023,1993-2026
-3.875,74.125,30.4229,1993-2026
-3.875,76.125,34.4221,1993-2026
-3.875,78.125,47.8069,1993-2026
-3.875,80.125,58.6118,1993-2026
-3.875,82.125,57.5632,1993-2026
-3.875,84.125,53.3971,1993-2026
-3.875,86.125,55.5532,1993-2026
-3.875,88.125,50.5427,1993-2026
-3.875,90.125,51.3382,1993-2026
-3.875,92.125,54.5298,1993-2026
-3.875,94.125,57.9281,1993-2026
-3.875,96.125,64.1071,1993-2026
-3.875,98.125,65.0192,1993-2026
-3.875,100.125,65.8142,1993-2026
-3.875,102.125,68.3419,1993-2026
-3.875,106.125,64.2697,1993-2026
-3.875,108.125,62.0661,1993-2026
-3.875,110.125,57.9184,1993-2026
-3.875,112.125,62.3603,1993-2026
-3.875,114.125,69.7732,1993-2026
-3.875,116.125,71.2781,1993-2026
-3.875,118.125,65.9821,1993-2026
-3.875,124.125,72.4311,1993-2026
-3.875,126.125,72.8806,1993-2026
-3.875,128.125,70.6805,1993-2026
-3.875,130.125,72.8187,1993-2026
-3.875,132.125,66.0024,1993-2026
-3.875,134.125,71.9724,1993-2026
-3.875,144.125,80.5781,1993-2026
-3.875,146.125,81.9223,1993-2026
-3.875,148.125,85.7942,1993-2026
-3.875,150.125,86.5253,1993-2026
-3.875,152.125,88.1453,1993-2026
-3.875,154.125,79.47,1993-2026
-3.875,156.125,74.2587,1993-2026
-3.875,158.125,70.9582,1993-2026
-3.875,160.125,70.7821,1993-2026
-3.875,162.125,65.0037,1993-2026
-3.875,164.125,64.5629,1993-2026
-3.875,166.125,58.7773,1993-2026
-3.875,168.125,55.9224,1993-2026
-3.875,170.125,56.4334,1993-2026
-3.875,172.125,52.0316,1993-2026
-3.875,174.125,46.889,1993-2026
-3.875,176.125,40.9568,1993-2026
-3.875,178.125,35.4794,1993-2026
-1.875,-179.875,36.0353,1993-2026
-1.875,-177.875,30.8434,1993-2026
-1.875,-175.875,32.2297,1993-2026
-1.875,-173.875,25.2005,1993-2026
-1.875,-171.875,26.2466,1993-2026
-1.875,-169.875,23.7866,1993-2026
-1.875,-167.875,21.5913,1993-2026
-1.875,-165.875,23.6642,1993-2026
-1.875,-163.875,25.1148,1993-2026
-1.875,-161.875,21.6256,1993-2026
-1.875,-159.875,26.6845,1993-2026
-1.875,-157.875,23.9947,1993-2026
-1.875,-155.875,20.5152,1993-2026
-1.875,-153.875,19.3413,1993-2026
-1.875,-151.875,18.3977,1993-2026
-1.875,-149.875,18.4055,1993-2026
-1.875,-147.875,16.5827,1993-2026
-1.875,-145.875,19.365,1993-2026
-1.875,-143.875,13.8184,1993-2026
-1.875,-141.875,13.2852,1993-2026
-1.875,-139.875,10.9839,1993-2026
-1.875,-137.875,10.9515,1993-2026
-1.875,-135.875,15.8618,1993-2026
-1.875,-133.875,15.1389,1993-2026
-1.875,-131.875,17.8384,1993-2026
-1.875,-129.875,20.4053,1993-2026
-1.875,-127.875,20.2873,1993-2026
-1.875,-125.875,19.7284,1993-2026
-1.875,-123.875,20.6308,1993-2026
-1.875,-121.875,24.5758,1993-2026
-1.875,-119.875,21.7558,1993-2026
-1.875,-117.875,16.8716,1993-2026
-1.875,-115.875,19.7361,1993-2026
-1.875,-113.875,23.265,1993-2026
-1.875,-111.875,23.0724,1993-2026
-1.875,-109.875,20.2418,1993-2026
-1.875,-107.875,17.1547,1993-2026
-1.875,-105.875,21.779,1993-2026
-1.875,-103.875,20.7832,1993-2026
-1.875,-101.875,22.1739,1993-2026
-1.875,-99.875,20.7963,1993-2026
-1.875,-97.875,19.3171,1993-2026
-1.875,-95.875,17.9415,1993-2026
-1.875,-93.875,20.9366,1993-2026
-1.875,-91.875,21.9774,1993-2026
-1.875,-89.875,20.2902,1993-2026
-1.875,-87.875,24.2458,1993-2026
-1.875,-85.875,24.7548,1993-2026
-1.875,-83.875,25.2126,1993-2026
-1.875,-81.875,26.85,1993-2026
-1.875,-49.875,57.0342,1993-2026
-1.875,-43.875,40.2856,1993-2026
-1.875,-41.875,36.255,1993-2026
-1.875,-39.875,35.5437,1993-2026
-1.875,-37.875,35.8485,1993-2026
-1.875,-35.875,33.9063,1993-2026
-1.875,-33.875,33.9977,1993-2026
-1.875,-31.875,35.5495,1993-2026
-1.875,-29.875,33.7345,1993-2026
-1.875,-27.875,32.6255,1993-2026
-1.875,-25.875,31.8247,1993-2026
-1.875,-23.875,32.9898,1993-2026
-1.875,-21.875,31.0413,1993-2026
-1.875,-19.875,30.2085,1993-2026
-1.875,-17.875,32.4721,1993-2026
-1.875,-15.875,32.3385,1993-2026
-1.875,-13.875,33.3735,1993-2026
-1.875,-11.875,34.3689,1993-2026
-1.875,-9.875,35.4358,1993-2026
-1.875,-7.875,33.2565,1993-2026
-1.875,-5.875,34.9892,1993-2026
-1.875,-3.875,34.9906,1993-2026
-1.875,-1.875,34.7492,1993-2026
-1.875,0.125,33.1408,1993-2026
-1.875,2.125,33.3624,1993-2026
-1.875,4.125,34.3877,1993-2026
-1.875,6.125,33.3373,1993-2026
-1.875,8.125,40.1782,1993-2026
-1.875,42.125,25.7734,1993-2026
-1.875,44.125,31.2039,1993-2026
-1.875,46.125,28.3268,1993-2026
-1.875,48.125,24.8874,1993-2026
-1.875,50.125,29.0589,1993-2026
-1.875,52.125,31.8663,1993-2026
-1.875,54.125,31.3723,1993-2026
-1.875,56.125,31.9534,1993-2026
-1.875,58.125,33.9285,1993-2026
-1.875,60.125,32.5544,1993-2026
-1.875,62.125,28.321,1993-2026
-1.875,64.125,28.4419,1993-2026
-1.875,66.125,28.6485,1993-2026
-1.875,68.125,27.0769,1993-2026
-1.875,70.125,27.2119,1993-2026
-1.875,72.125,30.9934,1993-2026
-1.875,74.125,32.0206,1993-2026
-1.875,76.125,34.4705,1993-2026
-1.875,78.125,41.4852,1993-2026
-1.875,80.125,40.619,1993-2026
-1.875,82.125,44.4794,1993-2026
-1.875,84.125,50.5742,1993-2026
-1.875,86.125,52.875,1993-2026
-1.875,88.125,50.4789,1993-2026
-1.875,90.125,52.9858,1993-2026
-1.875,92.125,55.5489,1993-2026
-1.875,94.125,57.3919,1993-2026
-1.875,96.125,63.2023,1993-2026
-1.875,98.125,64.4361,1993-2026
-1.875,100.125,80.3487,1993-2026
-1.875,106.125,51.0305,1993-2026
-1.875,108.125,61.2184,1993-2026
-1.875,110.125,63.4403,1993-2026
-1.875,116.125,71.2345,1993-2026
-1.875,118.125,62.2171,1993-2026
-1.875,122.125,70.0108,1993-2026
-1.875,124.125,63.4916,1993-2026
-1.875,126.125,67.4153,1993-2026
-1.875,128.125,76.8252,1993-2026
-1.875,134.125,86.1871,1993-2026
-1.875,136.125,77.0095,1993-2026
-1.875,140.125,81.8202,1993-2026
-1.875,142.125,83.8437,1993-2026
-1.875,144.125,84.5918,1993-2026
-1.875,146.125,81.8676,1993-2026
-1.875,148.125,80.4261,1993-2026
-1.875,150.125,77.3173,1993-2026
-1.875,152.125,74.7716,1993-2026
-1.875,154.125,75.0421,1993-2026
-1.875,156.125,73.6689,1993-2026
-1.875,158.125,71.0124,1993-2026
-1.875,160.125,68.1653,1993-2026
-1.875,162.125,67.4729,1993-2026
-1.875,164.125,64.786,1993-2026
-1.875,166.125,59.9119,1993-2026
-1.875,168.125,57.1166,1993-2026
-1.875,170.125,53.5694,1993-2026
-1.875,172.125,51.1645,1993-2026
-1.875,174.125,52.65,1993-2026
-1.875,176.125,42.8521,1993-2026
-1.875,178.125,41.8916,1993-2026
0.125,-179.875,39.659,1993-2026
0.125,-177.875,36.3048,1993-2026
0.125,-175.875,33.3271,1993-2026
0.125,-173.875,29.9782,1993-2026
0.125,-171.875,28.5237,1993-2026
0.125,-169.875,26.0526,1993-2026
0.125,-167.875,26.3565,1993-2026
0.125,-165.875,24.5085,1993-2026
0.125,-163.875,24.7853,1993-2026
0.125,-161.875,21.6595,1993-2026
0.125,-159.875,26.2902,1993-2026
0.125,-157.875,27.4587,1993-2026
0.125,-155.875,21.4955,1993-2026
0.125,-153.875,22.1385,1993-2026
0.125,-151.875,18.1292,1993-2026
0.125,-149.875,20.2311,1993-2026
0.125,-147.875,17.1581,1993-2026
0.125,-145.875,20.1276,1993-2026
0.125,-143.875,20.0081,1993-2026
0.125,-141.875,15.1132,1993-2026
0.125,-139.875,12.5477,1993-2026
0.125,-137.875,14.4223,1993-2026
0.125,-135.875,17.67,1993-2026
0.125,-133.875,15.8952,1993-2026
0.125,-131.875,16.9002,1993-2026
0.125,-129.875,19.8295,1993-2026
0.125,-127.875,24.5773,1993-2026
0.125,-125.875,24.4234,1993-2026
0.125,-123.875,22.5658,1993-2026
0.125,-121.875,21.1635,1993-2026
0.125,-119.875,22.3553,1993-2026
0.125,-117.875,21.6527,1993-2026
0.125,-115.875,27.3929,1993-2026
0.125,-113.875,21.6682,1993-2026
0.125,-111.875,24.6353,1993-2026
0.125,-109.875,24.6658,1993-2026
0.125,-107.875,20.235,1993-2026
0.125,-105.875,24.4984,1993-2026
0.125,-103.875,24.989,1993-2026
0.125,-101.875,21.5415,1993-2026
0.125,-99.875,22.3548,1993-2026
0.125,-97.875,21.3571,1993-2026
0.125,-95.875,22.9998,1993-2026
0.125,-93.875,25.5194,1993-2026
0.125,-91.875,21.7423,1993-2026
0.125,-89.875,26.6187,1993-2026
0.125,-87.875,26.2703,1993-2026
0.125,-85.875,29.7687,1993-2026
0.125,-83.875,27.3653,1993-2026
0.125,-81.875,25.3471,1993-2026
0.125,-79.875,27.5158,1993-2026
0.125,-49.875,62.445,1993-2026
0.125,-47.875,28.8847,1993-2026
0.125,-45.875,44.2839,1993-2026
0.125,-43.875,41.2156,1993-2026
0.125,-41.875,37.6911,1993-2026
0.125,-39.875,34.5484,1993-2026
0.125,-37.875,33.9315,1993-2026
0.125,-35.875,33.5792,1993-2026
0.125,-33.875,31.9224,1993-2026
0.125,-31.875,35.4619,1993-2026
0.125,-29.875,34.2097,1993-2026
0.125,-27.875,30.3997,1993-2026
0.125,-25.875,30.9189,1993-2026
0.125,-23.875,31.1623,1993-2026
0.125,-21.875,29.85,1993-2026
0.125,-19.875,31.1608,1993-2026
0.125,-17.875,30.0615,1993-2026
0.125,-15.875,27.9358,1993-2026
0.125,-13.875,30.9155,1993-2026
0.125,-11.875,32.0565,1993-2026
0.125,-9.875,33.0039,1993-2026
0.125,-7.875,32.5756,1993-2026
0.125,-5.875,34.6655,1993-2026
0.125,-3.875,34.5305,1993-2026
0.125,-1.875,30.0668,1993-2026
0.125,0.125,31.8673,1993-2026
0.125,2.125,35.0473,1993-2026
0.125,4.125,31.351,1993-2026
0.125,6.125,34.2256,1993-2026
0.125,8.125,35.9419,1993-2026
0.125,44.125,28.0016,1993-2026
0.125,46.125,29.3961,1993-2026
0.125,48.125,29.3865,1993-2026
0.125,50.125,26.8897,1993-2026
0.125,52.125,30.181,1993-2026
0.125,54.125,33.1132,1993-2026
0.125,56.125,29.3845,1993-2026
0.125,58.125,29.1852,1993-2026
0.125,60.125,27.1916,1993-2026
0.125,62.125,30.1335,1993-2026
0.125,64.125,29.7585,1993-2026
0.125,66.125,32.3923,1993-2026
0.125,68.125,35.1963,1993-2026
0.125,70.125,32.7765,1993-2026
0.125,72.125,34.5223,1993-2026
0.125,74.125,38.0826,1993-2026
0.125,76.125,38.2776,1993-2026
0.125,78.125,40.1105,1993-2026
0.125,80.125,43.7666,1993-2026
0.125,82.125,47.2127,1993-2026
0.125,84.125,48.8603,1993-2026
0.125,86.125,52.2319,1993-2026
0.125,88.125,52.5223,1993-2026
0.125,90.125,55.0239,1993-2026
0.125,92.125,56.8302,1993-2026
0.125,94.125,61.8402,1993-2026
0.125,96.125,64.3723,1993-2026
0.125,98.125,67.0887,1993-2026
0.125,104.125,54.375,1993-2026
0.125,106.125,49.8663,1993-2026
0.125,108.125,58.8194,1993-2026
0.125,118.125,66.4476,1993-2026
0.125,120.125,64.6573,1993-2026
0.125,122.125,64.0534,1993-2026
0.125,124.125,67.2895,1993-2026
0.125,126.125,63.3455,1993-2026
0.125,128.125,75.4873,1993-2026
0.125,130.125,78.389,1993-2026
0.125,132.125,74.2065,1993-2026
0.125,134.125,76.5082,1993-2026
0.125,136.125,74.9652,1993-2026
0.125,138.125,79.4865,1993-2026
0.125,140.125,86.7919,1993-2026
0.125,142.125,85.9795,1993-2026
0.125,144.125,79.2068,1993-2026
0.125,146.125,75.8081,1993-2026
0.125,148.125,79.3597,1993-2026
0.125,150.125,79.1216,1993-2026
0.125,152.125,78.4732,1993-2026
0.125,154.125,76.4245,1993-2026
0.125,156.125,74.4247,1993-2026
0.125,158.125,71.6535,1993-2026
0.125,160.125,68.4842,1993-2026
0.125,162.125,68.2897,1993-2026
0.125,164.125,61.9224,1993-2026
0.125,166.125,58.3892,1993-2026
0.125,168.125,57.9779,1993-2026
0.125,170.125,52.3055,1993-2026
0.125,172.125,49.8421,1993-2026
0.125,174.125,51.1819,1993-2026
0.125,176.125,42.2797,1993-2026
0.125,178.125,44.5437,1993-2026
2.125,-179.875,38.895,1993-2026
2.125,-177.875,32.97,1993-2026
2.125,-175.875,34.9674,1993-2026
2.125,-173.875,31.1981,1993-2026
2.125,-171.875,30.7321,1993-2026
2.125,-169.875,25.0423,1993-2026
2.125,-167.875,27.8047,1993-2026
2.125,-165.875,28.4918,1993-2026
2.125,-163.875,25.8426,1993-2026
2.125,-161.875,23.0516,1993-2026
2.125,-159.875,27.029,1993-2026
2.125,-157.875,30.5168,1993-2026
2.125,-155.875,29.0477,1993-2026
2.125,-153.875,25.3834,1993-2026
2.125,-151.875,25.199,1993-2026
2.125,-149.875,22.5547,1993-2026
2.125,-147.875,20.8848,1993-2026
2.125,-145.875,21.809,1993-2026
2.125,-143.875,21.7142,1993-2026
2.125,-141.875,20.4668,1993-2026
2.125,-139.875,15.631,1993-2026
2.125,-137.875,15.7611,1993-2026
2.125,-135.875,17.2335,1993-2026
2.125,-133.875,16.7511,1993-2026
2.125,-131.875,23.0792,1993-2026
2.125,-129.875,25.8697,1993-2026
2.125,-127.875,28.546,1993-2026
2.125,-125.875,30.1113,1993-2026
2.125,-123.875,25.5963,1993-2026
2.125,-121.875,24.1181,1993-2026
2.125,-119.875,22.5494,1993-2026
2.125,-117.875,23.2365,1993-2026
2.125,-115.875,32.4223,1993-2026
2.125,-113.875,30.5598,1993-2026
2.125,-111.875,26.8389,1993-2026
2.125,-109.875,28.7671,1993-2026
2.125,-107.875,27.8052,1993-2026
2.125,-105.875,29.3898,1993-2026
2.125,-103.875,24.4292,1993-2026
2.125,-101.875,26.5282,1993-2026
2.125,-99.875,30.6344,1993-2026
2.125,-97.875,27.0556,1993-2026
2.125,-95.875,28.1681,1993-2026
2.125,-93.875,25.0819,1993-2026
2.125,-91.875,22.6989,1993-2026
2.125,-89.875,26.3947,1993-2026
2.125,-87.875,25.9785,1993-2026
2.125,-85.875,28.3234,1993-2026
2.125,-83.875,29.9695,1993-2026
2.125,-81.875,31.3785,1993-2026
2.125,-79.875,28.2368,1993-2026
2.125,-49.875,36.8976,1993-2026
2.125,-47.875,56.4334,1993-2026
2.125,-45.875,47.3463,1993-2026
2.125,-43.875,42.1185,1993-2026
2.125,-41.875,38.6516,1993-2026
2.125,-39.875,37.2552,1993-2026
2.125,-37.875,34.3277,1993-2026
2.125,-35.875,33.0827,1993-2026
2.125,-33.875,33.5361,1993-2026
2.125,-31.875,35.1653,1993-2026
2.125,-29.875,38.3265,1993-2026
2.125,-27.875,40.3403,1993-2026
2.125,-25.875,39.9997,1993-2026
2.125,-23.875,35.0502,1993-2026
2.125,-21.875,36.7118,1993-2026
2.125,-19.875,35.2732,1993-2026
2.125,-17.875,35.4915,1993-2026
2.125,-15.875,32.6676,1993-2026
2.125,-13.875,36.8468,1993-2026
2.125,-11.875,36.5502,1993-2026
2.125,-9.875,37.1434,1993-2026
2.125,-7.875,35.6802,1993-2026
2.125,-5.875,37.71,1993-2026
2.125,-3.875,33.8898,1993-2026
2.125,-1.875,33.5729,1993-2026
2.125,0.125,35.7276,1993-2026
2.125,2.125,35.4968,1993-2026
2.125,4.125,36.1926,1993-2026
2.125,6.125,38.3952,1993-2026
2.125,8.125,41.1039,1993-2026
2.125,46.125,29.2374,1993-2026
2.125,48.125,20.3381,1993-2026
2.125,50.125,23.865,1993-2026
2.125,52.125,24.4713,1993-2026
2.125,54.125,24.7074,1993-2026
2.125,56.125,30.1476,1993-2026
2.125,58.125,24.8381,1993-2026
2.125,60.125,20.6753,1993-2026
2.125,62.125,25.9152,1993-2026
2.125,64.125,25.081,1993-2026
2.125,66.125,25.4216,1993-2026
2.125,68.125,28.1289,1993-2026
2.125,70.125,32.5568,1993-2026
2.125,72.125,35.9032,1993-2026
2.125,74.125,35.3347,1993-2026
2.125,76.125,33.7897,1993-2026
2.125,78.125,39.376,1993-2026
2.125,80.125,40.6887,1993-2026
2.125,82.125,40.5823,1993-2026
2.125,84.125,46.9674,1993-2026
2.125,86.125,52.8537,1993-2026
2.125,88.125,55.0587,1993-2026
2.125,90.125,60.991,1993-2026
2.125,92.125,60.0194,1993-2026
2.125,94.125,68.1929,1993-2026
2.125,96.125,72.2255,1993-2026
2.125,98.125,66.4529,1993-2026
2.125,102.125,66.0445,1993-2026
2.125,104.125,64.7303,1993-2026
2.125,106.125,53.4416,1993-2026
2.125,108.125,51.9677,1993-2026
2.125,110.125,64.8489,1993-2026
2.125,118.125,58.7652,1993-2026
2.125,120.125,56.9444,1993-2026
2.125,122.125,71.6739,1993-2026
2.125,124.125,79.4739,1993-2026
2.125,126.125,71.5548,1993-2026
2.125,128.125,78.9634,1993-2026
2.125,130.125,77.0327,1993-2026
2.125,132.125,75.9634,1993-2026
2.125,134.125,79.6321,1993-2026
2.125,136.125,79.289,1993-2026
2.125,138.125,79.6834,1993-2026
2.125,140.125,81.659,1993-2026
2.125,142.125,84.9469,1993-2026
2.125,144.125,80.1169,1993-2026
2.125,146.125,80.6458,1993-2026
2.125,148.125,82.7337,1993-2026
2.125,150.125,78.5734,1993-2026
2.125,152.125,79.951,1993-2026
2.125,154.125,80.0052,1993-2026
2.125,156.125,79.6611,1993-2026
2.125,158.125,70.8798,1993-2026
2.125,160.125,68.5079,1993-2026
2.125,162.125,73.3829,1993-2026
2.125,164.125,66.2545,1993-2026
2.125,166.125,58.4826,1993-2026
2.125,168.125,60.4892,1993-2026
2.125,170.125,58.0539,1993-2026
2.125,172.125,55.979,1993-2026
2.125,174.125,50.9269,1993-2026
2.125,176.125,42.6077,1993-2026
2.125,178.125,42.2835,1993-2026
4.125,-179.875,36.4239,1993-2026
4.125,-177.875,27.8555,1993-2026
4.125,-175.875,37.0969,1993-2026
4.125,-173.875,38.189,1993-2026
4.125,-171.875,33.8516,1993-2026
4.125,-169.875,27.03,1993-2026
4.125,-167.875,28.3069,1993-2026
4.125,-165.875,26.5002,1993-2026
4.125,-163.875,31.5203,1993-2026
4.125,-161.875,30.1815,1993-2026
4.125,-159.875,31.0282,1993-2026
4.125,-157.875,29.7227,1993-2026
4.125,-155.875,31.6476,1993-2026
4.125,-153.875,27.2903,1993-2026
4.125,-151.875,18.9852,1993-2026
4.125,-149.875,17.1668,1993-2026
4.125,-147.875,17.1944,1993-2026
4.125,-145.875,21.4597,1993-2026
4.125,-143.875,25.4719,1993-2026
4.125,-141.875,27.825,1993-2026
4.125,-139.875,28.5179,1993-2026
4.125,-137.875,28.7802,1993-2026
4.125,-135.875,29.0966,1993-2026
4.125,-133.875,27.4224,1993-2026
4.125,-131.875,26.459,1993-2026
4.125,-129.875,30.39,1993-2026
4.125,-127.875,30.151,1993-2026
4.125,-125.875,26.8287,1993-2026
4.125,-123.875,22.9732,1993-2026
4.125,-121.875,20.789,1993-2026
4.125,-119.875,18.8908,1993-2026
4.125,-117.875,21.6915,1993-2026
4.125,-115.875,31.7613,1993-2026
4.125,-113.875,28.5639,1993-2026
4.125,-111.875,18.269,1993-2026
4.125,-109.875,17.5771,1993-2026
4.125,-107.875,23.7615,1993-2026
4.125,-105.875,28.5242,1993-2026
4.125,-103.875,30.4297,1993-2026
4.125,-101.875,27.5835,1993-2026
4.125,-99.875,28.0723,1993-2026
4.125,-97.875,33.1234,1993-2026
4.125,-95.875,30.9924,1993-2026
4.125,-93.875,26.1929,1993-2026
4.125,-91.875,23.3932,1993-2026
4.125,-89.875,30.3982,1993-2026
4.125,-87.875,34.2556,1993-2026
4.125,-85.875,25.7923,1993-2026
4.125,-83.875,29.9874,1993-2026
4.125,-81.875,35.1387,1993-2026
4.125,-79.875,28.14,1993-2026
4.125,-77.875,31.6244,1993-2026
4.125,-49.875,46.1661,1993-2026
4.125,-47.875,55.0515,1993-2026
4.125,-45.875,52.2373,1993-2026
4.125,-43.875,43.8585,1993-2026
4.125,-41.875,37.3539,1993-2026
4.125,-39.875,35.1,1993-2026
4.125,-37.875,38.5045,1993-2026
4.125,-35.875,43.3113,1993-2026
4.125,-33.875,45.5782,1993-2026
4.125,-31.875,43.0897,1993-2026
4.125,-29.875,40.3829,1993-2026
4.125,-27.875,42.0145,1993-2026
4.125,-25.875,45.9881,1993-2026
4.125,-23.875,42.2511,1993-2026
4.125,-21.875,47.2539,1993-2026
4.125,-19.875,45.8226,1993-2026
4.125,-17.875,41.3511,1993-2026
4.125,-15.875,46.2779,1993-2026
4.125,-13.875,43.8145,1993-2026
4.125,-11.875,41.3758,1993-2026
4.125,-9.875,46.0815,1993-2026
4.125,-7.875,47.0956,1993-2026
4.125,-5.875,47.6453,1993-2026
4.125,-3.875,43.169,1993-2026
4.125,-1.875,47.6463,1993-2026
4.125,0.125,42.9919,1993-2026
4.125,2.125,35.9303,1993-2026
4.125,4.125,36.7045,1993-2026
4.125,6.125,40.0994,1993-2026
4.125,8.125,39.3513,1993-2026
4.125,48.125,29.4639,1993-2026
4.125,50.125,19.6573,1993-2026
4.125,52.125,24.2095,1993-2026
4.125,54.125,21.7021,1993-2026
4.125,56.125,28.1966,1993-2026
4.125,58.125,18.5168,1993-2026
4.125,60.125,12.7311,1993-2026
4.125,62.125,12.3702,1993-2026
4.125,64.125,16.1463,1993-2026
4.125,66.125,19.7037,1993-2026
4.125,68.125,26.7315,1993-2026
4.125,70.125,33.2356,1993-2026
4.125,72.125,36.7602,1993-2026
4.125,74.125,40.6355,1993-2026
4.125,76.125,41.8379,1993-2026
4.125,78.125,43.8556,1993-2026
4.125,80.125,44.4373,1993-2026
4.125,82.125,41.0206,1993-2026
4.125,84.125,52.1932,1993-2026
4.125,86.125,57.0435,1993-2026
4.125,88.125,62.2432,1993-2026
4.125,90.125,71.894,1993-2026
4.125,92.125,84.6653,1993-2026
4.125,94.125,78.5081,1993-2026
4.125,96.125,70.5435,1993-2026
4.125,98.125,74.7498,1993-2026
4.125,100.125,84.1316,1993-2026
4.125,104.125,55.0853,1993-2026
4.125,106.125,49.3611,1993-2026
4.125,108.125,50.2069,1993-2026
4.125,110.125,50.6303,1993-2026
4.125,112.125,57.0489,1993-2026
4.125,118.125,59.3477,1993-2026
4.125,120.125,55.5479,1993-2026
4.125,122.125,66.9034,1993-2026
4.125,124.125,59.5113,1993-2026
4.125,126.125,73.6815,1993-2026
4.125,128.125,80.565,1993-2026
4.125,130.125,89.9627,1993-2026
4.125,132.125,96.1587,1993-2026
4.125,134.125,113.6308,1993-2026
4.125,136.125,109.9461,1993-2026
4.125,138.125,89.3066,1993-2026
4.125,140.125,78.4529,1993-2026
4.125,142.125,75.4732,1993-2026
4.125,144.125,81.9527,1993-2026
4.125,146.125,77.9269,1993-2026
4.125,148.125,72.9489,1993-2026
4.125,150.125,78.211,1993-2026
4.125,152.125,80.5989,1993-2026
4.125,154.125,74.3565,1993-2026
4.125,156.125,79.0597,1993-2026
4.125,158.125,73.3974,1993-2026
4.125,160.125,70.5285,1993-2026
4.125,162.125,67.5068,1993-2026
4.125,164.125,65.0144,1993-2026
4.125,166.125,67.9969,1993-2026
4.125,168.125,62.2142,1993-2026
4.125,170.125,62.9802,1993-2026
4.125,172.125,58.7748,1993-2026
4.125,174.125,56.715,1993-2026
4.125,176.125,51.0924,1993-2026
4.125,178.125,48.9547,1993-2026
6.125,-179.875,57.8782,1993-2026
6.125,-177.875,42.2182,1993-2026
6.125,-175.875,38.8113,1993-2026
6.125,-173.875,42.5105,1993-2026
6.125,-171.875,37.3427,1993-2026
6.125,-169.875,36.9329,1993-2026
6.125,-167.875,37.4347,1993-2026
6.125,-165.875,39.4306,1993-2026
6.125,-163.875,40.4458,1993-2026
6.125,-161.875,38.2456,1993-2026
6.125,-159.875,30.8748,1993-2026
6.125,-157.875,21.1297,1993-2026
6.125,-155.875,21.2845,1993-2026
6.125,-153.875,19.7381,1993-2026
6.125,-151.875,18.0765,1993-2026
6.125,-149.875,20.4982,1993-2026
6.125,-147.875,23.6797,1993-2026
6.125,-145.875,31.034,1993-2026
6.125,-143.875,32.2882,1993-2026
6.125,-141.875,33.9068,1993-2026
6.125,-139.875,37.8281,1993-2026
6.125,-137.875,41.0516,1993-2026
6.125,-135.875,39.795,1993-2026
6.125,-133.875,31.2721,1993-2026
6.125,-131.875,28.561,1993-2026
6.125,-129.875,34.0369,1993-2026
6.125,-127.875,31.2048,1993-2026
6.125,-125.875,15.0402,1993-2026
6.125,-123.875,15.2298,1993-2026
6.125,-121.875,22.0645,1993-2026
6.125,-119.875,16.4961,1993-2026
6.125,-117.875,18.6377,1993-2026
6.125,-115.875,28.5711,1993-2026
6.125,-113.875,22.3094,1993-2026
6.125,-111.875,13.5939,1993-2026
6.125,-109.875,12.6106,1993-2026
6.125,-107.875,11.7203,1993-2026
6.125,-105.875,14.7019,1993-2026
6.125,-103.875,15.3411,1993-2026
6.125,-101.875,14.714,1993-2026
6.125,-99.875,9.5298,1993-2026
6.125,-97.875,11.5452,1993-2026
6.125,-95.875,12.2748,1993-2026
6.125,-93.875,24.9019,1993-2026
6.125,-91.875,29.8253,1993-2026
6.125,-89.875,25.4729,1993-2026
6.125,-87.875,33.7989,1993-2026
6.125,-85.875,31.1318,1993-2026
6.125,-83.875,25.2919,1993-2026
6.125,-81.875,32.3381,1993-2026
6.125,-79.875,26.0927,1993-2026
6.125,-77.875,30.9184,1993-2026
6.125,-55.875,41.3676,1993-2026
6.125,-53.875,49.261,1993-2026
6.125,-51.875,51.5879,1993-2026
6.125,-49.875,45.5545,1993-2026
6.125,-47.875,45.2574,1993-2026
6.125,-45.875,89.2442,1993-2026
6.125,-43.875,89.1779,1993-2026
6.125,-41.875,42.3135,1993-2026
6.125,-39.875,50.5171,1993-2026
6.125,-37.875,56.309,1993-2026
6.125,-35.875,57.51,1993-2026
6.125,-33.875,54.705,1993-2026
6.125,-31.875,30.5144,1993-2026
6.125,-29.875,35.4561,1993-2026
6.125,-27.875,39.3421,1993-2026
6.125,-25.875,43.8242,1993-2026
6.125,-23.875,42.3619,1993-2026
6.125,-21.875,37.1627,1993-2026
6.125,-19.875,40.7584,1993-2026
6.125,-17.875,41.9013,1993-2026
6.125,-15.875,46.7835,1993-2026
6.125,-13.875,46.8165,1993-2026
6.125,-11.875,46.1555,1993-2026
6.125,2.125,40.0698,1993-2026
6.125,4.125,40.6365,1993-2026
6.125,50.125,25.3597,1993-2026
6.125,52.125,21.4926,1993-2026
6.125,54.125,23.7934,1993-2026
6.125,56.125,30.3295,1993-2026
6.125,58.125,17.0913,1993-2026
6.125,60.125,10.2092,1993-2026
6.125,62.125,17.73,1993-2026
6.125,64.125,26.4784,1993-2026
6.125,66.125,24.7563,1993-2026
6.125,68.125,27.9895,1993-2026
6.125,70.125,28.8798,1993-2026
6.125,72.125,36.539,1993-2026
6.125,74.125,33.6024,1993-2026
6.125,76.125,47.0758,1993-2026
6.125,78.125,49.9844,1993-2026
6.125,80.125,54.4031,1993-2026
6.125,82.125,44.9129,1993-2026
6.125,84.125,44.9753,1993-2026
6.125,86.125,47.8563,1993-2026
6.125,88.125,56.7261,1993-2026
6.125,90.125,67.8827,1993-2026
6.125,92.125,84.0213,1993-2026
6.125,94.125,68.7905,1993-2026
6.125,96.125,70.4719,1993-2026
6.125,98.125,77.1523,1993-2026
6.125,100.125,72.2574,1993-2026
6.125,102.125,54.5187,1993-2026
6.125,104.125,52.7811,1993-2026
6.125,106.125,46.0524,1993-2026
6.125,108.125,49.8726,1993-2026
6.125,110.125,24.8303,1993-2026
6.125,112.125,40.8513,1993-2026
6.125,114.125,55.3205,1993-2026
6.125,116.125,70.7313,1993-2026
6.125,118.125,63.1897,1993-2026
6.125,120.125,62.6526,1993-2026
6.125,122.125,58.545,1993-2026
6.125,124.125,63.0073,1993-2026
6.125,126.125,67.1632,1993-2026
6.125,128.125,74.1905,1993-2026
6.125,130.125,84.2526,1993-2026
6.125,132.125,74.5945,1993-2026
6.125,134.125,85.0205,1993-2026
6.125,136.125,113.9018,1993-2026
6.125,138.125,113.0487,1993-2026
6.125,140.125,76.8697,1993-2026
6.125,142.125,69.3687,1993-2026
6.125,144.125,80.2921,1993-2026
6.125,146.125,78.9982,1993-2026
6.125,148.125,83.4024,1993-2026
6.125,150.125,89.6826,1993-2026
6.125,152.125,73.1773,1993-2026
6.125,154.125,72.7505,1993-2026
6.125,156.125,77.5756,1993-2026
6.125,158.125,81.2811,1993-2026
6.125,160.125,77.6216,1993-2026
6.125,162.125,79.1119,1993-2026
6.125,164.125,66.7795,1993-2026
6.125,166.125,64.7119,1993-2026
6.125,168.125,68.325,1993-2026
6.125,170.125,72.7955,1993-2026
6.125,172.125,69.3832,1993-2026
6.125,174.125,66.8666,1993-2026
6.125,176.125,66.1432,1993-2026
6.125,178.125,66.4892,1993-2026
8.125,-179.875,60.2453,1993-2026
8.125,-177.875,52.665,1993-2026
8.125,-175.875,39.7887,1993-2026
8.125,-173.875,36.3774,1993-2026
8.125,-171.875,35.9415,1993-2026
8.125,-169.875,39.6126,1993-2026
8.125,-167.875,42.5124,1993-2026
8.125,-165.875,44.851,1993-2026
8.125,-163.875,41.7445,1993-2026
8.125,-161.875,42.9668,1993-2026
8.125,-159.875,37.7981,1993-2026
8.125,-157.875,20.5887,1993-2026
8.125,-155.875,16.5034,1993-2026
8.125,-153.875,17.5631,1993-2026
8.125,-151.875,19.0921,1993-2026
8.125,-149.875,26.1073,1993-2026
8.125,-147.875,30.3034,1993-2026
8.125,-145.875,23.8723,1993-2026
8.125,-143.875,20.8906,1993-2026
8.125,-141.875,22.8813,1993-2026
8.125,-139.875,19.2469,1993-2026
8.125,-137.875,29.2379,1993-2026
8.125,-135.875,38.9129,1993-2026
8.125,-133.875,31.1913,1993-2026
8.125,-131.875,28.2997,1993-2026
8.125,-129.875,38.2602,1993-2026
8.125,-127.875,33.7577,1993-2026
8.125,-125.875,20.9685,1993-2026
8.125,-123.875,27.7713,1993-2026
8.125,-121.875,28.1298,1993-2026
8.125,-119.875,10.3306,1993-2026
8.125,-117.875,12.4248,1993-2026
8.125,-115.875,24.7398,1993-2026
8.125,-113.875,19.0573,1993-2026
8.125,-111.875,13.7971,1993-2026
8.125,-109.875,14.4276,1993-2026
8.125,-107.875,11.7663,1993-2026
8.125,-105.875,4.4719,1993-2026
8.125,-103.875,0.8782,1993-2026
8.125,-101.875,9.1974,1993-2026
8.125,-99.875,13.8358,1993-2026
8.125,-97.875,4.3994,1993-2026
8.125,-95.875,-5.8974,1993-2026
8.125,-93.875,8.3187,1993-2026
8.125,-91.875,27.87,1993-2026
8.125,-89.875,21.0479,1993-2026
8.125,-87.875,28.7874,1993-2026
8.125,-85.875,35.3681,1993-2026
8.125,-83.875,26.8132,1993-2026
8.125,-81.875,31.9602,1993-2026
8.125,-79.875,34.4221,1993-2026
8.125,-57.875,38.2631,1993-2026
8.125,-55.875,51.7703,1993-2026
8.125,-53.875,28.7487,1993-2026
8.125,-51.875,52.246,1993-2026
8.125,-49.875,55.8934,1993-2026
8.125,-47.875,31.5532,1993-2026
8.125,-45.875,35.7247,1993-2026
8.125,-43.875,43.1763,1993-2026
8.125,-41.875,44.2132,1993-2026
8.125,-39.875,41.9535,1993-2026
8.125,-37.875,37.6229,1993-2026
8.125,-35.875,37.8876,1993-2026
8.125,-33.875,50.3792,1993-2026
8.125,-31.875,47.8742,1993-2026
8.125,-29.875,47.2074,1993-2026
8.125,-27.875,43.6166,1993-2026
8.125,-25.875,38.4116,1993-2026
8.125,-23.875,33.5308,1993-2026
8.125,-21.875,36.3126,1993-2026
8.125,-19.875,41.3531,1993-2026
8.125,-17.875,42.2153,1993-2026
8.125,-15.875,35.4837,1993-2026
8.125,-13.875,44.9898,1993-2026
8.125,50.125,34.9577,1993-2026
8.125,52.125,19.2135,1993-2026
8.125,54.125,33.1534,1993-2026
8.125,56.125,30.9455,1993-2026
8.125,58.125,32.3526,1993-2026
8.125,60.125,35.1982,1993-2026
8.125,62.125,47.7319,1993-2026
8.125,64.125,51.8545,1993-2026
8.125,66.125,48.4935,1993-2026
8.125,68.125,43.1985,1993-2026
8.125,70.125,37.8116,1993-2026
8.125,72.125,39.9653,1993-2026
8.125,74.125,43.9374,1993-2026
8.125,76.125,48.0382,1993-2026
8.125,78.125,45.6169,1993-2026
8.125,82.125,58.0573,1993-2026
8.125,84.125,44.7256,1993-2026
8.125,86.125,40.1163,1993-2026
8.125,88.125,47.1348,1993-2026
8.125,90.125,53.2389,1993-2026
8.125,92.125,67.7477,1993-2026
8.125,94.125,72.8797,1993-2026
8.125,96.125,87.8574,1993-2026
8.125,98.125,77.6666,1993-2026
8.125,102.125,51.3058,1993-2026
8.125,104.125,52.8387,1993-2026
8.125,106.125,48.2506,1993-2026
8.125,108.125,58.7652,1993-2026
8.125,110.125,37.9205,1993-2026
8.125,112.125,45.5932,1993-2026
8.125,114.125,53.0177,1993-2026
8.125,116.125,58.8503,1993-2026
8.125,118.125,62.6439,1993-2026
8.125,120.125,51.7394,1993-2026
8.125,122.125,59.8626,1993-2026
8.125,124.125,64.9268,1993-2026
8.125,128.125,50.6555,1993-2026
8.125,130.125,52.2024,1993-2026
8.125,132.125,58.021,1993-2026
8.125,134.125,75.2424,1993-2026
8.125,136.125,78.9595,1993-2026
8.125,138.125,81.2826,1993-2026
8.125,140.125,78.7539,1993-2026
8.125,142.125,77.0666,1993-2026
8.125,144.125,81.8231,1993-2026
8.125,146.125,81.8777,1993-2026
8.125,148.125,85.9597,1993-2026
8.125,150.125,86.7503,1993-2026
8.125,152.125,84.1156,1993-2026
8.125,154.125,76.409,1993-2026
8.125,156.125,77.0153,1993-2026
8.125,158.125,80.0632,1993-2026
8.125,160.125,86.4648,1993-2026
8.125,162.125,81.2376,1993-2026
8.125,164.125,68.6671,1993-2026
8.125,166.125,75.5245,1993-2026
8.125,168.125,81.0837,1993-2026
8.125,170.125,77.0361,1993-2026
8.125,172.125,73.9703,1993-2026
8.125,174.125,61.8015,1993-2026
8.125,176.125,71.2152,1993-2026
8.125,178.125,70.8087,1993-2026
10.125,-179.875,36.84,1993-2026
10.125,-177.875,43.1081,1993-2026
10.125,-175.875,38.0869,1993-2026
10.125,-173.875,29.9985,1993-2026
10.125,-171.875,33.5792,1993-2026
10.125,-169.875,36.8492,1993-2026
10.125,-167.875,38.2432,1993-2026
10.125,-165.875,28.2948,1993-2026
10.125,-163.875,18.0924,1993-2026
10.125,-161.875,28.8682,1993-2026
10.125,-159.875,38.686,1993-2026
10.125,-157.875,34.6631,1993-2026
10.125,-155.875,32.1973,1993-2026
10.125,-153.875,38.6937,1993-2026
10.125,-151.875,39.3305,1993-2026
10.125,-149.875,43.531,1993-2026
10.125,-147.875,32.9618,1993-2026
10.125,-145.875,28.1013,1993-2026
10.125,-143.875,18.0585,1993-2026
10.125,-141.875,15.389,1993-2026
10.125,-139.875,4.4894,1993-2026
10.125,-137.875,11.656,1993-2026
10.125,-135.875,19.5552,1993-2026
10.125,-133.875,18.9421,1993-2026
10.125,-131.875,16.9587,1993-2026
10.125,-129.875,25.5658,1993-2026
10.125,-127.875,39.1002,1993-2026
10.125,-125.875,27.6798,1993-2026
10.125,-123.875,34.3127,1993-2026
10.125,-121.875,35.0076,1993-2026
10.125,-119.875,17.0395,1993-2026
10.125,-117.875,12.646,1993-2026
10.125,-115.875,7.6916,1993-2026
10.125,-113.875,7.1269,1993-2026
10.125,-111.875,12.6919,1993-2026
10.125,-109.875,19.664,1993-2026
10.125,-107.875,12.9,1993-2026
10.125,-105.875,11.8403,1993-2026
10.125,-103.875,16.0244,1993-2026
10.125,-101.875,18.1006,1993-2026
10.125,-99.875,14.565,1993-2026
10.125,-97.875,17.5563,1993-2026
10.125,-95.875,10.0418,1993-2026
10.125,-93.875,14.6226,1993-2026
10.125,-91.875,22.1047,1993-2026
10.125,-89.875,2.789,1993-2026
10.125,-87.875,27.9174,1993-2026
10.125,-85.875,22.156,1993-2026
10.125,-81.875,31.7637,1993-2026
10.125,-79.875,38.2621,1993-2026
10.125,-77.875,25.7076,1993-2026
10.125,-75.875,35.7358,1993-2026
10.125,-71.875,40.1197,1993-2026
10.125,-65.875,41.5185,1993-2026
10.125,-61.875,37.0055,1993-2026
10.125,-59.875,42.3024,1993-2026
10.125,-57.875,54.6789,1993-2026
10.125,-55.875,44.6661,1993-2026
10.125,-53.875,18.6939,1993-2026
10.125,-51.875,37.7845,1993-2026
10.125,-49.875,44.5515,1993-2026
10.125,-47.875,39.7311,1993-2026
10.125,-45.875,39.6247,1993-2026
10.125,-43.875,36.7205,1993-2026
10.125,-41.875,32.76,1993-2026
10.125,-39.875,36.8037,1993-2026
10.125,-37.875,26.2998,1993-2026
10.125,-35.875,32.6139,1993-2026
10.125,-33.875,44.2602,1993-2026
10.125,-31.875,36.3324,1993-2026
10.125,-29.875,38.4082,1993-2026
10.125,-27.875,38.55,1993-2026
10.125,-25.875,40.9873,1993-2026
10.125,-23.875,37.4642,1993-2026
10.125,-21.875,33.9619,1993-2026
10.125,-19.875,41.4106,1993-2026
10.125,-17.875,41.3623,1993-2026
10.125,-15.875,42.3769,1993-2026
10.125,52.125,12.5023,1993-2026
10.125,54.125,34.5973,1993-2026
10.125,56.125,28.2494,1993-2026
10.125,58.125,35.9245,1993-2026
10.125,60.125,47.445,1993-2026
10.125,62.125,38.43,1993-2026
10.125,64.125,30.5453,1993-2026
10.125,66.125,36.21,1993-2026
10.125,68.125,41.4431,1993-2026
10.125,70.125,47.7445,1993-2026
10.125,72.125,40.3123,1993-2026
10.125,74.125,39.1761,1993-2026
10.125,76.125,52.9839,1993-2026
10.125,80.125,71.6076,1993-2026
10.125,82.125,21.9566,1993-2026
10.125,84.125,46.1284,1993-2026
10.125,86.125,41.5713,1993-2026
10.125,88.125,42.0673,1993-2026
10.125,90.125,57.5003,1993-2026
10.125,92.125,62.4469,1993-2026
10.125,94.125,63.7563,1993-2026
10.125,96.125,65.5297,1993-2026
10.125,98.125,76.921,1993-2026
10.125,100.125,52.3858,1993-2026
10.125,102.125,46.664,1993-2026
10.125,104.125,54.314,1993-2026
10.125,106.125,55.3229,1993-2026
10.125,108.125,63.8095,1993-2026
10.125,110.125,36.4592,1993-2026
10.125,112.125,44.7387,1993-2026
10.125,114.125,58.605,1993-2026
10.125,116.125,58.5131,1993-2026
10.125,118.125,58.9785,1993-2026
10.125,120.125,57.0392,1993-2026
10.125,122.125,59.3869,1993-2026
10.125,124.125,72.059,1993-2026
10.125,126.125,55.5077,1993-2026
10.125,128.125,61.2842,1993-2026
10.125,130.125,66.4485,1993-2026
10.125,132.125,74.6056,1993-2026
10.125,134.125,81.5531,1993-2026
10.125,136.125,78.8879,1993-2026
10.125,138.125,80.8844,1993-2026
10.125,140.125,85.6742,1993-2026
10.125,142.125,80.6308,1993-2026
10.125,144.125,85.5305,1993-2026
10.125,146.125,83.4073,1993-2026
10.125,148.125,83.0042,1993-2026
10.125,150.125,80.2031,1993-2026
10.125,152.125,72.8047,1993-2026
10.125,154.125,76.785,1993-2026
10.125,156.125,81.6208,1993-2026
10.125,158.125,76.0181,1993-2026
10.125,160.125,68.6347,1993-2026
10.125,162.125,63.6595,1993-2026
10.125,164.125,67.5503,1993-2026
10.125,166.125,65.19,1993-2026
10.125,168.125,60.4539,1993-2026
10.125,170.125,56.2021,1993-2026
10.125,172.125,48.6513,1993-2026
10.125,174.125,48.8018,1993-2026
10.125,176.125,42.8081,1993-2026
10.125,178.125,36.9015,1993-2026
12.125,-179.875,34.7216,1993-2026
12.125,-177.875,46.965,1993-2026
12.125,-175.875,46.02,1993-2026
12.125,-173.875,41.6419,1993-2026
12.125,-171.875,42.0247,1993-2026
12.125,-169.875,37.8885,1993-2026
12.125,-167.875,31.7865,1993-2026
12.125,-165.875,39.2545,1993-2026
12.125,-163.875,22.7013,1993-2026
12.125,-161.875,16.6229,1993-2026
12.125,-159.875,20.9177,1993-2026
12.125,-157.875,31.4356,1993-2026
12.125,-155.875,29.611,1993-2026
12.125,-153.875,27.8506,1993-2026
12.125,-151.875,28.0815,1993-2026
12.125,-149.875,25.1613,1993-2026
12.125,-147.875,31.5803,1993-2026
12.125,-145.875,28.3761,1993-2026
12.125,-143.875,10.6161,1993-2026
12.125,-141.875,14.9511,1993-2026
12.125,-139.875,13.7197,1993-2026
12.125,-137.875,4.5184,1993-2026
12.125,-135.875,7.8189,1993-2026
12.125,-133.875,7.6282,1993-2026
12.125,-131.875,14.8239,1993-2026
12.125,-129.875,17.6027,1993-2026
12.125,-127.875,27.7403,1993-2026
12.125,-125.875,34.0094,1993-2026
12.125,-123.875,25.484,1993-2026
12.125,-121.875,22.5871,1993-2026
12.125,-119.875,24.4863,1993-2026
12.125,-117.875,11.6908,1993-2026
12.125,-115.875,9.0174,1993-2026
12.125,-113.875,-0.9,1993-2026
12.125,-111.875,11.0966,1993-2026
12.125,-109.875,12.0813,1993-2026
12.125,-107.875,13.4908,1993-2026
12.125,-105.875,8.3008,1993-2026
12.125,-103.875,58.6727,1993-2026
12.125,-101.875,42.0184,1993-2026
12.125,-99.875,-9.9169,1993-2026
12.125,-97.875,-3.3716,1993-2026
12.125,-95.875,-11.5316,1993-2026
12.125,-93.875,2.3976,1993-2026
12.125,-91.875,37.1569,1993-2026
12.125,-89.875,30.4224,1993-2026
12.125,-87.875,28.7661,1993-2026
12.125,-83.875,39.0648,1993-2026
12.125,-81.875,38.3381,1993-2026
12.125,-79.875,58.2576,1993-2026
12.125,-77.875,36.8337,1993-2026
12.125,-75.875,34.9902,1993-2026
12.125,-73.875,28.2634,1993-2026
12.125,-71.875,35.159,1993-2026
12.125,-69.875,34.4531,1993-2026
12.125,-67.875,43.4627,1993-2026
12.125,-65.875,42.4694,1993-2026
12.125,-63.875,40.9698,1993-2026
12.125,-61.875,44.7832,1993-2026
12.125,-59.875,46.5987,1993-2026
12.125,-57.875,47.2882,1993-2026
12.125,-55.875,36.4829,1993-2026
12.125,-53.875,39.0252,1993-2026
12.125,-51.875,42.586,1993-2026
12.125,-49.875,39.5347,1993-2026
12.125,-47.875,36.5298,1993-2026
12.125,-45.875,35.446,1993-2026
12.125,-43.875,36.1931,1993-2026
12.125,-41.875,37.7947,1993-2026
12.125,-39.875,33.9556,1993-2026
12.125,-37.875,39.75,1993-2026
12.125,-35.875,37.2019,1993-2026
12.125,-33.875,38.3395,1993-2026
12.125,-31.875,41.7939,1993-2026
12.125,-29.875,40.2411,1993-2026
12.125,-27.875,37.4095,1993-2026
12.125,-25.875,41.7382,1993-2026
12.125,-23.875,36.9,1993-2026
12.125,-21.875,30.6223,1993-2026
12.125,-19.875,38.2011,1993-2026
12.125,-17.875,38.6269,1993-2026
12.125,44.125,46.7884,1993-2026
12.125,46.125,61.9079,1993-2026
12.125,48.125,53.82,1993-2026
12.125,50.125,30.4834,1993-2026
12.125,52.125,36.9082,1993-2026
12.125,54.125,42.5894,1993-2026
12.125,56.125,44.9753,1993-2026
12.125,58.125,38.2326,1993-2026
12.125,60.125,31.5,1993-2026
12.125,62.125,37.6031,1993-2026
12.125,64.125,37.831,1993-2026
12.125,66.125,46.2382,1993-2026
12.125,68.125,41.8723,1993-2026
12.125,70.125,51.8773,1993-2026
12.125,72.125,43.3229,1993-2026
12.125,74.125,45.9566,1993-2026
12.125,80.125,59.1842,1993-2026
12.125,82.125,21.4723,1993-2026
12.125,84.125,49.1569,1993-2026
12.125,86.125,26.8815,1993-2026
12.125,88.125,40.0805,1993-2026
12.125,90.125,59.1663,1993-2026
12.125,92.125,67.2619,1993-2026
12.125,94.125,71.4769,1993-2026
12.125,96.125,77.61,1993-2026
12.125,98.125,75.1432,1993-2026
12.125,100.125,66.5342,1993-2026
12.125,102.125,49.9592,1993-2026
12.125,110.125,51.7805,1993-2026
12.125,112.125,39.4573,1993-2026
12.125,114.125,43.8469,1993-2026
12.125,116.125,52.0723,1993-2026
12.125,118.125,53.7256,1993-2026
12.125,120.125,55.4681,1993-2026
12.125,122.125,52.6427,1993-2026
12.125,124.125,62.0381,1993-2026
12.125,126.125,63.2874,1993-2026
12.125,128.125,77.1256,1993-2026
12.125,130.125,80.6802,1993-2026
12.125,132.125,79.4952,1993-2026
12.125,134.125,75.9445,1993-2026
12.125,136.125,77.4827,1993-2026
12.125,138.125,81.3789,1993-2026
12.125,140.125,80.1135,1993-2026
12.125,142.125,71.7334,1993-2026
12.125,144.125,62.0265,1993-2026
12.125,146.125,67.0931,1993-2026
12.125,148.125,70.9002,1993-2026
12.125,150.125,71.234,1993-2026
12.125,152.125,69.9048,1993-2026
12.125,154.125,65.6381,1993-2026
12.125,156.125,61.8537,1993-2026
12.125,158.125,60.7026,1993-2026
12.125,160.125,59.2316,1993-2026
12.125,162.125,53.7053,1993-2026
12.125,164.125,44.2592,1993-2026
12.125,166.125,42.5589,1993-2026
12.125,168.125,41.0724,1993-2026
12.125,170.125,44.415,1993-2026
12.125,172.125,47.8529,1993-2026
12.125,174.125,43.9215,1993-2026
12.125,176.125,35.0874,1993-2026
12.125,178.125,21.9111,1993-2026
14.125,-179.875,39.6629,1993-2026
14.125,-177.875,34.7956,1993-2026
14.125,-175.875,18.7248,1993-2026
14.125,-173.875,29.8781,1993-2026
14.125,-171.875,45.734,1993-2026
14.125,-169.875,48.2637,1993-2026
14.125,-167.875,29.6521,1993-2026
14.125,-165.875,19.6747,1993-2026
14.125,-163.875,12.9774,1993-2026
14.125,-161.875,16.4444,1993-2026
14.125,-159.875,2.9211,1993-2026
14.125,-157.875,5.4513,1993-2026
14.125,-155.875,23.8369,1993-2026
14.125,-153.875,22.9118,1993-2026
14.125,-151.875,34.876,1993-2026
14.125,-149.875,26.5147,1993-2026
14.125,-147.875,26.8074,1993-2026
14.125,-145.875,20.6584,1993-2026
14.125,-143.875,11.9758,1993-2026
14.125,-141.875,24.3881,1993-2026
14.125,-139.875,19.4458,1993-2026
14.125,-137.875,5.4218,1993-2026
14.125,-135.875,14.2877,1993-2026
14.125,-133.875,24.8144,1993-2026
14.125,-131.875,19.5769,1993-2026
14.125,-129.875,1.6374,1993-2026
14.125,-127.875,15.5981,1993-2026
14.125,-125.875,15.4829,1993-2026
14.125,-123.875,9.1292,1993-2026
14.125,-121.875,26.6003,1993-2026
14.125,-119.875,31.4642,1993-2026
14.125,-117.875,19.1598,1993-2026
14.125,-115.875,13.3611,1993-2026
14.125,-113.875,10.4932,1993-2026
14.125,-111.875,15.736,1993-2026
14.125,-109.875,20.4489,1993-2026
14.125,-107.875,23.4479,1993-2026
14.125,-105.875,41.8824,1993-2026
14.125,-103.875,40.1613,1993-2026
14.125,-101.875,20.4242,1993-2026
14.125,-99.875,25.065,1993-2026
14.125,-97.875,0.9474,1993-2026
14.125,-95.875,56.6265,1993-2026
14.125,-93.875,32.6337,1993-2026
14.125,-91.875,27.8463,1993-2026
14.125,-81.875,42.4853,1993-2026
14.125,-79.875,57.1626,1993-2026
14.125,-77.875,39.9373,1993-2026
14.125,-75.875,24.9963,1993-2026
14.125,-73.875,27.856,1993-2026
14.125,-71.875,38.6729,1993-2026
14.125,-69.875,41.069,1993-2026
14.125,-67.875,49.7589,1993-2026
14.125,-65.875,37.5073,1993-2026
14.125,-63.875,34.4976,1993-2026
14.125,-61.875,35.3971,1993-2026
14.125,-59.875,32.3676,1993-2026
14.125,-57.875,30.7248,1993-2026
14.125,-55.875,33.5811,1993-2026
14.125,-53.875,37.5566,1993-2026
14.125,-51.875,41.4818,1993-2026
14.125,-49.875,35.3874,1993-2026
14.125,-47.875,40.545,1993-2026
14.125,-45.875,34.6892,1993-2026
14.125,-43.875,41.669,1993-2026
14.125,-41.875,32.52,1993-2026
14.125,-39.875,34.1323,1993-2026
14.125,-37.875,36.2187,1993-2026
14.125,-35.875,37.8382,1993-2026
14.125,-33.875,33.0523,1993-2026
14.125,-31.875,33.1461,1993-2026
14.125,-29.875,34.9074,1993-2026
14.125,-27.875,37.9776,1993-2026
14.125,-25.875,23.9632,1993-2026
14.125,-23.875,50.9124,1993-2026
14.125,-21.875,39.9813,1993-2026
14.125,-19.875,37.1976,1993-2026
14.125,-17.875,39.991,1993-2026
14.125,42.125,37.0011,1993-2026
14.125,48.125,45.3184,1993-2026
14.125,50.125,20.8166,1993-2026
14.125,52.125,90.631,1993-2026
14.125,54.125,54.1268,1993-2026
14.125,56.125,39.6102,1993-2026
14.125,58.125,25.4511,1993-2026
14.125,60.125,48.7761,1993-2026
14.125,62.125,36.3247,1993-2026
14.125,64.125,41.7677,1993-2026
14.125,66.125,42.6576,1993-2026
14.125,68.125,35.4319,1993-2026
14.125,70.125,35.4077,1993-2026
14.125,72.125,42.6126,1993-2026
14.125,74.125,45.5758,1993-2026
14.125,80.125,85.5968,1993-2026
14.125,82.125,69.8869,1993-2026
14.125,84.125,67.0558,1993-2026
14.125,86.125,42.4795,1993-2026
14.125,88.125,40.5731,1993-2026
14.125,90.125,56.1663,1993-2026
14.125,92.125,44.2935,1993-2026
14.125,94.125,77.4329,1993-2026
14.125,96.125,78.2424,1993-2026
14.125,98.125,66.4844,1993-2026
14.125,110.125,55.0248,1993-2026
14.125,112.125,63.3619,1993-2026
14.125,114.125,52.3219,1993-2026
14.125,116.125,47.8906,1993-2026
14.125,118.125,41.3816,1993-2026
14.125,120.125,57.7718,1993-2026
14.125,122.125,60.7098,1993-2026
14.125,124.125,50.5553,1993-2026
14.125,126.125,45.7592,1993-2026
14.125,128.125,49.0597,1993-2026
14.125,130.125,51.2898,1993-2026
14.125,132.125,64.7463,1993-2026
14.125,134.125,72.4568,1993-2026
14.125,136.125,76.3413,1993-2026
14.125,138.125,78.8923,1993-2026
14.125,140.125,74.0927,1993-2026
14.125,142.125,61.7337,1993-2026
14.125,144.125,53.4179,1993-2026
14.125,146.125,49.9026,1993-2026
14.125,148.125,55.3302,1993-2026
14.125,150.125,57.9837,1993-2026
14.125,152.125,49.7008,1993-2026
14.125,154.125,54.0808,1993-2026
14.125,156.125,50.955,1993-2026
14.125,158.125,41.4324,1993-2026
14.125,160.125,37.3805,1993-2026
14.125,162.125,30.4123,1993-2026
14.125,164.125,38.13,1993-2026
14.125,166.125,41.4619,1993-2026
14.125,168.125,39.0,1993-2026
14.125,170.125,38.1469,1993-2026
14.125,172.125,33.6523,1993-2026
14.125,174.125,41.0995,1993-2026
14.125,176.125,44.3056,1993-2026
14.125,178.125,39.8855,1993-2026
16.125,-179.875,35.0526,1993-2026
16.125,-177.875,30.21,1993-2026
16.125,-175.875,15.9677,1993-2026
16.125,-173.875,26.8118,1993-2026
16.125,-171.875,35.1121,1993-2026
16.125,-169.875,24.4413,1993-2026
16.125,-167.875,27.6184,1993-2026
16.125,-165.875,24.0368,1993-2026
16.125,-163.875,21.4834,1993-2026
16.125,-161.875,18.5506,1993-2026
16.125,-159.875,13.7811,1993-2026
16.125,-157.875,19.3355,1993-2026
16.125,-155.875,34.1405,1993-2026
16.125,-153.875,29.0458,1993-2026
16.125,-151.875,17.1934,1993-2026
16.125,-149.875,15.2579,1993-2026
16.125,-147.875,25.1361,1993-2026
16.125,-145.875,20.0255,1993-2026
16.125,-143.875,9.5018,1993-2026
16.125,-141.875,14.1644,1993-2026
16.125,-139.875,5.4411,1993-2026
16.125,-137.875,11.4963,1993-2026
16.125,-135.875,14.8166,1993-2026
16.125,-133.875,22.3408,1993-2026
16.125,-131.875,29.054,1993-2026
16.125,-129.875,18.2956,1993-2026
16.125,-127.875,8.969,1993-2026
16.125,-125.875,24.4065,1993-2026
16.125,-123.875,33.8468,1993-2026
16.125,-121.875,29.3744,1993-2026
16.125,-119.875,23.5335,1993-2026
16.125,-117.875,31.7458,1993-2026
16.125,-115.875,24.839,1993-2026
16.125,-113.875,20.9052,1993-2026
16.125,-111.875,14.9618,1993-2026
16.125,-109.875,26.1232,1993-2026
16.125,-107.875,13.3515,1993-2026
16.125,-105.875,31.8058,1993-2026
16.125,-103.875,40.71,1993-2026
16.125,-101.875,16.0248,1993-2026
16.125,-99.875,20.6076,1993-2026
16.125,-97.875,18.074,1993-2026
16.125,-87.875,49.6089,1993-2026
16.125,-85.875,52.6906,1993-2026
16.125,-83.875,45.6561,1993-2026
16.125,-81.875,42.9832,1993-2026
16.125,-79.875,54.4098,1993-2026
16.125,-77.875,28.4598,1993-2026
16.125,-75.875,43.0679,1993-2026
16.125,-73.875,44.7987,1993-2026
16.125,-71.875,40.8184,1993-2026
16.125,-69.875,45.7403,1993-2026
16.125,-67.875,52.62,1993-2026
16.125,-65.875,37.0282,1993-2026
16.125,-63.875,37.1884,1993-2026
16.125,-61.875,32.7426,1993-2026
16.125,-59.875,25.3074,1993-2026
16.125,-57.875,32.9816,1993-2026
16.125,-55.875,38.2326,1993-2026
16.125,-53.875,39.4369,1993-2026
16.125,-51.875,25.9858,1993-2026
16.125,-49.875,29.8181,1993-2026
16.125,-47.875,38.6439,1993-2026
16.125,-45.875,35.8398,1993-2026
16.125,-43.875,31.1361,1993-2026
16.125,-41.875,37.2934,1993-2026
16.125,-39.875,38.7334,1993-2026
16.125,-37.875,32.2137,1993-2026
16.125,-35.875,29.7605,1993-2026
16.125,-33.875,34.3718,1993-2026
16.125,-31.875,33.2415,1993-2026
16.125,-29.875,39.0039,1993-2026
16.125,-27.875,28.0519,1993-2026
16.125,-25.875,46.1632,1993-2026
16.125,-23.875,40.4903,1993-2026
16.125,-21.875,35.6419,1993-2026
16.125,-19.875,27.0174,1993-2026
16.125,-17.875,39.7698,1993-2026
16.125,40.125,42.2744,1993-2026
16.125,42.125,41.144,1993-2026
16.125,52.125,59.5423,1993-2026
16.125,54.125,47.9932,1993-2026
16.125,56.125,76.5247,1993-2026
16.125,58.125,20.6956,1993-2026
16.125,60.125,47.0429,1993-2026
16.125,62.125,30.5192,1993-2026
16.125,64.125,35.7155,1993-2026
16.125,66.125,35.8848,1993-2026
16.125,68.125,39.8811,1993-2026
16.125,70.125,58.3108,1993-2026
16.125,72.125,31.4163,1993-2026
16.125,82.125,86.1885,1993-2026
16.125,84.125,68.0148,1993-2026
16.125,86.125,42.0097,1993-2026
16.125,88.125,38.1847,1993-2026
16.125,90.125,45.7103,1993-2026
16.125,92.125,71.0971,1993-2026
16.125,94.125,76.4565,1993-2026
16.125,96.125,80.0956,1993-2026
16.125,108.125,68.5234,1993-2026
16.125,110.125,43.4095,1993-2026
16.125,112.125,58.5648,1993-2026
16.125,114.125,68.3497,1993-2026
16.125,116.125,51.0445,1993-2026
16.125,118.125,20.1131,1993-2026
16.125,120.125,60.7268,1993-2026
16.125,122.125,54.5894,1993-2026
16.125,124.125,61.0258,1993-2026
16.125,126.125,43.8044,1993-2026
16.125,128.125,45.6503,1993-2026
16.125,130.125,56.6792,1993-2026
16.125,132.125,56.9976,1993-2026
16.125,134.125,72.5187,1993-2026
16.125,136.125,58.334,1993-2026
16.125,138.125,53.4092,1993-2026
16.125,140.125,64.9897,1993-2026
16.125,142.125,48.8903,1993-2026
16.125,144.125,49.4303,1993-2026
16.125,146.125,51.3358,1993-2026
16.125,148.125,46.8353,1993-2026
16.125,150.125,42.7626,1993-2026
16.125,152.125,40.8469,1993-2026
16.125,154.125,38.5239,1993-2026
16.125,156.125,39.511,1993-2026
16.125,158.125,47.8321,1993-2026
16.125,160.125,44.2815,1993-2026
16.125,162.125,42.1234,1993-2026
16.125,164.125,46.1047,1993-2026
16.125,166.125,32.3821,1993-2026
16.125,168.125,36.72,1993-2026
16.125,170.125,34.4371,1993-2026
16.125,172.125,33.5206,1993-2026
16.125,174.125,31.5266,1993-2026
16.125,176.125,33.2056,1993-2026
16.125,178.125,31.6631,1993-2026
18.125,-179.875,37.9224,1993-2026
18.125,-177.875,41.7189,1993-2026
18.125,-175.875,42.4335,1993-2026
18.125,-173.875,17.5471,1993-2026
18.125,-171.875,34.1265,1993-2026
18.125,-169.875,18.9561,1993-2026
18.125,-167.875,22.2813,1993-2026
18.125,-165.875,38.6376,1993-2026
18.125,-163.875,33.9735,1993-2026
18.125,-161.875,29.2016,1993-2026
18.125,-159.875,19.7473,1993-2026
18.125,-157.875,31.1579,1993-2026
18.125,-155.875,21.3885,1993-2026
18.125,-153.875,19.0621,1993-2026
18.125,-151.875,10.6621,1993-2026
18.125,-149.875,14.6192,1993-2026
18.125,-147.875,16.2498,1993-2026
18.125,-145.875,31.7255,1993-2026
18.125,-143.875,26.3289,1993-2026
18.125,-141.875,25.9277,1993-2026
18.125,-139.875,-0.0808,1993-2026
18.125,-137.875,26.6405,1993-2026
18.125,-135.875,36.2013,1993-2026
18.125,-133.875,29.8331,1993-2026
18.125,-131.875,24.5129,1993-2026
18.125,-129.875,29.4823,1993-2026
18.125,-127.875,22.8169,1993-2026
18.125,-125.875,32.3927,1993-2026
18.125,-123.875,22.4831,1993-2026
18.125,-121.875,31.2498,1993-2026
18.125,-119.875,40.8944,1993-2026
18.125,-117.875,39.2719,1993-2026
18.125,-115.875,23.2156,1993-2026
18.125,-113.875,19.8842,1993-2026
18.125,-111.875,43.2102,1993-2026
18.125,-109.875,25.4816,1993-2026
18.125,-107.875,32.6821,1993-2026
18.125,-105.875,18.4553,1993-2026
18.125,-103.875,16.7061,1993-2026
18.125,-87.875,46.1245,1993-2026
18.125,-85.875,83.7305,1993-2026
18.125,-83.875,55.5218,1993-2026
18.125,-81.875,50.5229,1993-2026
18.125,-79.875,54.6982,1993-2026
18.125,-77.875,60.7669,1993-2026
18.125,-75.875,63.9179,1993-2026
18.125,-73.875,39.7689,1993-2026
18.125,-71.875,50.054,1993-2026
18.125,-69.875,43.8498,1993-2026
18.125,-67.875,50.9821,1993-2026
18.125,-65.875,48.1877,1993-2026
18.125,-63.875,45.8816,1993-2026
18.125,-61.875,39.4558,1993-2026
18.125,-59.875,33.6711,1993-2026
18.125,-57.875,38.7082,1993-2026
18.125,-55.875,39.9029,1993-2026
18.125,-53.875,33.9445,1993-2026
18.125,-51.875,39.1829,1993-2026
18.125,-49.875,31.7013,1993-2026
18.125,-47.875,31.0035,1993-2026
18.125,-45.875,31.7565,1993-2026
18.125,-43.875,29.1827,1993-2026
18.125,-41.875,24.344,1993-2026
18.125,-39.875,37.2242,1993-2026
18.125,-37.875,37.5044,1993-2026
18.125,-35.875,41.429,1993-2026
18.125,-33.875,50.2113,1993-2026
18.125,-31.875,41.1523,1993-2026
18.125,-29.875,30.4437,1993-2026
18.125,-27.875,36.4689,1993-2026
18.125,-25.875,25.6408,1993-2026
18.125,-23.875,28.5266,1993-2026
18.125,-21.875,30.1021,1993-2026
18.125,-19.875,38.0424,1993-2026
18.125,-17.875,34.3442,1993-2026
18.125,38.125,33.3319,1993-2026
18.125,40.125,41.6187,1993-2026
18.125,58.125,18.9726,1993-2026
18.125,60.125,66.5429,1993-2026
18.125,62.125,35.2069,1993-2026
18.125,64.125,47.8553,1993-2026
18.125,66.125,47.146,1993-2026
18.125,68.125,36.5598,1993-2026
18.125,70.125,34.5484,1993-2026
18.125,72.125,44.8185,1993-2026
18.125,84.125,75.045,1993-2026
18.125,86.125,-10.4381,1993-2026
18.125,88.125,43.5668,1993-2026
18.125,90.125,61.5223,1993-2026
18.125,92.125,65.6695,1993-2026
18.125,94.125,72.4713,1993-2026
18.125,106.125,58.6577,1993-2026
18.125,108.125,68.3526,1993-2026
18.125,110.125,59.9947,1993-2026
18.125,112.125,47.1556,1993-2026
18.125,114.125,75.6871,1993-2026
18.125,116.125,29.281,1993-2026
18.125,118.125,50.7034,1993-2026
18.125,120.125,49.7492,1993-2026
18.125,122.125,49.8919,1993-2026
18.125,124.125,50.8926,1993-2026
18.125,126.125,43.6853,1993-2026
18.125,128.125,38.8718,1993-2026
18.125,130.125,33.5579,1993-2026
18.125,132.125,44.0787,1993-2026
18.125,134.125,44.0952,1993-2026
18.125,136.125,47.8215,1993-2026
18.125,138.125,53.19,1993-2026
18.125,140.125,62.2548,1993-2026
18.125,142.125,57.404,1993-2026
18.125,144.125,58.1787,1993-2026
18.125,146.125,55.7206,1993-2026
18.125,148.125,38.5815,1993-2026
18.125,150.125,37.0229,1993-2026
18.125,152.125,47.5282,1993-2026
18.125,154.125,53.9579,1993-2026
18.125,156.125,55.3127,1993-2026
18.125,158.125,44.0884,1993-2026
18.125,160.125,52.6021,1993-2026
18.125,162.125,49.9665,1993-2026
18.125,164.125,30.7524,1993-2026
18.125,166.125,30.8676,1993-2026
18.125,168.125,8.0685,1993-2026
18.125,170.125,20.3298,1993-2026
18.125,172.125,15.6402,1993-2026
18.125,174.125,28.6108,1993-2026
18.125,176.125,28.6253,1993-2026
18.125,178.125,28.4589,1993-2026
20.125,-179.875,21.2985,1993-2026
20.125,-177.875,34.4361,1993-2026
20.125,-175.875,53.5984,1993-2026
20.125,-173.875,18.736,1993-2026
20.125,-171.875,12.2869,1993-2026
20.125,-169.875,39.3871,1993-2026
20.125,-167.875,45.7098,1993-2026
20.125,-165.875,41.8302,1993-2026
20.125,-163.875,21.6697,1993-2026
20.125,-161.875,28.1845,1993-2026
20.125,-159.875,46.6374,1993-2026
20.125,-157.875,25.8571,1993-2026
20.125,-155.875,37.6984,1993-2026
20.125,-153.875,20.8616,1993-2026
20.125,-151.875,34.8382,1993-2026
20.125,-149.875,23.4102,1993-2026
20.125,-147.875,30.9498,1993-2026
20.125,-145.875,45.0411,1993-2026
20.125,-143.875,22.7371,1993-2026
20.125,-141.875,37.126,1993-2026
20.125,-139.875,20.7126,1993-2026
20.125,-137.875,26.8737,1993-2026
20.125,-135.875,12.4621,1993-2026
20.125,-133.875,14.8079,1993-2026
20.125,-131.875,35.414,1993-2026
20.125,-129.875,29.8882,1993-2026
20.125,-127.875,36.6232,1993-2026
20.125,-125.875,24.7181,1993-2026
20.125,-123.875,29.3976,1993-2026
20.125,-121.875,25.844,1993-2026
20.125,-119.875,25.2992,1993-2026
20.125,-117.875,26.6492,1993-2026
20.125,-115.875,26.9085,1993-2026
20.125,-113.875,28.8832,1993-2026
20.125,-111.875,4.874,1993-2026
20.125,-109.875,24.9058,1993-2026
20.125,-107.875,19.3166,1993-2026
20.125,-105.875,21.8661,1993-2026
20.125,-95.875,72.3624,1993-2026
20.125,-93.875,30.7297,1993-2026
20.125,-91.875,61.0602,1993-2026
20.125,-85.875,38.0158,1993-2026
20.125,-83.875,15.5434,1993-2026
20.125,-81.875,36.6281,1993-2026
20.125,-79.875,54.39,1993-2026
20.125,-77.875,48.4476,1993-2026
20.125,-75.875,44.7382,1993-2026
20.125,-73.875,45.0697,1993-2026
20.125,-71.875,42.4442,1993-2026
20.125,-69.875,50.6981,1993-2026
20.125,-67.875,47.7029,1993-2026
20.125,-65.875,52.5542,1993-2026
20.125,-63.875,42.3571,1993-2026
20.125,-61.875,23.2635,1993-2026
20.125,-59.875,39.69,1993-2026
20.125,-57.875,48.1345,1993-2026
20.125,-55.875,50.9976,1993-2026
20.125,-53.875,36.5173,1993-2026
20.125,-51.875,34.8779,1993-2026
20.125,-49.875,32.1706,1993-2026
20.125,-47.875,36.7471,1993-2026
20.125,-45.875,35.7097,1993-2026
20.125,-43.875,44.2127,1993-2026
20.125,-41.875,33.2361,1993-2026
20.125,-39.875,32.7837,1993-2026
20.125,-37.875,19.6268,1993-2026
20.125,-35.875,31.6505,1993-2026
20.125,-33.875,44.6898,1993-2026
20.125,-31.875,37.3713,1993-2026
20.125,-29.875,44.2877,1993-2026
20.125,-27.875,30.8831,1993-2026
20.125,-25.875,29.5858,1993-2026
20.125,-23.875,36.7055,1993-2026
20.125,-21.875,41.2244,1993-2026
20.125,-19.875,33.7447,1993-2026
20.125,-17.875,42.9474,1993-2026
20.125,38.125,34.7284,1993-2026
20.125,40.125,41.5176,1993-2026
20.125,58.125,63.6479,1993-2026
20.125,60.125,54.9513,1993-2026
20.125,62.125,36.6048,1993-2026
20.125,64.125,35.4823,1993-2026
20.125,66.125,41.521,1993-2026
20.125,68.125,37.1763,1993-2026
20.125,70.125,36.089,1993-2026
20.125,72.125,26.3598,1993-2026
20.125,88.125,83.595,1993-2026
20.125,90.125,67.5779,1993-2026
20.125,92.125,71.3608,1993-2026
20.125,106.125,54.3861,1993-2026
20.125,108.125,45.1935,1993-2026
20.125,110.125,60.4253,1993-2026
20.125,112.125,56.3245,1993-2026
20.125,114.125,61.4744,1993-2026
20.125,116.125,91.6829,1993-2026
20.125,118.125,94.1642,1993-2026
20.125,120.125,60.5052,1993-2026
20.125,122.125,46.4768,1993-2026
20.125,124.125,94.4516,1993-2026
20.125,126.125,51.5061,1993-2026
20.125,128.125,6.6087,1993-2026
20.125,130.125,12.9803,1993-2026
20.125,132.125,19.3742,1993-2026
20.125,134.125,23.1024,1993-2026
20.125,136.125,34.9137,1993-2026
20.125,138.125,47.6594,1993-2026
20.125,140.125,41.6356,1993-2026
20.125,142.125,17.3337,1993-2026
20.125,144.125,6.6024,1993-2026
20.125,146.125,52.6723,1993-2026
20.125,148.125,46.8585,1993-2026
20.125,150.125,31.3756,1993-2026
20.125,152.125,15.8545,1993-2026
20.125,154.125,-2.731,1993-2026
20.125,156.125,16.5305,1993-2026
20.125,158.125,10.9476,1993-2026
20.125,160.125,17.31,1993-2026
20.125,162.125,33.0445,1993-2026
20.125,164.125,29.6985,1993-2026
20.125,166.125,31.8513,1993-2026
20.125,168.125,44.5268,1993-2026
20.125,170.125,25.2087,1993-2026
20.125,172.125,30.6295,1993-2026
20.125,174.125,31.5102,1993-2026
20.125,176.125,34.275,1993-2026
20.125,178.125,30.6005,1993-2026
22.125,-179.875,32.3158,1993-2026
22.125,-177.875,13.544,1993-2026
22.125,-175.875,9.196,1993-2026
22.125,-173.875,41.0115,1993-2026
22.125,-171.875,41.9303,1993-2026
22.125,-169.875,1.2881,1993-2026
22.125,-167.875,25.469,1993-2026
22.125,-165.875,61.8276,1993-2026
22.125,-163.875,16.0577,1993-2026
22.125,-161.875,27.5308,1993-2026
22.125,-159.875,31.8876,1993-2026
22.125,-157.875,28.4632,1993-2026
22.125,-155.875,49.1792,1993-2026
22.125,-153.875,45.7606,1993-2026
22.125,-151.875,34.3998,1993-2026
22.125,-149.875,36.6837,1993-2026
22.125,-147.875,41.3685,1993-2026
22.125,-145.875,22.244,1993-2026
22.125,-143.875,21.0373,1993-2026
22.125,-141.875,37.891,1993-2026
22.125,-139.875,17.4,1993-2026
22.125,-137.875,38.8655,1993-2026
22.125,-135.875,39.4785,1993-2026
22.125,-133.875,38.5413,1993-2026
22.125,-131.875,27.9513,1993-2026
22.125,-129.875,24.3039,1993-2026
22.125,-127.875,24.5139,1993-2026
22.125,-125.875,24.7921,1993-2026
22.125,-123.875,29.1745,1993-2026
22.125,-121.875,25.3442,1993-2026
22.125,-119.875,28.1255,1993-2026
22.125,-117.875,39.0397,1993-2026
22.125,-115.875,26.4769,1993-2026
22.125,-113.875,45.6261,1993-2026
22.125,-111.875,20.6739,1993-2026
22.125,-109.875,44.145,1993-2026
22.125,-107.875,20.97,1993-2026
22.125,-105.875,21.6648,1993-2026
22.125,-97.875,67.1748,1993-2026
22.125,-95.875,85.0703,1993-2026
22.125,-93.875,47.5766,1993-2026
22.125,-91.875,64.7656,1993-2026
22.125,-89.875,63.1669,1993-2026
22.125,-87.875,51.105,1993-2026
22.125,-85.875,35.5094,1993-2026
22.125,-83.875,38.1377,1993-2026
22.125,-81.875,49.1371,1993-2026
22.125,-77.875,53.0666,1993-2026
22.125,-75.875,55.709,1993-2026
22.125,-73.875,55.0181,1993-2026
22.125,-71.875,51.06,1993-2026
22.125,-69.875,42.1573,1993-2026
22.125,-67.875,54.209,1993-2026
22.125,-65.875,15.4718,1993-2026
22.125,-63.875,53.446,1993-2026
22.125,-61.875,42.1998,1993-2026
22.125,-59.875,40.8784,1993-2026
22.125,-57.875,43.3781,1993-2026
22.125,-55.875,44.3424,1993-2026
22.125,-53.875,40.1952,1993-2026
22.125,-51.875,35.7184,1993-2026
22.125,-49.875,38.1919,1993-2026
22.125,-47.875,41.2635,1993-2026
22.125,-45.875,42.556,1993-2026
22.125,-43.875,37.126,1993-2026
22.125,-41.875,37.4845,1993-2026
22.125,-39.875,43.7966,1993-2026
22.125,-37.875,37.4235,1993-2026
22.125,-35.875,49.9108,1993-2026
22.125,-33.875,30.1031,1993-2026
22.125,-31.875,34.4255,1993-2026
22.125,-29.875,37.6553,1993-2026
22.125,-27.875,41.2379,1993-2026
22.125,-25.875,36.719,1993-2026
22.125,-23.875,45.5966,1993-2026
22.125,-21.875,28.6815,1993-2026
22.125,-19.875,40.1221,1993-2026
22.125,-17.875,42.0581,1993-2026
22.125,38.125,37.6476,1993-2026
22.125,60.125,39.2385,1993-2026
22.125,62.125,43.4192,1993-2026
22.125,64.125,37.6326,1993-2026
22.125,66.125,44.4121,1993-2026
22.125,68.125,37.6815,1993-2026
22.125,72.125,11.9971,1993-2026
22.125,88.125,82.6592,1993-2026
22.125,90.125,81.6315,1993-2026
22.125,114.125,54.4694,1993-2026
22.125,116.125,27.8148,1993-2026
22.125,118.125,29.0327,1993-2026
22.125,120.125,21.9779,1993-2026
22.125,122.125,20.6018,1993-2026
22.125,124.125,25.396,1993-2026
22.125,126.125,38.7387,1993-2026
22.125,128.125,23.0061,1993-2026
22.125,130.125,44.0787,1993-2026
22.125,132.125,24.4665,1993-2026
22.125,134.125,22.2668,1993-2026
22.125,136.125,45.0944,1993-2026
22.125,138.125,46.7308,1993-2026
22.125,140.125,45.8821,1993-2026
22.125,142.125,18.479,1993-2026
22.125,144.125,4.9935,1993-2026
22.125,146.125,36.4626,1993-2026
22.125,148.125,32.3632,1993-2026
22.125,150.125,36.7089,1993-2026
22.125,152.125,42.2356,1993-2026
22.125,154.125,29.401,1993-2026
22.125,156.125,49.5402,1993-2026
22.125,158.125,33.359,1993-2026
22.125,160.125,21.8724,1993-2026
22.125,162.125,18.5221,1993-2026
22.125,164.125,14.9018,1993-2026
22.125,166.125,60.8831,1993-2026
22.125,168.125,37.7173,1993-2026
22.125,170.125,27.3537,1993-2026
22.125,172.125,23.4789,1993-2026
22.125,174.125,1.2581,1993-2026
22.125,176.125,25.4027,1993-2026
22.125,178.125,30.4602,1993-2026
24.125,-179.875,38.5447,1993-2026
24.125,-177.875,28.4448,1993-2026
24.125,-175.875,30.6939,1993-2026
24.125,-173.875,63.5787,1993-2026
24.125,-171.875,51.8477,1993-2026
24.125,-169.875,22.156,1993-2026
24.125,-167.875,39.4311,1993-2026
24.125,-165.875,61.4308,1993-2026
24.125,-163.875,63.6711,1993-2026
24.125,-161.875,17.609,1993-2026
24.125,-159.875,7.1613,1993-2026
24.125,-157.875,38.3013,1993-2026
24.125,-155.875,14.5079,1993-2026
24.125,-153.875,32.4934,1993-2026
24.125,-151.875,36.9387,1993-2026
24.125,-149.875,31.1942,1993-2026
24.125,-147.875,50.3463,1993-2026
24.125,-145.875,49.9887,1993-2026
24.125,-143.875,38.4881,1993-2026
24.125,-141.875,43.5058,1993-2026
24.125,-139.875,46.4739,1993-2026
24.125,-137.875,38.3376,1993-2026
24.125,-135.875,33.3934,1993-2026
24.125,-133.875,29.8515,1993-2026
24.125,-131.875,42.9266,1993-2026
24.125,-129.875,31.0848,1993-2026
24.125,-127.875,35.6023,1993-2026
24.125,-125.875,34.8711,1993-2026
24.125,-123.875,30.5574,1993-2026
24.125,-121.875,36.0339,1993-2026
24.125,-119.875,34.1182,1993-2026
24.125,-117.875,24.5279,1993-2026
24.125,-115.875,22.1521,1993-2026
24.125,-113.875,29.7953,1993-2026
24.125,-111.875,26.5669,1993-2026
24.125,-109.875,17.0371,1993-2026
24.125,-107.875,23.5185,1993-2026
24.125,-97.875,56.8234,1993-2026
24.125,-95.875,26.2069,1993-2026
24.125,-93.875,53.6018,1993-2026
24.125,-91.875,61.5208,1993-2026
24.125,-89.875,86.1561,1993-2026
24.125,-87.875,59.5776,1993-2026
24.125,-85.875,-9.7553,1993-2026
24.125,-83.875,111.7916,1993-2026
24.125,-81.875,72.0484,1993-2026
24.125,-79.875,51.5352,1993-2026
24.125,-77.875,46.6887,1993-2026
24.125,-75.875,53.1977,1993-2026
24.125,-73.875,52.6215,1993-2026
24.125,-71.875,51.3615,1993-2026
24.125,-69.875,53.4416,1993-2026
24.125,-67.875,64.5179,1993-2026
24.125,-65.875,48.4737,1993-2026
24.125,-63.875,49.9882,1993-2026
24.125,-61.875,43.2503,1993-2026
24.125,-59.875,45.7563,1993-2026
24.125,-57.875,48.4031,1993-2026
24.125,-55.875,43.5165,1993-2026
24.125,-53.875,39.6716,1993-2026
24.125,-51.875,41.6216,1993-2026
24.125,-49.875,31.9137,1993-2026
24.125,-47.875,40.1032,1993-2026
24.125,-45.875,48.5981,1993-2026
24.125,-43.875,45.4616,1993-2026
24.125,-41.875,45.03,1993-2026
24.125,-39.875,34.5232,1993-2026
24.125,-37.875,33.0315,1993-2026
24.125,-35.875,44.6976,1993-2026
24.125,-33.875,45.4945,1993-2026
24.125,-31.875,50.5476,1993-2026
24.125,-29.875,44.461,1993-2026
24.125,-27.875,28.3969,1993-2026
24.125,-25.875,43.0911,1993-2026
24.125,-23.875,35.1189,1993-2026
24.125,-21.875,38.5573,1993-2026
24.125,-19.875,36.1805,1993-2026
24.125,-17.875,43.9476,1993-2026
24.125,-15.875,38.4852,1993-2026
24.125,36.125,48.2695,1993-2026
24.125,38.125,30.2279,1993-2026
24.125,52.125,34.516,1993-2026
24.125,54.125,39.54,1993-2026
24.125,58.125,34.4777,1993-2026
24.125,60.125,65.1411,1993-2026
24.125,62.125,44.5287,1993-2026
24.125,64.125,43.0829,1993-2026
24.125,66.125,41.339,1993-2026
24.125,118.125,48.5913,1993-2026
24.125,120.125,31.9389,1993-2026
24.125,122.125,42.8932,1993-2026
24.125,124.125,23.986,1993-2026
24.125,126.125,45.3015,1993-2026
24.125,128.125,74.8098,1993-2026
24.125,130.125,56.565,1993-2026
24.125,132.125,20.9971,1993-2026
24.125,134.125,57.0721,1993-2026
24.125,136.125,61.5953,1993-2026
24.125,138.125,25.1245,1993-2026
24.125,140.125,44.5858,1993-2026
24.125,142.125,18.3542,1993-2026
24.125,144.125,6.0997,1993-2026
24.125,146.125,35.5447,1993-2026
24.125,148.125,33.3285,1993-2026
24.125,150.125,55.0771,1993-2026
24.125,152.125,30.0895,1993-2026
24.125,154.125,50.189,1993-2026
24.125,156.125,69.2187,1993-2026
24.125,158.125,62.0037,1993-2026
24.125,160.125,67.9471,1993-2026
24.125,162.125,19.1095,1993-2026
24.125,164.125,48.9779,1993-2026
24.125,166.125,66.8419,1993-2026
24.125,168.125,26.7508,1993-2026
24.125,170.125,20.9937,1993-2026
24.125,172.125,10.5266,1993-2026
24.125,174.125,15.2177,1993-2026
24.125,176.125,41.64,1993-2026
24.125,178.125,21.2845,1993-2026
26.125,-179.875,14.0874,1993-2026
26.125,-177.875,31.289,1993-2026
26.125,-175.875,33.3247,1993-2026
26.125,-173.875,13.5044,1993-2026
26.125,-171.875,35.1276,1993-2026
26.125,-169.875,79.4719,1993-2026
26.125,-167.875,49.1569,1993-2026
26.125,-165.875,38.8621,1993-2026
26.125,-163.875,27.2052,1993-2026
26.125,-161.875,61.0408,1993-2026
26.125,-159.875,52.634,1993-2026
26.125,-157.875,61.2595,1993-2026
26.125,-155.875,42.5932,1993-2026
26.125,-153.875,45.7427,1993-2026
26.125,-151.875,34.2547,1993-2026
26.125,-149.875,41.4102,1993-2026
26.125,-147.875,40.1168,1993-2026
26.125,-145.875,19.4985,1993-2026
26.125,-143.875,27.8555,1993-2026
26.125,-141.875,26.6081,1993-2026
26.125,-139.875,25.1071,1993-2026
26.125,-137.875,22.6132,1993-2026
26.125,-135.875,24.1326,1993-2026
26.125,-133.875,34.6635,1993-2026
26.125,-131.875,25.4265,1993-2026
26.125,-129.875,26.3052,1993-2026
26.125,-127.875,23.6289,1993-2026
26.125,-125.875,15.6092,1993-2026
26.125,-123.875,9.9547,1993-2026
26.125,-121.875,13.6989,1993-2026
26.125,-119.875,3.2705,1993-2026
26.125,-117.875,28.3427,1993-2026
26.125,-115.875,21.4181,1993-2026
26.125,-113.875,29.9139,1993-2026
26.125,-109.875,22.7018,1993-2026
26.125,-95.875,28.1826,1993-2026
26.125,-93.875,79.8227,1993-2026
26.125,-91.875,-27.6198,1993-2026
26.125,-89.875,43.1598,1993-2026
26.125,-87.875,120.1273,1993-2026
26.125,-85.875,-7.3297,1993-2026
26.125,-83.875,73.2479,1993-2026
26.125,-81.875,64.0732,1993-2026
26.125,-79.875,63.7781,1993-2026
26.125,-77.875,59.0081,1993-2026
26.125,-75.875,7.3684,1993-2026
26.125,-73.875,17.1092,1993-2026
26.125,-71.875,55.5126,1993-2026
26.125,-69.875,5.5994,1993-2026
26.125,-67.875,64.7023,1993-2026
26.125,-65.875,43.5837,1993-2026
26.125,-63.875,49.141,1993-2026
26.125,-61.875,39.9319,1993-2026
26.125,-59.875,18.3716,1993-2026
26.125,-57.875,35.6313,1993-2026
26.125,-55.875,38.429,1993-2026
26.125,-53.875,43.5547,1993-2026
26.125,-51.875,39.8608,1993-2026
26.125,-49.875,39.659,1993-2026
26.125,-47.875,52.305,1993-2026
26.125,-45.875,37.9181,1993-2026
26.125,-43.875,35.7411,1993-2026
26.125,-41.875,54.4892,1993-2026
26.125,-39.875,41.5631,1993-2026
26.125,-37.875,53.7929,1993-2026
26.125,-35.875,40.7526,1993-2026
26.125,-33.875,44.0245,1993-2026
26.125,-31.875,42.2584,1993-2026
26.125,-29.875,43.4231,1993-2026
26.125,-27.875,43.2706,1993-2026
26.125,-25.875,40.9713,1993-2026
26.125,-23.875,42.6402,1993-2026
26.125,-21.875,34.2798,1993-2026
26.125,-19.875,41.0768,1993-2026
26.125,-17.875,56.3129,1993-2026
26.125,-15.875,40.0621,1993-2026
26.125,34.125,28.981,1993-2026
26.125,36.125,28.5445,1993-2026
26.125,50.125,35.0787,1993-2026
26.125,52.125,34.9742,1993-2026
26.125,54.125,42.7694,1993-2026
26.125,56.125,41.2853,1993-2026
26.125,120.125,47.2534,1993-2026
26.125,122.125,40.71,1993-2026
26.125,124.125,39.1994,1993-2026
26.125,126.125,20.3908,1993-2026
26.125,128.125,34.6974,1993-2026
26.125,130.125,-5.009,1993-2026
26.125,132.125,45.6498,1993-2026
26.125,134.125,-7.5421,1993-2026
26.125,136.125,27.675,1993-2026
26.125,138.125,51.436,1993-2026
26.125,140.125,46.1037,1993-2026
26.125,142.125,35.1832,1993-2026
26.125,144.125,24.5985,1993-2026
26.125,146.125,15.6547,1993-2026
26.125,148.125,32.2916,1993-2026
26.125,150.125,39.0745,1993-2026
26.125,152.125,6.2206,1993-2026
26.125,154.125,43.4676,1993-2026
26.125,156.125,58.5624,1993-2026
26.125,158.125,12.9474,1993-2026
26.125,160.125,67.2029,1993-2026
26.125,162.125,47.7421,1993-2026
26.125,164.125,19.0234,1993-2026
26.125,166.125,18.1137,1993-2026
26.125,168.125,42.4335,1993-2026
26.125,170.125,34.2184,1993-2026
26.125,172.125,30.1045,1993-2026
26.125,174.125,50.6463,1993-2026
26.125,176.125,66.8032,1993-2026
26.125,178.125,58.1681,1993-2026
28.125,-179.875,52.9079,1993-2026
28.125,-177.875,62.401,1993-2026
28.125,-175.875,39.4626,1993-2026
28.125,-173.875,37.8392,1993-2026
28.125,-171.875,49.3756,1993-2026
28.125,-169.875,31.6616,1993-2026
28.125,-167.875,26.9908,1993-2026
28.125,-165.875,52.831,1993-2026
28.125,-163.875,73.7802,1993-2026
28.125,-161.875,52.5092,1993-2026
28.125,-159.875,38.6869,1993-2026
28.125,-157.875,37.6302,1993-2026
28.125,-155.875,33.4176,1993-2026
28.125,-153.875,27.0489,1993-2026
28.125,-151.875,57.5671,1993-2026
28.125,-149.875,38.356,1993-2026
28.125,-147.875,34.3466,1993-2026
28.125,-145.875,30.6465,1993-2026
28.125,-143.875,35.5273,1993-2026
28.125,-141.875,32.9245,1993-2026
28.125,-139.875,31.289,1993-2026
28.125,-137.875,38.5568,1993-2026
28.125,-135.875,30.5221,1993-2026
28.125,-133.875,27.4998,1993-2026
28.125,-131.875,26.7126,1993-2026
28.125,-129.875,24.869,1993-2026
28.125,-127.875,29.9985,1993-2026
28.125,-125.875,21.3885,1993-2026
28.125,-123.875,30.6774,1993-2026
28.125,-121.875,25.9413,1993-2026
28.125,-119.875,23.4876,1993-2026
28.125,-117.875,15.3663,1993-2026
28.125,-115.875,28.5919,1993-2026
28.125,-111.875,19.8421,1993-2026
28.125,-95.875,54.6595,1993-2026
28.125,-93.875,59.7871,1993-2026
28.125,-91.875,64.786,1993-2026
28.125,-89.875,61.2745,1993-2026
28.125,-87.875,46.2358,1993-2026
28.125,-85.875,52.0471,1993-2026
28.125,-83.875,65.266,1993-2026
28.125,-79.875,58.7739,1993-2026
28.125,-77.875,59.8427,1993-2026
28.125,-75.875,55.3606,1993-2026
28.125,-73.875,50.8974,1993-2026
28.125,-71.875,54.901,1993-2026
28.125,-69.875,62.6448,1993-2026
28.125,-67.875,49.3152,1993-2026
28.125,-65.875,30.0479,1993-2026
28.125,-63.875,30.9087,1993-2026
28.125,-61.875,54.8797,1993-2026
28.125,-59.875,59.1595,1993-2026
28.125,-57.875,49.4565,1993-2026
28.125,-55.875,50.1213,1993-2026
28.125,-53.875,49.8285,1993-2026
28.125,-51.875,68.0052,1993-2026
28.125,-49.875,42.135,1993-2026
28.125,-47.875,45.2671,1993-2026
28.125,-45.875,27.9552,1993-2026
28.125,-43.875,40.74,1993-2026
28.125,-41.875,21.8134,1993-2026
28.125,-39.875,43.2745,1993-2026
28.125,-37.875,35.3482,1993-2026
28.125,-35.875,44.5756,1993-2026
28.125,-33.875,35.1653,1993-2026
28.125,-31.875,43.4835,1993-2026
28.125,-29.875,46.1637,1993-2026
28.125,-27.875,38.0753,1993-2026
28.125,-25.875,26.5863,1993-2026
28.125,-23.875,27.3015,1993-2026
28.125,-21.875,47.926,1993-2026
28.125,-19.875,43.6127,1993-2026
28.125,-17.875,50.2969,1993-2026
28.125,-15.875,47.1368,1993-2026
28.125,-13.875,43.4197,1993-2026
28.125,-11.875,38.6879,1993-2026
28.125,50.125,44.2185,1993-2026
28.125,122.125,40.0945,1993-2026
28.125,124.125,42.7679,1993-2026
28.125,126.125,50.7784,1993-2026
28.125,128.125,11.3153,1993-2026
28.125,130.125,27.8042,1993-2026
28.125,132.125,-13.6737,1993-2026
28.125,134.125,46.394,1993-2026
28.125,136.125,51.0629,1993-2026
28.125,138.125,19.201,1993-2026
28.125,140.125,11.6129,1993-2026
28.125,142.125,27.1974,1993-2026
28.125,144.125,32.6715,1993-2026
28.125,146.125,24.5453,1993-2026
28.125,148.125,47.5016,1993-2026
28.125,150.125,51.6348,1993-2026
28.125,152.125,-3.1606,1993-2026
28.125,154.125,9.2352,1993-2026
28.125,156.125,17.6231,1993-2026
28.125,158.125,2.3521,1993-2026
28.125,160.125,3.4331,1993-2026
28.125,162.125,16.1265,1993-2026
28.125,164.125,7.681,1993-2026
28.125,166.125,28.006,1993-2026
28.125,168.125,48.2908,1993-2026
28.125,170.125,22.8058,1993-2026
28.125,172.125,39.5173,1993-2026
28.125,174.125,28.3432,1993-2026
28.125,176.125,40.545,1993-2026
28.125,178.125,51.2347,1993-2026
30.125,-179.875,65.084,1993-2026
30.125,-177.875,30.8211,1993-2026
30.125,-175.875,71.0879,1993-2026
30.125,-173.875,55.6447,1993-2026
30.125,-171.875,60.1181,1993-2026
30.125,-169.875,54.4848,1993-2026
30.125,-167.875,51.2148,1993-2026
30.125,-165.875,75.6581,1993-2026
30.125,-163.875,56.4131,1993-2026
30.125,-161.875,56.4813,1993-2026
30.125,-159.875,69.5013,1993-2026
30.125,-157.875,58.1627,1993-2026
30.125,-155.875,44.9337,1993-2026
30.125,-153.875,56.3734,1993-2026
30.125,-151.875,47.2742,1993-2026
30.125,-149.875,48.0629,1993-2026
30.125,-147.875,38.7755,1993-2026
30.125,-145.875,48.5294,1993-2026
30.125,-143.875,33.2792,1993-2026
30.125,-141.875,44.3076,1993-2026
30.125,-139.875,52.1516,1993-2026
30.125,-137.875,58.1405,1993-2026
30.125,-135.875,35.9942,1993-2026
30.125,-133.875,41.5176,1993-2026
30.125,-131.875,30.2487,1993-2026
30.125,-129.875,35.3371,1993-2026
30.125,-127.875,30.0319,1993-2026
30.125,-125.875,9.091,1993-2026
30.125,-123.875,28.3389,1993-2026
30.125,-121.875,25.5281,1993-2026
30.125,-119.875,21.0373,1993-2026
30.125,-117.875,25.8015,1993-2026
30.125,-115.875,32.1465,1993-2026
30.125,-113.875,24.6411,1993-2026
30.125,-89.875,62.3671,1993-2026
30.125,-87.875,65.5679,1993-2026
30.125,-85.875,67.6418,1993-2026
30.125,-83.875,65.2234,1993-2026
30.125,-79.875,45.0242,1993-2026
30.125,-77.875,68.0211,1993-2026
30.125,-75.875,29.7963,1993-2026
30.125,-73.875,59.3274,1993-2026
30.125,-71.875,47.0531,1993-2026
30.125,-69.875,1.155,1993-2026
30.125,-67.875,47.835,1993-2026
30.125,-65.875,56.6115,1993-2026
30.125,-63.875,38.2292,1993-2026
30.125,-61.875,49.8818,1993-2026
30.125,-59.875,30.5216,1993-2026
30.125,-57.875,35.9918,1993-2026
30.125,-55.875,48.2265,1993-2026
30.125,-53.875,42.886,1993-2026
30.125,-51.875,32.4455,1993-2026
30.125,-49.875,40.56,1993-2026
30.125,-47.875,27.0644,1993-2026
30.125,-45.875,41.2234,1993-2026
30.125,-43.875,61.6829,1993-2026
30.125,-41.875,49.7235,1993-2026
30.125,-39.875,37.2648,1993-2026
30.125,-37.875,61.4574,1993-2026
30.125,-35.875,29.3473,1993-2026
30.125,-33.875,44.6076,1993-2026
30.125,-31.875,35.6366,1993-2026
30.125,-29.875,44.0071,1993-2026
30.125,-27.875,49.8784,1993-2026
30.125,-25.875,40.4642,1993-2026
30.125,-23.875,45.8869,1993-2026
30.125,-21.875,42.7645,1993-2026
30.125,-19.875,39.5705,1993-2026
30.125,-17.875,44.4934,1993-2026
30.125,-15.875,38.9385,1993-2026
30.125,-13.875,43.6897,1993-2026
30.125,-11.875,41.4856,1993-2026
30.125,-9.875,34.4952,1993-2026
30.125,48.125,32.1397,1993-2026
30.125,50.125,40.3098,1993-2026
30.125,120.125,23.865,1993-2026
30.125,122.125,40.5953,1993-2026
30.125,124.125,40.0103,1993-2026
30.125,126.125,41.8408,1993-2026
30.125,128.125,70.5242,1993-2026
30.125,130.125,56.5156,1993-2026
30.125,132.125,94.8097,1993-2026
30.125,134.125,177.855,1993-2026
30.125,136.125,15.2492,1993-2026
30.125,138.125,8.9985,1993-2026
30.125,140.125,24.8158,1993-2026
30.125,142.125,2.0289,1993-2026
30.125,144.125,18.3789,1993-2026
30.125,146.125,1.1395,1993-2026
30.125,148.125,21.5429,1993-2026
30.125,150.125,46.8818,1993-2026
30.125,152.125,73.5847,1993-2026
30.125,154.125,28.1482,1993-2026
30.125,156.125,-9.3145,1993-2026
30.125,158.125,2.8665,1993-2026
30.125,160.125,-1.2735,1993-2026
30.125,162.125,5.2292,1993-2026
30.125,164.125,27.3876,1993-2026
30.125,166.125,30.4432,1993-2026
30.125,168.125,34.6723,1993-2026
30.125,170.125,26.0385,1993-2026
30.125,172.125,33.9058,1993-2026
30.125,174.125,35.4319,1993-2026
30.125,176.125,43.0456,1993-2026
30.125,178.125,22.0277,1993-2026
32.125,-179.875,67.2015,1993-2026
32.125,-177.875,51.0915,1993-2026
32.125,-175.875,70.6026,1993-2026
32.125,-173.875,61.2431,1993-2026
32.125,-171.875,85.5165,1993-2026
32.125,-169.875,77.6052,1993-2026
32.125,-167.875,77.2742,1993-2026
32.125,-165.875,79.5489,1993-2026
32.125,-163.875,60.1979,1993-2026
32.125,-161.875,75.8182,1993-2026
32.125,-159.875,54.6053,1993-2026
32.125,-157.875,51.6469,1993-2026
32.125,-155.875,49.095,1993-2026
32.125,-153.875,56.1856,1993-2026
32.125,-151.875,52.4642,1993-2026
32.125,-149.875,58.0427,1993-2026
32.125,-147.875,78.5961,1993-2026
32.125,-145.875,47.2277,1993-2026
32.125,-143.875,43.0195,1993-2026
32.125,-141.875,44.4924,1993-2026
32.125,-139.875,48.3876,1993-2026
32.125,-137.875,34.664,1993-2026
32.125,-135.875,47.3274,1993-2026
32.125,-133.875,45.3063,1993-2026
32.125,-131.875,39.2173,1993-2026
32.125,-129.875,38.1537,1993-2026
32.125,-127.875,3.5753,1993-2026
32.125,-125.875,11.1605,1993-2026
32.125,-123.875,-4.0955,1993-2026
32.125,-121.875,8.1353,1993-2026
32.125,-119.875,17.3361,1993-2026
32.125,-117.875,20.6361,1993-2026
32.125,-79.875,55.1168,1993-2026
32.125,-77.875,84.6571,1993-2026
32.125,-75.875,52.1144,1993-2026
32.125,-73.875,74.7779,1993-2026
32.125,-71.875,62.7895,1993-2026
32.125,-69.875,52.1018,1993-2026
32.125,-67.875,63.406,1993-2026
32.125,-65.875,36.9948,1993-2026
32.125,-63.875,70.1966,1993-2026
32.125,-61.875,30.0944,1993-2026
32.125,-59.875,20.1794,1993-2026
32.125,-57.875,38.2394,1993-2026
32.125,-55.875,47.55,1993-2026
32.125,-53.875,32.1794,1993-2026
32.125,-51.875,14.1774,1993-2026
32.125,-49.875,55.4569,1993-2026
32.125,-47.875,3.3305,1993-2026
32.125,-45.875,20.4324,1993-2026
32.125,-43.875,11.22,1993-2026
32.125,-41.875,35.4005,1993-2026
32.125,-39.875,7.2537,1993-2026
32.125,-37.875,17.2935,1993-2026
32.125,-35.875,81.9319,1993-2026
32.125,-33.875,34.1434,1993-2026
32.125,-31.875,41.4208,1993-2026
32.125,-29.875,49.5629,1993-2026
32.125,-27.875,30.3523,1993-2026
32.125,-25.875,38.8897,1993-2026
32.125,-23.875,39.4665,1993-2026
32.125,-21.875,43.8687,1993-2026
32.125,-19.875,42.1815,1993-2026
32.125,-17.875,46.7565,1993-2026
32.125,-15.875,44.3618,1993-2026
32.125,-13.875,36.6677,1993-2026
32.125,-11.875,41.5335,1993-2026
32.125,-9.875,37.9853,1993-2026
32.125,16.125,34.1279,1993-2026
32.125,18.125,29.864,1993-2026
32.125,20.125,40.484,1993-2026
32.125,24.125,38.1203,1993-2026
32.125,26.125,26.3385,1993-2026
32.125,28.125,24.3421,1993-2026
32.125,30.125,31.9495,1993-2026
32.125,32.125,50.8113,1993-2026
32.125,34.125,45.8961,1993-2026
32.125,122.125,44.9632,1993-2026
32.125,124.125,37.7008,1993-2026
32.125,126.125,41.8152,1993-2026
32.125,128.125,39.7156,1993-2026
32.125,130.125,31.935,1993-2026
32.125,132.125,40.7918,1993-2026
32.125,134.125,-87.5661,1993-2026
32.125,136.125,-283.1487,1993-2026
32.125,138.125,-205.5827,1993-2026
32.125,140.125,49.8184,1993-2026
32.125,142.125,60.4495,1993-2026
32.125,144.125,16.0423,1993-2026
32.125,146.125,-45.9039,1993-2026
32.125,148.125,-21.3276,1993-2026
32.125,150.125,30.4345,1993-2026
32.125,152.125,16.1061,1993-2026
32.125,154.125,94.1502,1993-2026
32.125,156.125,0.7369,1993-2026
32.125,158.125,55.859,1993-2026
32.125,160.125,106.1826,1993-2026
32.125,162.125,81.1679,1993-2026
32.125,164.125,55.1792,1993-2026
32.125,166.125,77.5156,1993-2026
32.125,168.125,32.6003,1993-2026
32.125,170.125,73.6273,1993-2026
32.125,172.125,49.2813,1993-2026
32.125,174.125,62.2239,1993-2026
32.125,176.125,99.1195,1993-2026
32.125,178.125,89.0879,1993-2026
34.125,-179.875,49.2934,1993-2026
34.125,-177.875,102.3126,1993-2026
34.125,-175.875,105.2835,1993-2026
34.125,-173.875,62.2781,1993-2026
34.125,-171.875,108.194,1993-2026
34.125,-169.875,62.2573,1993-2026
34.125,-167.875,72.9997,1993-2026
34.125,-165.875,78.0973,1993-2026
34.125,-163.875,69.8879,1993-2026
34.125,-161.875,56.0298,1993-2026
34.125,-159.875,58.9345,1993-2026
34.125,-157.875,57.8821,1993-2026
34.125,-155.875,57.9179,1993-2026
34.125,-153.875,65.1615,1993-2026
34.125,-151.875,56.624,1993-2026
34.125,-149.875,56.3545,1993-2026
34.125,-147.875,57.5574,1993-2026
34.125,-145.875,59.9366,1993-2026
34.125,-143.875,54.5966,1993-2026
34.125,-141.875,62.2456,1993-2026
34.125,-139.875,35.2418,1993-2026
34.125,-137.875,41.6821,1993-2026
34.125,-135.875,43.8034,1993-2026
34.125,-133.875,47.686,1993-2026
34.125,-131.875,25.3752,1993-2026
34.125,-129.875,14.1566,1993-2026
34.125,-127.875,64.7284,1993-2026
34.125,-125.875,25.1811,1993-2026
34.125,-123.875,27.3668,1993-2026
34.125,-121.875,13.6853,1993-2026
34.125,-119.875,21.1848,1993-2026
34.125,-77.875,56.0158,1993-2026
34.125,-75.875,68.0352,1993-2026
34.125,-73.875,56.2723,1993-2026
34.125,-71.875,109.7831,1993-2026
34.125,-69.875,10.08,1993-2026
34.125,-67.875,79.1792,1993-2026
34.125,-65.875,44.9502,1993-2026
34.125,-63.875,24.2685,1993-2026
34.125,-61.875,49.4555,1993-2026
34.125,-59.875,95.326,1993-2026
34.125,-57.875,85.6906,1993-2026
34.125,-55.875,41.76,1993-2026
34.125,-53.875,106.664,1993-2026
34.125,-51.875,20.7639,1993-2026
34.125,-49.875,21.5777,1993-2026
34.125,-47.875,61.515,1993-2026
34.125,-45.875,73.7473,1993-2026
34.125,-43.875,-18.0755,1993-2026
34.125,-41.875,57.1902,1993-2026
34.125,-39.875,46.6335,1993-2026
34.125,-37.875,28.1318,1993-2026
34.125,-35.875,42.7684,1993-2026
34.125,-33.875,42.1031,1993-2026
34.125,-31.875,10.5658,1993-2026
34.125,-29.875,19.6989,1993-2026
34.125,-27.875,32.4126,1993-2026
34.125,-25.875,48.5289,1993-2026
34.125,-23.875,60.5642,1993-2026
34.125,-21.875,52.0631,1993-2026
34.125,-19.875,43.9394,1993-2026
34.125,-17.875,48.69,1993-2026
34.125,-15.875,44.3903,1993-2026
34.125,-13.875,55.261,1993-2026
34.125,-11.875,42.7239,1993-2026
34.125,-9.875,37.109,1993-2026
34.125,-7.875,37.1381,1993-2026
34.125,10.125,33.2797,1993-2026
34.125,12.125,28.1042,1993-2026
34.125,14.125,38.3023,1993-2026
34.125,16.125,16.9413,1993-2026
34.125,18.125,3.554,1993-2026
34.125,20.125,27.7626,1993-2026
34.125,22.125,1.9906,1993-2026
34.125,24.125,18.1394,1993-2026
34.125,26.125,-9.4844,1993-2026
34.125,28.125,-1.0074,1993-2026
34.125,30.125,13.8498,1993-2026
34.125,32.125,53.9511,1993-2026
34.125,34.125,38.7866,1993-2026
34.125,122.125,40.1715,1993-2026
34.125,124.125,39.8424,1993-2026
34.125,126.125,52.5726,1993-2026
34.125,128.125,44.2665,1993-2026
34.125,130.125,40.7361,1993-2026
34.125,132.125,42.1955,1993-2026
34.125,136.125,-5.551,1993-2026
34.125,138.125,141.9813,1993-2026
34.125,140.125,102.3629,1993-2026
34.125,142.125,60.3503,1993-2026
34.125,144.125,95.7005,1993-2026
34.125,146.125,275.3158,1993-2026
34.125,148.125,22.5348,1993-2026
34.125,150.125,117.54,1993-2026
34.125,152.125,147.224,1993-2026
34.125,154.125,218.8515,1993-2026
34.125,156.125,88.9268,1993-2026
34.125,158.125,34.6974,1993-2026
34.125,160.125,24.09,1993-2026
34.125,162.125,21.2134,1993-2026
34.125,164.125,90.4452,1993-2026
34.125,166.125,120.8115,1993-2026
34.125,168.125,70.0669,1993-2026
34.125,170.125,139.1705,1993-2026
34.125,172.125,128.7242,1993-2026
34.125,174.125,42.3527,1993-2026
34.125,176.125,59.1339,1993-2026
34.125,178.125,40.2285,1993-2026
36.125,-179.875,72.8269,1993-2026
36.125,-177.875,84.4273,1993-2026
36.125,-175.875,87.2376,1993-2026
36.125,-173.875,71.0197,1993-2026
36.125,-171.875,80.4832,1993-2026
36.125,-169.875,82.455,1993-2026
36.125,-167.875,82.7023,1993-2026
36.125,-165.875,81.2269,1993-2026
36.125,-163.875,71.9797,1993-2026
36.125,-161.875,72.3276,1993-2026
36.125,-159.875,76.0727,1993-2026
36.125,-157.875,59.3294,1993-2026
36.125,-155.875,56.5602,1993-2026
36.125,-153.875,66.3735,1993-2026
36.125,-151.875,75.8468,1993-2026
36.125,-149.875,60.0465,1993-2026
36.125,-147.875,65.325,1993-2026
36.125,-145.875,47.6385,1993-2026
36.125,-143.875,64.1719,1993-2026
36.125,-141.875,36.8158,1993-2026
36.125,-139.875,47.7169,1993-2026
36.125,-137.875,42.9426,1993-2026
36.125,-135.875,61.2334,1993-2026
36.125,-133.875,48.974,1993-2026
36.125,-131.875,27.8521,1993-2026
36.125,-129.875,66.3639,1993-2026
36.125,-127.875,-0.6373,1993-2026
36.125,-125.875,43.8406,1993-2026
36.125,-123.875,28.9316,1993-2026
36.125,-121.875,17.7827,1993-2026
36.125,-75.875,57.3566,1993-2026
36.125,-73.875,132.8545,1993-2026
36.125,-71.875,84.9769,1993-2026
36.125,-69.875,21.1553,1993-2026
36.125,-67.875,76.1477,1993-2026
36.125,-65.875,64.2203,1993-2026
36.125,-63.875,68.4934,1993-2026
36.125,-61.875,60.811,1993-2026
36.125,-59.875,38.9937,1993-2026
36.125,-57.875,18.8618,1993-2026
36.125,-55.875,20.7431,1993-2026
36.125,-53.875,14.9473,1993-2026
36.125,-51.875,52.9355,1993-2026
36.125,-49.875,32.4735,1993-2026
36.125,-47.875,41.985,1993-2026
36.125,-45.875,68.8258,1993-2026
36.125,-43.875,-8.4073,1993-2026
36.125,-41.875,63.9832,1993-2026
36.125,-39.875,9.8115,1993-2026
36.125,-37.875,20.9865,1993-2026
36.125,-35.875,44.0908,1993-2026
36.125,-33.875,60.3402,1993-2026
36.125,-31.875,60.9673,1993-2026
36.125,-29.875,41.7087,1993-2026
36.125,-27.875,50.9105,1993-2026
36.125,-25.875,53.8534,1993-2026
36.125,-23.875,33.2874,1993-2026
36.125,-21.875,39.3421,1993-2026
36.125,-19.875,34.5261,1993-2026
36.125,-17.875,46.9331,1993-2026
36.125,-15.875,37.2585,1993-2026
36.125,-13.875,34.0219,1993-2026
36.125,-11.875,49.1385,1993-2026
36.125,-9.875,40.0355,1993-2026
36.125,-7.875,47.4581,1993-2026
36.125,-5.875,34.6515,1993-2026
36.125,-3.875,41.954,1993-2026
36.125,-1.875,49.5242,1993-2026
36.125,0.125,42.9285,1993-2026
36.125,12.125,29.4223,1993-2026
36.125,14.125,25.8794,1993-2026
36.125,16.125,5.459,1993-2026
36.125,18.125,41.7402,1993-2026
36.125,20.125,26.6768,1993-2026
36.125,22.125,46.0055,1993-2026
36.125,24.125,38.1982,1993-2026
36.125,26.125,39.5095,1993-2026
36.125,28.125,52.2706,1993-2026
36.125,30.125,41.0361,1993-2026
36.125,32.125,39.3048,1993-2026
36.125,34.125,45.9377,1993-2026
36.125,120.125,67.5677,1993-2026
36.125,122.125,53.5065,1993-2026
36.125,124.125,47.8597,1993-2026
36.125,126.125,42.3111,1993-2026
36.125,130.125,55.7182,1993-2026
36.125,132.125,27.0842,1993-2026
36.125,134.125,37.2755,1993-2026
36.125,136.125,43.3394,1993-2026
36.125,142.125,112.5242,1993-2026
36.125,144.125,285.5303,1993-2026
36.125,146.125,245.5902,1993-2026
36.125,148.125,-31.3035,1993-2026
36.125,150.125,256.6369,1993-2026
36.125,152.125,109.9626,1993-2026
36.125,154.125,-50.8563,1993-2026
36.125,156.125,130.4502,1993-2026
36.125,158.125,229.5445,1993-2026
36.125,160.125,1.9316,1993-2026
36.125,162.125,104.6105,1993-2026
36.125,164.125,147.1466,1993-2026
36.125,166.125,93.1665,1993-2026
36.125,168.125,83.4518,1993-2026
36.125,170.125,79.8165,1993-2026
36.125,172.125,94.1323,1993-2026
36.125,174.125,39.7055,1993-2026
36.125,176.125,51.6915,1993-2026
36.125,178.125,114.586,1993-2026
38.125,-179.875,86.0076,1993-2026
38.125,-177.875,93.3571,1993-2026
38.125,-175.875,87.886,1993-2026
38.125,-173.875,68.9187,1993-2026
38.125,-171.875,88.0548,1993-2026
38.125,-169.875,63.6944,1993-2026
38.125,-167.875,75.0682,1993-2026
38.125,-165.875,74.009,1993-2026
38.125,-163.875,84.1263,1993-2026
38.125,-161.875,71.2577,1993-2026
38.125,-159.875,82.3195,1993-2026
38.125,-157.875,74.8094,1993-2026
38.125,-155.875,67.3413,1993-2026
38.125,-153.875,65.2621,1993-2026
38.125,-151.875,61.0674,1993-2026
38.125,-149.875,55.7782,1993-2026
38.125,-147.875,58.0616,1993-2026
38.125,-145.875,50.384,1993-2026
38.125,-143.875,58.3065,1993-2026
38.125,-141.875,47.8723,1993-2026
38.125,-139.875,40.244,1993-2026
38.125,-137.875,59.9792,1993-2026
38.125,-135.875,46.5058,1993-2026
38.125,-133.875,21.9048,1993-2026
38.125,-131.875,49.7579,1993-2026
38.125,-129.875,24.4703,1993-2026
38.125,-127.875,47.3623,1993-2026
38.125,-125.875,34.0098,1993-2026
38.125,-123.875,26.79,1993-2026
38.125,-75.875,38.6405,1993-2026
38.125,-73.875,41.5229,1993-2026
38.125,-71.875,12.2947,1993-2026
38.125,-69.875,103.695,1993-2026
38.125,-67.875,55.3848,1993-2026
38.125,-65.875,-53.4048,1993-2026
38.125,-63.875,125.5611,1993-2026
38.125,-61.875,128.6855,1993-2026
38.125,-59.875,45.8715,1993-2026
38.125,-57.875,-37.2731,1993-2026
38.125,-55.875,57.7756,1993-2026
38.125,-53.875,56.1015,1993-2026
38.125,-51.875,49.4613,1993-2026
38.125,-49.875,45.8724,1993-2026
38.125,-47.875,47.34,1993-2026
38.125,-45.875,94.8856,1993-2026
38.125,-43.875,20.6235,1993-2026
38.125,-41.875,49.2518,1993-2026
38.125,-39.875,26.2573,1993-2026
38.125,-37.875,43.7279,1993-2026
38.125,-35.875,52.6084,1993-2026
38.125,-33.875,44.5258,1993-2026
38.125,-31.875,45.5056,1993-2026
38.125,-29.875,47.6666,1993-2026
38.125,-27.875,37.7173,1993-2026
38.125,-25.875,41.1813,1993-2026
38.125,-23.875,64.5692,1993-2026
38.125,-21.875,59.0434,1993-2026
38.125,-19.875,57.6102,1993-2026
38.125,-17.875,42.5366,1993-2026
38.125,-15.875,46.2339,1993-2026
38.125,-13.875,50.9942,1993-2026
38.125,-11.875,45.3252,1993-2026
38.125,-9.875,44.6018,1993-2026
38.125,0.125,28.6335,1993-2026
38.125,2.125,20.2244,1993-2026
38.125,4.125,15.8323,1993-2026
38.125,6.125,29.8098,1993-2026
38.125,8.125,17.3521,1993-2026
38.125,10.125,25.7197,1993-2026
38.125,12.125,31.3727,1993-2026
38.125,14.125,27.5816,1993-2026
38.125,16.125,27.285,1993-2026
38.125,18.125,-11.3206,1993-2026
38.125,20.125,27.3595,1993-2026
38.125,22.125,34.7666,1993-2026
38.125,24.125,41.3966,1993-2026
38.125,26.125,44.4363,1993-2026
38.125,50.125,-606.9967,1993-2026
38.125,52.125,-611.1097,1993-2026
38.125,118.125,64.4603,1993-2026
38.125,120.125,58.5261,1993-2026
38.125,122.125,54.9813,1993-2026
38.125,124.125,54.1998,1993-2026
38.125,130.125,83.1498,1993-2026
38.125,132.125,46.7366,1993-2026
38.125,134.125,63.286,1993-2026
38.125,136.125,53.7774,1993-2026
38.125,138.125,42.3392,1993-2026
38.125,142.125,45.629,1993-2026
38.125,144.125,61.2135,1993-2026
38.125,146.125,17.7624,1993-2026
38.125,148.125,-38.4866,1993-2026
38.125,150.125,18.2448,1993-2026
38.125,152.125,48.0498,1993-2026
38.125,154.125,82.2353,1993-2026
38.125,156.125,116.4145,1993-2026
38.125,158.125,-31.1797,1993-2026
38.125,160.125,24.1481,1993-2026
38.125,162.125,33.8647,1993-2026
38.125,164.125,107.4581,1993-2026
38.125,166.125,65.9492,1993-2026
38.125,168.125,30.4858,1993-2026
38.125,170.125,73.155,1993-2026
38.125,172.125,80.4102,1993-2026
38.125,174.125,55.215,1993-2026
38.125,176.125,42.945,1993-2026
38.125,178.125,121.0548,1993-2026
40.125,-179.875,29.5776,1993-2026
40.125,-177.875,42.5356,1993-2026
40.125,-175.875,56.3763,1993-2026
40.125,-173.875,79.0002,1993-2026
40.125,-171.875,53.9197,1993-2026
40.125,-169.875,81.5569,1993-2026
40.125,-167.875,72.6348,1993-2026
40.125,-165.875,75.8966,1993-2026
40.125,-163.875,57.8942,1993-2026
40.125,-161.875,72.2274,1993-2026
40.125,-159.875,59.6473,1993-2026
40.125,-157.875,60.3455,1993-2026
40.125,-155.875,64.9006,1993-2026
40.125,-153.875,55.5319,1993-2026
40.125,-151.875,62.1963,1993-2026
40.125,-149.875,62.084,1993-2026
40.125,-147.875,62.7048,1993-2026
40.125,-145.875,54.9087,1993-2026
40.125,-143.875,40.815,1993-2026
40.125,-141.875,56.6279,1993-2026
40.125,-139.875,68.1808,1993-2026
40.125,-137.875,41.3473,1993-2026
40.125,-135.875,55.9955,1993-2026
40.125,-133.875,55.4961,1993-2026
40.125,-131.875,50.519,1993-2026
40.125,-129.875,37.4071,1993-2026
40.125,-127.875,34.426,1993-2026
40.125,-125.875,35.1571,1993-2026
40.125,-73.875,48.8042,1993-2026
40.125,-71.875,35.6787,1993-2026
40.125,-69.875,37.8934,1993-2026
40.125,-67.875,54.9044,1993-2026
40.125,-65.875,60.7669,1993-2026
40.125,-63.875,-84.5535,1993-2026
40.125,-61.875,180.5269,1993-2026
40.125,-59.875,-3.4887,1993-2026
40.125,-57.875,127.5058,1993-2026
40.125,-55.875,126.4481,1993-2026
40.125,-53.875,17.2955,1993-2026
40.125,-51.875,11.9545,1993-2026
40.125,-49.875,65.31,1993-2026
40.125,-47.875,61.1874,1993-2026
40.125,-45.875,110.2427,1993-2026
40.125,-43.875,80.7223,1993-2026
40.125,-41.875,46.6698,1993-2026
40.125,-39.875,36.9285,1993-2026
40.125,-37.875,18.5584,1993-2026
40.125,-35.875,28.8687,1993-2026
40.125,-33.875,67.8261,1993-2026
40.125,-31.875,36.3939,1993-2026
40.125,-29.875,34.319,1993-2026
40.125,-27.875,57.3745,1993-2026
40.125,-25.875,50.5742,1993-2026
40.125,-23.875,34.5731,1993-2026
40.125,-21.875,25.7937,1993-2026
40.125,-19.875,59.0177,1993-2026
40.125,-17.875,54.2976,1993-2026
40.125,-15.875,57.7423,1993-2026
40.125,-13.875,46.0776,1993-2026
40.125,-11.875,47.9894,1993-2026
40.125,-9.875,38.8979,1993-2026
40.125,0.125,24.855,1993-2026
40.125,2.125,23.2626,1993-2026
40.125,4.125,23.8277,1993-2026
40.125,6.125,23.0874,1993-2026
40.125,8.125,28.2692,1993-2026
40.125,10.125,28.5145,1993-2026
40.125,12.125,29.1663,1993-2026
40.125,14.125,23.4619,1993-2026
40.125,18.125,24.3126,1993-2026
40.125,24.125,45.5511,1993-2026
40.125,26.125,48.5279,1993-2026
40.125,50.125,-612.6998,1993-2026
40.125,52.125,-624.6077,1993-2026
40.125,120.125,44.7242,1993-2026
40.125,122.125,51.4766,1993-2026
40.125,128.125,42.6102,1993-2026
40.125,130.125,36.749,1993-2026
40.125,132.125,48.7766,1993-2026
40.125,134.125,49.186,1993-2026
40.125,136.125,58.7565,1993-2026
40.125,138.125,56.7663,1993-2026
40.125,142.125,38.6845,1993-2026
40.125,144.125,-11.2142,1993-2026
40.125,146.125,77.3942,1993-2026
40.125,148.125,89.2418,1993-2026
40.125,150.125,112.5135,1993-2026
40.125,152.125,68.4189,1993-2026
40.125,154.125,96.0779,1993-2026
40.125,156.125,56.1527,1993-2026
40.125,158.125,71.8544,1993-2026
40.125,160.125,86.2766,1993-2026
40.125,162.125,69.4273,1993-2026
40.125,164.125,67.4419,1993-2026
40.125,166.125,86.2742,1993-2026
40.125,168.125,128.1663,1993-2026
40.125,170.125,58.2208,1993-2026
40.125,172.125,47.4605,1993-2026
40.125,174.125,92.9008,1993-2026
40.125,176.125,39.2666,1993-2026
40.125,178.125,47.1126,1993-2026
42.125,-179.875,65.2031,1993-2026
42.125,-177.875,78.211,1993-2026
42.125,-175.875,51.4142,1993-2026
42.125,-173.875,48.1965,1993-2026
42.125,-171.875,54.8966,1993-2026
42.125,-169.875,61.1826,1993-2026
42.125,-167.875,51.7921,1993-2026
42.125,-165.875,55.4903,1993-2026
42.125,-163.875,53.7513,1993-2026
42.125,-161.875,60.4495,1993-2026
42.125,-159.875,55.8116,1993-2026
42.125,-157.875,59.5795,1993-2026
42.125,-155.875,61.3229,1993-2026
42.125,-153.875,60.931,1993-2026
42.125,-151.875,63.541,1993-2026
42.125,-149.875,57.5681,1993-2026
42.125,-147.875,57.7577,1993-2026
42.125,-145.875,59.8965,1993-2026
42.125,-143.875,54.1582,1993-2026
42.125,-141.875,61.1531,1993-2026
42.125,-139.875,47.4561,1993-2026
42.125,-137.875,54.4021,1993-2026
42.125,-135.875,48.2821,1993-2026
42.125,-133.875,46.7942,1993-2026
42.125,-131.875,26.0027,1993-2026
42.125,-129.875,38.1968,1993-2026
42.125,-127.875,27.8056,1993-2026
42.125,-125.875,22.6747,1993-2026
42.125,-69.875,44.8839,1993-2026
42.125,-67.875,42.3697,1993-2026
42.125,-65.875,34.9234,1993-2026
42.125,-63.875,61.5866,1993-2026
42.125,-61.875,34.1303,1993-2026
42.125,-59.875,34.516,1993-2026
42.125,-57.875,27.8415,1993-2026
42.125,-55.875,71.6052,1993-2026
42.125,-53.875,51.7277,1993-2026
42.125,-51.875,91.2977,1993-2026
42.125,-49.875,84.3856,1993-2026
42.125,-47.875,84.8366,1993-2026
42.125,-45.875,34.6994,1993-2026
42.125,-43.875,-5.3056,1993-2026
42.125,-41.875,72.9842,1993-2026
42.125,-39.875,-14.7518,1993-2026
42.125,-37.875,-9.7805,1993-2026
42.125,-35.875,32.0913,1993-2026
42.125,-33.875,63.0135,1993-2026
42.125,-31.875,49.906,1993-2026
42.125,-29.875,28.6084,1993-2026
42.125,-27.875,34.7869,1993-2026
42.125,-25.875,38.7426,1993-2026
42.125,-23.875,61.1879,1993-2026
42.125,-21.875,52.5426,1993-2026
42.125,-19.875,61.5827,1993-2026
42.125,-17.875,54.0232,1993-2026
42.125,-15.875,49.6094,1993-2026
42.125,-13.875,47.5316,1993-2026
42.125,-11.875,48.6247,1993-2026
42.125,-9.875,37.5973,1993-2026
42.125,4.125,31.1081,1993-2026
42.125,6.125,27.6615,1993-2026
42.125,8.125,26.8621,1993-2026
42.125,10.125,29.7977,1993-2026
42.125,16.125,30.2352,1993-2026
42.125,18.125,29.3584,1993-2026
42.125,28.125,16.6926,1993-2026
42.125,30.125,36.33,1993-2026
42.125,32.125,26.6652,1993-2026
42.125,34.125,16.1216,1993-2026
42.125,36.125,21.0431,1993-2026
42.125,38.125,30.5497,1993-2026
42.125,40.125,30.495,1993-2026
42.125,48.125,-631.0098,1993-2026
42.125,50.125,-625.5968,1993-2026
42.125,52.125,-607.2601,1993-2026
42.125,130.125,43.3215,1993-2026
42.125,132.125,37.9679,1993-2026
42.125,134.125,44.2094,1993-2026
42.125,136.125,52.3026,1993-2026
42.125,138.125,49.6398,1993-2026
42.125,140.125,40.6292,1993-2026
42.125,142.125,28.3737,1993-2026
42.125,144.125,34.545,1993-2026
42.125,146.125,33.9527,1993-2026
42.125,148.125,87.4002,1993-2026
42.125,150.125,66.4205,1993-2026
42.125,152.125,27.4098,1993-2026
42.125,154.125,60.7984,1993-2026
42.125,156.125,75.644,1993-2026
42.125,158.125,60.1984,1993-2026
42.125,160.125,60.3174,1993-2026
42.125,162.125,50.2365,1993-2026
42.125,164.125,52.8503,1993-2026
42.125,166.125,42.2468,1993-2026
42.125,168.125,45.1166,1993-2026
42.125,170.125,65.2558,1993-2026
42.125,172.125,44.7252,1993-2026
42.125,174.125,55.6868,1993-2026
42.125,176.125,43.3616,1993-2026
42.125,178.125,48.4577,1993-2026
44.125,-179.875,37.8344,1993-2026
44.125,-177.875,48.6919,1993-2026
44.125,-175.875,39.6285,1993-2026
44.125,-173.875,38.6976,1993-2026
44.125,-171.875,44.8969,1993-2026
44.125,-169.875,46.3248,1993-2026
44.125,-167.875,54.2594,1993-2026
44.125,-165.875,47.8156,1993-2026
44.125,-163.875,46.3573,1993-2026
44.125,-161.875,47.8592,1993-2026
44.125,-159.875,54.6881,1993-2026
44.125,-157.875,46.6805,1993-2026
44.125,-155.875,54.8139,1993-2026
44.125,-153.875,50.4987,1993-2026
44.125,-151.875,56.369,1993-2026
44.125,-149.875,52.7768,1993-2026
44.125,-147.875,52.4497,1993-2026
44.125,-145.875,54.2095,1993-2026
44.125,-143.875,62.5515,1993-2026
44.125,-141.875,52.1318,1993-2026
44.125,-139.875,40.574,1993-2026
44.125,-137.875,38.3439,1993-2026
44.125,-135.875,41.8935,1993-2026
44.125,-133.875,40.874,1993-2026
44.125,-131.875,38.8819,1993-2026
44.125,-129.875,35.2781,1993-2026
44.125,-127.875,27.2797,1993-2026
44.125,-125.875,24.6426,1993-2026
44.125,-69.875,40.2319,1993-2026
44.125,-67.875,38.9148,1993-2026
44.125,-63.875,39.2826,1993-2026
44.125,-61.875,42.0939,1993-2026
44.125,-59.875,53.4426,1993-2026
44.125,-57.875,50.564,1993-2026
44.125,-55.875,44.3463,1993-2026
44.125,-53.875,67.4661,1993-2026
44.125,-51.875,45.0595,1993-2026
44.125,-49.875,46.8503,1993-2026
44.125,-47.875,3.8927,1993-2026
44.125,-45.875,100.4695,1993-2026
44.125,-43.875,68.2089,1993-2026
44.125,-41.875,44.6981,1993-2026
44.125,-39.875,56.8587,1993-2026
44.125,-37.875,69.5565,1993-2026
44.125,-35.875,3.7539,1993-2026
44.125,-33.875,39.5952,1993-2026
44.125,-31.875,71.6676,1993-2026
44.125,-29.875,31.9974,1993-2026
44.125,-27.875,41.8848,1993-2026
44.125,-25.875,41.9705,1993-2026
44.125,-23.875,50.2074,1993-2026
44.125,-21.875,40.0427,1993-2026
44.125,-19.875,48.5076,1993-2026
44.125,-17.875,47.2897,1993-2026
44.125,-15.875,31.4976,1993-2026
44.125,-13.875,48.2952,1993-2026
44.125,-11.875,47.0265,1993-2026
44.125,-9.875,45.6895,1993-2026
44.125,-7.875,36.4747,1993-2026
44.125,-5.875,37.1492,1993-2026
44.125,-3.875,35.7527,1993-2026
44.125,-1.875,35.431,1993-2026
44.125,8.125,29.5718,1993-2026
44.125,10.125,33.9576,1993-2026
44.125,14.125,24.7882,1993-2026
44.125,30.125,19.2373,1993-2026
44.125,32.125,10.514,1993-2026
44.125,34.125,20.0932,1993-2026
44.125,36.125,26.8258,1993-2026
44.125,38.125,24.5521,1993-2026
44.125,48.125,-634.7603,1993-2026
44.125,50.125,-640.3273,1993-2026
44.125,136.125,40.7148,1993-2026
44.125,138.125,45.329,1993-2026
44.125,140.125,32.685,1993-2026
44.125,144.125,60.8589,1993-2026
44.125,146.125,54.5245,1993-2026
44.125,148.125,30.0044,1993-2026
44.125,150.125,35.4358,1993-2026
44.125,152.125,8.5902,1993-2026
44.125,154.125,43.0273,1993-2026
44.125,156.125,48.96,1993-2026
44.125,158.125,61.3152,1993-2026
44.125,160.125,34.3127,1993-2026
44.125,162.125,40.47,1993-2026
44.125,164.125,55.2624,1993-2026
44.125,166.125,48.4727,1993-2026
44.125,168.125,50.0216,1993-2026
44.125,170.125,28.5165,1993-2026
44.125,172.125,54.0523,1993-2026
44.125,174.125,56.0981,1993-2026
44.125,176.125,55.1947,1993-2026
44.125,178.125,57.0987,1993-2026
46.125,-179.875,45.451,1993-2026
46.125,-177.875,47.3284,1993-2026
46.125,-175.875,42.0794,1993-2026
46.125,-173.875,43.5121,1993-2026
46.125,-171.875,38.4803,1993-2026
46.125,-169.875,41.7431,1993-2026
46.125,-167.875,45.1273,1993-2026
46.125,-165.875,38.7397,1993-2026
46.125,-163.875,41.6047,1993-2026
46.125,-161.875,37.6597,1993-2026
46.125,-159.875,34.8353,1993-2026
46.125,-157.875,39.2444,1993-2026
46.125,-155.875,43.7903,1993-2026
46.125,-153.875,48.2884,1993-2026
46.125,-151.875,45.7969,1993-2026
46.125,-149.875,48.3823,1993-2026
46.125,-147.875,58.0916,1993-2026
46.125,-145.875,59.9381,1993-2026
46.125,-143.875,51.3465,1993-2026
46.125,-141.875,45.6068,1993-2026
46.125,-139.875,49.2169,1993-2026
46.125,-137.875,48.1176,1993-2026
46.125,-135.875,37.9994,1993-2026
46.125,-133.875,33.7297,1993-2026
46.125,-131.875,27.8434,1993-2026
46.125,-129.875,33.4582,1993-2026
46.125,-127.875,30.3102,1993-2026
46.125,-125.875,18.4776,1993-2026
46.125,-123.875,16.694,1993-2026
46.125,-61.875,55.7405,1993-2026
46.125,-59.875,50.2055,1993-2026
46.125,-57.875,54.8492,1993-2026
46.125,-55.875,49.5542,1993-2026
46.125,-53.875,43.6805,1993-2026
46.125,-51.875,51.1442,1993-2026
46.125,-49.875,39.1074,1993-2026
46.125,-47.875,43.08,1993-2026
46.125,-45.875,45.4379,1993-2026
46.125,-43.875,21.1137,1993-2026
46.125,-41.875,2.5911,1993-2026
46.125,-39.875,-9.6218,1993-2026
46.125,-37.875,59.9448,1993-2026
46.125,-35.875,4.559,1993-2026
46.125,-33.875,42.7611,1993-2026
46.125,-31.875,6.2177,1993-2026
46.125,-29.875,64.6965,1993-2026
46.125,-27.875,39.0329,1993-2026
46.125,-25.875,48.2579,1993-2026
46.125,-23.875,79.2885,1993-2026
46.125,-21.875,49.1003,1993-2026
46.125,-19.875,62.5316,1993-2026
46.125,-17.875,36.2715,1993-2026
46.125,-15.875,42.7563,1993-2026
46.125,-13.875,39.4171,1993-2026
46.125,-11.875,53.9768,1993-2026
46.125,-9.875,36.9242,1993-2026
46.125,-7.875,38.7223,1993-2026
46.125,-5.875,41.1068,1993-2026
46.125,-3.875,37.2648,1993-2026
46.125,-1.875,25.3713,1993-2026
46.125,30.125,16.664,1993-2026
46.125,32.125,16.8615,1993-2026
46.125,36.125,10.2474,1993-2026
46.125,38.125,22.5576,1993-2026
46.125,138.125,45.0827,1993-2026
46.125,140.125,43.0921,1993-2026
46.125,142.125,48.7665,1993-2026
46.125,144.125,43.5615,1993-2026
46.125,146.125,61.5585,1993-2026
46.125,148.125,37.485,1993-2026
46.125,150.125,48.5719,1993-2026
46.125,152.125,39.5477,1993-2026
46.125,154.125,59.0923,1993-2026
46.125,156.125,50.8761,1993-2026
46.125,158.125,46.0534,1993-2026
46.125,160.125,50.3032,1993-2026
46.125,162.125,28.0984,1993-2026
46.125,164.125,37.6021,1993-2026
46.125,166.125,41.7305,1993-2026
46.125,168.125,43.6737,1993-2026
46.125,170.125,43.9916,1993-2026
46.125,172.125,58.6456,1993-2026
46.125,174.125,54.7432,1993-2026
46.125,176.125,36.7374,1993-2026
46.125,178.125,50.7755,1993-2026
48.125,-179.875,43.2948,1993-2026
48.125,-177.875,34.2044,1993-2026
48.125,-175.875,30.0977,1993-2026
48.125,-173.875,29.0642,1993-2026
48.125,-171.875,30.6247,1993-2026
48.125,-169.875,29.5248,1993-2026
48.125,-167.875,34.8794,1993-2026
48.125,-165.875,34.1115,1993-2026
48.125,-163.875,42.1132,1993-2026
48.125,-161.875,33.3503,1993-2026
48.125,-159.875,36.5342,1993-2026
48.125,-157.875,39.6765,1993-2026
48.125,-155.875,39.7998,1993-2026
48.125,-153.875,44.6119,1993-2026
48.125,-151.875,42.1718,1993-2026
48.125,-149.875,50.3995,1993-2026
48.125,-147.875,45.824,1993-2026
48.125,-145.875,47.9521,1993-2026
48.125,-143.875,43.7642,1993-2026
48.125,-141.875,54.4248,1993-2026
48.125,-139.875,40.0132,1993-2026
48.125,-137.875,38.3497,1993-2026
48.125,-135.875,30.4331,1993-2026
48.125,-133.875,31.1913,1993-2026
48.125,-131.875,27.5385,1993-2026
48.125,-129.875,33.9179,1993-2026
48.125,-127.875,25.9766,1993-2026
48.125,-125.875,18.7611,1993-2026
48.125,-123.875,21.0808,1993-2026
48.125,-65.875,48.9934,1993-2026
48.125,-63.875,47.8234,1993-2026
48.125,-61.875,44.9115,1993-2026
48.125,-59.875,42.7224,1993-2026
48.125,-53.875,35.7789,1993-2026
48.125,-51.875,40.6181,1993-2026
48.125,-49.875,41.6206,1993-2026
48.125,-47.875,40.6974,1993-2026
48.125,-45.875,48.0861,1993-2026
48.125,-43.875,42.8497,1993-2026
48.125,-41.875,48.1185,1993-2026
48.125,-39.875,54.1984,1993-2026
48.125,-37.875,52.771,1993-2026
48.125,-35.875,29.7058,1993-2026
48.125,-33.875,40.1835,1993-2026
48.125,-31.875,42.3208,1993-2026
48.125,-29.875,4.1327,1993-2026
48.125,-27.875,33.1969,1993-2026
48.125,-25.875,43.7647,1993-2026
48.125,-23.875,28.7555,1993-2026
48.125,-21.875,62.8345,1993-2026
48.125,-19.875,37.9084,1993-2026
48.125,-17.875,21.2753,1993-2026
48.125,-15.875,69.6252,1993-2026
48.125,-13.875,43.5397,1993-2026
48.125,-11.875,48.466,1993-2026
48.125,-9.875,39.9044,1993-2026
48.125,-7.875,34.7265,1993-2026
48.125,-5.875,33.016,1993-2026
48.125,140.125,47.3511,1993-2026
48.125,142.125,32.7411,1993-2026
48.125,146.125,35.7039,1993-2026
48.125,148.125,46.081,1993-2026
48.125,150.125,29.5258,1993-2026
48.125,152.125,24.0702,1993-2026
48.125,154.125,48.7485,1993-2026
48.125,156.125,15.3939,1993-2026
48.125,158.125,57.8874,1993-2026
48.125,160.125,37.5097,1993-2026
48.125,162.125,53.3206,1993-2026
48.125,164.125,46.8992,1993-2026
48.125,166.125,42.9697,1993-2026
48.125,168.125,49.0984,1993-2026
48.125,170.125,32.8098,1993-2026
48.125,172.125,43.5881,1993-2026
48.125,174.125,26.5519,1993-2026
48.125,176.125,40.2982,1993-2026
48.125,178.125,33.8806,1993-2026
50.125,-179.875,31.5053,1993-2026
50.125,-177.875,32.07,1993-2026
50.125,-175.875,32.3298,1993-2026
50.125,-173.875,46.2324,1993-2026
50.125,-171.875,1.0224,1993-2026
50.125,-169.875,11.8873,1993-2026
50.125,-167.875,29.1644,1993-2026
50.125,-165.875,32.5098,1993-2026
50.125,-163.875,30.1577,1993-2026
50.125,-161.875,33.7611,1993-2026
50.125,-159.875,33.7616,1993-2026
50.125,-157.875,37.2706,1993-2026
50.125,-155.875,36.09,1993-2026
50.125,-153.875,38.2137,1993-2026
50.125,-151.875,37.8798,1993-2026
50.125,-149.875,38.384,1993-2026
50.125,-147.875,44.3221,1993-2026
50.125,-145.875,42.6218,1993-2026
50.125,-143.875,47.3129,1993-2026
50.125,-141.875,43.7187,1993-2026
50.125,-139.875,38.2544,1993-2026
50.125,-137.875,39.0402,1993-2026
50.125,-135.875,37.0756,1993-2026
50.125,-133.875,32.3366,1993-2026
50.125,-131.875,31.531,1993-2026
50.125,-129.875,29.9623,1993-2026
50.125,-127.875,27.975,1993-2026
50.125,-123.875,15.3711,1993-2026
50.125,-65.875,46.3118,1993-2026
50.125,-63.875,46.7187,1993-2026
50.125,-61.875,40.111,1993-2026
50.125,-59.875,39.1994,1993-2026
50.125,-57.875,43.9553,1993-2026
50.125,-55.875,44.8736,1993-2026
50.125,-53.875,40.2753,1993-2026
50.125,-51.875,32.6981,1993-2026
50.125,-49.875,40.29,1993-2026
50.125,-47.875,41.9303,1993-2026
50.125,-45.875,42.8555,1993-2026
50.125,-43.875,45.8879,1993-2026
50.125,-41.875,78.8148,1993-2026
50.125,-39.875,24.3552,1993-2026
50.125,-37.875,9.5569,1993-2026
50.125,-35.875,37.5344,1993-2026
50.125,-33.875,56.5984,1993-2026
50.125,-31.875,33.6866,1993-2026
50.125,-29.875,37.0974,1993-2026
50.125,-27.875,23.894,1993-2026
50.125,-25.875,15.7979,1993-2026
50.125,-23.875,0.4277,1993-2026
50.125,-21.875,43.3176,1993-2026
50.125,-19.875,33.7292,1993-2026
50.125,-17.875,40.5063,1993-2026
50.125,-15.875,53.8679,1993-2026
50.125,-13.875,52.6965,1993-2026
50.125,-11.875,40.4637,1993-2026
50.125,-9.875,30.1969,1993-2026
50.125,-7.875,26.6473,1993-2026
50.125,-5.875,26.0647,1993-2026
50.125,-3.875,26.94,1993-2026
50.125,-1.875,28.6369,1993-2026
50.125,0.125,24.5923,1993-2026
50.125,142.125,43.5503,1993-2026
50.125,146.125,40.1618,1993-2026
50.125,148.125,29.8316,1993-2026
50.125,150.125,39.5206,1993-2026
50.125,152.125,37.7569,1993-2026
50.125,154.125,36.3581,1993-2026
50.125,156.125,42.6818,1993-2026
50.125,158.125,43.9539,1993-2026
50.125,160.125,20.1469,1993-2026
50.125,162.125,45.4616,1993-2026
50.125,164.125,39.2865,1993-2026
50.125,166.125,41.7126,1993-2026
50.125,168.125,55.2702,1993-2026
50.125,170.125,48.2826,1993-2026
50.125,172.125,36.5235,1993-2026
50.125,174.125,40.7439,1993-2026
50.125,176.125,44.0894,1993-2026
50.125,178.125,32.0821,1993-2026
52.125,-179.875,38.0047,1993-2026
52.125,-177.875,38.7034,1993-2026
52.125,-175.875,38.4015,1993-2026
52.125,-173.875,33.7795,1993-2026
52.125,-171.875,37.1961,1993-2026
52.125,-169.875,33.51,1993-2026
52.125,-167.875,-1.2731,1993-2026
52.125,-165.875,54.5981,1993-2026
52.125,-163.875,26.7532,1993-2026
52.125,-161.875,41.9676,1993-2026
52.125,-159.875,32.8848,1993-2026
52.125,-157.875,34.6858,1993-2026
52.125,-155.875,31.6089,1993-2026
52.125,-153.875,37.4439,1993-2026
52.125,-151.875,41.3898,1993-2026
52.125,-149.875,37.3926,1993-2026
52.125,-147.875,37.9055,1993-2026
52.125,-145.875,29.1005,1993-2026
52.125,-143.875,37.8382,1993-2026
52.125,-141.875,45.7544,1993-2026
52.125,-139.875,28.5827,1993-2026
52.125,-137.875,46.0737,1993-2026
52.125,-135.875,26.7329,1993-2026
52.125,-133.875,33.5032,1993-2026
52.125,-131.875,22.6471,1993-2026
52.125,-129.875,20.2302,1993-2026
52.125,-127.875,30.855,1993-2026
52.125,-55.875,45.9832,1993-2026
52.125,-53.875,42.0686,1993-2026
52.125,-51.875,42.6334,1993-2026
52.125,-49.875,46.9597,1993-2026
52.125,-47.875,44.3419,1993-2026
52.125,-45.875,42.72,1993-2026
52.125,-43.875,48.5492,1993-2026
52.125,-41.875,27.061,1993-2026
52.125,-39.875,23.596,1993-2026
52.125,-37.875,15.4858,1993-2026
52.125,-35.875,26.8413,1993-2026
52.125,-33.875,6.84,1993-2026
52.125,-31.875,29.2113,1993-2026
52.125,-29.875,12.7224,1993-2026
52.125,-27.875,35.0981,1993-2026
52.125,-25.875,25.6684,1993-2026
52.125,-23.875,22.6205,1993-2026
52.125,-21.875,-0.2506,1993-2026
52.125,-19.875,46.9742,1993-2026
52.125,-17.875,52.8498,1993-2026
52.125,-15.875,14.8374,1993-2026
52.125,-13.875,35.4634,1993-2026
52.125,-11.875,39.9073,1993-2026
52.125,-9.875,33.1065,1993-2026
52.125,-5.875,14.206,1993-2026
52.125,2.125,42.0271,1993-2026
52.125,4.125,55.7163,1993-2026
52.125,146.125,27.7081,1993-2026
52.125,148.125,33.7582,1993-2026
52.125,150.125,32.1092,1993-2026
52.125,152.125,40.3137,1993-2026
52.125,154.125,39.1316,1993-2026
52.125,156.125,37.4787,1993-2026
52.125,160.125,54.5323,1993-2026
52.125,162.125,17.7827,1993-2026
52.125,164.125,39.6232,1993-2026
52.125,166.125,13.1497,1993-2026
52.125,168.125,22.5368,1993-2026
52.125,170.125,64.3471,1993-2026
52.125,172.125,51.1418,1993-2026
52.125,174.125,32.4019,1993-2026
52.125,176.125,31.5997,1993-2026
52.125,178.125,34.2237,1993-2026
54.125,-179.875,32.3792,1993-2026
54.125,-177.875,47.8248,1993-2026
54.125,-175.875,32.2156,1993-2026
54.125,-173.875,35.5461,1993-2026
54.125,-171.875,36.1882,1993-2026
54.125,-169.875,44.1203,1993-2026
54.125,-167.875,20.3115,1993-2026
54.125,-165.875,39.4156,1993-2026
54.125,-163.875,50.1102,1993-2026
54.125,-161.875,41.2432,1993-2026
54.125,-159.875,27.8603,1993-2026
54.125,-157.875,15.8463,1993-2026
54.125,-155.875,3.0711,1993-2026
54.125,-153.875,19.7579,1993-2026
54.125,-151.875,24.0469,1993-2026
54.125,-149.875,25.5731,1993-2026
54.125,-147.875,30.5192,1993-2026
54.125,-145.875,31.2934,1993-2026
54.125,-143.875,40.4332,1993-2026
54.125,-141.875,41.6269,1993-2026
54.125,-139.875,18.84,1993-2026
54.125,-137.875,29.925,1993-2026
54.125,-135.875,18.015,1993-2026
54.125,-133.875,31.5789,1993-2026
54.125,-131.875,33.8381,1993-2026
54.125,-129.875,32.7895,1993-2026
54.125,-57.875,39.3818,1993-2026
54.125,-53.875,27.7878,1993-2026
54.125,-51.875,43.2223,1993-2026
54.125,-49.875,54.7684,1993-2026
54.125,-47.875,37.1308,1993-2026
54.125,-45.875,43.6137,1993-2026
54.125,-43.875,36.4219,1993-2026
54.125,-41.875,28.5953,1993-2026
54.125,-39.875,20.0385,1993-2026
54.125,-37.875,16.3437,1993-2026
54.125,-35.875,24.3242,1993-2026
54.125,-33.875,21.1205,1993-2026
54.125,-31.875,22.0427,1993-2026
54.125,-29.875,15.541,1993-2026
54.125,-27.875,26.9023,1993-2026
54.125,-25.875,16.5044,1993-2026
54.125,-23.875,10.9665,1993-2026
54.125,-21.875,10.7061,1993-2026
54.125,-19.875,31.5131,1993-2026
54.125,-17.875,50.5684,1993-2026
54.125,-15.875,23.0705,1993-2026
54.125,-13.875,32.341,1993-2026
54.125,-11.875,36.4742,1993-2026
54.125,-9.875,29.6705,1993-2026
54.125,-5.875,30.014,1993-2026
54.125,-3.875,17.3903,1993-2026
54.125,0.125,38.2684,1993-2026
54.125,2.125,33.976,1993-2026
54.125,4.125,48.8627,1993-2026
54.125,6.125,49.951,1993-2026
54.125,8.125,35.5306,1993-2026
54.125,12.125,82.5077,1993-2026
54.125,14.125,79.4139,1993-2026
54.125,140.125,36.4485,1993-2026
54.125,146.125,30.7263,1993-2026
54.125,148.125,41.5156,1993-2026
54.125,150.125,38.9318,1993-2026
54.125,152.125,38.8887,1993-2026
54.125,154.125,37.5503,1993-2026
54.125,160.125,41.5718,1993-2026
54.125,162.125,8.5427,1993-2026
54.125,164.125,-13.4385,1993-2026
54.125,166.125,1.4768,1993-2026
54.125,168.125,17.3603,1993-2026
54.125,170.125,9.6145,1993-2026
54.125,172.125,5.9961,1993-2026
54.125,174.125,40.3524,1993-2026
54.125,176.125,21.4781,1993-2026
54.125,178.125,44.6352,1993-2026
56.125,-179.875,29.0361,1993-2026
56.125,-177.875,31.2798,1993-2026
56.125,-175.875,31.0079,1993-2026
56.125,-173.875,24.5153,1993-2026
56.125,-171.875,34.2416,1993-2026
56.125,-169.875,33.4316,1993-2026
56.125,-167.875,36.9058,1993-2026
56.125,-165.875,41.4252,1993-2026
56.125,-163.875,41.6071,1993-2026
56.125,-161.875,44.3206,1993-2026
56.125,-157.875,45.031,1993-2026
56.125,-155.875,28.6292,1993-2026
56.125,-153.875,28.5532,1993-2026
56.125,-151.875,45.2695,1993-2026
56.125,-149.875,20.3318,1993-2026
56.125,-147.875,29.5669,1993-2026
56.125,-145.875,12.5715,1993-2026
56.125,-143.875,23.3453,1993-2026
56.125,-141.875,20.969,1993-2026
56.125,-139.875,7.7197,1993-2026
56.125,-137.875,17.8476,1993-2026
56.125,-135.875,17.385,1993-2026
56.125,-133.875,32.7866,1993-2026
56.125,-131.875,33.7737,1993-2026
56.125,-61.875,39.929,1993-2026
56.125,-57.875,30.6141,1993-2026
56.125,-55.875,34.4835,1993-2026
56.125,-53.875,45.4471,1993-2026
56.125,-51.875,53.3318,1993-2026
56.125,-49.875,45.0803,1993-2026
56.125,-47.875,47.6381,1993-2026
56.125,-45.875,36.6397,1993-2026
56.125,-43.875,36.584,1993-2026
56.125,-41.875,30.5773,1993-2026
56.125,-39.875,22.7037,1993-2026
56.125,-37.875,20.1905,1993-2026
56.125,-35.875,22.3621,1993-2026
56.125,-33.875,17.2723,1993-2026
56.125,-31.875,17.2771,1993-2026
56.125,-29.875,12.4011,1993-2026
56.125,-27.875,9.7476,1993-2026
56.125,-25.875,24.1771,1993-2026
56.125,-23.875,30.1374,1993-2026
56.125,-21.875,7.8856,1993-2026
56.125,-19.875,22.3142,1993-2026
56.125,-17.875,31.9887,1993-2026
56.125,-15.875,40.2755,1993-2026
56.125,-13.875,43.4584,1993-2026
56.125,-11.875,27.271,1993-2026
56.125,-9.875,46.1071,1993-2026
56.125,-7.875,24.2197,1993-2026
56.125,-5.875,37.9495,1993-2026
56.125,-1.875,34.0679,1993-2026
56.125,0.125,29.8665,1993-2026
56.125,2.125,29.4271,1993-2026
56.125,4.125,31.559,1993-2026
56.125,6.125,39.8666,1993-2026
56.125,8.125,27.2206,1993-2026
56.125,10.125,40.4492,1993-2026
56.125,12.125,45.3566,1993-2026
56.125,16.125,76.4018,1993-2026
56.125,18.125,71.909,1993-2026
56.125,20.125,71.8621,1993-2026
56.125,146.125,54.5076,1993-2026
56.125,148.125,49.0102,1993-2026
56.125,150.125,44.9308,1993-2026
56.125,152.125,42.0668,1993-2026
56.125,154.125,33.794,1993-2026
56.125,162.125,25.5784,1993-2026
56.125,164.125,27.9082,1993-2026
56.125,166.125,26.4735,1993-2026
56.125,168.125,17.4208,1993-2026
56.125,170.125,30.8177,1993-2026
56.125,172.125,17.8152,1993-2026
56.125,174.125,23.6071,1993-2026
56.125,176.125,19.4405,1993-2026
56.125,178.125,22.5576,1993-2026
58.125,-179.875,38.7077,1993-2026
58.125,-177.875,52.6055,1993-2026
58.125,-175.875,39.5323,1993-2026
58.125,-173.875,33.7277,1993-2026
58.125,-171.875,32.6473,1993-2026
58.125,-169.875,27.8003,1993-2026
58.125,-167.875,24.6268,1993-2026
58.125,-165.875,10.0263,1993-2026
58.125,-163.875,16.9865,1993-2026
58.125,-161.875,28.5162,1993-2026
58.125,-159.875,19.9936,1993-2026
58.125,-157.875,24.4558,1993-2026
58.125,-153.875,27.6798,1993-2026
58.125,-151.875,22.7202,1993-2026
58.125,-149.875,26.3134,1993-2026
58.125,-147.875,18.4544,1993-2026
58.125,-145.875,33.5889,1993-2026
58.125,-143.875,19.7565,1993-2026
58.125,-141.875,24.4616,1993-2026
58.125,-139.875,18.4931,1993-2026
58.125,-137.875,29.5466,1993-2026
58.125,-135.875,23.0448,1993-2026
58.125,-133.875,30.8666,1993-2026
58.125,-59.875,34.6286,1993-2026
58.125,-57.875,30.8952,1993-2026
58.125,-55.875,43.1603,1993-2026
58.125,-53.875,35.0279,1993-2026
58.125,-51.875,42.2831,1993-2026
58.125,-49.875,38.744,1993-2026
58.125,-47.875,44.9647,1993-2026
58.125,-45.875,36.8221,1993-2026
58.125,-43.875,37.0394,1993-2026
58.125,-41.875,37.8087,1993-2026
58.125,-39.875,31.5508,1993-2026
58.125,-37.875,16.7589,1993-2026
58.125,-35.875,28.5827,1993-2026
58.125,-33.875,16.3239,1993-2026
58.125,-31.875,7.7632,1993-2026
58.125,-29.875,10.5498,1993-2026
58.125,-27.875,9.6581,1993-2026
58.125,-25.875,-0.541,1993-2026
58.125,-23.875,25.2276,1993-2026
58.125,-21.875,-17.205,1993-2026
58.125,-19.875,15.4152,1993-2026
58.125,-17.875,32.6405,1993-2026
58.125,-15.875,35.3985,1993-2026
58.125,-13.875,36.2642,1993-2026
58.125,-11.875,28.9979,1993-2026
58.125,-9.875,36.8734,1993-2026
58.125,-7.875,19.6321,1993-2026
58.125,-5.875,36.3982,1993-2026
58.125,-3.875,22.0481,1993-2026
58.125,-1.875,29.2485,1993-2026
58.125,0.125,18.8642,1993-2026
58.125,2.125,23.8863,1993-2026
58.125,4.125,32.3831,1993-2026
58.125,6.125,32.5026,1993-2026
58.125,8.125,34.2571,1993-2026
58.125,10.125,30.8226,1993-2026
58.125,18.125,75.1079,1993-2026
58.125,20.125,76.2029,1993-2026
58.125,22.125,63.0644,1993-2026
58.125,24.125,64.9089,1993-2026
58.125,148.125,40.8062,1993-2026
58.125,150.125,41.0205,1993-2026
58.125,152.125,39.1858,1993-2026
58.125,154.125,40.3035,1993-2026
58.125,156.125,44.0021,1993-2026
58.125,162.125,36.7592,1993-2026
58.125,164.125,37.2798,1993-2026
58.125,166.125,38.9932,1993-2026
58.125,168.125,18.21,1993-2026
58.125,170.125,35.9535,1993-2026
58.125,172.125,37.1332,1993-2026
58.125,174.125,36.2952,1993-2026
58.125,176.125,38.2781,1993-2026
58.125,178.125,38.6502,1993-2026
60.125,-179.875,46.0331,1993-2026
60.125,-177.875,37.0829,1993-2026
60.125,-175.875,49.8717,1993-2026
60.125,-173.875,36.4449,1993-2026
60.125,-171.875,23.8787,1993-2026
60.125,-151.875,38.2495,1993-2026
60.125,-147.875,37.3161,1993-2026
60.125,-145.875,27.7432,1993-2026
60.125,-143.875,15.8806,1993-2026
60.125,-141.875,24.0106,1993-2026
60.125,-59.875,32.8188,1993-2026
60.125,-57.875,37.1458,1993-2026
60.125,-55.875,34.4405,1993-2026
60.125,-53.875,23.7034,1993-2026
60.125,-51.875,37.769,1993-2026
60.125,-49.875,35.0603,1993-2026
60.125,-47.875,30.3731,1993-2026
60.125,-45.875,26.2423,1993-2026
60.125,-43.875,36.6232,1993-2026
60.125,-41.875,24.3348,1993-2026
60.125,-39.875,19.6674,1993-2026
60.125,-37.875,18.989,1993-2026
60.125,-35.875,27.2071,1993-2026
60.125,-33.875,19.1879,1993-2026
60.125,-31.875,16.0853,1993-2026
60.125,-29.875,16.3795,1993-2026
60.125,-27.875,17.8094,1993-2026
60.125,-25.875,13.5924,1993-2026
60.125,-23.875,11.5713,1993-2026
60.125,-21.875,12.2318,1993-2026
60.125,-19.875,33.7069,1993-2026
60.125,-17.875,36.9097,1993-2026
60.125,-15.875,15.7606,1993-2026
60.125,-13.875,31.3045,1993-2026
60.125,-11.875,43.139,1993-2026
60.125,-9.875,33.5105,1993-2026
60.125,-7.875,35.8195,1993-2026
60.125,-5.875,26.324,1993-2026
60.125,-3.875,29.2137,1993-2026
60.125,-1.875,23.3637,1993-2026
60.125,0.125,18.6847,1993-2026
60.125,2.125,27.2777,1993-2026
60.125,4.125,37.2731,1993-2026
60.125,6.125,23.7818,1993-2026
60.125,20.125,71.8476,1993-2026
60.125,22.125,65.7528,1993-2026
60.125,24.125,68.4024,1993-2026
60.125,26.125,74.6225,1993-2026
60.125,168.125,50.8175,1993-2026
60.125,170.125,51.9947,1993-2026
60.125,172.125,23.0855,1993-2026
60.125,174.125,21.4123,1993-2026
60.125,176.125,44.6719,1993-2026
60.125,178.125,50.2016,1993-2026
62.125,-179.875,27.5566,1993-2026
62.125,-177.875,33.9894,1993-2026
62.125,-59.875,21.2238,1993-2026
62.125,-57.875,31.945,1993-2026
62.125,-55.875,33.0412,1993-2026
62.125,-53.875,46.8585,1993-2026
62.125,-51.875,35.0129,1993-2026
62.125,-49.875,18.2777,1993-2026
62.125,-41.875,30.1908,1993-2026
62.125,-39.875,20.8316,1993-2026
62.125,-37.875,19.0229,1993-2026
62.125,-35.875,20.4015,1993-2026
62.125,-33.875,18.6697,1993-2026
62.125,-31.875,30.616,1993-2026
62.125,-29.875,14.7968,1993-2026
62.125,-27.875,17.4556,1993-2026
62.125,-25.875,28.7773,1993-2026
62.125,-23.875,30.4679,1993-2026
62.125,-21.875,25.1453,1993-2026
62.125,-19.875,25.3805,1993-2026
62.125,-17.875,14.9952,1993-2026
62.125,-15.875,20.5853,1993-2026
62.125,-13.875,36.8956,1993-2026
62.125,-11.875,36.5182,1993-2026
62.125,-9.875,33.9523,1993-2026
62.125,-7.875,32.6381,1993-2026
62.125,-5.875,32.9216,1993-2026
62.125,-3.875,33.3455,1993-2026
62.125,-1.875,28.005,1993-2026
62.125,0.125,28.0955,1993-2026
62.125,2.125,28.9582,1993-2026
62.125,4.125,26.1044,1993-2026
62.125,6.125,36.1098,1993-2026
62.125,18.125,69.7669,1993-2026
62.125,20.125,72.0566,1993-2026
64.125,-57.875,23.3117,1993-2026
64.125,-55.875,16.4589,1993-2026
64.125,-53.875,22.5382,1993-2026
64.125,-51.875,17.3603,1993-2026
64.125,-39.875,19.6997,1993-2026
64.125,-37.875,-4.259,1993-2026
64.125,-35.875,11.8345,1993-2026
64.125,-33.875,19.905,1993-2026
64.125,-31.875,18.6048,1993-2026
64.125,-29.875,20.7735,1993-2026
64.125,-27.875,20.1237,1993-2026
64.125,-25.875,23.0782,1993-2026
64.125,-23.875,22.6573,1993-2026
64.125,-21.875,22.694,1993-2026
64.125,-15.875,25.4197,1993-2026
64.125,-13.875,34.7985,1993-2026
64.125,-11.875,36.9135,1993-2026
64.125,-9.875,24.3615,1993-2026
64.125,-7.875,26.3434,1993-2026
64.125,-5.875,20.7794,1993-2026
64.125,-3.875,17.6429,1993-2026
64.125,-1.875,23.521,1993-2026
64.125,0.125,36.6915,1993-2026
64.125,2.125,41.5771,1993-2026
64.125,4.125,53.8737,1993-2026
64.125,6.125,35.5394,1993-2026
64.125,8.125,24.7287,1993-2026
64.125,10.125,29.5195,1993-2026
64.125,22.125,66.8512,1993-2026
66.125,-55.875,20.9606,1993-2026
66.125,-53.875,10.0177,1993-2026
66.125,-51.875,25.9146,1993-2026
66.125,-29.875,-15.7729,1993-2026
66.125,-27.875,-2.6444,1993-2026
66.125,-25.875,32.3632,1993-2026
66.125,-23.875,27.885,1993-2026
66.125,-21.875,23.9816,1993-2026
66.125,-19.875,32.2747,1993-2026
66.125,-17.875,29.5132,1993-2026
66.125,-13.875,35.6961,1993-2026
66.125,-11.875,28.2053,1993-2026
66.125,-9.875,25.0674,1993-2026
66.125,-7.875,21.6029,1993-2026
66.125,-5.875,24.9779,1993-2026
66.125,-3.875,23.8563,1993-2026
66.125,-1.875,13.8358,1993-2026
66.125,0.125,30.5313,1993-2026
66.125,2.125,37.4366,1993-2026
66.125,4.125,33.0644,1993-2026
66.125,6.125,30.1824,1993-2026
66.125,8.125,27.6803,1993-2026
66.125,10.125,24.1892,1993-2026
66.125,12.125,27.9919,1993-2026
66.125,36.125,29.6995,1993-2026
68.125,-21.875,27.0405,1993-2026
68.125,-19.875,15.7727,1993-2026
68.125,-17.875,20.8582,1993-2026
68.125,-15.875,23.9715,1993-2026
68.125,-13.875,20.5529,1993-2026
68.125,-11.875,24.1311,1993-2026
68.125,-9.875,25.1647,1993-2026
68.125,-7.875,25.2876,1993-2026
68.125,-5.875,32.2602,1993-2026
68.125,-3.875,31.6829,1993-2026
68.125,-1.875,23.8916,1993-2026
68.125,0.125,29.8437,1993-2026
68.125,2.125,38.6555,1993-2026
68.125,4.125,31.7623,1993-2026
68.125,6.125,34.0185,1993-2026
68.125,8.125,40.8527,1993-2026
68.125,10.125,29.01,1993-2026
68.125,12.125,23.1823,1993-2026
68.125,14.125,26.5205,1993-2026
68.125,16.125,32.1363,1993-2026
68.125,40.125,23.7368,1993-2026
68.125,42.125,25.0734,1993-2026
70.125,-17.875,31.5345,1993-2026
70.125,-15.875,27.862,1993-2026
70.125,-13.875,22.0035,1993-2026
70.125,-11.875,22.3747,1993-2026
70.125,-9.875,26.2582,1993-2026
70.125,-7.875,27.5845,1993-2026
70.125,-5.875,26.6632,1993-2026
70.125,-3.875,25.9771,1993-2026
70.125,-1.875,36.916,1993-2026
70.125,0.125,36.4065,1993-2026
70.125,2.125,56.5084,1993-2026
70.125,4.125,48.9503,1993-2026
70.125,6.125,43.1463,1993-2026
70.125,8.125,40.7971,1993-2026
70.125,10.125,21.1261,1993-2026
70.125,12.125,48.2222,1993-2026
70.125,14.125,60.0215,1993-2026
70.125,16.125,27.3846,1993-2026
70.125,18.125,33.4902,1993-2026
70.125,20.125,32.5855,1993-2026
70.125,22.125,33.4907,1993-2026
70.125,30.125,33.2322,1993-2026
70.125,32.125,35.7893,1993-2026
70.125,34.125,39.7708,1993-2026
70.125,36.125,39.5953,1993-2026
70.125,38.125,35.0932,1993-2026
70.125,40.125,29.1058,1993-2026
70.125,42.125,30.6893,1993-2026
70.125,44.125,27.9215,1993-2026
70.125,46.125,28.8462,1993-2026
70.125,48.125,38.0841,1993-2026
70.125,50.125,44.2061,1993-2026
70.125,52.125,50.0678,1993-2026
70.125,54.125,42.9302,1993-2026
72.125,-13.875,27.3069,1993-2026
72.125,-11.875,28.9233,1993-2026
72.125,-9.875,32.5013,1993-2026
72.125,-7.875,28.2513,1993-2026
72.125,-5.875,25.8075,1993-2026
72.125,-3.875,23.7831,1993-2026
72.125,-1.875,23.8219,1993-2026
72.125,0.125,30.4904,1993-2026
72.125,2.125,24.7035,1993-2026
72.125,4.125,32.1431,1993-2026
72.125,6.125,41.8876,1993-2026
72.125,8.125,42.1009,1993-2026
72.125,10.125,29.9406,1993-2026
72.125,12.125,22.2793,1993-2026
72.125,14.125,27.3546,1993-2026
72.125,16.125,31.7963,1993-2026
72.125,18.125,40.2163,1993-2026
72.125,20.125,34.5893,1993-2026
72.125,22.125,32.1499,1993-2026
72.125,24.125,31.2173,1993-2026
72.125,26.125,35.6086,1993-2026
72.125,28.125,38.6543,1993-2026
72.125,30.125,36.5785,1993-2026
72.125,32.125,29.8524,1993-2026
72.125,34.125,31.3282,1993-2026
72.125,36.125,39.2905,1993-2026
72.125,38.125,39.4198,1993-2026
72.125,40.125,38.7331,1993-2026
72.125,42.125,38.5881,1993-2026
72.125,44.125,38.0553,1993-2026
72.125,46.125,34.7774,1993-2026
72.125,48.125,38.5002,1993-2026
72.125,50.125,38.6626,1993-2026
72.125,52.125,33.4873,1993-2026
74.125,-9.875,64.0909,1993-2026
74.125,-7.875,46.0332,1993-2026
74.125,-5.875,45.5116,1993-2026
74.125,-3.875,46.8186,1993-2026
74.125,-1.875,37.7287,1993-2026
74.125,0.125,40.0721,1993-2026
74.125,2.125,47.5412,1993-2026
74.125,4.125,53.165,1993-2026
74.125,6.125,42.1503,1993-2026
74.125,8.125,25.4532,1993-2026
74.125,10.125,29.2581,1993-2026
74.125,12.125,30.1939,1993-2026
74.125,14.125,25.9655,1993-2026
74.125,16.125,33.3116,1993-2026
74.125,18.125,29.7405,1993-2026
74.125,20.125,34.8294,1993-2026
74.125,22.125,39.4103,1993-2026
74.125,24.125,42.9762,1993-2026
74.125,26.125,44.9485,1993-2026
74.125,28.125,46.1023,1993-2026
74.125,30.125,40.1159,1993-2026
74.125,32.125,37.159,1993-2026
74.125,34.125,40.4648,1993-2026
74.125,36.125,33.5217,1993-2026
74.125,38.125,30.0603,1993-2026
74.125,40.125,29.793,1993-2026
74.125,42.125,35.6511,1993-2026
74.125,44.125,39.7639,1993-2026
74.125,46.125,36.6594,1993-2026
74.125,48.125,33.9972,1993-2026
74.125,50.125,32.7677,1993-2026
74.125,52.125,28.1845,1993-2026
74.125,54.125,32.6751,1993-2026
76.125,-5.875,59.9035,1993-2026
76.125,-3.875,51.9742,1993-2026
76.125,-1.875,45.1214,1993-2026
76.125,0.125,39.5165,1993-2026
76.125,2.125,36.9625,1993-2026
76.125,4.125,35.4252,1993-2026
76.125,6.125,28.9708,1993-2026
76.125,8.125,22.8252,1993-2026
76.125,10.125,21.7224,1993-2026
76.125,12.125,28.9823,1993-2026
76.125,14.125,34.168,1993-2026
76.125,16.125,32.5234,1993-2026
76.125,18.125,28.4759,1993-2026
76.125,26.125,42.9621,1993-2026
76.125,28.125,46.5974,1993-2026
76.125,30.125,51.8438,1993-2026
76.125,32.125,56.4431,1993-2026
76.125,34.125,55.9341,1993-2026
76.125,36.125,52.2716,1993-2026
76.125,38.125,49.7812,1993-2026
76.125,40.125,60.4946,1993-2026
76.125,42.125,52.0514,1993-2026
76.125,44.125,54.5703,1993-2026
76.125,46.125,53.7821,1993-2026
76.125,48.125,50.7593,1993-2026
76.125,50.125,59.5094,1993-2026
76.125,52.125,63.7365,1993-2026
76.125,54.125,55.3555,1993-2026
78.125,-1.875,57.2227,1993-2026
78.125,0.125,41.9879,1993-2026
78.125,2.125,38.1205,1993-2026
78.125,4.125,36.7839,1993-2026
78.125,6.125,30.6257,1993-2026
78.125,8.125,26.793,1993-2026
78.125,10.125,27.5002,1993-2026
78.125,12.125,26.8935,1993-2026
78.125,14.125,28.0861,1993-2026
80.125,6.125,16.6366,1993-2026
80.125,8.125,23.941,1993-2026
80.125,10.125,35.2228,1993-2026
80.125,12.125,33.8323,1993-2026
80.125,14.125,29.8772,1993-2026
80.125,16.125,23.5297,1993-2026
80.125,18.125,43.728,1993-2026
