lat,lon,trend,period
90.0,0.0,0.5666,1982-2026
90.0,2.5,0.5666,1982-2026
90.0,5.0,0.5666,1982-2026
90.0,7.5,0.5666,1982-2026
90.0,10.0,0.5666,1982-2026
90.0,12.5,0.5666,1982-2026
90.0,15.0,0.5666,1982-2026
90.0,17.5,0.5666,1982-2026
90.0,20.0,0.5666,1982-2026
90.0,22.5,0.5666,1982-2026
90.0,25.0,0.5666,1982-2026
90.0,27.5,0.5666,1982-2026
90.0,30.0,0.5666,1982-2026
90.0,32.5,0.5666,1982-2026
90.0,35.0,0.5666,1982-2026
90.0,37.5,0.5666,1982-2026
90.0,40.0,0.5666,1982-2026
90.0,42.5,0.5666,1982-2026
90.0,45.0,0.5666,1982-2026
90.0,47.5,0.5666,1982-2026
90.0,50.0,0.5666,1982-2026
90.0,52.5,0.5666,1982-2026
90.0,55.0,0.5666,1982-2026
90.0,57.5,0.5666,1982-2026
90.0,60.0,0.5666,1982-2026
90.0,62.5,0.5666,1982-2026
90.0,65.0,0.5666,1982-2026
90.0,67.5,0.5666,1982-2026
90.0,70.0,0.5666,1982-2026
90.0,72.5,0.5666,1982-2026
90.0,75.0,0.5666,1982-2026
90.0,77.5,0.5666,1982-2026
90.0,80.0,0.5666,1982-2026
90.0,82.5,0.5666,1982-2026
90.0,85.0,0.5666,1982-2026
90.0,87.5,0.5666,1982-2026
90.0,90.0,0.5666,1982-2026
90.0,92.5,0.5666,1982-2026
90.0,95.0,0.5666,1982-2026
90.0,97.5,0.5666,1982-2026
90.0,100.0,0.5666,1982-2026
90.0,102.5,0.5666,1982-2026
90.0,105.0,0.5666,1982-2026
90.0,107.5,0.5666,1982-2026
90.0,110.0,0.5666,1982-2026
90.0,112.5,0.5666,1982-2026
90.0,115.0,0.5666,1982-2026
90.0,117.5,0.5666,1982-2026
90.0,120.0,0.5666,1982-2026
90.0,122.5,0.5666,1982-2026
90.0,125.0,0.5666,1982-2026
90.0,127.5,0.5666,1982-2026
90.0,130.0,0.5666,1982-2026
90.0,132.5,0.5666,1982-2026
90.0,135.0,0.5666,1982-2026
90.0,137.5,0.5666,1982-2026
90.0,140.0,0.5666,1982-2026
90.0,142.5,0.5666,1982-2026
90.0,145.0,0.5666,1982-2026
90.0,147.5,0.5666,1982-2026
90.0,150.0,0.5666,1982-2026
90.0,152.5,0.5666,1982-2026
90.0,155.0,0.5666,1982-2026
90.0,157.5,0.5666,1982-2026
90.0,160.0,0.5666,1982-2026
90.0,162.5,0.5666,1982-2026
90.0,165.0,0.5666,1982-2026
90.0,167.5,0.5666,1982-2026
90.0,170.0,0.5666,1982-2026
90.0,172.5,0.5666,1982-2026
90.0,175.0,0.5666,1982-2026
90.0,177.5,0.5666,1982-2026
90.0,180.0,0.5666,1982-2026
90.0,-177.5,0.5666,1982-2026
90.0,-175.0,0.5666,1982-2026
90.0,-172.5,0.5666,1982-2026
90.0,-170.0,0.5666,1982-2026
90.0,-167.5,0.5666,1982-2026
90.0,-165.0,0.5666,1982-2026
90.0,-162.5,0.5666,1982-2026
90.0,-160.0,0.5666,1982-2026
90.0,-157.5,0.5666,1982-2026
90.0,-155.0,0.5666,1982-2026
90.0,-152.5,0.5666,1982-2026
90.0,-150.0,0.5666,1982-2026
90.0,-147.5,0.5666,1982-2026
90.0,-145.0,0.5666,1982-2026
90.0,-142.5,0.5666,1982-2026
90.0,-140.0,0.5666,1982-2026
90.0,-137.5,0.5666,1982-2026
90.0,-135.0,0.5666,1982-2026
90.0,-132.5,0.5666,1982-2026
90.0,-130.0,0.5666,1982-2026
90.0,-127.5,0.5666,1982-2026
90.0,-125.0,0.5666,1982-2026
90.0,-122.5,0.5666,1982-2026
90.0,-120.0,0.5666,1982-2026
90.0,-117.5,0.5666,1982-2026
90.0,-115.0,0.5666,1982-2026
90.0,-112.5,0.5666,1982-2026
90.0,-110.0,0.5666,1982-2026
90.0,-107.5,0.5666,1982-2026
90.0,-105.0,0.5666,1982-2026
90.0,-102.5,0.5666,1982-2026
90.0,-100.0,0.5666,1982-2026
90.0,-97.5,0.5666,1982-2026
90.0,-95.0,0.5666,1982-2026
90.0,-92.5,0.5666,1982-2026
90.0,-90.0,0.5666,1982-2026
90.0,-87.5,0.5666,1982-2026
90.0,-85.0,0.5666,1982-2026
90.0,-82.5,0.5666,1982-2026
90.0,-80.0,0.5666,1982-2026
90.0,-77.5,0.5666,1982-2026
90.0,-75.0,0.5666,1982-2026
90.0,-72.5,0.5666,1982-2026
90.0,-70.0,0.5666,1982-2026
90.0,-67.5,0.5666,1982-2026
90.0,-65.0,0.5666,1982-2026
90.0,-62.5,0.5666,1982-2026
90.0,-60.0,0.5666,1982-2026
90.0,-57.5,0.5666,1982-2026
90.0,-55.0,0.5666,1982-2026
90.0,-52.5,0.5666,1982-2026
90.0,-50.0,0.5666,1982-2026
90.0,-47.5,0.5666,1982-2026
90.0,-45.0,0.5666,1982-2026
90.0,-42.5,0.5666,1982-2026
90.0,-40.0,0.5666,1982-2026
90.0,-37.5,0.5666,1982-2026
90.0,-35.0,0.5666,1982-2026
90.0,-32.5,0.5666,1982-2026
90.0,-30.0,0.5666,1982-2026
90.0,-27.5,0.5666,1982-2026
90.0,-25.0,0.5666,1982-2026
90.0,-22.5,0.5666,1982-2026
90.0,-20.0,0.5666,1982-2026
90.0,-17.5,0.5666,1982-2026
90.0,-15.0,0.5666,1982-2026
90.0,-12.5,0.5666,1982-2026
90.0,-10.0,0.5666,1982-2026
90.0,-7.5,0.5666,1982-2026
90.0,-5.0,0.5666,1982-2026
90.0,-2.5,0.5666,1982-2026
87.5,0.0,0.4214,1982-2026
87.5,2.5,0.4277,1982-2026
87.5,5.0,0.4339,1982-2026
87.5,7.5,0.4383,1982-2026
87.5,10.0,0.4428,1982-2026
87.5,12.5,0.4469,1982-2026
87.5,15.0,0.4513,1982-2026
87.5,17.5,0.456,1982-2026
87.5,20.0,0.461,1982-2026
87.5,22.5,0.4653,1982-2026
87.5,25.0,0.4698,1982-2026
87.5,27.5,0.4742,1982-2026
87.5,30.0,0.4786,1982-2026
87.5,32.5,0.4837,1982-2026
87.5,35.0,0.4885,1982-2026
87.5,37.5,0.4921,1982-2026
87.5,40.0,0.4957,1982-2026
87.5,42.5,0.4987,1982-2026
87.5,45.0,0.5019,1982-2026
87.5,47.5,0.5052,1982-2026
87.5,50.0,0.5084,1982-2026
87.5,52.5,0.5121,1982-2026
87.5,55.0,0.5158,1982-2026
87.5,57.5,0.5213,1982-2026
87.5,60.0,0.527,1982-2026
87.5,62.5,0.5328,1982-2026
87.5,65.0,0.5383,1982-2026
87.5,67.5,0.5437,1982-2026
87.5,70.0,0.5494,1982-2026
87.5,72.5,0.5557,1982-2026
87.5,75.0,0.5617,1982-2026
87.5,77.5,0.5667,1982-2026
87.5,80.0,0.5721,1982-2026
87.5,82.5,0.5764,1982-2026
87.5,85.0,0.5811,1982-2026
87.5,87.5,0.5857,1982-2026
87.5,90.0,0.5903,1982-2026
87.5,92.5,0.596,1982-2026
87.5,95.0,0.6014,1982-2026
87.5,97.5,0.6071,1982-2026
87.5,100.0,0.6129,1982-2026
87.5,102.5,0.6168,1982-2026
87.5,105.0,0.6208,1982-2026
87.5,107.5,0.6245,1982-2026
87.5,110.0,0.6281,1982-2026
87.5,112.5,0.6315,1982-2026
87.5,115.0,0.6347,1982-2026
87.5,117.5,0.637,1982-2026
87.5,120.0,0.6394,1982-2026
87.5,122.5,0.6421,1982-2026
87.5,125.0,0.6443,1982-2026
87.5,127.5,0.6462,1982-2026
87.5,130.0,0.6479,1982-2026
87.5,132.5,0.648,1982-2026
87.5,135.0,0.6489,1982-2026
87.5,137.5,0.6491,1982-2026
87.5,140.0,0.6489,1982-2026
87.5,142.5,0.6484,1982-2026
87.5,145.0,0.648,1982-2026
87.5,147.5,0.6472,1982-2026
87.5,150.0,0.6464,1982-2026
87.5,152.5,0.6451,1982-2026
87.5,155.0,0.6438,1982-2026
87.5,157.5,0.6417,1982-2026
87.5,160.0,0.6398,1982-2026
87.5,162.5,0.6384,1982-2026
87.5,165.0,0.6369,1982-2026
87.5,167.5,0.6344,1982-2026
87.5,170.0,0.6318,1982-2026
87.5,172.5,0.6285,1982-2026
87.5,175.0,0.6252,1982-2026
87.5,177.5,0.6223,1982-2026
87.5,180.0,0.6194,1982-2026
87.5,-177.5,0.6155,1982-2026
87.5,-175.0,0.6108,1982-2026
87.5,-172.5,0.6052,1982-2026
87.5,-170.0,0.5999,1982-2026
87.5,-167.5,0.5929,1982-2026
87.5,-165.0,0.5861,1982-2026
87.5,-162.5,0.5809,1982-2026
87.5,-160.0,0.5757,1982-2026
87.5,-157.5,0.5718,1982-2026
87.5,-155.0,0.5677,1982-2026
87.5,-152.5,0.5622,1982-2026
87.5,-150.0,0.557,1982-2026
87.5,-147.5,0.5517,1982-2026
87.5,-145.0,0.5467,1982-2026
87.5,-142.5,0.5422,1982-2026
87.5,-140.0,0.5376,1982-2026
87.5,-137.5,0.533,1982-2026
87.5,-135.0,0.5293,1982-2026
87.5,-132.5,0.5257,1982-2026
87.5,-130.0,0.5222,1982-2026
87.5,-127.5,0.5191,1982-2026
87.5,-125.0,0.5164,1982-2026
87.5,-122.5,0.513,1982-2026
87.5,-120.0,0.5094,1982-2026
87.5,-117.5,0.5051,1982-2026
87.5,-115.0,0.501,1982-2026
87.5,-112.5,0.4943,1982-2026
87.5,-110.0,0.4874,1982-2026
87.5,-107.5,0.4788,1982-2026
87.5,-105.0,0.4702,1982-2026
87.5,-102.5,0.4607,1982-2026
87.5,-100.0,0.4517,1982-2026
87.5,-97.5,0.4395,1982-2026
87.5,-95.0,0.4273,1982-2026
87.5,-92.5,0.4174,1982-2026
87.5,-90.0,0.4077,1982-2026
87.5,-87.5,0.4011,1982-2026
87.5,-85.0,0.3948,1982-2026
87.5,-82.5,0.3898,1982-2026
87.5,-80.0,0.3848,1982-2026
87.5,-77.5,0.3834,1982-2026
87.5,-75.0,0.383,1982-2026
87.5,-72.5,0.3843,1982-2026
87.5,-70.0,0.386,1982-2026
87.5,-67.5,0.3877,1982-2026
87.5,-65.0,0.3897,1982-2026
87.5,-62.5,0.3893,1982-2026
87.5,-60.0,0.389,1982-2026
87.5,-57.5,0.3851,1982-2026
87.5,-55.0,0.3812,1982-2026
87.5,-52.5,0.375,1982-2026
87.5,-50.0,0.369,1982-2026
87.5,-47.5,0.3605,1982-2026
87.5,-45.0,0.3529,1982-2026
87.5,-42.5,0.3457,1982-2026
87.5,-40.0,0.3391,1982-2026
87.5,-37.5,0.336,1982-2026
87.5,-35.0,0.3328,1982-2026
87.5,-32.5,0.3332,1982-2026
87.5,-30.0,0.334,1982-2026
87.5,-27.5,0.339,1982-2026
87.5,-25.0,0.3444,1982-2026
87.5,-22.5,0.352,1982-2026
87.5,-20.0,0.3598,1982-2026
87.5,-17.5,0.3671,1982-2026
87.5,-15.0,0.3748,1982-2026
87.5,-12.5,0.3832,1982-2026
87.5,-10.0,0.3918,1982-2026
87.5,-7.5,0.3997,1982-2026
87.5,-5.0,0.4077,1982-2026
87.5,-2.5,0.4145,1982-2026
85.0,0.0,0.3759,1982-2026
85.0,2.5,0.39,1982-2026
85.0,5.0,0.4026,1982-2026
85.0,7.5,0.414,1982-2026
85.0,10.0,0.4242,1982-2026
85.0,12.5,0.4339,1982-2026
85.0,15.0,0.4452,1982-2026
85.0,17.5,0.4553,1982-2026
85.0,20.0,0.466,1982-2026
85.0,22.5,0.4761,1982-2026
85.0,25.0,0.4862,1982-2026
85.0,27.5,0.4957,1982-2026
85.0,30.0,0.5021,1982-2026
85.0,32.5,0.511,1982-2026
85.0,35.0,0.5185,1982-2026
85.0,37.5,0.5272,1982-2026
85.0,40.0,0.5363,1982-2026
85.0,42.5,0.5447,1982-2026
85.0,45.0,0.5536,1982-2026
85.0,47.5,0.5601,1982-2026
85.0,50.0,0.57,1982-2026
85.0,52.5,0.5798,1982-2026
85.0,55.0,0.5881,1982-2026
85.0,57.5,0.5959,1982-2026
85.0,60.0,0.6027,1982-2026
85.0,62.5,0.6067,1982-2026
85.0,65.0,0.6121,1982-2026
85.0,67.5,0.6153,1982-2026
85.0,70.0,0.6173,1982-2026
85.0,72.5,0.6189,1982-2026
85.0,75.0,0.6208,1982-2026
85.0,77.5,0.6199,1982-2026
85.0,80.0,0.6194,1982-2026
85.0,82.5,0.6204,1982-2026
85.0,85.0,0.6217,1982-2026
85.0,87.5,0.6225,1982-2026
85.0,90.0,0.6259,1982-2026
85.0,92.5,0.6268,1982-2026
85.0,95.0,0.6276,1982-2026
85.0,97.5,0.6295,1982-2026
85.0,100.0,0.6322,1982-2026
85.0,102.5,0.6358,1982-2026
85.0,105.0,0.6405,1982-2026
85.0,107.5,0.6456,1982-2026
85.0,110.0,0.6511,1982-2026
85.0,112.5,0.6568,1982-2026
85.0,115.0,0.6635,1982-2026
85.0,117.5,0.6713,1982-2026
85.0,120.0,0.6793,1982-2026
85.0,122.5,0.6914,1982-2026
85.0,125.0,0.7009,1982-2026
85.0,127.5,0.7097,1982-2026
85.0,130.0,0.7184,1982-2026
85.0,132.5,0.7269,1982-2026
85.0,135.0,0.7344,1982-2026
85.0,137.5,0.7428,1982-2026
85.0,140.0,0.7479,1982-2026
85.0,142.5,0.7515,1982-2026
85.0,145.0,0.7533,1982-2026
85.0,147.5,0.7529,1982-2026
85.0,150.0,0.7504,1982-2026
85.0,152.5,0.7471,1982-2026
85.0,155.0,0.7414,1982-2026
85.0,157.5,0.7354,1982-2026
85.0,160.0,0.728,1982-2026
85.0,162.5,0.7183,1982-2026
85.0,165.0,0.7071,1982-2026
85.0,167.5,0.6966,1982-2026
85.0,170.0,0.6891,1982-2026
85.0,172.5,0.6807,1982-2026
85.0,175.0,0.6711,1982-2026
85.0,177.5,0.6615,1982-2026
85.0,180.0,0.6519,1982-2026
85.0,-177.5,0.6412,1982-2026
85.0,-175.0,0.6325,1982-2026
85.0,-172.5,0.6233,1982-2026
85.0,-170.0,0.614,1982-2026
85.0,-167.5,0.6048,1982-2026
85.0,-165.0,0.5951,1982-2026
85.0,-162.5,0.5862,1982-2026
85.0,-160.0,0.5775,1982-2026
85.0,-157.5,0.5702,1982-2026
85.0,-155.0,0.5646,1982-2026
85.0,-152.5,0.56,1982-2026
85.0,-150.0,0.558,1982-2026
85.0,-147.5,0.5503,1982-2026
85.0,-145.0,0.5465,1982-2026
85.0,-142.5,0.5415,1982-2026
85.0,-140.0,0.5359,1982-2026
85.0,-137.5,0.5303,1982-2026
85.0,-135.0,0.5211,1982-2026
85.0,-132.5,0.5171,1982-2026
85.0,-130.0,0.5128,1982-2026
85.0,-127.5,0.507,1982-2026
85.0,-125.0,0.5021,1982-2026
85.0,-122.5,0.4994,1982-2026
85.0,-120.0,0.4951,1982-2026
85.0,-117.5,0.4916,1982-2026
85.0,-115.0,0.4845,1982-2026
85.0,-112.5,0.4754,1982-2026
85.0,-110.0,0.4625,1982-2026
85.0,-107.5,0.4463,1982-2026
85.0,-105.0,0.4307,1982-2026
85.0,-102.5,0.4106,1982-2026
85.0,-100.0,0.3914,1982-2026
85.0,-97.5,0.3734,1982-2026
85.0,-95.0,0.3557,1982-2026
85.0,-92.5,0.3372,1982-2026
85.0,-90.0,0.317,1982-2026
85.0,-87.5,0.2978,1982-2026
85.0,-85.0,0.284,1982-2026
85.0,-82.5,0.2721,1982-2026
85.0,-80.0,0.262,1982-2026
85.0,-77.5,0.2549,1982-2026
85.0,-75.0,0.252,1982-2026
85.0,-72.5,0.2515,1982-2026
85.0,-70.0,0.2496,1982-2026
85.0,-67.5,0.2472,1982-2026
85.0,-65.0,0.2449,1982-2026
85.0,-62.5,0.2444,1982-2026
85.0,-60.0,0.2449,1982-2026
85.0,-57.5,0.2365,1982-2026
85.0,-55.0,0.2281,1982-2026
85.0,-52.5,0.2203,1982-2026
85.0,-50.0,0.2107,1982-2026
85.0,-47.5,0.1979,1982-2026
85.0,-45.0,0.1862,1982-2026
85.0,-42.5,0.1754,1982-2026
85.0,-40.0,0.1657,1982-2026
85.0,-37.5,0.1632,1982-2026
85.0,-35.0,0.1668,1982-2026
85.0,-32.5,0.1741,1982-2026
85.0,-30.0,0.1832,1982-2026
85.0,-27.5,0.1964,1982-2026
85.0,-25.0,0.2145,1982-2026
85.0,-22.5,0.233,1982-2026
85.0,-20.0,0.2506,1982-2026
85.0,-17.5,0.2682,1982-2026
85.0,-15.0,0.2867,1982-2026
85.0,-12.5,0.3037,1982-2026
85.0,-10.0,0.3181,1982-2026
85.0,-7.5,0.331,1982-2026
85.0,-5.0,0.344,1982-2026
85.0,-2.5,0.359,1982-2026
82.5,0.0,0.3749,1982-2026
82.5,2.5,0.4077,1982-2026
82.5,5.0,0.4389,1982-2026
82.5,7.5,0.4774,1982-2026
82.5,10.0,0.5242,1982-2026
82.5,12.5,0.582,1982-2026
82.5,15.0,0.638,1982-2026
82.5,17.5,0.6925,1982-2026
82.5,20.0,0.7535,1982-2026
82.5,22.5,0.8021,1982-2026
82.5,25.0,0.8461,1982-2026
82.5,27.5,0.8875,1982-2026
82.5,30.0,0.9282,1982-2026
82.5,32.5,0.9585,1982-2026
82.5,35.0,0.9798,1982-2026
82.5,37.5,0.9969,1982-2026
82.5,40.0,1.0067,1982-2026
82.5,42.5,1.0213,1982-2026
82.5,45.0,1.0273,1982-2026
82.5,47.5,1.018,1982-2026
82.5,50.0,0.9989,1982-2026
82.5,52.5,0.9741,1982-2026
82.5,55.0,0.9546,1982-2026
82.5,57.5,0.9304,1982-2026
82.5,60.0,0.9137,1982-2026
82.5,62.5,0.9002,1982-2026
82.5,65.0,0.8789,1982-2026
82.5,67.5,0.8736,1982-2026
82.5,70.0,0.8813,1982-2026
82.5,72.5,0.8826,1982-2026
82.5,75.0,0.8775,1982-2026
82.5,77.5,0.8605,1982-2026
82.5,80.0,0.8497,1982-2026
82.5,82.5,0.8333,1982-2026
82.5,85.0,0.8231,1982-2026
82.5,87.5,0.8173,1982-2026
82.5,90.0,0.8039,1982-2026
82.5,92.5,0.7816,1982-2026
82.5,95.0,0.757,1982-2026
82.5,97.5,0.729,1982-2026
82.5,100.0,0.7073,1982-2026
82.5,102.5,0.6996,1982-2026
82.5,105.0,0.6995,1982-2026
82.5,107.5,0.7061,1982-2026
82.5,110.0,0.7155,1982-2026
82.5,112.5,0.7233,1982-2026
82.5,115.0,0.733,1982-2026
82.5,117.5,0.7442,1982-2026
82.5,120.0,0.7535,1982-2026
82.5,122.5,0.7693,1982-2026
82.5,125.0,0.7826,1982-2026
82.5,127.5,0.7931,1982-2026
82.5,130.0,0.7988,1982-2026
82.5,132.5,0.8051,1982-2026
82.5,135.0,0.8117,1982-2026
82.5,137.5,0.8195,1982-2026
82.5,140.0,0.8268,1982-2026
82.5,142.5,0.8295,1982-2026
82.5,145.0,0.8328,1982-2026
82.5,147.5,0.8315,1982-2026
82.5,150.0,0.8238,1982-2026
82.5,152.5,0.8098,1982-2026
82.5,155.0,0.7965,1982-2026
82.5,157.5,0.7831,1982-2026
82.5,160.0,0.7696,1982-2026
82.5,162.5,0.7555,1982-2026
82.5,165.0,0.741,1982-2026
82.5,167.5,0.7268,1982-2026
82.5,170.0,0.7127,1982-2026
82.5,172.5,0.7033,1982-2026
82.5,175.0,0.693,1982-2026
82.5,177.5,0.6825,1982-2026
82.5,180.0,0.6696,1982-2026
82.5,-177.5,0.6548,1982-2026
82.5,-175.0,0.64,1982-2026
82.5,-172.5,0.6284,1982-2026
82.5,-170.0,0.6192,1982-2026
82.5,-167.5,0.6118,1982-2026
82.5,-165.0,0.6075,1982-2026
82.5,-162.5,0.6047,1982-2026
82.5,-160.0,0.5965,1982-2026
82.5,-157.5,0.5865,1982-2026
82.5,-155.0,0.5765,1982-2026
82.5,-152.5,0.5688,1982-2026
82.5,-150.0,0.5606,1982-2026
82.5,-147.5,0.5547,1982-2026
82.5,-145.0,0.5463,1982-2026
82.5,-142.5,0.533,1982-2026
82.5,-140.0,0.5173,1982-2026
82.5,-137.5,0.5037,1982-2026
82.5,-135.0,0.4928,1982-2026
82.5,-132.5,0.4832,1982-2026
82.5,-130.0,0.4816,1982-2026
82.5,-127.5,0.4818,1982-2026
82.5,-125.0,0.4847,1982-2026
82.5,-122.5,0.4923,1982-2026
82.5,-120.0,0.4958,1982-2026
82.5,-117.5,0.5026,1982-2026
82.5,-115.0,0.5066,1982-2026
82.5,-112.5,0.517,1982-2026
82.5,-110.0,0.5144,1982-2026
82.5,-107.5,0.5037,1982-2026
82.5,-105.0,0.4889,1982-2026
82.5,-102.5,0.4672,1982-2026
82.5,-100.0,0.4387,1982-2026
82.5,-97.5,0.4089,1982-2026
82.5,-95.0,0.3912,1982-2026
82.5,-92.5,0.3871,1982-2026
82.5,-90.0,0.3788,1982-2026
82.5,-87.5,0.3869,1982-2026
82.5,-85.0,0.4219,1982-2026
82.5,-82.5,0.5838,1982-2026
82.5,-80.0,0.6469,1982-2026
82.5,-77.5,0.6143,1982-2026
82.5,-75.0,0.6432,1982-2026
82.5,-72.5,0.6189,1982-2026
82.5,-70.0,0.7072,1982-2026
82.5,-67.5,0.7632,1982-2026
82.5,-65.0,0.7249,1982-2026
82.5,-62.5,0.6453,1982-2026
82.5,-60.0,0.3037,1982-2026
82.5,-57.5,0.3198,1982-2026
82.5,-55.0,0.4107,1982-2026
82.5,-52.5,0.4458,1982-2026
82.5,-50.0,0.5632,1982-2026
82.5,-47.5,0.4696,1982-2026
82.5,-45.0,0.5555,1982-2026
82.5,-42.5,0.4852,1982-2026
82.5,-40.0,0.47,1982-2026
82.5,-37.5,0.4604,1982-2026
82.5,-35.0,0.3475,1982-2026
82.5,-32.5,0.3776,1982-2026
82.5,-30.0,0.4926,1982-2026
82.5,-27.5,0.4496,1982-2026
82.5,-25.0,0.4556,1982-2026
82.5,-22.5,0.4036,1982-2026
82.5,-20.0,0.385,1982-2026
82.5,-17.5,0.3468,1982-2026
82.5,-15.0,0.2981,1982-2026
82.5,-12.5,0.2816,1982-2026
82.5,-10.0,0.2828,1982-2026
82.5,-7.5,0.2964,1982-2026
82.5,-5.0,0.3189,1982-2026
82.5,-2.5,0.3461,1982-2026
80.0,0.0,0.3742,1982-2026
80.0,2.5,0.4345,1982-2026
80.0,5.0,0.6019,1982-2026
80.0,7.5,0.7991,1982-2026
80.0,10.0,0.9701,1982-2026
80.0,12.5,1.066,1982-2026
80.0,15.0,1.1271,1982-2026
80.0,17.5,1.2125,1982-2026
80.0,20.0,1.177,1982-2026
80.0,22.5,1.1537,1982-2026
80.0,25.0,1.1176,1982-2026
80.0,27.5,1.1957,1982-2026
80.0,30.0,1.2407,1982-2026
80.0,32.5,1.2064,1982-2026
80.0,35.0,1.2298,1982-2026
80.0,37.5,1.2551,1982-2026
80.0,40.0,1.2801,1982-2026
80.0,42.5,1.2704,1982-2026
80.0,45.0,1.2111,1982-2026
80.0,47.5,1.1485,1982-2026
80.0,50.0,1.0923,1982-2026
80.0,52.5,1.1694,1982-2026
80.0,55.0,1.103,1982-2026
80.0,57.5,1.0822,1982-2026
80.0,60.0,1.0881,1982-2026
80.0,62.5,1.1408,1982-2026
80.0,65.0,1.1669,1982-2026
80.0,67.5,1.199,1982-2026
80.0,70.0,1.2408,1982-2026
80.0,72.5,1.285,1982-2026
80.0,75.0,1.2829,1982-2026
80.0,77.5,1.2047,1982-2026
80.0,80.0,1.1262,1982-2026
80.0,82.5,1.0792,1982-2026
80.0,85.0,1.0575,1982-2026
80.0,87.5,1.0503,1982-2026
80.0,90.0,1.1185,1982-2026
80.0,92.5,1.6698,1982-2026
80.0,95.0,1.7585,1982-2026
80.0,97.5,1.4464,1982-2026
80.0,100.0,1.0908,1982-2026
80.0,102.5,0.8934,1982-2026
80.0,105.0,0.8608,1982-2026
80.0,107.5,0.8425,1982-2026
80.0,110.0,0.822,1982-2026
80.0,112.5,0.8121,1982-2026
80.0,115.0,0.8141,1982-2026
80.0,117.5,0.8172,1982-2026
80.0,120.0,0.8238,1982-2026
80.0,122.5,0.8303,1982-2026
80.0,125.0,0.8386,1982-2026
80.0,127.5,0.8492,1982-2026
80.0,130.0,0.864,1982-2026
80.0,132.5,0.8821,1982-2026
80.0,135.0,0.9043,1982-2026
80.0,137.5,0.9135,1982-2026
80.0,140.0,0.9155,1982-2026
80.0,142.5,0.9096,1982-2026
80.0,145.0,0.8964,1982-2026
80.0,147.5,0.8836,1982-2026
80.0,150.0,0.872,1982-2026
80.0,152.5,0.8585,1982-2026
80.0,155.0,0.846,1982-2026
80.0,157.5,0.834,1982-2026
80.0,160.0,0.8216,1982-2026
80.0,162.5,0.812,1982-2026
80.0,165.0,0.8074,1982-2026
80.0,167.5,0.8034,1982-2026
80.0,170.0,0.7978,1982-2026
80.0,172.5,0.7907,1982-2026
80.0,175.0,0.7803,1982-2026
80.0,177.5,0.7705,1982-2026
80.0,180.0,0.7683,1982-2026
80.0,-177.5,0.7665,1982-2026
80.0,-175.0,0.7605,1982-2026
80.0,-172.5,0.7537,1982-2026
80.0,-170.0,0.7456,1982-2026
80.0,-167.5,0.7372,1982-2026
80.0,-165.0,0.7233,1982-2026
80.0,-162.5,0.7063,1982-2026
80.0,-160.0,0.6848,1982-2026
80.0,-157.5,0.6588,1982-2026
80.0,-155.0,0.6346,1982-2026
80.0,-152.5,0.6191,1982-2026
80.0,-150.0,0.6024,1982-2026
80.0,-147.5,0.5868,1982-2026
80.0,-145.0,0.5756,1982-2026
80.0,-142.5,0.568,1982-2026
80.0,-140.0,0.563,1982-2026
80.0,-137.5,0.5544,1982-2026
80.0,-135.0,0.5411,1982-2026
80.0,-132.5,0.5325,1982-2026
80.0,-130.0,0.5299,1982-2026
80.0,-127.5,0.5365,1982-2026
80.0,-125.0,0.539,1982-2026
80.0,-122.5,0.546,1982-2026
80.0,-120.0,0.5484,1982-2026
80.0,-117.5,0.5532,1982-2026
80.0,-115.0,0.5725,1982-2026
80.0,-112.5,0.5807,1982-2026
80.0,-110.0,0.5875,1982-2026
80.0,-107.5,0.5782,1982-2026
80.0,-105.0,0.5593,1982-2026
80.0,-102.5,0.5096,1982-2026
80.0,-100.0,0.4128,1982-2026
80.0,-97.5,0.5078,1982-2026
80.0,-95.0,0.3027,1982-2026
80.0,-92.5,0.362,1982-2026
80.0,-90.0,0.4457,1982-2026
80.0,-87.5,0.5051,1982-2026
80.0,-85.0,0.5896,1982-2026
80.0,-82.5,0.5897,1982-2026
80.0,-80.0,0.5294,1982-2026
80.0,-77.5,0.5089,1982-2026
80.0,-75.0,0.5625,1982-2026
80.0,-72.5,0.3261,1982-2026
80.0,-70.0,0.0813,1982-2026
80.0,-67.5,0.2889,1982-2026
80.0,-65.0,0.4302,1982-2026
80.0,-62.5,0.5818,1982-2026
80.0,-60.0,0.6305,1982-2026
80.0,-57.5,0.6145,1982-2026
80.0,-55.0,0.5777,1982-2026
80.0,-52.5,0.5513,1982-2026
80.0,-50.0,0.545,1982-2026
80.0,-47.5,0.5291,1982-2026
80.0,-45.0,0.5241,1982-2026
80.0,-42.5,0.5198,1982-2026
80.0,-40.0,0.5223,1982-2026
80.0,-37.5,0.5202,1982-2026
80.0,-35.0,0.5178,1982-2026
80.0,-32.5,0.5202,1982-2026
80.0,-30.0,0.5363,1982-2026
80.0,-27.5,0.5569,1982-2026
80.0,-25.0,0.5562,1982-2026
80.0,-22.5,0.5814,1982-2026
80.0,-20.0,0.65,1982-2026
80.0,-17.5,0.5743,1982-2026
80.0,-15.0,0.2784,1982-2026
80.0,-12.5,0.3513,1982-2026
80.0,-10.0,0.3838,1982-2026
80.0,-7.5,0.3512,1982-2026
80.0,-5.0,0.3374,1982-2026
80.0,-2.5,0.3516,1982-2026
77.5,0.0,0.4876,1982-2026
77.5,2.5,0.5181,1982-2026
77.5,5.0,0.5356,1982-2026
77.5,7.5,0.594,1982-2026
77.5,10.0,0.7306,1982-2026
77.5,12.5,0.831,1982-2026
77.5,15.0,0.9869,1982-2026
77.5,17.5,0.9894,1982-2026
77.5,20.0,1.124,1982-2026
77.5,22.5,1.0191,1982-2026
77.5,25.0,1.1217,1982-2026
77.5,27.5,1.2064,1982-2026
77.5,30.0,1.2868,1982-2026
77.5,32.5,1.3129,1982-2026
77.5,35.0,1.3055,1982-2026
77.5,37.5,1.3076,1982-2026
77.5,40.0,1.329,1982-2026
77.5,42.5,1.3751,1982-2026
77.5,45.0,1.4463,1982-2026
77.5,47.5,1.5029,1982-2026
77.5,50.0,1.5536,1982-2026
77.5,52.5,1.5873,1982-2026
77.5,55.0,1.6331,1982-2026
77.5,57.5,1.6864,1982-2026
77.5,60.0,1.7047,1982-2026
77.5,62.5,1.7111,1982-2026
77.5,65.0,1.6671,1982-2026
77.5,67.5,1.6179,1982-2026
77.5,70.0,1.5413,1982-2026
77.5,72.5,1.403,1982-2026
77.5,75.0,1.2462,1982-2026
77.5,77.5,1.1617,1982-2026
77.5,80.0,1.1014,1982-2026
77.5,82.5,1.0571,1982-2026
77.5,85.0,1.029,1982-2026
77.5,87.5,1.0003,1982-2026
77.5,90.0,0.9675,1982-2026
77.5,92.5,0.9269,1982-2026
77.5,95.0,0.935,1982-2026
77.5,97.5,0.9777,1982-2026
77.5,100.0,1.0064,1982-2026
77.5,102.5,1.1034,1982-2026
77.5,105.0,1.2146,1982-2026
77.5,107.5,1.0082,1982-2026
77.5,110.0,0.982,1982-2026
77.5,112.5,0.9582,1982-2026
77.5,115.0,0.935,1982-2026
77.5,117.5,0.9067,1982-2026
77.5,120.0,0.8943,1982-2026
77.5,122.5,0.8835,1982-2026
77.5,125.0,0.8819,1982-2026
77.5,127.5,0.8903,1982-2026
77.5,130.0,0.9091,1982-2026
77.5,132.5,0.9234,1982-2026
77.5,135.0,0.9326,1982-2026
77.5,137.5,0.9393,1982-2026
77.5,140.0,0.9451,1982-2026
77.5,142.5,0.9369,1982-2026
77.5,145.0,0.9266,1982-2026
77.5,147.5,0.9044,1982-2026
77.5,150.0,0.8787,1982-2026
77.5,152.5,0.8531,1982-2026
77.5,155.0,0.8251,1982-2026
77.5,157.5,0.8065,1982-2026
77.5,160.0,0.8045,1982-2026
77.5,162.5,0.8072,1982-2026
77.5,165.0,0.8043,1982-2026
77.5,167.5,0.7936,1982-2026
77.5,170.0,0.786,1982-2026
77.5,172.5,0.7874,1982-2026
77.5,175.0,0.7962,1982-2026
77.5,177.5,0.8084,1982-2026
77.5,180.0,0.8209,1982-2026
77.5,-177.5,0.8271,1982-2026
77.5,-175.0,0.832,1982-2026
77.5,-172.5,0.8361,1982-2026
77.5,-170.0,0.8424,1982-2026
77.5,-167.5,0.848,1982-2026
77.5,-165.0,0.8441,1982-2026
77.5,-162.5,0.8309,1982-2026
77.5,-160.0,0.8154,1982-2026
77.5,-157.5,0.7921,1982-2026
77.5,-155.0,0.7735,1982-2026
77.5,-152.5,0.7528,1982-2026
77.5,-150.0,0.7299,1982-2026
77.5,-147.5,0.6974,1982-2026
77.5,-145.0,0.6627,1982-2026
77.5,-142.5,0.6255,1982-2026
77.5,-140.0,0.5952,1982-2026
77.5,-137.5,0.5665,1982-2026
77.5,-135.0,0.5387,1982-2026
77.5,-132.5,0.5256,1982-2026
77.5,-130.0,0.5375,1982-2026
77.5,-127.5,0.5575,1982-2026
77.5,-125.0,0.5604,1982-2026
77.5,-122.5,0.5693,1982-2026
77.5,-120.0,0.5861,1982-2026
77.5,-117.5,0.6115,1982-2026
77.5,-115.0,0.6184,1982-2026
77.5,-112.5,0.5815,1982-2026
77.5,-110.0,0.5969,1982-2026
77.5,-107.5,0.538,1982-2026
77.5,-105.0,0.5068,1982-2026
77.5,-102.5,0.4429,1982-2026
77.5,-100.0,0.4016,1982-2026
77.5,-97.5,0.3559,1982-2026
77.5,-95.0,0.2644,1982-2026
77.5,-92.5,-0.054,1982-2026
77.5,-90.0,-0.1076,1982-2026
77.5,-87.5,0.2708,1982-2026
77.5,-85.0,0.431,1982-2026
77.5,-82.5,0.4583,1982-2026
77.5,-80.0,0.4122,1982-2026
77.5,-77.5,0.6991,1982-2026
77.5,-75.0,0.6057,1982-2026
77.5,-72.5,0.7706,1982-2026
77.5,-70.0,0.6627,1982-2026
77.5,-67.5,0.5218,1982-2026
77.5,-65.0,0.4231,1982-2026
77.5,-62.5,0.4828,1982-2026
77.5,-60.0,0.4874,1982-2026
77.5,-57.5,0.5047,1982-2026
77.5,-55.0,0.5003,1982-2026
77.5,-52.5,0.5052,1982-2026
77.5,-50.0,0.5056,1982-2026
77.5,-47.5,0.5091,1982-2026
77.5,-45.0,0.5122,1982-2026
77.5,-42.5,0.5174,1982-2026
77.5,-40.0,0.5172,1982-2026
77.5,-37.5,0.5225,1982-2026
77.5,-35.0,0.5218,1982-2026
77.5,-32.5,0.5229,1982-2026
77.5,-30.0,0.533,1982-2026
77.5,-27.5,0.5448,1982-2026
77.5,-25.0,0.574,1982-2026
77.5,-22.5,0.567,1982-2026
77.5,-20.0,0.5431,1982-2026
77.5,-17.5,0.4206,1982-2026
77.5,-15.0,0.3792,1982-2026
77.5,-12.5,0.3425,1982-2026
77.5,-10.0,0.3273,1982-2026
77.5,-7.5,0.3095,1982-2026
77.5,-5.0,0.2798,1982-2026
77.5,-2.5,0.3907,1982-2026
75.0,0.0,0.5641,1982-2026
75.0,2.5,0.5752,1982-2026
75.0,5.0,0.5534,1982-2026
75.0,7.5,0.5043,1982-2026
75.0,10.0,0.5208,1982-2026
75.0,12.5,0.6075,1982-2026
75.0,15.0,0.7371,1982-2026
75.0,17.5,0.7912,1982-2026
75.0,20.0,0.7062,1982-2026
75.0,22.5,0.6313,1982-2026
75.0,25.0,0.6645,1982-2026
75.0,27.5,0.7197,1982-2026
75.0,30.0,0.7485,1982-2026
75.0,32.5,0.8041,1982-2026
75.0,35.0,0.8517,1982-2026
75.0,37.5,0.8664,1982-2026
75.0,40.0,0.8768,1982-2026
75.0,42.5,0.8993,1982-2026
75.0,45.0,0.9475,1982-2026
75.0,47.5,1.0285,1982-2026
75.0,50.0,1.1212,1982-2026
75.0,52.5,1.1859,1982-2026
75.0,55.0,1.1991,1982-2026
75.0,57.5,0.6102,1982-2026
75.0,60.0,0.6073,1982-2026
75.0,62.5,1.0724,1982-2026
75.0,65.0,1.148,1982-2026
75.0,67.5,1.1739,1982-2026
75.0,70.0,1.1647,1982-2026
75.0,72.5,1.1174,1982-2026
75.0,75.0,1.0884,1982-2026
75.0,77.5,1.065,1982-2026
75.0,80.0,1.0513,1982-2026
75.0,82.5,1.042,1982-2026
75.0,85.0,0.9975,1982-2026
75.0,87.5,1.0265,1982-2026
75.0,90.0,1.0779,1982-2026
75.0,92.5,1.0663,1982-2026
75.0,95.0,1.0682,1982-2026
75.0,97.5,1.0428,1982-2026
75.0,100.0,1.0324,1982-2026
75.0,102.5,1.0057,1982-2026
75.0,105.0,1.0516,1982-2026
75.0,107.5,1.0406,1982-2026
75.0,110.0,1.0195,1982-2026
75.0,112.5,1.0951,1982-2026
75.0,115.0,0.9518,1982-2026
75.0,117.5,0.9352,1982-2026
75.0,120.0,0.9337,1982-2026
75.0,122.5,0.9283,1982-2026
75.0,125.0,0.9205,1982-2026
75.0,127.5,0.9155,1982-2026
75.0,130.0,0.9311,1982-2026
75.0,132.5,0.8882,1982-2026
75.0,135.0,0.8515,1982-2026
75.0,137.5,0.9237,1982-2026
75.0,140.0,1.0229,1982-2026
75.0,142.5,0.9334,1982-2026
75.0,145.0,0.8399,1982-2026
75.0,147.5,1.0181,1982-2026
75.0,150.0,1.0516,1982-2026
75.0,152.5,0.8408,1982-2026
75.0,155.0,0.8215,1982-2026
75.0,157.5,0.7859,1982-2026
75.0,160.0,0.7687,1982-2026
75.0,162.5,0.7502,1982-2026
75.0,165.0,0.7472,1982-2026
75.0,167.5,0.7528,1982-2026
75.0,170.0,0.7599,1982-2026
75.0,172.5,0.7628,1982-2026
75.0,175.0,0.7638,1982-2026
75.0,177.5,0.772,1982-2026
75.0,180.0,0.7913,1982-2026
75.0,-177.5,0.8124,1982-2026
75.0,-175.0,0.8375,1982-2026
75.0,-172.5,0.8654,1982-2026
75.0,-170.0,0.894,1982-2026
75.0,-167.5,0.9026,1982-2026
75.0,-165.0,0.902,1982-2026
75.0,-162.5,0.8852,1982-2026
75.0,-160.0,0.8621,1982-2026
75.0,-157.5,0.8366,1982-2026
75.0,-155.0,0.8118,1982-2026
75.0,-152.5,0.7908,1982-2026
75.0,-150.0,0.766,1982-2026
75.0,-147.5,0.7385,1982-2026
75.0,-145.0,0.7038,1982-2026
75.0,-142.5,0.6661,1982-2026
75.0,-140.0,0.6213,1982-2026
75.0,-137.5,0.5816,1982-2026
75.0,-135.0,0.5568,1982-2026
75.0,-132.5,0.5464,1982-2026
75.0,-130.0,0.5417,1982-2026
75.0,-127.5,0.5472,1982-2026
75.0,-125.0,0.5585,1982-2026
75.0,-122.5,0.5953,1982-2026
75.0,-120.0,0.6191,1982-2026
75.0,-117.5,0.6376,1982-2026
75.0,-115.0,0.6389,1982-2026
75.0,-112.5,0.5151,1982-2026
75.0,-110.0,0.3994,1982-2026
75.0,-107.5,0.4048,1982-2026
75.0,-105.0,0.4381,1982-2026
75.0,-102.5,0.4631,1982-2026
75.0,-100.0,0.4754,1982-2026
75.0,-97.5,0.5567,1982-2026
75.0,-95.0,0.6023,1982-2026
75.0,-92.5,0.7138,1982-2026
75.0,-90.0,0.6332,1982-2026
75.0,-87.5,0.5972,1982-2026
75.0,-85.0,0.5687,1982-2026
75.0,-82.5,0.4872,1982-2026
75.0,-80.0,0.431,1982-2026
75.0,-77.5,0.6518,1982-2026
75.0,-75.0,0.7223,1982-2026
75.0,-72.5,0.7776,1982-2026
75.0,-70.0,0.8663,1982-2026
75.0,-67.5,0.9368,1982-2026
75.0,-65.0,0.9715,1982-2026
75.0,-62.5,1.0113,1982-2026
75.0,-60.0,1.0659,1982-2026
75.0,-57.5,0.6986,1982-2026
75.0,-55.0,0.4838,1982-2026
75.0,-52.5,0.4566,1982-2026
75.0,-50.0,0.4543,1982-2026
75.0,-47.5,0.4674,1982-2026
75.0,-45.0,0.4783,1982-2026
75.0,-42.5,0.4775,1982-2026
75.0,-40.0,0.477,1982-2026
75.0,-37.5,0.4763,1982-2026
75.0,-35.0,0.4705,1982-2026
75.0,-32.5,0.4785,1982-2026
75.0,-30.0,0.4892,1982-2026
75.0,-27.5,0.5012,1982-2026
75.0,-25.0,0.525,1982-2026
75.0,-22.5,0.5435,1982-2026
75.0,-20.0,0.5093,1982-2026
75.0,-17.5,0.5015,1982-2026
75.0,-15.0,0.4358,1982-2026
75.0,-12.5,0.4267,1982-2026
75.0,-10.0,0.511,1982-2026
75.0,-7.5,0.5631,1982-2026
75.0,-5.0,0.5703,1982-2026
75.0,-2.5,0.5687,1982-2026
72.5,0.0,0.5794,1982-2026
72.5,2.5,0.5162,1982-2026
72.5,5.0,0.4581,1982-2026
72.5,7.5,0.4033,1982-2026
72.5,10.0,0.3914,1982-2026
72.5,12.5,0.3953,1982-2026
72.5,15.0,0.4288,1982-2026
72.5,17.5,0.4373,1982-2026
72.5,20.0,0.4445,1982-2026
72.5,22.5,0.4445,1982-2026
72.5,25.0,0.4623,1982-2026
72.5,27.5,0.4597,1982-2026
72.5,30.0,0.4738,1982-2026
72.5,32.5,0.502,1982-2026
72.5,35.0,0.5244,1982-2026
72.5,37.5,0.5551,1982-2026
72.5,40.0,0.6122,1982-2026
72.5,42.5,0.6671,1982-2026
72.5,45.0,0.7227,1982-2026
72.5,47.5,0.8295,1982-2026
72.5,50.0,0.9102,1982-2026
72.5,52.5,0.892,1982-2026
72.5,55.0,0.8153,1982-2026
72.5,57.5,1.0809,1982-2026
72.5,60.0,1.1352,1982-2026
72.5,62.5,1.0995,1982-2026
72.5,65.0,1.0801,1982-2026
72.5,67.5,1.0838,1982-2026
72.5,70.0,0.9176,1982-2026
72.5,72.5,0.9638,1982-2026
72.5,75.0,1.0022,1982-2026
72.5,77.5,0.9893,1982-2026
72.5,80.0,1.0025,1982-2026
72.5,82.5,0.9031,1982-2026
72.5,85.0,0.9008,1982-2026
72.5,87.5,0.8833,1982-2026
72.5,90.0,0.858,1982-2026
72.5,92.5,0.8137,1982-2026
72.5,95.0,0.7826,1982-2026
72.5,97.5,0.7672,1982-2026
72.5,100.0,0.7749,1982-2026
72.5,102.5,0.7858,1982-2026
72.5,105.0,0.7749,1982-2026
72.5,107.5,0.7794,1982-2026
72.5,110.0,0.8182,1982-2026
72.5,112.5,0.8705,1982-2026
72.5,115.0,0.8905,1982-2026
72.5,117.5,0.8959,1982-2026
72.5,120.0,0.8935,1982-2026
72.5,122.5,0.873,1982-2026
72.5,125.0,0.8876,1982-2026
72.5,127.5,0.8704,1982-2026
72.5,130.0,0.8181,1982-2026
72.5,132.5,0.7857,1982-2026
72.5,135.0,0.786,1982-2026
72.5,137.5,0.7915,1982-2026
72.5,140.0,0.8785,1982-2026
72.5,142.5,0.9213,1982-2026
72.5,145.0,0.9198,1982-2026
72.5,147.5,0.9299,1982-2026
72.5,150.0,0.8274,1982-2026
72.5,152.5,0.7909,1982-2026
72.5,155.0,0.7755,1982-2026
72.5,157.5,0.7579,1982-2026
72.5,160.0,0.7498,1982-2026
72.5,162.5,0.7468,1982-2026
72.5,165.0,0.7549,1982-2026
72.5,167.5,0.7629,1982-2026
72.5,170.0,0.7572,1982-2026
72.5,172.5,0.7411,1982-2026
72.5,175.0,0.733,1982-2026
72.5,177.5,0.7496,1982-2026
72.5,180.0,0.776,1982-2026
72.5,-177.5,0.8097,1982-2026
72.5,-175.0,0.8726,1982-2026
72.5,-172.5,0.8868,1982-2026
72.5,-170.0,0.9017,1982-2026
72.5,-167.5,0.9295,1982-2026
72.5,-165.0,0.9356,1982-2026
72.5,-162.5,0.9142,1982-2026
72.5,-160.0,0.8848,1982-2026
72.5,-157.5,0.8618,1982-2026
72.5,-155.0,0.8143,1982-2026
72.5,-152.5,0.7659,1982-2026
72.5,-150.0,0.7219,1982-2026
72.5,-147.5,0.6904,1982-2026
72.5,-145.0,0.6644,1982-2026
72.5,-142.5,0.6368,1982-2026
72.5,-140.0,0.5983,1982-2026
72.5,-137.5,0.563,1982-2026
72.5,-135.0,0.5416,1982-2026
72.5,-132.5,0.5401,1982-2026
72.5,-130.0,0.524,1982-2026
72.5,-127.5,0.5437,1982-2026
72.5,-125.0,0.6279,1982-2026
72.5,-122.5,0.692,1982-2026
72.5,-120.0,0.7416,1982-2026
72.5,-117.5,0.7072,1982-2026
72.5,-115.0,0.6747,1982-2026
72.5,-112.5,0.6202,1982-2026
72.5,-110.0,0.507,1982-2026
72.5,-107.5,0.4643,1982-2026
72.5,-105.0,0.5124,1982-2026
72.5,-102.5,0.4745,1982-2026
72.5,-100.0,0.572,1982-2026
72.5,-97.5,0.6982,1982-2026
72.5,-95.0,0.7485,1982-2026
72.5,-92.5,0.5786,1982-2026
72.5,-90.0,0.6629,1982-2026
72.5,-87.5,0.8833,1982-2026
72.5,-85.0,0.744,1982-2026
72.5,-82.5,0.7428,1982-2026
72.5,-80.0,0.6819,1982-2026
72.5,-77.5,0.4466,1982-2026
72.5,-75.0,0.5033,1982-2026
72.5,-72.5,0.7065,1982-2026
72.5,-70.0,0.7299,1982-2026
72.5,-67.5,0.7934,1982-2026
72.5,-65.0,0.8431,1982-2026
72.5,-62.5,0.9038,1982-2026
72.5,-60.0,0.9987,1982-2026
72.5,-57.5,1.0962,1982-2026
72.5,-55.0,0.8535,1982-2026
72.5,-52.5,0.5558,1982-2026
72.5,-50.0,0.4953,1982-2026
72.5,-47.5,0.4557,1982-2026
72.5,-45.0,0.4317,1982-2026
72.5,-42.5,0.4191,1982-2026
72.5,-40.0,0.402,1982-2026
72.5,-37.5,0.4066,1982-2026
72.5,-35.0,0.4207,1982-2026
72.5,-32.5,0.429,1982-2026
72.5,-30.0,0.4448,1982-2026
72.5,-27.5,0.4662,1982-2026
72.5,-25.0,0.5464,1982-2026
72.5,-22.5,0.5968,1982-2026
72.5,-20.0,0.514,1982-2026
72.5,-17.5,0.4913,1982-2026
72.5,-15.0,0.5907,1982-2026
72.5,-12.5,0.6171,1982-2026
72.5,-10.0,0.593,1982-2026
72.5,-7.5,0.5547,1982-2026
72.5,-5.0,0.5287,1982-2026
72.5,-2.5,0.5247,1982-2026
70.0,0.0,0.3551,1982-2026
70.0,2.5,0.3329,1982-2026
70.0,5.0,0.3351,1982-2026
70.0,7.5,0.322,1982-2026
70.0,10.0,0.3295,1982-2026
70.0,12.5,0.3472,1982-2026
70.0,15.0,0.3419,1982-2026
70.0,17.5,0.3378,1982-2026
70.0,20.0,0.4507,1982-2026
70.0,22.5,0.5579,1982-2026
70.0,25.0,0.4979,1982-2026
70.0,27.5,0.4572,1982-2026
70.0,30.0,0.4747,1982-2026
70.0,32.5,0.46,1982-2026
70.0,35.0,0.507,1982-2026
70.0,37.5,0.5363,1982-2026
70.0,40.0,0.6012,1982-2026
70.0,42.5,0.6666,1982-2026
70.0,45.0,0.7799,1982-2026
70.0,47.5,0.8624,1982-2026
70.0,50.0,0.9771,1982-2026
70.0,52.5,1.0411,1982-2026
70.0,55.0,1.1015,1982-2026
70.0,57.5,1.1405,1982-2026
70.0,60.0,1.0748,1982-2026
70.0,62.5,1.0724,1982-2026
70.0,65.0,1.0554,1982-2026
70.0,67.5,0.8409,1982-2026
70.0,70.0,0.7992,1982-2026
70.0,72.5,1.0204,1982-2026
70.0,75.0,0.7487,1982-2026
70.0,77.5,0.7037,1982-2026
70.0,80.0,0.7081,1982-2026
70.0,82.5,0.736,1982-2026
70.0,85.0,0.7198,1982-2026
70.0,87.5,0.689,1982-2026
70.0,90.0,0.5733,1982-2026
70.0,92.5,0.5424,1982-2026
70.0,95.0,0.5996,1982-2026
70.0,97.5,0.6316,1982-2026
70.0,100.0,0.7068,1982-2026
70.0,102.5,0.7466,1982-2026
70.0,105.0,0.7035,1982-2026
70.0,107.5,0.7127,1982-2026
70.0,110.0,0.7198,1982-2026
70.0,112.5,0.7398,1982-2026
70.0,115.0,0.6914,1982-2026
70.0,117.5,0.6419,1982-2026
70.0,120.0,0.6063,1982-2026
70.0,122.5,0.5908,1982-2026
70.0,125.0,0.5226,1982-2026
70.0,127.5,0.4783,1982-2026
70.0,130.0,0.5514,1982-2026
70.0,132.5,0.5769,1982-2026
70.0,135.0,0.5992,1982-2026
70.0,137.5,0.643,1982-2026
70.0,140.0,0.7025,1982-2026
70.0,142.5,0.7194,1982-2026
70.0,145.0,0.7488,1982-2026
70.0,147.5,0.7645,1982-2026
70.0,150.0,0.8041,1982-2026
70.0,152.5,0.8452,1982-2026
70.0,155.0,0.8647,1982-2026
70.0,157.5,0.8698,1982-2026
70.0,160.0,0.8679,1982-2026
70.0,162.5,0.7948,1982-2026
70.0,165.0,0.7991,1982-2026
70.0,167.5,0.8037,1982-2026
70.0,170.0,0.8219,1982-2026
70.0,172.5,0.7606,1982-2026
70.0,175.0,0.7917,1982-2026
70.0,177.5,0.7831,1982-2026
70.0,180.0,0.7958,1982-2026
70.0,-177.5,0.8191,1982-2026
70.0,-175.0,0.8318,1982-2026
70.0,-172.5,0.8311,1982-2026
70.0,-170.0,0.8224,1982-2026
70.0,-167.5,0.8701,1982-2026
70.0,-165.0,0.9302,1982-2026
70.0,-162.5,0.9845,1982-2026
70.0,-160.0,0.9427,1982-2026
70.0,-157.5,0.9478,1982-2026
70.0,-155.0,0.8995,1982-2026
70.0,-152.5,0.8357,1982-2026
70.0,-150.0,0.7962,1982-2026
70.0,-147.5,0.7806,1982-2026
70.0,-145.0,0.8074,1982-2026
70.0,-142.5,0.8892,1982-2026
70.0,-140.0,0.8976,1982-2026
70.0,-137.5,0.8685,1982-2026
70.0,-135.0,0.8146,1982-2026
70.0,-132.5,0.795,1982-2026
70.0,-130.0,0.8275,1982-2026
70.0,-127.5,0.7699,1982-2026
70.0,-125.0,0.8017,1982-2026
70.0,-122.5,0.677,1982-2026
70.0,-120.0,0.6041,1982-2026
70.0,-117.5,0.6584,1982-2026
70.0,-115.0,0.7498,1982-2026
70.0,-112.5,0.7144,1982-2026
70.0,-110.0,0.6725,1982-2026
70.0,-107.5,0.6014,1982-2026
70.0,-105.0,0.5495,1982-2026
70.0,-102.5,0.5468,1982-2026
70.0,-100.0,0.5204,1982-2026
70.0,-97.5,0.5554,1982-2026
70.0,-95.0,0.7094,1982-2026
70.0,-92.5,0.7757,1982-2026
70.0,-90.0,0.6591,1982-2026
70.0,-87.5,0.5751,1982-2026
70.0,-85.0,0.6212,1982-2026
70.0,-82.5,0.6767,1982-2026
70.0,-80.0,0.7146,1982-2026
70.0,-77.5,0.7015,1982-2026
70.0,-75.0,0.5498,1982-2026
70.0,-72.5,0.4455,1982-2026
70.0,-70.0,0.5542,1982-2026
70.0,-67.5,0.6944,1982-2026
70.0,-65.0,0.7682,1982-2026
70.0,-62.5,0.8197,1982-2026
70.0,-60.0,0.8735,1982-2026
70.0,-57.5,0.9862,1982-2026
70.0,-55.0,0.9521,1982-2026
70.0,-52.5,0.9459,1982-2026
70.0,-50.0,0.6761,1982-2026
70.0,-47.5,0.4833,1982-2026
70.0,-45.0,0.3916,1982-2026
70.0,-42.5,0.3324,1982-2026
70.0,-40.0,0.324,1982-2026
70.0,-37.5,0.3634,1982-2026
70.0,-35.0,0.4194,1982-2026
70.0,-32.5,0.4522,1982-2026
70.0,-30.0,0.4845,1982-2026
70.0,-27.5,0.6221,1982-2026
70.0,-25.0,0.5581,1982-2026
70.0,-22.5,0.6802,1982-2026
70.0,-20.0,0.4991,1982-2026
70.0,-17.5,0.5576,1982-2026
70.0,-15.0,0.4601,1982-2026
70.0,-12.5,0.4089,1982-2026
70.0,-10.0,0.4064,1982-2026
70.0,-7.5,0.4274,1982-2026
70.0,-5.0,0.3864,1982-2026
70.0,-2.5,0.3728,1982-2026
67.5,0.0,0.2924,1982-2026
67.5,2.5,0.2927,1982-2026
67.5,5.0,0.3108,1982-2026
67.5,7.5,0.3251,1982-2026
67.5,10.0,0.3288,1982-2026
67.5,12.5,0.3085,1982-2026
67.5,15.0,0.4547,1982-2026
67.5,17.5,0.4085,1982-2026
67.5,20.0,0.3034,1982-2026
67.5,22.5,0.2839,1982-2026
67.5,25.0,0.3084,1982-2026
67.5,27.5,0.3815,1982-2026
67.5,30.0,0.4353,1982-2026
67.5,32.5,0.5024,1982-2026
67.5,35.0,0.5437,1982-2026
67.5,37.5,0.5031,1982-2026
67.5,40.0,0.5021,1982-2026
67.5,42.5,0.705,1982-2026
67.5,45.0,0.594,1982-2026
67.5,47.5,0.8195,1982-2026
67.5,50.0,0.6148,1982-2026
67.5,52.5,0.6583,1982-2026
67.5,55.0,0.6589,1982-2026
67.5,57.5,0.6887,1982-2026
67.5,60.0,0.6959,1982-2026
67.5,62.5,0.6999,1982-2026
67.5,65.0,0.647,1982-2026
67.5,67.5,0.6519,1982-2026
67.5,70.0,0.6287,1982-2026
67.5,72.5,0.7772,1982-2026
67.5,75.0,0.625,1982-2026
67.5,77.5,0.6084,1982-2026
67.5,80.0,0.5616,1982-2026
67.5,82.5,0.5049,1982-2026
67.5,85.0,0.4662,1982-2026
67.5,87.5,0.4092,1982-2026
67.5,90.0,0.4013,1982-2026
67.5,92.5,0.4275,1982-2026
67.5,95.0,0.4853,1982-2026
67.5,97.5,0.5031,1982-2026
67.5,100.0,0.5987,1982-2026
67.5,102.5,0.5565,1982-2026
67.5,105.0,0.6167,1982-2026
67.5,107.5,0.7222,1982-2026
67.5,110.0,0.7579,1982-2026
67.5,112.5,0.6901,1982-2026
67.5,115.0,0.6304,1982-2026
67.5,117.5,0.6032,1982-2026
67.5,120.0,0.5363,1982-2026
67.5,122.5,0.466,1982-2026
67.5,125.0,0.3382,1982-2026
67.5,127.5,0.3616,1982-2026
67.5,130.0,0.3953,1982-2026
67.5,132.5,0.3766,1982-2026
67.5,135.0,0.3855,1982-2026
67.5,137.5,0.4061,1982-2026
67.5,140.0,0.5421,1982-2026
67.5,142.5,0.512,1982-2026
67.5,145.0,0.5395,1982-2026
67.5,147.5,0.5171,1982-2026
67.5,150.0,0.6223,1982-2026
67.5,152.5,0.6802,1982-2026
67.5,155.0,0.7154,1982-2026
67.5,157.5,0.675,1982-2026
67.5,160.0,0.6366,1982-2026
67.5,162.5,0.6845,1982-2026
67.5,165.0,0.6467,1982-2026
67.5,167.5,0.5786,1982-2026
67.5,170.0,0.5535,1982-2026
67.5,172.5,0.6421,1982-2026
67.5,175.0,0.5645,1982-2026
67.5,177.5,0.5269,1982-2026
67.5,180.0,0.6881,1982-2026
67.5,-177.5,0.7972,1982-2026
67.5,-175.0,0.784,1982-2026
67.5,-172.5,0.7154,1982-2026
67.5,-170.0,0.6467,1982-2026
67.5,-167.5,0.6424,1982-2026
67.5,-165.0,0.7358,1982-2026
67.5,-162.5,0.6517,1982-2026
67.5,-160.0,0.5948,1982-2026
67.5,-157.5,0.5807,1982-2026
67.5,-155.0,0.3919,1982-2026
67.5,-152.5,0.4465,1982-2026
67.5,-150.0,0.4266,1982-2026
67.5,-147.5,0.4271,1982-2026
67.5,-145.0,0.4186,1982-2026
67.5,-142.5,0.5737,1982-2026
67.5,-140.0,0.7388,1982-2026
67.5,-137.5,0.6234,1982-2026
67.5,-135.0,0.7645,1982-2026
67.5,-132.5,0.6717,1982-2026
67.5,-130.0,0.6164,1982-2026
67.5,-127.5,0.578,1982-2026
67.5,-125.0,0.6113,1982-2026
67.5,-122.5,0.5845,1982-2026
67.5,-120.0,0.6276,1982-2026
67.5,-117.5,0.6911,1982-2026
67.5,-115.0,0.6904,1982-2026
67.5,-112.5,0.6786,1982-2026
67.5,-110.0,0.6841,1982-2026
67.5,-107.5,0.7212,1982-2026
67.5,-105.0,0.6664,1982-2026
67.5,-102.5,0.6437,1982-2026
67.5,-100.0,0.6359,1982-2026
67.5,-97.5,0.6758,1982-2026
67.5,-95.0,0.6746,1982-2026
67.5,-92.5,0.76,1982-2026
67.5,-90.0,0.8051,1982-2026
67.5,-87.5,0.6454,1982-2026
67.5,-85.0,0.6421,1982-2026
67.5,-82.5,0.6013,1982-2026
67.5,-80.0,0.6969,1982-2026
67.5,-77.5,0.7182,1982-2026
67.5,-75.0,0.7106,1982-2026
67.5,-72.5,0.7678,1982-2026
67.5,-70.0,0.7984,1982-2026
67.5,-67.5,0.6983,1982-2026
67.5,-65.0,0.6682,1982-2026
67.5,-62.5,0.7633,1982-2026
67.5,-60.0,0.7927,1982-2026
67.5,-57.5,0.9172,1982-2026
67.5,-55.0,0.8847,1982-2026
67.5,-52.5,0.807,1982-2026
67.5,-50.0,0.642,1982-2026
67.5,-47.5,0.4663,1982-2026
67.5,-45.0,0.4014,1982-2026
67.5,-42.5,0.3434,1982-2026
67.5,-40.0,0.3479,1982-2026
67.5,-37.5,0.3722,1982-2026
67.5,-35.0,0.4501,1982-2026
67.5,-32.5,0.4266,1982-2026
67.5,-30.0,0.4885,1982-2026
67.5,-27.5,0.4759,1982-2026
67.5,-25.0,0.5078,1982-2026
67.5,-22.5,0.6136,1982-2026
67.5,-20.0,0.4945,1982-2026
67.5,-17.5,0.3857,1982-2026
67.5,-15.0,0.3222,1982-2026
67.5,-12.5,0.2837,1982-2026
67.5,-10.0,0.2717,1982-2026
67.5,-7.5,0.2702,1982-2026
67.5,-5.0,0.281,1982-2026
67.5,-2.5,0.2768,1982-2026
65.0,0.0,0.2481,1982-2026
65.0,2.5,0.2762,1982-2026
65.0,5.0,0.2867,1982-2026
65.0,7.5,0.3065,1982-2026
65.0,10.0,0.3348,1982-2026
65.0,12.5,0.4151,1982-2026
65.0,15.0,0.3175,1982-2026
65.0,17.5,0.2658,1982-2026
65.0,20.0,0.2653,1982-2026
65.0,22.5,0.5236,1982-2026
65.0,25.0,0.5889,1982-2026
65.0,27.5,0.42,1982-2026
65.0,30.0,0.4732,1982-2026
65.0,32.5,0.4741,1982-2026
65.0,35.0,0.7467,1982-2026
65.0,37.5,0.5408,1982-2026
65.0,40.0,0.9374,1982-2026
65.0,42.5,0.4967,1982-2026
65.0,45.0,0.5124,1982-2026
65.0,47.5,0.5041,1982-2026
65.0,50.0,0.5121,1982-2026
65.0,52.5,0.5096,1982-2026
65.0,55.0,0.5176,1982-2026
65.0,57.5,0.5302,1982-2026
65.0,60.0,0.5109,1982-2026
65.0,62.5,0.5756,1982-2026
65.0,65.0,0.5786,1982-2026
65.0,67.5,0.5278,1982-2026
65.0,70.0,0.5294,1982-2026
65.0,72.5,0.5437,1982-2026
65.0,75.0,0.5324,1982-2026
65.0,77.5,0.5326,1982-2026
65.0,80.0,0.4894,1982-2026
65.0,82.5,0.4397,1982-2026
65.0,85.0,0.3975,1982-2026
65.0,87.5,0.3746,1982-2026
65.0,90.0,0.3747,1982-2026
65.0,92.5,0.3836,1982-2026
65.0,95.0,0.3889,1982-2026
65.0,97.5,0.4372,1982-2026
65.0,100.0,0.4592,1982-2026
65.0,102.5,0.5041,1982-2026
65.0,105.0,0.5357,1982-2026
65.0,107.5,0.6245,1982-2026
65.0,110.0,0.6553,1982-2026
65.0,112.5,0.6562,1982-2026
65.0,115.0,0.6296,1982-2026
65.0,117.5,0.59,1982-2026
65.0,120.0,0.5194,1982-2026
65.0,122.5,0.4485,1982-2026
65.0,125.0,0.37,1982-2026
65.0,127.5,0.2927,1982-2026
65.0,130.0,0.3775,1982-2026
65.0,132.5,0.3411,1982-2026
65.0,135.0,0.3189,1982-2026
65.0,137.5,0.3166,1982-2026
65.0,140.0,0.2749,1982-2026
65.0,142.5,0.247,1982-2026
65.0,145.0,0.2546,1982-2026
65.0,147.5,0.2775,1982-2026
65.0,150.0,0.4332,1982-2026
65.0,152.5,0.5086,1982-2026
65.0,155.0,0.5577,1982-2026
65.0,157.5,0.5694,1982-2026
65.0,160.0,0.5361,1982-2026
65.0,162.5,0.4322,1982-2026
65.0,165.0,0.4369,1982-2026
65.0,167.5,0.4603,1982-2026
65.0,170.0,0.4794,1982-2026
65.0,172.5,0.5359,1982-2026
65.0,175.0,0.507,1982-2026
65.0,177.5,0.5676,1982-2026
65.0,180.0,0.6577,1982-2026
65.0,-177.5,0.6396,1982-2026
65.0,-175.0,0.5542,1982-2026
65.0,-172.5,0.5534,1982-2026
65.0,-170.0,0.5471,1982-2026
65.0,-167.5,0.5931,1982-2026
65.0,-165.0,0.4145,1982-2026
65.0,-162.5,0.4157,1982-2026
65.0,-160.0,0.3906,1982-2026
65.0,-157.5,0.4087,1982-2026
65.0,-155.0,0.3686,1982-2026
65.0,-152.5,0.3706,1982-2026
65.0,-150.0,0.3541,1982-2026
65.0,-147.5,0.2653,1982-2026
65.0,-145.0,0.2043,1982-2026
65.0,-142.5,0.1985,1982-2026
65.0,-140.0,0.227,1982-2026
65.0,-137.5,0.346,1982-2026
65.0,-135.0,0.3969,1982-2026
65.0,-132.5,0.2642,1982-2026
65.0,-130.0,0.3437,1982-2026
65.0,-127.5,0.375,1982-2026
65.0,-125.0,0.4188,1982-2026
65.0,-122.5,0.4416,1982-2026
65.0,-120.0,0.3636,1982-2026
65.0,-117.5,0.4163,1982-2026
65.0,-115.0,0.4104,1982-2026
65.0,-112.5,0.4657,1982-2026
65.0,-110.0,0.4959,1982-2026
65.0,-107.5,0.5375,1982-2026
65.0,-105.0,0.5572,1982-2026
65.0,-102.5,0.5472,1982-2026
65.0,-100.0,0.5618,1982-2026
65.0,-97.5,0.6631,1982-2026
65.0,-95.0,0.8317,1982-2026
65.0,-92.5,0.8253,1982-2026
65.0,-90.0,0.8111,1982-2026
65.0,-87.5,0.8458,1982-2026
65.0,-85.0,0.8064,1982-2026
65.0,-82.5,0.7661,1982-2026
65.0,-80.0,0.7955,1982-2026
65.0,-77.5,0.7938,1982-2026
65.0,-75.0,0.8123,1982-2026
65.0,-72.5,0.8615,1982-2026
65.0,-70.0,0.8703,1982-2026
65.0,-67.5,0.877,1982-2026
65.0,-65.0,0.7827,1982-2026
65.0,-62.5,0.7401,1982-2026
65.0,-60.0,0.7696,1982-2026
65.0,-57.5,0.921,1982-2026
65.0,-55.0,0.8057,1982-2026
65.0,-52.5,0.6607,1982-2026
65.0,-50.0,0.6308,1982-2026
65.0,-47.5,0.4433,1982-2026
65.0,-45.0,0.4087,1982-2026
65.0,-42.5,0.4084,1982-2026
65.0,-40.0,0.4368,1982-2026
65.0,-37.5,0.7245,1982-2026
65.0,-35.0,0.7314,1982-2026
65.0,-32.5,0.6907,1982-2026
65.0,-30.0,0.5515,1982-2026
65.0,-27.5,0.4156,1982-2026
65.0,-25.0,0.3548,1982-2026
65.0,-22.5,0.4788,1982-2026
65.0,-20.0,0.3049,1982-2026
65.0,-17.5,0.3273,1982-2026
65.0,-15.0,0.3777,1982-2026
65.0,-12.5,0.1921,1982-2026
65.0,-10.0,0.2112,1982-2026
65.0,-7.5,0.1969,1982-2026
65.0,-5.0,0.1513,1982-2026
65.0,-2.5,0.2082,1982-2026
62.5,0.0,0.248,1982-2026
62.5,2.5,0.2815,1982-2026
62.5,5.0,0.3014,1982-2026
62.5,7.5,0.4043,1982-2026
62.5,10.0,0.373,1982-2026
62.5,12.5,0.2908,1982-2026
62.5,15.0,0.2637,1982-2026
62.5,17.5,0.3555,1982-2026
62.5,20.0,0.4812,1982-2026
62.5,22.5,0.4562,1982-2026
62.5,25.0,0.4256,1982-2026
62.5,27.5,0.4581,1982-2026
62.5,30.0,0.4818,1982-2026
62.5,32.5,0.4644,1982-2026
62.5,35.0,0.4888,1982-2026
62.5,37.5,0.4704,1982-2026
62.5,40.0,0.4949,1982-2026
62.5,42.5,0.4849,1982-2026
62.5,45.0,0.4999,1982-2026
62.5,47.5,0.4993,1982-2026
62.5,50.0,0.4964,1982-2026
62.5,52.5,0.4834,1982-2026
62.5,55.0,0.4394,1982-2026
62.5,57.5,0.4122,1982-2026
62.5,60.0,0.4131,1982-2026
62.5,62.5,0.4047,1982-2026
62.5,65.0,0.4263,1982-2026
62.5,67.5,0.4443,1982-2026
62.5,70.0,0.4715,1982-2026
62.5,72.5,0.5027,1982-2026
62.5,75.0,0.506,1982-2026
62.5,77.5,0.4769,1982-2026
62.5,80.0,0.4231,1982-2026
62.5,82.5,0.3822,1982-2026
62.5,85.0,0.3645,1982-2026
62.5,87.5,0.3808,1982-2026
62.5,90.0,0.4303,1982-2026
62.5,92.5,0.4249,1982-2026
62.5,95.0,0.3912,1982-2026
62.5,97.5,0.3292,1982-2026
62.5,100.0,0.2849,1982-2026
62.5,102.5,0.2965,1982-2026
62.5,105.0,0.3457,1982-2026
62.5,107.5,0.4269,1982-2026
62.5,110.0,0.5137,1982-2026
62.5,112.5,0.5215,1982-2026
62.5,115.0,0.5094,1982-2026
62.5,117.5,0.426,1982-2026
62.5,120.0,0.364,1982-2026
62.5,122.5,0.332,1982-2026
62.5,125.0,0.3419,1982-2026
62.5,127.5,0.3691,1982-2026
62.5,130.0,0.4085,1982-2026
62.5,132.5,0.4066,1982-2026
62.5,135.0,0.4235,1982-2026
62.5,137.5,0.388,1982-2026
62.5,140.0,0.2733,1982-2026
62.5,142.5,0.2091,1982-2026
62.5,145.0,0.1942,1982-2026
62.5,147.5,0.3361,1982-2026
62.5,150.0,0.3899,1982-2026
62.5,152.5,0.3632,1982-2026
62.5,155.0,0.4249,1982-2026
62.5,157.5,0.3297,1982-2026
62.5,160.0,0.4192,1982-2026
62.5,162.5,0.4256,1982-2026
62.5,165.0,0.434,1982-2026
62.5,167.5,0.4576,1982-2026
62.5,170.0,0.3125,1982-2026
62.5,172.5,0.3598,1982-2026
62.5,175.0,0.3512,1982-2026
62.5,177.5,0.5001,1982-2026
62.5,180.0,0.5224,1982-2026
62.5,-177.5,0.4863,1982-2026
62.5,-175.0,0.4457,1982-2026
62.5,-172.5,0.4159,1982-2026
62.5,-170.0,0.4048,1982-2026
62.5,-167.5,0.4212,1982-2026
62.5,-165.0,0.3996,1982-2026
62.5,-162.5,0.3095,1982-2026
62.5,-160.0,0.3043,1982-2026
62.5,-157.5,0.3338,1982-2026
62.5,-155.0,0.4295,1982-2026
62.5,-152.5,0.3325,1982-2026
62.5,-150.0,0.4509,1982-2026
62.5,-147.5,0.3787,1982-2026
62.5,-145.0,0.2594,1982-2026
62.5,-142.5,0.2168,1982-2026
62.5,-140.0,0.189,1982-2026
62.5,-137.5,0.1423,1982-2026
62.5,-135.0,0.2302,1982-2026
62.5,-132.5,0.3435,1982-2026
62.5,-130.0,0.4281,1982-2026
62.5,-127.5,0.2343,1982-2026
62.5,-125.0,0.3412,1982-2026
62.5,-122.5,0.3622,1982-2026
62.5,-120.0,0.316,1982-2026
62.5,-117.5,0.3525,1982-2026
62.5,-115.0,0.38,1982-2026
62.5,-112.5,0.3686,1982-2026
62.5,-110.0,0.3828,1982-2026
62.5,-107.5,0.3519,1982-2026
62.5,-105.0,0.3618,1982-2026
62.5,-102.5,0.3959,1982-2026
62.5,-100.0,0.4181,1982-2026
62.5,-97.5,0.4429,1982-2026
62.5,-95.0,0.4813,1982-2026
62.5,-92.5,0.5964,1982-2026
62.5,-90.0,0.7324,1982-2026
62.5,-87.5,0.7752,1982-2026
62.5,-85.0,0.8293,1982-2026
62.5,-82.5,0.8296,1982-2026
62.5,-80.0,0.8842,1982-2026
62.5,-77.5,0.8843,1982-2026
62.5,-75.0,0.9272,1982-2026
62.5,-72.5,0.9297,1982-2026
62.5,-70.0,0.8655,1982-2026
62.5,-67.5,0.8549,1982-2026
62.5,-65.0,0.7388,1982-2026
62.5,-62.5,0.7533,1982-2026
62.5,-60.0,0.9492,1982-2026
62.5,-57.5,0.9203,1982-2026
62.5,-55.0,0.7753,1982-2026
62.5,-52.5,0.5812,1982-2026
62.5,-50.0,0.5992,1982-2026
62.5,-47.5,0.4491,1982-2026
62.5,-45.0,0.4352,1982-2026
62.5,-42.5,0.5222,1982-2026
62.5,-40.0,0.6812,1982-2026
62.5,-37.5,0.4391,1982-2026
62.5,-35.0,0.3741,1982-2026
62.5,-32.5,0.3688,1982-2026
62.5,-30.0,0.3532,1982-2026
62.5,-27.5,0.3133,1982-2026
62.5,-25.0,0.3035,1982-2026
62.5,-22.5,0.2916,1982-2026
62.5,-20.0,0.2801,1982-2026
62.5,-17.5,0.2678,1982-2026
62.5,-15.0,0.2623,1982-2026
62.5,-12.5,0.2591,1982-2026
62.5,-10.0,0.2467,1982-2026
62.5,-7.5,0.2487,1982-2026
62.5,-5.0,0.2477,1982-2026
62.5,-2.5,0.2478,1982-2026
60.0,0.0,0.27,1982-2026
60.0,2.5,0.2825,1982-2026
60.0,5.0,0.3006,1982-2026
60.0,7.5,0.3227,1982-2026
60.0,10.0,0.3872,1982-2026
60.0,12.5,0.3577,1982-2026
60.0,15.0,0.3147,1982-2026
60.0,17.5,0.3727,1982-2026
60.0,20.0,0.5081,1982-2026
60.0,22.5,0.5724,1982-2026
60.0,25.0,0.69,1982-2026
60.0,27.5,0.7672,1982-2026
60.0,30.0,0.8233,1982-2026
60.0,32.5,0.4286,1982-2026
60.0,35.0,0.4459,1982-2026
60.0,37.5,0.4532,1982-2026
60.0,40.0,0.4573,1982-2026
60.0,42.5,0.4521,1982-2026
60.0,45.0,0.4407,1982-2026
60.0,47.5,0.4336,1982-2026
60.0,50.0,0.4469,1982-2026
60.0,52.5,0.4474,1982-2026
60.0,55.0,0.3962,1982-2026
60.0,57.5,0.3597,1982-2026
60.0,60.0,0.3465,1982-2026
60.0,62.5,0.3471,1982-2026
60.0,65.0,0.3369,1982-2026
60.0,67.5,0.3463,1982-2026
60.0,70.0,0.3371,1982-2026
60.0,72.5,0.3398,1982-2026
60.0,75.0,0.3131,1982-2026
60.0,77.5,0.3106,1982-2026
60.0,80.0,0.3164,1982-2026
60.0,82.5,0.3151,1982-2026
60.0,85.0,0.3443,1982-2026
60.0,87.5,0.3588,1982-2026
60.0,90.0,0.3693,1982-2026
60.0,92.5,0.3471,1982-2026
60.0,95.0,0.3619,1982-2026
60.0,97.5,0.3652,1982-2026
60.0,100.0,0.3196,1982-2026
60.0,102.5,0.2693,1982-2026
60.0,105.0,0.2798,1982-2026
60.0,107.5,0.2971,1982-2026
60.0,110.0,0.3009,1982-2026
60.0,112.5,0.2654,1982-2026
60.0,115.0,0.2038,1982-2026
60.0,117.5,0.1918,1982-2026
60.0,120.0,0.1099,1982-2026
60.0,122.5,0.161,1982-2026
60.0,125.0,0.2228,1982-2026
60.0,127.5,0.2833,1982-2026
60.0,130.0,0.3693,1982-2026
60.0,132.5,0.4355,1982-2026
60.0,135.0,0.4202,1982-2026
60.0,137.5,0.3719,1982-2026
60.0,140.0,0.3013,1982-2026
60.0,142.5,0.2432,1982-2026
60.0,145.0,0.2298,1982-2026
60.0,147.5,0.3657,1982-2026
60.0,150.0,0.3556,1982-2026
60.0,152.5,0.3001,1982-2026
60.0,155.0,0.475,1982-2026
60.0,157.5,0.3437,1982-2026
60.0,160.0,0.3527,1982-2026
60.0,162.5,0.2476,1982-2026
60.0,165.0,0.3623,1982-2026
60.0,167.5,0.4841,1982-2026
60.0,170.0,0.4718,1982-2026
60.0,172.5,0.4394,1982-2026
60.0,175.0,0.4049,1982-2026
60.0,177.5,0.4025,1982-2026
60.0,180.0,0.4281,1982-2026
60.0,-177.5,0.3895,1982-2026
60.0,-175.0,0.3603,1982-2026
60.0,-172.5,0.3116,1982-2026
60.0,-170.0,0.3284,1982-2026
60.0,-167.5,0.3286,1982-2026
60.0,-165.0,0.481,1982-2026
60.0,-162.5,0.3972,1982-2026
60.0,-160.0,0.3127,1982-2026
60.0,-157.5,0.3495,1982-2026
60.0,-155.0,0.3575,1982-2026
60.0,-152.5,0.2098,1982-2026
60.0,-150.0,0.391,1982-2026
60.0,-147.5,0.1734,1982-2026
60.0,-145.0,0.1992,1982-2026
60.0,-142.5,0.1309,1982-2026
60.0,-140.0,0.3115,1982-2026
60.0,-137.5,0.4202,1982-2026
60.0,-135.0,0.3747,1982-2026
60.0,-132.5,0.4318,1982-2026
60.0,-130.0,0.3721,1982-2026
60.0,-127.5,0.3656,1982-2026
60.0,-125.0,0.3368,1982-2026
60.0,-122.5,0.2844,1982-2026
60.0,-120.0,0.2547,1982-2026
60.0,-117.5,0.2318,1982-2026
60.0,-115.0,0.2417,1982-2026
60.0,-112.5,0.2347,1982-2026
60.0,-110.0,0.2104,1982-2026
60.0,-107.5,0.1956,1982-2026
60.0,-105.0,0.2278,1982-2026
60.0,-102.5,0.2732,1982-2026
60.0,-100.0,0.3666,1982-2026
60.0,-97.5,0.3815,1982-2026
60.0,-95.0,0.3947,1982-2026
60.0,-92.5,0.6286,1982-2026
60.0,-90.0,0.6359,1982-2026
60.0,-87.5,0.6559,1982-2026
60.0,-85.0,0.6748,1982-2026
60.0,-82.5,0.7232,1982-2026
60.0,-80.0,0.7597,1982-2026
60.0,-77.5,0.8309,1982-2026
60.0,-75.0,0.8344,1982-2026
60.0,-72.5,0.8698,1982-2026
60.0,-70.0,0.8663,1982-2026
60.0,-67.5,0.7399,1982-2026
60.0,-65.0,0.8,1982-2026
60.0,-62.5,0.7545,1982-2026
60.0,-60.0,0.9064,1982-2026
60.0,-57.5,0.8549,1982-2026
60.0,-55.0,0.7183,1982-2026
60.0,-52.5,0.6072,1982-2026
60.0,-50.0,0.4943,1982-2026
60.0,-47.5,0.4237,1982-2026
60.0,-45.0,0.266,1982-2026
60.0,-42.5,0.353,1982-2026
60.0,-40.0,0.3968,1982-2026
60.0,-37.5,0.3518,1982-2026
60.0,-35.0,0.3447,1982-2026
60.0,-32.5,0.3351,1982-2026
60.0,-30.0,0.3175,1982-2026
60.0,-27.5,0.2891,1982-2026
60.0,-25.0,0.2636,1982-2026
60.0,-22.5,0.2495,1982-2026
60.0,-20.0,0.2446,1982-2026
60.0,-17.5,0.2405,1982-2026
60.0,-15.0,0.2343,1982-2026
60.0,-12.5,0.2232,1982-2026
60.0,-10.0,0.2281,1982-2026
60.0,-7.5,0.2256,1982-2026
60.0,-5.0,0.247,1982-2026
60.0,-2.5,0.238,1982-2026
57.5,0.0,0.2797,1982-2026
57.5,2.5,0.3065,1982-2026
57.5,5.0,0.3143,1982-2026
57.5,7.5,0.3416,1982-2026
57.5,10.0,0.3044,1982-2026
57.5,12.5,0.3608,1982-2026
57.5,15.0,0.3806,1982-2026
57.5,17.5,0.4575,1982-2026
57.5,20.0,0.407,1982-2026
57.5,22.5,0.3655,1982-2026
57.5,25.0,0.3875,1982-2026
57.5,27.5,0.3707,1982-2026
57.5,30.0,0.389,1982-2026
57.5,32.5,0.4162,1982-2026
57.5,35.0,0.4364,1982-2026
57.5,37.5,0.4732,1982-2026
57.5,40.0,0.4704,1982-2026
57.5,42.5,0.4758,1982-2026
57.5,45.0,0.436,1982-2026
57.5,47.5,0.4354,1982-2026
57.5,50.0,0.4519,1982-2026
57.5,52.5,0.4543,1982-2026
57.5,55.0,0.4117,1982-2026
57.5,57.5,0.3507,1982-2026
57.5,60.0,0.3199,1982-2026
57.5,62.5,0.3141,1982-2026
57.5,65.0,0.3271,1982-2026
57.5,67.5,0.2988,1982-2026
57.5,70.0,0.2701,1982-2026
57.5,72.5,0.249,1982-2026
57.5,75.0,0.2439,1982-2026
57.5,77.5,0.2428,1982-2026
57.5,80.0,0.2734,1982-2026
57.5,82.5,0.2796,1982-2026
57.5,85.0,0.319,1982-2026
57.5,87.5,0.3225,1982-2026
57.5,90.0,0.2774,1982-2026
57.5,92.5,0.2745,1982-2026
57.5,95.0,0.2681,1982-2026
57.5,97.5,0.3262,1982-2026
57.5,100.0,0.3383,1982-2026
57.5,102.5,0.3305,1982-2026
57.5,105.0,0.2834,1982-2026
57.5,107.5,0.2597,1982-2026
57.5,110.0,0.254,1982-2026
57.5,112.5,0.2453,1982-2026
57.5,115.0,0.1488,1982-2026
57.5,117.5,0.1334,1982-2026
57.5,120.0,0.1704,1982-2026
57.5,122.5,0.1914,1982-2026
57.5,125.0,0.1471,1982-2026
57.5,127.5,0.2694,1982-2026
57.5,130.0,0.3428,1982-2026
57.5,132.5,0.3519,1982-2026
57.5,135.0,0.3331,1982-2026
57.5,137.5,0.2599,1982-2026
57.5,140.0,0.2602,1982-2026
57.5,142.5,0.2968,1982-2026
57.5,145.0,0.3216,1982-2026
57.5,147.5,0.3533,1982-2026
57.5,150.0,0.3728,1982-2026
57.5,152.5,0.3625,1982-2026
57.5,155.0,0.3327,1982-2026
57.5,157.5,0.3149,1982-2026
57.5,160.0,0.3094,1982-2026
57.5,162.5,0.3146,1982-2026
57.5,165.0,0.36,1982-2026
57.5,167.5,0.3329,1982-2026
57.5,170.0,0.3194,1982-2026
57.5,172.5,0.314,1982-2026
57.5,175.0,0.3017,1982-2026
57.5,177.5,0.2738,1982-2026
57.5,180.0,0.2656,1982-2026
57.5,-177.5,0.2741,1982-2026
57.5,-175.0,0.2746,1982-2026
57.5,-172.5,0.2713,1982-2026
57.5,-170.0,0.2471,1982-2026
57.5,-167.5,0.2839,1982-2026
57.5,-165.0,0.3033,1982-2026
57.5,-162.5,0.2982,1982-2026
57.5,-160.0,0.3377,1982-2026
57.5,-157.5,0.3112,1982-2026
57.5,-155.0,0.1776,1982-2026
57.5,-152.5,0.2533,1982-2026
57.5,-150.0,0.1726,1982-2026
57.5,-147.5,0.1598,1982-2026
57.5,-145.0,0.1573,1982-2026
57.5,-142.5,0.186,1982-2026
57.5,-140.0,0.1612,1982-2026
57.5,-137.5,0.1528,1982-2026
57.5,-135.0,0.5816,1982-2026
57.5,-132.5,0.5606,1982-2026
57.5,-130.0,0.562,1982-2026
57.5,-127.5,0.3917,1982-2026
57.5,-125.0,0.4364,1982-2026
57.5,-122.5,0.3368,1982-2026
57.5,-120.0,0.1845,1982-2026
57.5,-117.5,0.151,1982-2026
57.5,-115.0,0.1613,1982-2026
57.5,-112.5,0.1705,1982-2026
57.5,-110.0,0.1652,1982-2026
57.5,-107.5,0.1403,1982-2026
57.5,-105.0,0.1878,1982-2026
57.5,-102.5,0.2311,1982-2026
57.5,-100.0,0.2581,1982-2026
57.5,-97.5,0.3183,1982-2026
57.5,-95.0,0.3631,1982-2026
57.5,-92.5,0.5243,1982-2026
57.5,-90.0,0.6506,1982-2026
57.5,-87.5,0.5897,1982-2026
57.5,-85.0,0.6174,1982-2026
57.5,-82.5,0.6448,1982-2026
57.5,-80.0,0.6487,1982-2026
57.5,-77.5,0.746,1982-2026
57.5,-75.0,0.6357,1982-2026
57.5,-72.5,0.686,1982-2026
57.5,-70.0,0.6807,1982-2026
57.5,-67.5,0.6944,1982-2026
57.5,-65.0,0.7546,1982-2026
57.5,-62.5,0.7511,1982-2026
57.5,-60.0,0.7774,1982-2026
57.5,-57.5,0.8327,1982-2026
57.5,-55.0,0.6512,1982-2026
57.5,-52.5,0.5424,1982-2026
57.5,-50.0,0.4548,1982-2026
57.5,-47.5,0.4117,1982-2026
57.5,-45.0,0.3812,1982-2026
57.5,-42.5,0.3533,1982-2026
57.5,-40.0,0.3159,1982-2026
57.5,-37.5,0.2969,1982-2026
57.5,-35.0,0.2848,1982-2026
57.5,-32.5,0.2638,1982-2026
57.5,-30.0,0.2342,1982-2026
57.5,-27.5,0.2154,1982-2026
57.5,-25.0,0.2097,1982-2026
57.5,-22.5,0.2032,1982-2026
57.5,-20.0,0.1987,1982-2026
57.5,-17.5,0.2054,1982-2026
57.5,-15.0,0.2046,1982-2026
57.5,-12.5,0.2098,1982-2026
57.5,-10.0,0.2195,1982-2026
57.5,-7.5,0.2273,1982-2026
57.5,-5.0,0.234,1982-2026
57.5,-2.5,0.1822,1982-2026
55.0,0.0,0.3197,1982-2026
55.0,2.5,0.3746,1982-2026
55.0,5.0,0.3812,1982-2026
55.0,7.5,0.4228,1982-2026
55.0,10.0,0.4058,1982-2026
55.0,12.5,0.4285,1982-2026
55.0,15.0,0.4333,1982-2026
55.0,17.5,0.3963,1982-2026
55.0,20.0,0.3987,1982-2026
55.0,22.5,0.3896,1982-2026
55.0,25.0,0.4402,1982-2026
55.0,27.5,0.4835,1982-2026
55.0,30.0,0.5,1982-2026
55.0,32.5,0.4729,1982-2026
55.0,35.0,0.4829,1982-2026
55.0,37.5,0.5192,1982-2026
55.0,40.0,0.4985,1982-2026
55.0,42.5,0.4633,1982-2026
55.0,45.0,0.4541,1982-2026
55.0,47.5,0.4811,1982-2026
55.0,50.0,0.4849,1982-2026
55.0,52.5,0.4824,1982-2026
55.0,55.0,0.4114,1982-2026
55.0,57.5,0.358,1982-2026
55.0,60.0,0.3506,1982-2026
55.0,62.5,0.3147,1982-2026
55.0,65.0,0.2541,1982-2026
55.0,67.5,0.2581,1982-2026
55.0,70.0,0.249,1982-2026
55.0,72.5,0.2653,1982-2026
55.0,75.0,0.2447,1982-2026
55.0,77.5,0.2817,1982-2026
55.0,80.0,0.238,1982-2026
55.0,82.5,0.2735,1982-2026
55.0,85.0,0.2954,1982-2026
55.0,87.5,0.2132,1982-2026
55.0,90.0,0.1875,1982-2026
55.0,92.5,0.1837,1982-2026
55.0,95.0,0.2173,1982-2026
55.0,97.5,0.2492,1982-2026
55.0,100.0,0.2432,1982-2026
55.0,102.5,0.2978,1982-2026
55.0,105.0,0.3649,1982-2026
55.0,107.5,0.284,1982-2026
55.0,110.0,0.1841,1982-2026
55.0,112.5,0.404,1982-2026
55.0,115.0,0.331,1982-2026
55.0,117.5,0.3968,1982-2026
55.0,120.0,0.4862,1982-2026
55.0,122.5,0.3255,1982-2026
55.0,125.0,0.2646,1982-2026
55.0,127.5,0.3431,1982-2026
55.0,130.0,0.3347,1982-2026
55.0,132.5,0.3202,1982-2026
55.0,135.0,0.3188,1982-2026
55.0,137.5,0.2751,1982-2026
55.0,140.0,0.2828,1982-2026
55.0,142.5,0.3025,1982-2026
55.0,145.0,0.295,1982-2026
55.0,147.5,0.3306,1982-2026
55.0,150.0,0.3281,1982-2026
55.0,152.5,0.2885,1982-2026
55.0,155.0,0.3624,1982-2026
55.0,157.5,0.3165,1982-2026
55.0,160.0,0.4724,1982-2026
55.0,162.5,0.305,1982-2026
55.0,165.0,0.2824,1982-2026
55.0,167.5,0.2731,1982-2026
55.0,170.0,0.2809,1982-2026
55.0,172.5,0.2737,1982-2026
55.0,175.0,0.2653,1982-2026
55.0,177.5,0.2449,1982-2026
55.0,180.0,0.2242,1982-2026
55.0,-177.5,0.2066,1982-2026
55.0,-175.0,0.1978,1982-2026
55.0,-172.5,0.2048,1982-2026
55.0,-170.0,0.2051,1982-2026
55.0,-167.5,0.202,1982-2026
55.0,-165.0,0.183,1982-2026
55.0,-162.5,0.2088,1982-2026
55.0,-160.0,0.1581,1982-2026
55.0,-157.5,0.1501,1982-2026
55.0,-155.0,0.1266,1982-2026
55.0,-152.5,0.105,1982-2026
55.0,-150.0,0.0905,1982-2026
55.0,-147.5,0.072,1982-2026
55.0,-145.0,0.0959,1982-2026
55.0,-142.5,0.0977,1982-2026
55.0,-140.0,0.1646,1982-2026
55.0,-137.5,0.154,1982-2026
55.0,-135.0,0.1325,1982-2026
55.0,-132.5,0.3102,1982-2026
55.0,-130.0,0.5557,1982-2026
55.0,-127.5,0.5267,1982-2026
55.0,-125.0,0.3257,1982-2026
55.0,-122.5,0.1824,1982-2026
55.0,-120.0,0.1227,1982-2026
55.0,-117.5,0.0342,1982-2026
55.0,-115.0,0.0611,1982-2026
55.0,-112.5,0.1107,1982-2026
55.0,-110.0,0.1412,1982-2026
55.0,-107.5,0.133,1982-2026
55.0,-105.0,0.1398,1982-2026
55.0,-102.5,0.1657,1982-2026
55.0,-100.0,0.1904,1982-2026
55.0,-97.5,0.211,1982-2026
55.0,-95.0,0.2709,1982-2026
55.0,-92.5,0.3276,1982-2026
55.0,-90.0,0.4097,1982-2026
55.0,-87.5,0.4891,1982-2026
55.0,-85.0,0.5507,1982-2026
55.0,-82.5,0.5861,1982-2026
55.0,-80.0,0.7011,1982-2026
55.0,-77.5,0.5543,1982-2026
55.0,-75.0,0.5958,1982-2026
55.0,-72.5,0.6156,1982-2026
55.0,-70.0,0.5987,1982-2026
55.0,-67.5,0.5999,1982-2026
55.0,-65.0,0.6352,1982-2026
55.0,-62.5,0.6845,1982-2026
55.0,-60.0,0.6933,1982-2026
55.0,-57.5,0.7499,1982-2026
55.0,-55.0,0.6006,1982-2026
55.0,-52.5,0.5652,1982-2026
55.0,-50.0,0.4555,1982-2026
55.0,-47.5,0.3683,1982-2026
55.0,-45.0,0.3142,1982-2026
55.0,-42.5,0.2853,1982-2026
55.0,-40.0,0.2697,1982-2026
55.0,-37.5,0.2415,1982-2026
55.0,-35.0,0.2077,1982-2026
55.0,-32.5,0.1647,1982-2026
55.0,-30.0,0.1528,1982-2026
55.0,-27.5,0.1404,1982-2026
55.0,-25.0,0.1387,1982-2026
55.0,-22.5,0.1355,1982-2026
55.0,-20.0,0.1665,1982-2026
55.0,-17.5,0.1806,1982-2026
55.0,-15.0,0.1842,1982-2026
55.0,-12.5,0.1952,1982-2026
55.0,-10.0,0.204,1982-2026
55.0,-7.5,0.1726,1982-2026
55.0,-5.0,0.2445,1982-2026
55.0,-2.5,0.2573,1982-2026
52.5,0.0,0.3585,1982-2026
52.5,2.5,0.3862,1982-2026
52.5,5.0,0.3954,1982-2026
52.5,7.5,0.4349,1982-2026
52.5,10.0,0.4678,1982-2026
52.5,12.5,0.4249,1982-2026
52.5,15.0,0.4221,1982-2026
52.5,17.5,0.4385,1982-2026
52.5,20.0,0.4376,1982-2026
52.5,22.5,0.4989,1982-2026
52.5,25.0,0.5144,1982-2026
52.5,27.5,0.516,1982-2026
52.5,30.0,0.5431,1982-2026
52.5,32.5,0.5581,1982-2026
52.5,35.0,0.5768,1982-2026
52.5,37.5,0.6006,1982-2026
52.5,40.0,0.5831,1982-2026
52.5,42.5,0.5181,1982-2026
52.5,45.0,0.5033,1982-2026
52.5,47.5,0.5041,1982-2026
52.5,50.0,0.4946,1982-2026
52.5,52.5,0.5303,1982-2026
52.5,55.0,0.4142,1982-2026
52.5,57.5,0.3615,1982-2026
52.5,60.0,0.3411,1982-2026
52.5,62.5,0.3103,1982-2026
52.5,65.0,0.3244,1982-2026
52.5,67.5,0.3263,1982-2026
52.5,70.0,0.2435,1982-2026
52.5,72.5,0.2847,1982-2026
52.5,75.0,0.2018,1982-2026
52.5,77.5,0.2442,1982-2026
52.5,80.0,0.2028,1982-2026
52.5,82.5,0.2047,1982-2026
52.5,85.0,0.1537,1982-2026
52.5,87.5,0.2007,1982-2026
52.5,90.0,0.2783,1982-2026
52.5,92.5,0.268,1982-2026
52.5,95.0,0.1982,1982-2026
52.5,97.5,0.1519,1982-2026
52.5,100.0,-0.0872,1982-2026
52.5,102.5,0.2509,1982-2026
52.5,105.0,0.2645,1982-2026
52.5,107.5,0.279,1982-2026
52.5,110.0,0.2978,1982-2026
52.5,112.5,0.2801,1982-2026
52.5,115.0,0.2539,1982-2026
52.5,117.5,0.2273,1982-2026
52.5,120.0,0.3014,1982-2026
52.5,122.5,0.3163,1982-2026
52.5,125.0,0.2628,1982-2026
52.5,127.5,0.2789,1982-2026
52.5,130.0,0.3669,1982-2026
52.5,132.5,0.3058,1982-2026
52.5,135.0,0.2644,1982-2026
52.5,137.5,0.2477,1982-2026
52.5,140.0,0.3067,1982-2026
52.5,142.5,0.2621,1982-2026
52.5,145.0,0.3081,1982-2026
52.5,147.5,0.3072,1982-2026
52.5,150.0,0.227,1982-2026
52.5,152.5,0.2202,1982-2026
52.5,155.0,0.2643,1982-2026
52.5,157.5,0.3423,1982-2026
52.5,160.0,0.228,1982-2026
52.5,162.5,0.2001,1982-2026
52.5,165.0,0.1984,1982-2026
52.5,167.5,0.2069,1982-2026
52.5,170.0,0.2214,1982-2026
52.5,172.5,0.2321,1982-2026
52.5,175.0,0.216,1982-2026
52.5,177.5,0.2057,1982-2026
52.5,180.0,0.1783,1982-2026
52.5,-177.5,0.1938,1982-2026
52.5,-175.0,0.17,1982-2026
52.5,-172.5,0.1436,1982-2026
52.5,-170.0,0.1232,1982-2026
52.5,-167.5,0.1883,1982-2026
52.5,-165.0,0.1744,1982-2026
52.5,-162.5,0.1662,1982-2026
52.5,-160.0,0.154,1982-2026
52.5,-157.5,0.1462,1982-2026
52.5,-155.0,0.1398,1982-2026
52.5,-152.5,0.1315,1982-2026
52.5,-150.0,0.118,1982-2026
52.5,-147.5,0.103,1982-2026
52.5,-145.0,0.0787,1982-2026
52.5,-142.5,0.0641,1982-2026
52.5,-140.0,0.069,1982-2026
52.5,-137.5,0.1068,1982-2026
52.5,-135.0,0.1278,1982-2026
52.5,-132.5,0.1131,1982-2026
52.5,-130.0,0.1072,1982-2026
52.5,-127.5,0.2469,1982-2026
52.5,-125.0,0.2657,1982-2026
52.5,-122.5,0.1485,1982-2026
52.5,-120.0,0.1795,1982-2026
52.5,-117.5,0.1931,1982-2026
52.5,-115.0,0.1274,1982-2026
52.5,-112.5,0.0583,1982-2026
52.5,-110.0,0.0967,1982-2026
52.5,-107.5,0.075,1982-2026
52.5,-105.0,0.0145,1982-2026
52.5,-102.5,0.1197,1982-2026
52.5,-100.0,0.1887,1982-2026
52.5,-97.5,0.2284,1982-2026
52.5,-95.0,0.2272,1982-2026
52.5,-92.5,0.2666,1982-2026
52.5,-90.0,0.2842,1982-2026
52.5,-87.5,0.3281,1982-2026
52.5,-85.0,0.3645,1982-2026
52.5,-82.5,0.4536,1982-2026
52.5,-80.0,0.8293,1982-2026
52.5,-77.5,0.4905,1982-2026
52.5,-75.0,0.4826,1982-2026
52.5,-72.5,0.4724,1982-2026
52.5,-70.0,0.4792,1982-2026
52.5,-67.5,0.4308,1982-2026
52.5,-65.0,0.4736,1982-2026
52.5,-62.5,0.511,1982-2026
52.5,-60.0,0.5421,1982-2026
52.5,-57.5,0.5032,1982-2026
52.5,-55.0,0.6073,1982-2026
52.5,-52.5,0.5546,1982-2026
52.5,-50.0,0.4986,1982-2026
52.5,-47.5,0.3866,1982-2026
52.5,-45.0,0.2982,1982-2026
52.5,-42.5,0.2414,1982-2026
52.5,-40.0,0.1994,1982-2026
52.5,-37.5,0.1529,1982-2026
52.5,-35.0,0.1737,1982-2026
52.5,-32.5,0.1273,1982-2026
52.5,-30.0,0.1137,1982-2026
52.5,-27.5,0.0897,1982-2026
52.5,-25.0,0.089,1982-2026
52.5,-22.5,0.0978,1982-2026
52.5,-20.0,0.1195,1982-2026
52.5,-17.5,0.1493,1982-2026
52.5,-15.0,0.1685,1982-2026
52.5,-12.5,0.1745,1982-2026
52.5,-10.0,0.1776,1982-2026
52.5,-7.5,0.1644,1982-2026
52.5,-5.0,0.2654,1982-2026
52.5,-2.5,0.3154,1982-2026
50.0,0.0,0.3237,1982-2026
50.0,2.5,0.4113,1982-2026
50.0,5.0,0.4187,1982-2026
50.0,7.5,0.4682,1982-2026
50.0,10.0,0.4524,1982-2026
50.0,12.5,0.4575,1982-2026
50.0,15.0,0.4777,1982-2026
50.0,17.5,0.4396,1982-2026
50.0,20.0,0.4905,1982-2026
50.0,22.5,0.4994,1982-2026
50.0,25.0,0.5356,1982-2026
50.0,27.5,0.5594,1982-2026
50.0,30.0,0.5976,1982-2026
50.0,32.5,0.6221,1982-2026
50.0,35.0,0.6578,1982-2026
50.0,37.5,0.6837,1982-2026
50.0,40.0,0.6331,1982-2026
50.0,42.5,0.5784,1982-2026
50.0,45.0,0.5732,1982-2026
50.0,47.5,0.5362,1982-2026
50.0,50.0,0.5128,1982-2026
50.0,52.5,0.4232,1982-2026
50.0,55.0,0.4813,1982-2026
50.0,57.5,0.4567,1982-2026
50.0,60.0,0.4412,1982-2026
50.0,62.5,0.4552,1982-2026
50.0,65.0,0.3882,1982-2026
50.0,67.5,0.3608,1982-2026
50.0,70.0,0.2403,1982-2026
50.0,72.5,0.2454,1982-2026
50.0,75.0,0.2718,1982-2026
50.0,77.5,0.2513,1982-2026
50.0,80.0,0.2494,1982-2026
50.0,82.5,0.3277,1982-2026
50.0,85.0,0.1519,1982-2026
50.0,87.5,0.0934,1982-2026
50.0,90.0,0.2009,1982-2026
50.0,92.5,0.1589,1982-2026
50.0,95.0,0.2213,1982-2026
50.0,97.5,0.1235,1982-2026
50.0,100.0,0.4811,1982-2026
50.0,102.5,0.333,1982-2026
50.0,105.0,0.2672,1982-2026
50.0,107.5,0.2562,1982-2026
50.0,110.0,0.2748,1982-2026
50.0,112.5,0.3331,1982-2026
50.0,115.0,0.2332,1982-2026
50.0,117.5,0.2428,1982-2026
50.0,120.0,0.1885,1982-2026
50.0,122.5,0.245,1982-2026
50.0,125.0,0.2824,1982-2026
50.0,127.5,0.2788,1982-2026
50.0,130.0,0.2222,1982-2026
50.0,132.5,0.2803,1982-2026
50.0,135.0,0.3209,1982-2026
50.0,137.5,0.2356,1982-2026
50.0,140.0,0.2735,1982-2026
50.0,142.5,0.2761,1982-2026
50.0,145.0,0.2753,1982-2026
50.0,147.5,0.2902,1982-2026
50.0,150.0,0.2186,1982-2026
50.0,152.5,0.1215,1982-2026
50.0,155.0,0.1081,1982-2026
50.0,157.5,0.1872,1982-2026
50.0,160.0,0.1422,1982-2026
50.0,162.5,0.1493,1982-2026
50.0,165.0,0.1937,1982-2026
50.0,167.5,0.1997,1982-2026
50.0,170.0,0.2025,1982-2026
50.0,172.5,0.2084,1982-2026
50.0,175.0,0.2023,1982-2026
50.0,177.5,0.2003,1982-2026
50.0,180.0,0.1967,1982-2026
50.0,-177.5,0.205,1982-2026
50.0,-175.0,0.214,1982-2026
50.0,-172.5,0.2062,1982-2026
50.0,-170.0,0.2122,1982-2026
50.0,-167.5,0.214,1982-2026
50.0,-165.0,0.2054,1982-2026
50.0,-162.5,0.1886,1982-2026
50.0,-160.0,0.1796,1982-2026
50.0,-157.5,0.1803,1982-2026
50.0,-155.0,0.1764,1982-2026
50.0,-152.5,0.1708,1982-2026
50.0,-150.0,0.1582,1982-2026
50.0,-147.5,0.161,1982-2026
50.0,-145.0,0.1781,1982-2026
50.0,-142.5,0.1594,1982-2026
50.0,-140.0,0.1499,1982-2026
50.0,-137.5,0.1202,1982-2026
50.0,-135.0,0.1381,1982-2026
50.0,-132.5,0.1088,1982-2026
50.0,-130.0,0.1251,1982-2026
50.0,-127.5,0.1406,1982-2026
50.0,-125.0,0.2359,1982-2026
50.0,-122.5,0.2256,1982-2026
50.0,-120.0,0.4807,1982-2026
50.0,-117.5,0.3805,1982-2026
50.0,-115.0,0.2232,1982-2026
50.0,-112.5,-0.1434,1982-2026
50.0,-110.0,-0.0479,1982-2026
50.0,-107.5,0.0627,1982-2026
50.0,-105.0,-0.033,1982-2026
50.0,-102.5,0.0115,1982-2026
50.0,-100.0,0.028,1982-2026
50.0,-97.5,0.1933,1982-2026
50.0,-95.0,0.2049,1982-2026
50.0,-92.5,0.2296,1982-2026
50.0,-90.0,0.2227,1982-2026
50.0,-87.5,0.2379,1982-2026
50.0,-85.0,0.2775,1982-2026
50.0,-82.5,0.3192,1982-2026
50.0,-80.0,0.3827,1982-2026
50.0,-77.5,0.3648,1982-2026
50.0,-75.0,0.3443,1982-2026
50.0,-72.5,0.3511,1982-2026
50.0,-70.0,0.3767,1982-2026
50.0,-67.5,0.4184,1982-2026
50.0,-65.0,0.5995,1982-2026
50.0,-62.5,0.5183,1982-2026
50.0,-60.0,0.5836,1982-2026
50.0,-57.5,0.523,1982-2026
50.0,-55.0,0.6491,1982-2026
50.0,-52.5,0.5266,1982-2026
50.0,-50.0,0.4762,1982-2026
50.0,-47.5,0.4648,1982-2026
50.0,-45.0,0.4035,1982-2026
50.0,-42.5,0.3271,1982-2026
50.0,-40.0,0.2491,1982-2026
50.0,-37.5,0.1599,1982-2026
50.0,-35.0,0.1526,1982-2026
50.0,-32.5,0.1032,1982-2026
50.0,-30.0,0.0839,1982-2026
50.0,-27.5,0.0614,1982-2026
50.0,-25.0,0.0777,1982-2026
50.0,-22.5,0.093,1982-2026
50.0,-20.0,0.1045,1982-2026
50.0,-17.5,0.1305,1982-2026
50.0,-15.0,0.1416,1982-2026
50.0,-12.5,0.1511,1982-2026
50.0,-10.0,0.151,1982-2026
50.0,-7.5,0.2057,1982-2026
50.0,-5.0,0.2387,1982-2026
50.0,-2.5,0.2812,1982-2026
47.5,0.0,0.3894,1982-2026
47.5,2.5,0.4228,1982-2026
47.5,5.0,0.4103,1982-2026
47.5,7.5,0.4161,1982-2026
47.5,10.0,0.5622,1982-2026
47.5,12.5,0.6483,1982-2026
47.5,15.0,0.6235,1982-2026
47.5,17.5,0.4489,1982-2026
47.5,20.0,0.4699,1982-2026
47.5,22.5,0.5651,1982-2026
47.5,25.0,0.626,1982-2026
47.5,27.5,0.5923,1982-2026
47.5,30.0,0.626,1982-2026
47.5,32.5,0.6778,1982-2026
47.5,35.0,0.6026,1982-2026
47.5,37.5,0.668,1982-2026
47.5,40.0,0.662,1982-2026
47.5,42.5,0.6039,1982-2026
47.5,45.0,0.5858,1982-2026
47.5,47.5,0.5537,1982-2026
47.5,50.0,0.6188,1982-2026
47.5,52.5,0.6069,1982-2026
47.5,55.0,0.6533,1982-2026
47.5,57.5,0.5906,1982-2026
47.5,60.0,0.55,1982-2026
47.5,62.5,0.511,1982-2026
47.5,65.0,0.5004,1982-2026
47.5,67.5,0.4789,1982-2026
47.5,70.0,0.4826,1982-2026
47.5,72.5,0.3899,1982-2026
47.5,75.0,0.3214,1982-2026
47.5,77.5,0.3551,1982-2026
47.5,80.0,0.3888,1982-2026
47.5,82.5,0.2781,1982-2026
47.5,85.0,0.2961,1982-2026
47.5,87.5,0.3082,1982-2026
47.5,90.0,0.2005,1982-2026
47.5,92.5,0.2152,1982-2026
47.5,95.0,0.2408,1982-2026
47.5,97.5,0.3394,1982-2026
47.5,100.0,0.3789,1982-2026
47.5,102.5,0.68,1982-2026
47.5,105.0,0.3643,1982-2026
47.5,107.5,0.2687,1982-2026
47.5,110.0,0.4248,1982-2026
47.5,112.5,0.286,1982-2026
47.5,115.0,0.262,1982-2026
47.5,117.5,0.1574,1982-2026
47.5,120.0,0.1733,1982-2026
47.5,122.5,0.1772,1982-2026
47.5,125.0,0.217,1982-2026
47.5,127.5,0.2102,1982-2026
47.5,130.0,0.1998,1982-2026
47.5,132.5,0.1857,1982-2026
47.5,135.0,0.2083,1982-2026
47.5,137.5,0.2379,1982-2026
47.5,140.0,0.2634,1982-2026
47.5,142.5,0.2996,1982-2026
47.5,145.0,0.37,1982-2026
47.5,147.5,0.3271,1982-2026
47.5,150.0,0.2155,1982-2026
47.5,152.5,0.2493,1982-2026
47.5,155.0,0.1618,1982-2026
47.5,157.5,0.1708,1982-2026
47.5,160.0,0.1922,1982-2026
47.5,162.5,0.2271,1982-2026
47.5,165.0,0.2251,1982-2026
47.5,167.5,0.2148,1982-2026
47.5,170.0,0.2157,1982-2026
47.5,172.5,0.2553,1982-2026
47.5,175.0,0.2607,1982-2026
47.5,177.5,0.2579,1982-2026
47.5,180.0,0.2633,1982-2026
47.5,-177.5,0.2783,1982-2026
47.5,-175.0,0.2677,1982-2026
47.5,-172.5,0.2726,1982-2026
47.5,-170.0,0.2615,1982-2026
47.5,-167.5,0.2655,1982-2026
47.5,-165.0,0.2673,1982-2026
47.5,-162.5,0.2554,1982-2026
47.5,-160.0,0.2526,1982-2026
47.5,-157.5,0.2334,1982-2026
47.5,-155.0,0.2234,1982-2026
47.5,-152.5,0.2247,1982-2026
47.5,-150.0,0.2168,1982-2026
47.5,-147.5,0.2129,1982-2026
47.5,-145.0,0.1975,1982-2026
47.5,-142.5,0.1682,1982-2026
47.5,-140.0,0.1556,1982-2026
47.5,-137.5,0.1475,1982-2026
47.5,-135.0,0.1521,1982-2026
47.5,-132.5,0.1589,1982-2026
47.5,-130.0,0.1176,1982-2026
47.5,-127.5,0.1037,1982-2026
47.5,-125.0,0.1085,1982-2026
47.5,-122.5,0.1389,1982-2026
47.5,-120.0,0.3937,1982-2026
47.5,-117.5,0.2899,1982-2026
47.5,-115.0,0.4012,1982-2026
47.5,-112.5,0.2347,1982-2026
47.5,-110.0,0.165,1982-2026
47.5,-107.5,0.1356,1982-2026
47.5,-105.0,0.1132,1982-2026
47.5,-102.5,0.1266,1982-2026
47.5,-100.0,0.1152,1982-2026
47.5,-97.5,0.13,1982-2026
47.5,-95.0,0.2468,1982-2026
47.5,-92.5,0.2645,1982-2026
47.5,-90.0,0.0623,1982-2026
47.5,-87.5,0.0922,1982-2026
47.5,-85.0,0.1773,1982-2026
47.5,-82.5,0.2336,1982-2026
47.5,-80.0,0.2946,1982-2026
47.5,-77.5,0.3073,1982-2026
47.5,-75.0,0.3056,1982-2026
47.5,-72.5,0.3441,1982-2026
47.5,-70.0,0.2122,1982-2026
47.5,-67.5,0.3328,1982-2026
47.5,-65.0,0.4416,1982-2026
47.5,-62.5,0.5585,1982-2026
47.5,-60.0,0.5072,1982-2026
47.5,-57.5,0.4487,1982-2026
47.5,-55.0,0.3991,1982-2026
47.5,-52.5,0.4265,1982-2026
47.5,-50.0,0.3493,1982-2026
47.5,-47.5,0.3494,1982-2026
47.5,-45.0,0.3429,1982-2026
47.5,-42.5,0.2906,1982-2026
47.5,-40.0,0.2595,1982-2026
47.5,-37.5,0.1722,1982-2026
47.5,-35.0,0.1336,1982-2026
47.5,-32.5,0.1106,1982-2026
47.5,-30.0,0.0934,1982-2026
47.5,-27.5,0.1191,1982-2026
47.5,-25.0,0.1164,1982-2026
47.5,-22.5,0.123,1982-2026
47.5,-20.0,0.1496,1982-2026
47.5,-17.5,0.1572,1982-2026
47.5,-15.0,0.1609,1982-2026
47.5,-12.5,0.1665,1982-2026
47.5,-10.0,0.1877,1982-2026
47.5,-7.5,0.1995,1982-2026
47.5,-5.0,0.2398,1982-2026
47.5,-2.5,0.2915,1982-2026
45.0,0.0,0.3026,1982-2026
45.0,2.5,0.3725,1982-2026
45.0,5.0,0.4491,1982-2026
45.0,7.5,0.5249,1982-2026
45.0,10.0,0.4449,1982-2026
45.0,12.5,0.3396,1982-2026
45.0,15.0,0.556,1982-2026
45.0,17.5,0.5489,1982-2026
45.0,20.0,0.5078,1982-2026
45.0,22.5,0.424,1982-2026
45.0,25.0,0.4438,1982-2026
45.0,27.5,0.5607,1982-2026
45.0,30.0,0.5486,1982-2026
45.0,32.5,0.6201,1982-2026
45.0,35.0,0.5786,1982-2026
45.0,37.5,0.5518,1982-2026
45.0,40.0,0.5511,1982-2026
45.0,42.5,0.6262,1982-2026
45.0,45.0,0.4965,1982-2026
45.0,47.5,0.4809,1982-2026
45.0,50.0,0.3766,1982-2026
45.0,52.5,0.4892,1982-2026
45.0,55.0,0.5279,1982-2026
45.0,57.5,0.5292,1982-2026
45.0,60.0,0.4311,1982-2026
45.0,62.5,0.4795,1982-2026
45.0,65.0,0.5235,1982-2026
45.0,67.5,0.5452,1982-2026
45.0,70.0,0.5323,1982-2026
45.0,72.5,0.4348,1982-2026
45.0,75.0,0.2451,1982-2026
45.0,77.5,0.3082,1982-2026
45.0,80.0,0.2485,1982-2026
45.0,82.5,0.3952,1982-2026
45.0,85.0,0.3337,1982-2026
45.0,87.5,0.4062,1982-2026
45.0,90.0,0.3896,1982-2026
45.0,92.5,0.0844,1982-2026
45.0,95.0,0.072,1982-2026
45.0,97.5,0.2033,1982-2026
45.0,100.0,0.327,1982-2026
45.0,102.5,0.3972,1982-2026
45.0,105.0,0.3504,1982-2026
45.0,107.5,0.3867,1982-2026
45.0,110.0,0.4614,1982-2026
45.0,112.5,0.4308,1982-2026
45.0,115.0,0.4038,1982-2026
45.0,117.5,0.3642,1982-2026
45.0,120.0,0.3304,1982-2026
45.0,122.5,0.2198,1982-2026
45.0,125.0,0.1944,1982-2026
45.0,127.5,0.2867,1982-2026
45.0,130.0,0.2628,1982-2026
45.0,132.5,0.285,1982-2026
45.0,135.0,0.3069,1982-2026
45.0,137.5,0.231,1982-2026
45.0,140.0,0.3935,1982-2026
45.0,142.5,0.4815,1982-2026
45.0,145.0,0.477,1982-2026
45.0,147.5,0.421,1982-2026
45.0,150.0,0.3178,1982-2026
45.0,152.5,0.2828,1982-2026
45.0,155.0,0.2682,1982-2026
45.0,157.5,0.2555,1982-2026
45.0,160.0,0.2865,1982-2026
45.0,162.5,0.3522,1982-2026
45.0,165.0,0.3433,1982-2026
45.0,167.5,0.3006,1982-2026
45.0,170.0,0.3093,1982-2026
45.0,172.5,0.3484,1982-2026
45.0,175.0,0.4073,1982-2026
45.0,177.5,0.3638,1982-2026
45.0,180.0,0.3877,1982-2026
45.0,-177.5,0.3748,1982-2026
45.0,-175.0,0.3683,1982-2026
45.0,-172.5,0.366,1982-2026
45.0,-170.0,0.3483,1982-2026
45.0,-167.5,0.3403,1982-2026
45.0,-165.0,0.3361,1982-2026
45.0,-162.5,0.3268,1982-2026
45.0,-160.0,0.3192,1982-2026
45.0,-157.5,0.3173,1982-2026
45.0,-155.0,0.3099,1982-2026
45.0,-152.5,0.311,1982-2026
45.0,-150.0,0.2917,1982-2026
45.0,-147.5,0.2637,1982-2026
45.0,-145.0,0.2462,1982-2026
45.0,-142.5,0.2164,1982-2026
45.0,-140.0,0.1977,1982-2026
45.0,-137.5,0.1812,1982-2026
45.0,-135.0,0.1736,1982-2026
45.0,-132.5,0.1452,1982-2026
45.0,-130.0,0.1885,1982-2026
45.0,-127.5,0.163,1982-2026
45.0,-125.0,0.1368,1982-2026
45.0,-122.5,0.3136,1982-2026
45.0,-120.0,0.3835,1982-2026
45.0,-117.5,0.4182,1982-2026
45.0,-115.0,0.3569,1982-2026
45.0,-112.5,0.2483,1982-2026
45.0,-110.0,0.1895,1982-2026
45.0,-107.5,0.1688,1982-2026
45.0,-105.0,0.2921,1982-2026
45.0,-102.5,0.2423,1982-2026
45.0,-100.0,0.1181,1982-2026
45.0,-97.5,0.1931,1982-2026
45.0,-95.0,0.3295,1982-2026
45.0,-92.5,0.299,1982-2026
45.0,-90.0,0.2472,1982-2026
45.0,-87.5,0.2042,1982-2026
45.0,-85.0,0.2502,1982-2026
45.0,-82.5,0.096,1982-2026
45.0,-80.0,0.2458,1982-2026
45.0,-77.5,0.2302,1982-2026
45.0,-75.0,0.2645,1982-2026
45.0,-72.5,0.29,1982-2026
45.0,-70.0,0.2699,1982-2026
45.0,-67.5,0.2932,1982-2026
45.0,-65.0,0.3754,1982-2026
45.0,-62.5,0.3852,1982-2026
45.0,-60.0,0.4372,1982-2026
45.0,-57.5,0.4185,1982-2026
45.0,-55.0,0.3992,1982-2026
45.0,-52.5,0.3979,1982-2026
45.0,-50.0,0.3077,1982-2026
45.0,-47.5,0.4166,1982-2026
45.0,-45.0,0.3348,1982-2026
45.0,-42.5,0.2383,1982-2026
45.0,-40.0,0.1989,1982-2026
45.0,-37.5,0.1848,1982-2026
45.0,-35.0,0.1708,1982-2026
45.0,-32.5,0.1809,1982-2026
45.0,-30.0,0.1534,1982-2026
45.0,-27.5,0.1674,1982-2026
45.0,-25.0,0.154,1982-2026
45.0,-22.5,0.1585,1982-2026
45.0,-20.0,0.1611,1982-2026
45.0,-17.5,0.1743,1982-2026
45.0,-15.0,0.1738,1982-2026
45.0,-12.5,0.1839,1982-2026
45.0,-10.0,0.2016,1982-2026
45.0,-7.5,0.2225,1982-2026
45.0,-5.0,0.2589,1982-2026
45.0,-2.5,0.3038,1982-2026
42.5,0.0,0.4025,1982-2026
42.5,2.5,0.3786,1982-2026
42.5,5.0,0.3246,1982-2026
42.5,7.5,0.375,1982-2026
42.5,10.0,0.4221,1982-2026
42.5,12.5,0.4867,1982-2026
42.5,15.0,0.3802,1982-2026
42.5,17.5,0.3865,1982-2026
42.5,20.0,0.4329,1982-2026
42.5,22.5,0.3913,1982-2026
42.5,25.0,0.5484,1982-2026
42.5,27.5,0.47,1982-2026
42.5,30.0,0.5091,1982-2026
42.5,32.5,0.5022,1982-2026
42.5,35.0,0.5263,1982-2026
42.5,37.5,0.5481,1982-2026
42.5,40.0,0.5548,1982-2026
42.5,42.5,0.5456,1982-2026
42.5,45.0,0.3743,1982-2026
42.5,47.5,0.6541,1982-2026
42.5,50.0,0.4653,1982-2026
42.5,52.5,0.4109,1982-2026
42.5,55.0,0.5022,1982-2026
42.5,57.5,0.4816,1982-2026
42.5,60.0,0.4635,1982-2026
42.5,62.5,0.391,1982-2026
42.5,65.0,0.3615,1982-2026
42.5,67.5,0.5064,1982-2026
42.5,70.0,0.6742,1982-2026
42.5,72.5,0.3421,1982-2026
42.5,75.0,0.2901,1982-2026
42.5,77.5,0.2717,1982-2026
42.5,80.0,0.2685,1982-2026
42.5,82.5,0.3547,1982-2026
42.5,85.0,0.4505,1982-2026
42.5,87.5,0.3996,1982-2026
42.5,90.0,0.326,1982-2026
42.5,92.5,0.1233,1982-2026
42.5,95.0,0.1799,1982-2026
42.5,97.5,0.2208,1982-2026
42.5,100.0,0.3107,1982-2026
42.5,102.5,0.348,1982-2026
42.5,105.0,0.3472,1982-2026
42.5,107.5,0.331,1982-2026
42.5,110.0,0.3611,1982-2026
42.5,112.5,0.3775,1982-2026
42.5,115.0,0.3262,1982-2026
42.5,117.5,0.3442,1982-2026
42.5,120.0,0.2531,1982-2026
42.5,122.5,0.2728,1982-2026
42.5,125.0,0.2635,1982-2026
42.5,127.5,0.2734,1982-2026
42.5,130.0,0.3689,1982-2026
42.5,132.5,0.3225,1982-2026
42.5,135.0,0.3111,1982-2026
42.5,137.5,0.3783,1982-2026
42.5,140.0,0.3482,1982-2026
42.5,142.5,0.391,1982-2026
42.5,145.0,0.4983,1982-2026
42.5,147.5,0.4305,1982-2026
42.5,150.0,0.3851,1982-2026
42.5,152.5,0.3714,1982-2026
42.5,155.0,0.455,1982-2026
42.5,157.5,0.4512,1982-2026
42.5,160.0,0.4761,1982-2026
42.5,162.5,0.4556,1982-2026
42.5,165.0,0.4296,1982-2026
42.5,167.5,0.4274,1982-2026
42.5,170.0,0.5151,1982-2026
42.5,172.5,0.4586,1982-2026
42.5,175.0,0.4679,1982-2026
42.5,177.5,0.4489,1982-2026
42.5,180.0,0.4795,1982-2026
42.5,-177.5,0.412,1982-2026
42.5,-175.0,0.4293,1982-2026
42.5,-172.5,0.4198,1982-2026
42.5,-170.0,0.3987,1982-2026
42.5,-167.5,0.3832,1982-2026
42.5,-165.0,0.3916,1982-2026
42.5,-162.5,0.3806,1982-2026
42.5,-160.0,0.3587,1982-2026
42.5,-157.5,0.3603,1982-2026
42.5,-155.0,0.3612,1982-2026
42.5,-152.5,0.3635,1982-2026
42.5,-150.0,0.331,1982-2026
42.5,-147.5,0.3232,1982-2026
42.5,-145.0,0.3102,1982-2026
42.5,-142.5,0.2853,1982-2026
42.5,-140.0,0.2714,1982-2026
42.5,-137.5,0.242,1982-2026
42.5,-135.0,0.2081,1982-2026
42.5,-132.5,0.1708,1982-2026
42.5,-130.0,0.1615,1982-2026
42.5,-127.5,0.1939,1982-2026
42.5,-125.0,0.0164,1982-2026
42.5,-122.5,0.2846,1982-2026
42.5,-120.0,0.2254,1982-2026
42.5,-117.5,0.4833,1982-2026
42.5,-115.0,0.5415,1982-2026
42.5,-112.5,0.3814,1982-2026
42.5,-110.0,0.3329,1982-2026
42.5,-107.5,0.1187,1982-2026
42.5,-105.0,0.2492,1982-2026
42.5,-102.5,0.3554,1982-2026
42.5,-100.0,0.2064,1982-2026
42.5,-97.5,0.2566,1982-2026
42.5,-95.0,0.3106,1982-2026
42.5,-92.5,0.2922,1982-2026
42.5,-90.0,0.2567,1982-2026
42.5,-87.5,-0.0134,1982-2026
42.5,-85.0,0.282,1982-2026
42.5,-82.5,0.2302,1982-2026
42.5,-80.0,0.0894,1982-2026
42.5,-77.5,0.3025,1982-2026
42.5,-75.0,0.2942,1982-2026
42.5,-72.5,0.2933,1982-2026
42.5,-70.0,0.3623,1982-2026
42.5,-67.5,0.3525,1982-2026
42.5,-65.0,0.3285,1982-2026
42.5,-62.5,0.4026,1982-2026
42.5,-60.0,0.3868,1982-2026
42.5,-57.5,0.377,1982-2026
42.5,-55.0,0.3376,1982-2026
42.5,-52.5,0.3064,1982-2026
42.5,-50.0,0.2097,1982-2026
42.5,-47.5,0.3279,1982-2026
42.5,-45.0,0.2754,1982-2026
42.5,-42.5,0.2197,1982-2026
42.5,-40.0,0.1978,1982-2026
42.5,-37.5,0.1916,1982-2026
42.5,-35.0,0.1956,1982-2026
42.5,-32.5,0.1872,1982-2026
42.5,-30.0,0.2041,1982-2026
42.5,-27.5,0.1859,1982-2026
42.5,-25.0,0.1921,1982-2026
42.5,-22.5,0.1896,1982-2026
42.5,-20.0,0.1866,1982-2026
42.5,-17.5,0.1897,1982-2026
42.5,-15.0,0.1883,1982-2026
42.5,-12.5,0.1852,1982-2026
42.5,-10.0,0.1419,1982-2026
42.5,-7.5,0.2266,1982-2026
42.5,-5.0,0.2621,1982-2026
42.5,-2.5,0.35,1982-2026
40.0,0.0,0.3415,1982-2026
40.0,2.5,0.3292,1982-2026
40.0,5.0,0.339,1982-2026
40.0,7.5,0.4117,1982-2026
40.0,10.0,0.4893,1982-2026
40.0,12.5,0.3184,1982-2026
40.0,15.0,0.3188,1982-2026
40.0,17.5,0.3761,1982-2026
40.0,20.0,0.3388,1982-2026
40.0,22.5,0.4092,1982-2026
40.0,25.0,0.4187,1982-2026
40.0,27.5,0.4275,1982-2026
40.0,30.0,0.5534,1982-2026
40.0,32.5,0.4024,1982-2026
40.0,35.0,0.4228,1982-2026
40.0,37.5,0.5161,1982-2026
40.0,40.0,0.8047,1982-2026
40.0,42.5,0.701,1982-2026
40.0,45.0,0.5482,1982-2026
40.0,47.5,0.3701,1982-2026
40.0,50.0,0.4119,1982-2026
40.0,52.5,0.3061,1982-2026
40.0,55.0,0.4154,1982-2026
40.0,57.5,0.4436,1982-2026
40.0,60.0,0.3891,1982-2026
40.0,62.5,0.3912,1982-2026
40.0,65.0,0.4473,1982-2026
40.0,67.5,0.5752,1982-2026
40.0,70.0,0.5566,1982-2026
40.0,72.5,0.2813,1982-2026
40.0,75.0,0.2933,1982-2026
40.0,77.5,0.4089,1982-2026
40.0,80.0,0.3574,1982-2026
40.0,82.5,0.272,1982-2026
40.0,85.0,0.2529,1982-2026
40.0,87.5,0.3123,1982-2026
40.0,90.0,0.3085,1982-2026
40.0,92.5,0.3009,1982-2026
40.0,95.0,0.3261,1982-2026
40.0,97.5,0.4015,1982-2026
40.0,100.0,0.3443,1982-2026
40.0,102.5,0.3553,1982-2026
40.0,105.0,0.3214,1982-2026
40.0,107.5,0.335,1982-2026
40.0,110.0,0.3642,1982-2026
40.0,112.5,0.434,1982-2026
40.0,115.0,0.2849,1982-2026
40.0,117.5,0.3021,1982-2026
40.0,120.0,0.3027,1982-2026
40.0,122.5,0.3644,1982-2026
40.0,125.0,0.2887,1982-2026
40.0,127.5,0.3639,1982-2026
40.0,130.0,0.3532,1982-2026
40.0,132.5,0.3088,1982-2026
40.0,135.0,0.3678,1982-2026
40.0,137.5,0.4478,1982-2026
40.0,140.0,0.4034,1982-2026
40.0,142.5,0.4597,1982-2026
40.0,145.0,0.5869,1982-2026
40.0,147.5,0.5372,1982-2026
40.0,150.0,0.3733,1982-2026
40.0,152.5,0.45,1982-2026
40.0,155.0,0.4744,1982-2026
40.0,157.5,0.5004,1982-2026
40.0,160.0,0.5182,1982-2026
40.0,162.5,0.497,1982-2026
40.0,165.0,0.4821,1982-2026
40.0,167.5,0.5013,1982-2026
40.0,170.0,0.5009,1982-2026
40.0,172.5,0.4978,1982-2026
40.0,175.0,0.4655,1982-2026
40.0,177.5,0.4776,1982-2026
40.0,180.0,0.4835,1982-2026
40.0,-177.5,0.4518,1982-2026
40.0,-175.0,0.4408,1982-2026
40.0,-172.5,0.4346,1982-2026
40.0,-170.0,0.4154,1982-2026
40.0,-167.5,0.4124,1982-2026
40.0,-165.0,0.3985,1982-2026
40.0,-162.5,0.3764,1982-2026
40.0,-160.0,0.3619,1982-2026
40.0,-157.5,0.373,1982-2026
40.0,-155.0,0.369,1982-2026
40.0,-152.5,0.3732,1982-2026
40.0,-150.0,0.3637,1982-2026
40.0,-147.5,0.3573,1982-2026
40.0,-145.0,0.3354,1982-2026
40.0,-142.5,0.3269,1982-2026
40.0,-140.0,0.3155,1982-2026
40.0,-137.5,0.2716,1982-2026
40.0,-135.0,0.2517,1982-2026
40.0,-132.5,0.2095,1982-2026
40.0,-130.0,0.1451,1982-2026
40.0,-127.5,0.1182,1982-2026
40.0,-125.0,0.1009,1982-2026
40.0,-122.5,0.2856,1982-2026
40.0,-120.0,0.2918,1982-2026
40.0,-117.5,0.4643,1982-2026
40.0,-115.0,0.3024,1982-2026
40.0,-112.5,0.4904,1982-2026
40.0,-110.0,0.6027,1982-2026
40.0,-107.5,0.4515,1982-2026
40.0,-105.0,0.4031,1982-2026
40.0,-102.5,0.5347,1982-2026
40.0,-100.0,0.3241,1982-2026
40.0,-97.5,0.3701,1982-2026
40.0,-95.0,0.3587,1982-2026
40.0,-92.5,0.3184,1982-2026
40.0,-90.0,0.3129,1982-2026
40.0,-87.5,0.2836,1982-2026
40.0,-85.0,0.2591,1982-2026
40.0,-82.5,0.2525,1982-2026
40.0,-80.0,0.3007,1982-2026
40.0,-77.5,0.3539,1982-2026
40.0,-75.0,0.32,1982-2026
40.0,-72.5,0.308,1982-2026
40.0,-70.0,0.2786,1982-2026
40.0,-67.5,0.3033,1982-2026
40.0,-65.0,0.273,1982-2026
40.0,-62.5,0.2577,1982-2026
40.0,-60.0,0.2248,1982-2026
40.0,-57.5,0.2454,1982-2026
40.0,-55.0,0.2133,1982-2026
40.0,-52.5,0.2038,1982-2026
40.0,-50.0,0.1944,1982-2026
40.0,-47.5,0.1867,1982-2026
40.0,-45.0,0.2159,1982-2026
40.0,-42.5,0.2158,1982-2026
40.0,-40.0,0.199,1982-2026
40.0,-37.5,0.2057,1982-2026
40.0,-35.0,0.2006,1982-2026
40.0,-32.5,0.2031,1982-2026
40.0,-30.0,0.2007,1982-2026
40.0,-27.5,0.2123,1982-2026
40.0,-25.0,0.2242,1982-2026
40.0,-22.5,0.236,1982-2026
40.0,-20.0,0.2236,1982-2026
40.0,-17.5,0.2174,1982-2026
40.0,-15.0,0.2101,1982-2026
40.0,-12.5,0.1833,1982-2026
40.0,-10.0,0.1593,1982-2026
40.0,-7.5,0.2695,1982-2026
40.0,-5.0,0.2424,1982-2026
40.0,-2.5,0.3852,1982-2026
37.5,0.0,0.2912,1982-2026
37.5,2.5,0.2838,1982-2026
37.5,5.0,0.3083,1982-2026
37.5,7.5,0.3052,1982-2026
37.5,10.0,0.2966,1982-2026
37.5,12.5,0.2163,1982-2026
37.5,15.0,0.3383,1982-2026
37.5,17.5,0.3369,1982-2026
37.5,20.0,0.3831,1982-2026
37.5,22.5,0.33,1982-2026
37.5,25.0,0.3692,1982-2026
37.5,27.5,0.4327,1982-2026
37.5,30.0,0.6139,1982-2026
37.5,32.5,0.6634,1982-2026
37.5,35.0,0.6626,1982-2026
37.5,37.5,0.7133,1982-2026
37.5,40.0,0.6952,1982-2026
37.5,42.5,0.8726,1982-2026
37.5,45.0,0.834,1982-2026
37.5,47.5,1.1055,1982-2026
37.5,50.0,0.3786,1982-2026
37.5,52.5,0.341,1982-2026
37.5,55.0,0.7231,1982-2026
37.5,57.5,0.8255,1982-2026
37.5,60.0,0.5464,1982-2026
37.5,62.5,0.4314,1982-2026
37.5,65.0,0.3991,1982-2026
37.5,67.5,0.4933,1982-2026
37.5,70.0,0.8501,1982-2026
37.5,72.5,0.3931,1982-2026
37.5,75.0,0.4938,1982-2026
37.5,77.5,0.4336,1982-2026
37.5,80.0,0.4259,1982-2026
37.5,82.5,0.4637,1982-2026
37.5,85.0,0.4277,1982-2026
37.5,87.5,0.2473,1982-2026
37.5,90.0,0.3076,1982-2026
37.5,92.5,0.3774,1982-2026
37.5,95.0,0.3862,1982-2026
37.5,97.5,0.3394,1982-2026
37.5,100.0,0.5203,1982-2026
37.5,102.5,0.5469,1982-2026
37.5,105.0,0.2794,1982-2026
37.5,107.5,0.3362,1982-2026
37.5,110.0,0.4569,1982-2026
37.5,112.5,0.3917,1982-2026
37.5,115.0,0.2704,1982-2026
37.5,117.5,0.3904,1982-2026
37.5,120.0,0.2973,1982-2026
37.5,122.5,0.2392,1982-2026
37.5,125.0,0.0941,1982-2026
37.5,127.5,0.352,1982-2026
37.5,130.0,0.3943,1982-2026
37.5,132.5,0.3618,1982-2026
37.5,135.0,0.3371,1982-2026
37.5,137.5,0.362,1982-2026
37.5,140.0,0.3633,1982-2026
37.5,142.5,0.5588,1982-2026
37.5,145.0,0.5093,1982-2026
37.5,147.5,0.3168,1982-2026
37.5,150.0,0.3797,1982-2026
37.5,152.5,0.3548,1982-2026
37.5,155.0,0.4073,1982-2026
37.5,157.5,0.435,1982-2026
37.5,160.0,0.4595,1982-2026
37.5,162.5,0.4761,1982-2026
37.5,165.0,0.4816,1982-2026
37.5,167.5,0.4709,1982-2026
37.5,170.0,0.4265,1982-2026
37.5,172.5,0.4348,1982-2026
37.5,175.0,0.4348,1982-2026
37.5,177.5,0.4326,1982-2026
37.5,180.0,0.4147,1982-2026
37.5,-177.5,0.4227,1982-2026
37.5,-175.0,0.4102,1982-2026
37.5,-172.5,0.386,1982-2026
37.5,-170.0,0.3934,1982-2026
37.5,-167.5,0.3765,1982-2026
37.5,-165.0,0.3749,1982-2026
37.5,-162.5,0.351,1982-2026
37.5,-160.0,0.3514,1982-2026
37.5,-157.5,0.3493,1982-2026
37.5,-155.0,0.37,1982-2026
37.5,-152.5,0.3883,1982-2026
37.5,-150.0,0.3849,1982-2026
37.5,-147.5,0.388,1982-2026
37.5,-145.0,0.3711,1982-2026
37.5,-142.5,0.3406,1982-2026
37.5,-140.0,0.3023,1982-2026
37.5,-137.5,0.2804,1982-2026
37.5,-135.0,0.2473,1982-2026
37.5,-132.5,0.1833,1982-2026
37.5,-130.0,0.1318,1982-2026
37.5,-127.5,0.0859,1982-2026
37.5,-125.0,0.0758,1982-2026
37.5,-122.5,0.1021,1982-2026
37.5,-120.0,0.4193,1982-2026
37.5,-117.5,0.4377,1982-2026
37.5,-115.0,0.4248,1982-2026
37.5,-112.5,0.4771,1982-2026
37.5,-110.0,0.4669,1982-2026
37.5,-107.5,0.378,1982-2026
37.5,-105.0,0.5247,1982-2026
37.5,-102.5,0.4732,1982-2026
37.5,-100.0,0.2829,1982-2026
37.5,-97.5,0.3035,1982-2026
37.5,-95.0,0.3104,1982-2026
37.5,-92.5,0.3423,1982-2026
37.5,-90.0,0.2805,1982-2026
37.5,-87.5,0.3083,1982-2026
37.5,-85.0,0.3262,1982-2026
37.5,-82.5,0.2967,1982-2026
37.5,-80.0,0.2751,1982-2026
37.5,-77.5,0.2565,1982-2026
37.5,-75.0,0.2468,1982-2026
37.5,-72.5,0.3942,1982-2026
37.5,-70.0,0.2594,1982-2026
37.5,-67.5,0.2081,1982-2026
37.5,-65.0,0.1853,1982-2026
37.5,-62.5,0.1971,1982-2026
37.5,-60.0,0.204,1982-2026
37.5,-57.5,0.1924,1982-2026
37.5,-55.0,0.1942,1982-2026
37.5,-52.5,0.1939,1982-2026
37.5,-50.0,0.2049,1982-2026
37.5,-47.5,0.2036,1982-2026
37.5,-45.0,0.1982,1982-2026
37.5,-42.5,0.1989,1982-2026
37.5,-40.0,0.2091,1982-2026
37.5,-37.5,0.216,1982-2026
37.5,-35.0,0.2213,1982-2026
37.5,-32.5,0.2175,1982-2026
37.5,-30.0,0.2291,1982-2026
37.5,-27.5,0.2358,1982-2026
37.5,-25.0,0.2545,1982-2026
37.5,-22.5,0.2618,1982-2026
37.5,-20.0,0.2461,1982-2026
37.5,-17.5,0.2193,1982-2026
37.5,-15.0,0.2067,1982-2026
37.5,-12.5,0.1907,1982-2026
37.5,-10.0,0.1734,1982-2026
37.5,-7.5,0.2183,1982-2026
37.5,-5.0,0.3526,1982-2026
37.5,-2.5,0.4995,1982-2026
35.0,0.0,0.4485,1982-2026
35.0,2.5,0.435,1982-2026
35.0,5.0,0.4293,1982-2026
35.0,7.5,0.3359,1982-2026
35.0,10.0,0.4127,1982-2026
35.0,12.5,0.3444,1982-2026
35.0,15.0,0.3262,1982-2026
35.0,17.5,0.3023,1982-2026
35.0,20.0,0.3383,1982-2026
35.0,22.5,0.3503,1982-2026
35.0,25.0,0.2717,1982-2026
35.0,27.5,0.377,1982-2026
35.0,30.0,0.4152,1982-2026
35.0,32.5,0.4182,1982-2026
35.0,35.0,0.4381,1982-2026
35.0,37.5,0.5986,1982-2026
35.0,40.0,0.6253,1982-2026
35.0,42.5,0.6477,1982-2026
35.0,45.0,0.6396,1982-2026
35.0,47.5,0.9574,1982-2026
35.0,50.0,0.9719,1982-2026
35.0,52.5,0.7513,1982-2026
35.0,55.0,0.8171,1982-2026
35.0,57.5,0.8387,1982-2026
35.0,60.0,0.7404,1982-2026
35.0,62.5,0.5892,1982-2026
35.0,65.0,0.3761,1982-2026
35.0,67.5,0.3999,1982-2026
35.0,70.0,0.4031,1982-2026
35.0,72.5,0.5124,1982-2026
35.0,75.0,0.3983,1982-2026
35.0,77.5,0.315,1982-2026
35.0,80.0,0.4331,1982-2026
35.0,82.5,0.2847,1982-2026
35.0,85.0,0.2405,1982-2026
35.0,87.5,0.3073,1982-2026
35.0,90.0,0.5393,1982-2026
35.0,92.5,0.4758,1982-2026
35.0,95.0,0.5621,1982-2026
35.0,97.5,0.4703,1982-2026
35.0,100.0,0.6729,1982-2026
35.0,102.5,0.7136,1982-2026
35.0,105.0,0.3235,1982-2026
35.0,107.5,0.2764,1982-2026
35.0,110.0,0.2688,1982-2026
35.0,112.5,0.4239,1982-2026
35.0,115.0,0.4456,1982-2026
35.0,117.5,0.454,1982-2026
35.0,120.0,0.2901,1982-2026
35.0,122.5,0.308,1982-2026
35.0,125.0,0.2513,1982-2026
35.0,127.5,0.3482,1982-2026
35.0,130.0,0.3446,1982-2026
35.0,132.5,0.2752,1982-2026
35.0,135.0,0.3122,1982-2026
35.0,137.5,0.4273,1982-2026
35.0,140.0,0.3537,1982-2026
35.0,142.5,0.3359,1982-2026
35.0,145.0,0.3304,1982-2026
35.0,147.5,0.3091,1982-2026
35.0,150.0,0.2975,1982-2026
35.0,152.5,0.3239,1982-2026
35.0,155.0,0.3334,1982-2026
35.0,157.5,0.3656,1982-2026
35.0,160.0,0.3592,1982-2026
35.0,162.5,0.3377,1982-2026
35.0,165.0,0.3554,1982-2026
35.0,167.5,0.3669,1982-2026
35.0,170.0,0.3535,1982-2026
35.0,172.5,0.3412,1982-2026
35.0,175.0,0.3254,1982-2026
35.0,177.5,0.3081,1982-2026
35.0,180.0,0.3276,1982-2026
35.0,-177.5,0.3288,1982-2026
35.0,-175.0,0.3147,1982-2026
35.0,-172.5,0.3178,1982-2026
35.0,-170.0,0.3207,1982-2026
35.0,-167.5,0.3135,1982-2026
35.0,-165.0,0.3323,1982-2026
35.0,-162.5,0.3304,1982-2026
35.0,-160.0,0.3359,1982-2026
35.0,-157.5,0.3598,1982-2026
35.0,-155.0,0.3723,1982-2026
35.0,-152.5,0.3787,1982-2026
35.0,-150.0,0.3844,1982-2026
35.0,-147.5,0.3875,1982-2026
35.0,-145.0,0.3693,1982-2026
35.0,-142.5,0.3315,1982-2026
35.0,-140.0,0.2842,1982-2026
35.0,-137.5,0.2507,1982-2026
35.0,-135.0,0.2236,1982-2026
35.0,-132.5,0.1846,1982-2026
35.0,-130.0,0.1616,1982-2026
35.0,-127.5,0.1098,1982-2026
35.0,-125.0,0.0708,1982-2026
35.0,-122.5,0.0614,1982-2026
35.0,-120.0,0.228,1982-2026
35.0,-117.5,0.3063,1982-2026
35.0,-115.0,0.3727,1982-2026
35.0,-112.5,0.5017,1982-2026
35.0,-110.0,0.4197,1982-2026
35.0,-107.5,0.4593,1982-2026
35.0,-105.0,0.4881,1982-2026
35.0,-102.5,0.4118,1982-2026
35.0,-100.0,0.3315,1982-2026
35.0,-97.5,0.3257,1982-2026
35.0,-95.0,0.3628,1982-2026
35.0,-92.5,0.3439,1982-2026
35.0,-90.0,0.2896,1982-2026
35.0,-87.5,0.365,1982-2026
35.0,-85.0,0.4008,1982-2026
35.0,-82.5,0.354,1982-2026
35.0,-80.0,0.3032,1982-2026
35.0,-77.5,0.2037,1982-2026
35.0,-75.0,0.2754,1982-2026
35.0,-72.5,0.2185,1982-2026
35.0,-70.0,0.204,1982-2026
35.0,-67.5,0.1945,1982-2026
35.0,-65.0,0.1858,1982-2026
35.0,-62.5,0.1942,1982-2026
35.0,-60.0,0.1896,1982-2026
35.0,-57.5,0.1983,1982-2026
35.0,-55.0,0.194,1982-2026
35.0,-52.5,0.1938,1982-2026
35.0,-50.0,0.1985,1982-2026
35.0,-47.5,0.1851,1982-2026
35.0,-45.0,0.1954,1982-2026
35.0,-42.5,0.1996,1982-2026
35.0,-40.0,0.2029,1982-2026
35.0,-37.5,0.2197,1982-2026
35.0,-35.0,0.229,1982-2026
35.0,-32.5,0.2414,1982-2026
35.0,-30.0,0.2324,1982-2026
35.0,-27.5,0.2548,1982-2026
35.0,-25.0,0.2679,1982-2026
35.0,-22.5,0.2635,1982-2026
35.0,-20.0,0.2538,1982-2026
35.0,-17.5,0.2261,1982-2026
35.0,-15.0,0.2108,1982-2026
35.0,-12.5,0.2028,1982-2026
35.0,-10.0,0.1905,1982-2026
35.0,-7.5,0.225,1982-2026
35.0,-5.0,0.3421,1982-2026
35.0,-2.5,0.3947,1982-2026
32.5,0.0,0.4911,1982-2026
32.5,2.5,0.461,1982-2026
32.5,5.0,0.4452,1982-2026
32.5,7.5,0.4133,1982-2026
32.5,10.0,0.4086,1982-2026
32.5,12.5,0.4113,1982-2026
32.5,15.0,0.3554,1982-2026
32.5,17.5,0.3155,1982-2026
32.5,20.0,0.2956,1982-2026
32.5,22.5,0.2888,1982-2026
32.5,25.0,0.344,1982-2026
32.5,27.5,0.3745,1982-2026
32.5,30.0,0.3874,1982-2026
32.5,32.5,0.3973,1982-2026
32.5,35.0,0.5768,1982-2026
32.5,37.5,0.5511,1982-2026
32.5,40.0,0.5993,1982-2026
32.5,42.5,0.5181,1982-2026
32.5,45.0,0.3462,1982-2026
32.5,47.5,0.484,1982-2026
32.5,50.0,0.5393,1982-2026
32.5,52.5,0.6379,1982-2026
32.5,55.0,0.6725,1982-2026
32.5,57.5,0.7138,1982-2026
32.5,60.0,0.6475,1982-2026
32.5,62.5,0.4504,1982-2026
32.5,65.0,0.5035,1982-2026
32.5,67.5,0.6053,1982-2026
32.5,70.0,0.4268,1982-2026
32.5,72.5,0.3516,1982-2026
32.5,75.0,0.3351,1982-2026
32.5,77.5,0.3201,1982-2026
32.5,80.0,0.4933,1982-2026
32.5,82.5,0.2181,1982-2026
32.5,85.0,0.1923,1982-2026
32.5,87.5,0.2986,1982-2026
32.5,90.0,0.3301,1982-2026
32.5,92.5,0.4481,1982-2026
32.5,95.0,0.2355,1982-2026
32.5,97.5,0.311,1982-2026
32.5,100.0,0.6933,1982-2026
32.5,102.5,0.3324,1982-2026
32.5,105.0,0.3009,1982-2026
32.5,107.5,0.3709,1982-2026
32.5,110.0,0.3491,1982-2026
32.5,112.5,0.3694,1982-2026
32.5,115.0,0.4188,1982-2026
32.5,117.5,0.3778,1982-2026
32.5,120.0,0.4663,1982-2026
32.5,122.5,0.3925,1982-2026
32.5,125.0,0.2533,1982-2026
32.5,127.5,0.3204,1982-2026
32.5,130.0,0.272,1982-2026
32.5,132.5,0.2734,1982-2026
32.5,135.0,0.2173,1982-2026
32.5,137.5,0.2708,1982-2026
32.5,140.0,0.283,1982-2026
32.5,142.5,0.2582,1982-2026
32.5,145.0,0.2416,1982-2026
32.5,147.5,0.2407,1982-2026
32.5,150.0,0.2541,1982-2026
32.5,152.5,0.2616,1982-2026
32.5,155.0,0.2735,1982-2026
32.5,157.5,0.2705,1982-2026
32.5,160.0,0.2722,1982-2026
32.5,162.5,0.2733,1982-2026
32.5,165.0,0.2854,1982-2026
32.5,167.5,0.2831,1982-2026
32.5,170.0,0.2687,1982-2026
32.5,172.5,0.2804,1982-2026
32.5,175.0,0.2617,1982-2026
32.5,177.5,0.2617,1982-2026
32.5,180.0,0.2693,1982-2026
32.5,-177.5,0.2718,1982-2026
32.5,-175.0,0.2746,1982-2026
32.5,-172.5,0.2898,1982-2026
32.5,-170.0,0.2848,1982-2026
32.5,-167.5,0.2986,1982-2026
32.5,-165.0,0.3268,1982-2026
32.5,-162.5,0.3205,1982-2026
32.5,-160.0,0.3427,1982-2026
32.5,-157.5,0.3481,1982-2026
32.5,-155.0,0.3612,1982-2026
32.5,-152.5,0.3641,1982-2026
32.5,-150.0,0.3689,1982-2026
32.5,-147.5,0.3563,1982-2026
32.5,-145.0,0.3285,1982-2026
32.5,-142.5,0.2872,1982-2026
32.5,-140.0,0.264,1982-2026
32.5,-137.5,0.2318,1982-2026
32.5,-135.0,0.2039,1982-2026
32.5,-132.5,0.173,1982-2026
32.5,-130.0,0.1259,1982-2026
32.5,-127.5,0.1027,1982-2026
32.5,-125.0,0.0993,1982-2026
32.5,-122.5,0.0811,1982-2026
32.5,-120.0,0.0719,1982-2026
32.5,-117.5,0.1038,1982-2026
32.5,-115.0,0.2006,1982-2026
32.5,-112.5,0.3536,1982-2026
32.5,-110.0,0.5195,1982-2026
32.5,-107.5,0.6052,1982-2026
32.5,-105.0,0.6238,1982-2026
32.5,-102.5,0.4836,1982-2026
32.5,-100.0,0.4263,1982-2026
32.5,-97.5,0.378,1982-2026
32.5,-95.0,0.436,1982-2026
32.5,-92.5,0.3853,1982-2026
32.5,-90.0,0.3256,1982-2026
32.5,-87.5,0.3363,1982-2026
32.5,-85.0,0.3164,1982-2026
32.5,-82.5,0.275,1982-2026
32.5,-80.0,0.1353,1982-2026
32.5,-77.5,0.1966,1982-2026
32.5,-75.0,0.1753,1982-2026
32.5,-72.5,0.1921,1982-2026
32.5,-70.0,0.2045,1982-2026
32.5,-67.5,0.1923,1982-2026
32.5,-65.0,0.1969,1982-2026
32.5,-62.5,0.1913,1982-2026
32.5,-60.0,0.199,1982-2026
32.5,-57.5,0.2046,1982-2026
32.5,-55.0,0.2004,1982-2026
32.5,-52.5,0.1947,1982-2026
32.5,-50.0,0.2046,1982-2026
32.5,-47.5,0.1936,1982-2026
32.5,-45.0,0.2011,1982-2026
32.5,-42.5,0.2191,1982-2026
32.5,-40.0,0.227,1982-2026
32.5,-37.5,0.2401,1982-2026
32.5,-35.0,0.2484,1982-2026
32.5,-32.5,0.2435,1982-2026
32.5,-30.0,0.2482,1982-2026
32.5,-27.5,0.2655,1982-2026
32.5,-25.0,0.2609,1982-2026
32.5,-22.5,0.2515,1982-2026
32.5,-20.0,0.2523,1982-2026
32.5,-17.5,0.2473,1982-2026
32.5,-15.0,0.2204,1982-2026
32.5,-12.5,0.2012,1982-2026
32.5,-10.0,0.1531,1982-2026
32.5,-7.5,0.4426,1982-2026
32.5,-5.0,0.4114,1982-2026
32.5,-2.5,0.4435,1982-2026
30.0,0.0,0.4201,1982-2026
30.0,2.5,0.4305,1982-2026
30.0,5.0,0.4986,1982-2026
30.0,7.5,0.4571,1982-2026
30.0,10.0,0.3264,1982-2026
30.0,12.5,0.3269,1982-2026
30.0,15.0,0.3602,1982-2026
30.0,17.5,0.3782,1982-2026
30.0,20.0,0.3506,1982-2026
30.0,22.5,0.3252,1982-2026
30.0,25.0,0.296,1982-2026
30.0,27.5,0.343,1982-2026
30.0,30.0,0.4766,1982-2026
30.0,32.5,0.5386,1982-2026
30.0,35.0,0.5492,1982-2026
30.0,37.5,0.5696,1982-2026
30.0,40.0,0.6737,1982-2026
30.0,42.5,0.6447,1982-2026
30.0,45.0,0.5125,1982-2026
30.0,47.5,0.3897,1982-2026
30.0,50.0,0.3881,1982-2026
30.0,52.5,0.686,1982-2026
30.0,55.0,0.4509,1982-2026
30.0,57.5,0.4991,1982-2026
30.0,60.0,0.5214,1982-2026
30.0,62.5,0.4582,1982-2026
30.0,65.0,0.4433,1982-2026
30.0,67.5,0.2589,1982-2026
30.0,70.0,0.2569,1982-2026
30.0,72.5,-0.0215,1982-2026
30.0,75.0,0.171,1982-2026
30.0,77.5,0.1782,1982-2026
30.0,80.0,0.2569,1982-2026
30.0,82.5,0.2946,1982-2026
30.0,85.0,0.4096,1982-2026
30.0,87.5,0.3454,1982-2026
30.0,90.0,0.3422,1982-2026
30.0,92.5,0.2374,1982-2026
30.0,95.0,0.2313,1982-2026
30.0,97.5,0.4369,1982-2026
30.0,100.0,0.424,1982-2026
30.0,102.5,0.3204,1982-2026
30.0,105.0,0.4286,1982-2026
30.0,107.5,0.256,1982-2026
30.0,110.0,0.2765,1982-2026
30.0,112.5,0.3363,1982-2026
30.0,115.0,0.3801,1982-2026
30.0,117.5,0.4071,1982-2026
30.0,120.0,0.5274,1982-2026
30.0,122.5,0.3156,1982-2026
30.0,125.0,0.2182,1982-2026
30.0,127.5,0.2691,1982-2026
30.0,130.0,0.2738,1982-2026
30.0,132.5,0.2522,1982-2026
30.0,135.0,0.2575,1982-2026
30.0,137.5,0.2652,1982-2026
30.0,140.0,0.2352,1982-2026
30.0,142.5,0.2394,1982-2026
30.0,145.0,0.222,1982-2026
30.0,147.5,0.2339,1982-2026
30.0,150.0,0.2266,1982-2026
30.0,152.5,0.225,1982-2026
30.0,155.0,0.2216,1982-2026
30.0,157.5,0.2409,1982-2026
30.0,160.0,0.2475,1982-2026
30.0,162.5,0.2598,1982-2026
30.0,165.0,0.2729,1982-2026
30.0,167.5,0.2687,1982-2026
30.0,170.0,0.253,1982-2026
30.0,172.5,0.2478,1982-2026
30.0,175.0,0.2552,1982-2026
30.0,177.5,0.263,1982-2026
30.0,180.0,0.2568,1982-2026
30.0,-177.5,0.264,1982-2026
30.0,-175.0,0.2841,1982-2026
30.0,-172.5,0.2931,1982-2026
30.0,-170.0,0.2994,1982-2026
30.0,-167.5,0.3334,1982-2026
30.0,-165.0,0.3456,1982-2026
30.0,-162.5,0.3385,1982-2026
30.0,-160.0,0.3339,1982-2026
30.0,-157.5,0.3435,1982-2026
30.0,-155.0,0.3305,1982-2026
30.0,-152.5,0.3215,1982-2026
30.0,-150.0,0.3132,1982-2026
30.0,-147.5,0.3094,1982-2026
30.0,-145.0,0.2717,1982-2026
30.0,-142.5,0.2442,1982-2026
30.0,-140.0,0.23,1982-2026
30.0,-137.5,0.2074,1982-2026
30.0,-135.0,0.1719,1982-2026
30.0,-132.5,0.1474,1982-2026
30.0,-130.0,0.1174,1982-2026
30.0,-127.5,0.1061,1982-2026
30.0,-125.0,0.0897,1982-2026
30.0,-122.5,0.086,1982-2026
30.0,-120.0,0.1198,1982-2026
30.0,-117.5,0.1316,1982-2026
30.0,-115.0,0.1823,1982-2026
30.0,-112.5,0.2581,1982-2026
30.0,-110.0,0.5338,1982-2026
30.0,-107.5,0.5094,1982-2026
30.0,-105.0,0.628,1982-2026
30.0,-102.5,0.4998,1982-2026
30.0,-100.0,0.3924,1982-2026
30.0,-97.5,0.3875,1982-2026
30.0,-95.0,0.3563,1982-2026
30.0,-92.5,0.444,1982-2026
30.0,-90.0,0.3115,1982-2026
30.0,-87.5,0.2525,1982-2026
30.0,-85.0,0.2678,1982-2026
30.0,-82.5,0.3273,1982-2026
30.0,-80.0,0.2341,1982-2026
30.0,-77.5,0.1922,1982-2026
30.0,-75.0,0.186,1982-2026
30.0,-72.5,0.199,1982-2026
30.0,-70.0,0.2226,1982-2026
30.0,-67.5,0.2208,1982-2026
30.0,-65.0,0.2203,1982-2026
30.0,-62.5,0.2029,1982-2026
30.0,-60.0,0.194,1982-2026
30.0,-57.5,0.201,1982-2026
30.0,-55.0,0.1997,1982-2026
30.0,-52.5,0.2065,1982-2026
30.0,-50.0,0.2177,1982-2026
30.0,-47.5,0.223,1982-2026
30.0,-45.0,0.2295,1982-2026
30.0,-42.5,0.2416,1982-2026
30.0,-40.0,0.2454,1982-2026
30.0,-37.5,0.2499,1982-2026
30.0,-35.0,0.2484,1982-2026
30.0,-32.5,0.2548,1982-2026
30.0,-30.0,0.2525,1982-2026
30.0,-27.5,0.2544,1982-2026
30.0,-25.0,0.2417,1982-2026
30.0,-22.5,0.2398,1982-2026
30.0,-20.0,0.2371,1982-2026
30.0,-17.5,0.2366,1982-2026
30.0,-15.0,0.2143,1982-2026
30.0,-12.5,0.1563,1982-2026
30.0,-10.0,0.0518,1982-2026
30.0,-7.5,0.4769,1982-2026
30.0,-5.0,0.4819,1982-2026
30.0,-2.5,0.4339,1982-2026
27.5,0.0,0.4065,1982-2026
27.5,2.5,0.4887,1982-2026
27.5,5.0,0.5623,1982-2026
27.5,7.5,0.4988,1982-2026
27.5,10.0,0.3991,1982-2026
27.5,12.5,0.3659,1982-2026
27.5,15.0,0.3733,1982-2026
27.5,17.5,0.3508,1982-2026
27.5,20.0,0.4043,1982-2026
27.5,22.5,0.3803,1982-2026
27.5,25.0,0.3422,1982-2026
27.5,27.5,0.3503,1982-2026
27.5,30.0,0.4342,1982-2026
27.5,32.5,0.4627,1982-2026
27.5,35.0,0.3592,1982-2026
27.5,37.5,0.5815,1982-2026
27.5,40.0,0.6993,1982-2026
27.5,42.5,0.6566,1982-2026
27.5,45.0,0.6698,1982-2026
27.5,47.5,0.6125,1982-2026
27.5,50.0,0.3696,1982-2026
27.5,52.5,0.4032,1982-2026
27.5,55.0,0.422,1982-2026
27.5,57.5,0.4794,1982-2026
27.5,60.0,0.5809,1982-2026
27.5,62.5,0.4736,1982-2026
27.5,65.0,0.4056,1982-2026
27.5,67.5,0.1089,1982-2026
27.5,70.0,0.1337,1982-2026
27.5,72.5,0.162,1982-2026
27.5,75.0,0.1428,1982-2026
27.5,77.5,0.0759,1982-2026
27.5,80.0,0.0341,1982-2026
27.5,82.5,0.0503,1982-2026
27.5,85.0,0.1314,1982-2026
27.5,87.5,0.327,1982-2026
27.5,90.0,0.2823,1982-2026
27.5,92.5,0.3896,1982-2026
27.5,95.0,0.2548,1982-2026
27.5,97.5,0.1136,1982-2026
27.5,100.0,0.3296,1982-2026
27.5,102.5,0.4165,1982-2026
27.5,105.0,0.308,1982-2026
27.5,107.5,0.2592,1982-2026
27.5,110.0,0.2845,1982-2026
27.5,112.5,0.3718,1982-2026
27.5,115.0,0.3906,1982-2026
27.5,117.5,0.3901,1982-2026
27.5,120.0,0.4274,1982-2026
27.5,122.5,0.3238,1982-2026
27.5,125.0,0.2319,1982-2026
27.5,127.5,0.2279,1982-2026
27.5,130.0,0.213,1982-2026
27.5,132.5,0.221,1982-2026
27.5,135.0,0.2332,1982-2026
27.5,137.5,0.2361,1982-2026
27.5,140.0,0.2298,1982-2026
27.5,142.5,0.2235,1982-2026
27.5,145.0,0.2105,1982-2026
27.5,147.5,0.2344,1982-2026
27.5,150.0,0.2285,1982-2026
27.5,152.5,0.2289,1982-2026
27.5,155.0,0.2292,1982-2026
27.5,157.5,0.2178,1982-2026
27.5,160.0,0.2374,1982-2026
27.5,162.5,0.2169,1982-2026
27.5,165.0,0.2158,1982-2026
27.5,167.5,0.228,1982-2026
27.5,170.0,0.2077,1982-2026
27.5,172.5,0.2312,1982-2026
27.5,175.0,0.2436,1982-2026
27.5,177.5,0.2469,1982-2026
27.5,180.0,0.2532,1982-2026
27.5,-177.5,0.27,1982-2026
27.5,-175.0,0.2711,1982-2026
27.5,-172.5,0.2827,1982-2026
27.5,-170.0,0.3025,1982-2026
27.5,-167.5,0.3037,1982-2026
27.5,-165.0,0.2942,1982-2026
27.5,-162.5,0.3069,1982-2026
27.5,-160.0,0.3055,1982-2026
27.5,-157.5,0.3091,1982-2026
27.5,-155.0,0.2931,1982-2026
27.5,-152.5,0.283,1982-2026
27.5,-150.0,0.2661,1982-2026
27.5,-147.5,0.2449,1982-2026
27.5,-145.0,0.2204,1982-2026
27.5,-142.5,0.1996,1982-2026
27.5,-140.0,0.1804,1982-2026
27.5,-137.5,0.1637,1982-2026
27.5,-135.0,0.1321,1982-2026
27.5,-132.5,0.1094,1982-2026
27.5,-130.0,0.0773,1982-2026
27.5,-127.5,0.0755,1982-2026
27.5,-125.0,0.0779,1982-2026
27.5,-122.5,0.0725,1982-2026
27.5,-120.0,0.0813,1982-2026
27.5,-117.5,0.1247,1982-2026
27.5,-115.0,0.0389,1982-2026
27.5,-112.5,0.2151,1982-2026
27.5,-110.0,0.4259,1982-2026
27.5,-107.5,0.4113,1982-2026
27.5,-105.0,0.6618,1982-2026
27.5,-102.5,0.5215,1982-2026
27.5,-100.0,0.3724,1982-2026
27.5,-97.5,0.3066,1982-2026
27.5,-95.0,0.259,1982-2026
27.5,-92.5,0.2756,1982-2026
27.5,-90.0,0.265,1982-2026
27.5,-87.5,0.236,1982-2026
27.5,-85.0,0.1903,1982-2026
27.5,-82.5,0.2961,1982-2026
27.5,-80.0,0.2313,1982-2026
27.5,-77.5,0.1782,1982-2026
27.5,-75.0,0.2112,1982-2026
27.5,-72.5,0.2315,1982-2026
27.5,-70.0,0.2246,1982-2026
27.5,-67.5,0.2078,1982-2026
27.5,-65.0,0.1962,1982-2026
27.5,-62.5,0.1853,1982-2026
27.5,-60.0,0.1999,1982-2026
27.5,-57.5,0.1981,1982-2026
27.5,-55.0,0.2117,1982-2026
27.5,-52.5,0.2099,1982-2026
27.5,-50.0,0.2123,1982-2026
27.5,-47.5,0.2191,1982-2026
27.5,-45.0,0.23,1982-2026
27.5,-42.5,0.2297,1982-2026
27.5,-40.0,0.2276,1982-2026
27.5,-37.5,0.2317,1982-2026
27.5,-35.0,0.237,1982-2026
27.5,-32.5,0.2363,1982-2026
27.5,-30.0,0.2334,1982-2026
27.5,-27.5,0.2292,1982-2026
27.5,-25.0,0.2253,1982-2026
27.5,-22.5,0.2231,1982-2026
27.5,-20.0,0.2022,1982-2026
27.5,-17.5,0.191,1982-2026
27.5,-15.0,0.187,1982-2026
27.5,-12.5,0.2532,1982-2026
27.5,-10.0,0.3557,1982-2026
27.5,-7.5,0.4557,1982-2026
27.5,-5.0,0.482,1982-2026
27.5,-2.5,0.4207,1982-2026
25.0,0.0,0.5116,1982-2026
25.0,2.5,0.5484,1982-2026
25.0,5.0,0.5796,1982-2026
25.0,7.5,0.5306,1982-2026
25.0,10.0,0.4903,1982-2026
25.0,12.5,0.5024,1982-2026
25.0,15.0,0.4503,1982-2026
25.0,17.5,0.4447,1982-2026
25.0,20.0,0.4274,1982-2026
25.0,22.5,0.3749,1982-2026
25.0,25.0,0.3447,1982-2026
25.0,27.5,0.3523,1982-2026
25.0,30.0,0.4214,1982-2026
25.0,32.5,0.4458,1982-2026
25.0,35.0,0.3735,1982-2026
25.0,37.5,0.4657,1982-2026
25.0,40.0,0.5624,1982-2026
25.0,42.5,0.579,1982-2026
25.0,45.0,0.6076,1982-2026
25.0,47.5,0.5949,1982-2026
25.0,50.0,0.5547,1982-2026
25.0,52.5,0.2893,1982-2026
25.0,55.0,0.4631,1982-2026
25.0,57.5,0.1651,1982-2026
25.0,60.0,0.1621,1982-2026
25.0,62.5,0.2177,1982-2026
25.0,65.0,0.1806,1982-2026
25.0,67.5,0.2122,1982-2026
25.0,70.0,0.18,1982-2026
25.0,72.5,0.1295,1982-2026
25.0,75.0,0.0516,1982-2026
25.0,77.5,0.0959,1982-2026
25.0,80.0,0.1881,1982-2026
25.0,82.5,0.1407,1982-2026
25.0,85.0,0.117,1982-2026
25.0,87.5,0.1465,1982-2026
25.0,90.0,0.1957,1982-2026
25.0,92.5,0.3879,1982-2026
25.0,95.0,0.3179,1982-2026
25.0,97.5,0.2109,1982-2026
25.0,100.0,0.3249,1982-2026
25.0,102.5,0.3074,1982-2026
25.0,105.0,0.3503,1982-2026
25.0,107.5,0.183,1982-2026
25.0,110.0,0.2399,1982-2026
25.0,112.5,0.2848,1982-2026
25.0,115.0,0.3497,1982-2026
25.0,117.5,0.3909,1982-2026
25.0,120.0,0.2554,1982-2026
25.0,122.5,0.273,1982-2026
25.0,125.0,0.212,1982-2026
25.0,127.5,0.2148,1982-2026
25.0,130.0,0.2101,1982-2026
25.0,132.5,0.2181,1982-2026
25.0,135.0,0.2022,1982-2026
25.0,137.5,0.2206,1982-2026
25.0,140.0,0.223,1982-2026
25.0,142.5,0.2018,1982-2026
25.0,145.0,0.2119,1982-2026
25.0,147.5,0.1956,1982-2026
25.0,150.0,0.2097,1982-2026
25.0,152.5,0.2134,1982-2026
25.0,155.0,0.2065,1982-2026
25.0,157.5,0.207,1982-2026
25.0,160.0,0.1968,1982-2026
25.0,162.5,0.1817,1982-2026
25.0,165.0,0.1858,1982-2026
25.0,167.5,0.1819,1982-2026
25.0,170.0,0.181,1982-2026
25.0,172.5,0.194,1982-2026
25.0,175.0,0.2093,1982-2026
25.0,177.5,0.2181,1982-2026
25.0,180.0,0.2283,1982-2026
25.0,-177.5,0.232,1982-2026
25.0,-175.0,0.2518,1982-2026
25.0,-172.5,0.2454,1982-2026
25.0,-170.0,0.2634,1982-2026
25.0,-167.5,0.2641,1982-2026
25.0,-165.0,0.2701,1982-2026
25.0,-162.5,0.2801,1982-2026
25.0,-160.0,0.2599,1982-2026
25.0,-157.5,0.2563,1982-2026
25.0,-155.0,0.2341,1982-2026
25.0,-152.5,0.2265,1982-2026
25.0,-150.0,0.2043,1982-2026
25.0,-147.5,0.1889,1982-2026
25.0,-145.0,0.1756,1982-2026
25.0,-142.5,0.1653,1982-2026
25.0,-140.0,0.1253,1982-2026
25.0,-137.5,0.0944,1982-2026
25.0,-135.0,0.0719,1982-2026
25.0,-132.5,0.0596,1982-2026
25.0,-130.0,0.0671,1982-2026
25.0,-127.5,0.0641,1982-2026
25.0,-125.0,0.0538,1982-2026
25.0,-122.5,0.0367,1982-2026
25.0,-120.0,0.0375,1982-2026
25.0,-117.5,0.0941,1982-2026
25.0,-115.0,0.0992,1982-2026
25.0,-112.5,0.106,1982-2026
25.0,-110.0,0.1618,1982-2026
25.0,-107.5,0.2347,1982-2026
25.0,-105.0,0.5252,1982-2026
25.0,-102.5,0.4002,1982-2026
25.0,-100.0,0.2957,1982-2026
25.0,-97.5,0.2675,1982-2026
25.0,-95.0,0.234,1982-2026
25.0,-92.5,0.234,1982-2026
25.0,-90.0,0.2425,1982-2026
25.0,-87.5,0.239,1982-2026
25.0,-85.0,0.2011,1982-2026
25.0,-82.5,0.2038,1982-2026
25.0,-80.0,0.2352,1982-2026
25.0,-77.5,0.1913,1982-2026
25.0,-75.0,0.2027,1982-2026
25.0,-72.5,0.2075,1982-2026
25.0,-70.0,0.2027,1982-2026
25.0,-67.5,0.1936,1982-2026
25.0,-65.0,0.1784,1982-2026
25.0,-62.5,0.1858,1982-2026
25.0,-60.0,0.1825,1982-2026
25.0,-57.5,0.1917,1982-2026
25.0,-55.0,0.2034,1982-2026
25.0,-52.5,0.2108,1982-2026
25.0,-50.0,0.211,1982-2026
25.0,-47.5,0.2217,1982-2026
25.0,-45.0,0.2176,1982-2026
25.0,-42.5,0.2179,1982-2026
25.0,-40.0,0.2247,1982-2026
25.0,-37.5,0.226,1982-2026
25.0,-35.0,0.2336,1982-2026
25.0,-32.5,0.2211,1982-2026
25.0,-30.0,0.2175,1982-2026
25.0,-27.5,0.1947,1982-2026
25.0,-25.0,0.1836,1982-2026
25.0,-22.5,0.1919,1982-2026
25.0,-20.0,0.2102,1982-2026
25.0,-17.5,0.1861,1982-2026
25.0,-15.0,-0.035,1982-2026
25.0,-12.5,0.2935,1982-2026
25.0,-10.0,0.3399,1982-2026
25.0,-7.5,0.4043,1982-2026
25.0,-5.0,0.4453,1982-2026
25.0,-2.5,0.4764,1982-2026
22.5,0.0,0.4856,1982-2026
22.5,2.5,0.4934,1982-2026
22.5,5.0,0.4434,1982-2026
22.5,7.5,0.5204,1982-2026
22.5,10.0,0.5461,1982-2026
22.5,12.5,0.5056,1982-2026
22.5,15.0,0.4598,1982-2026
22.5,17.5,0.4602,1982-2026
22.5,20.0,0.4531,1982-2026
22.5,22.5,0.4239,1982-2026
22.5,25.0,0.3832,1982-2026
22.5,27.5,0.3787,1982-2026
22.5,30.0,0.4133,1982-2026
22.5,32.5,0.4232,1982-2026
22.5,35.0,0.4166,1982-2026
22.5,37.5,0.2932,1982-2026
22.5,40.0,0.5043,1982-2026
22.5,42.5,0.5204,1982-2026
22.5,45.0,0.5257,1982-2026
22.5,47.5,0.5419,1982-2026
22.5,50.0,0.5074,1982-2026
22.5,52.5,0.428,1982-2026
22.5,55.0,0.4729,1982-2026
22.5,57.5,0.3291,1982-2026
22.5,60.0,0.1543,1982-2026
22.5,62.5,0.1672,1982-2026
22.5,65.0,0.1646,1982-2026
22.5,67.5,0.1351,1982-2026
22.5,70.0,0.0867,1982-2026
22.5,72.5,0.1485,1982-2026
22.5,75.0,0.0648,1982-2026
22.5,77.5,0.0354,1982-2026
22.5,80.0,0.1609,1982-2026
22.5,82.5,0.1599,1982-2026
22.5,85.0,0.2298,1982-2026
22.5,87.5,0.191,1982-2026
22.5,90.0,0.1258,1982-2026
22.5,92.5,0.358,1982-2026
22.5,95.0,0.3109,1982-2026
22.5,97.5,0.2211,1982-2026
22.5,100.0,0.2428,1982-2026
22.5,102.5,0.2918,1982-2026
22.5,105.0,0.2605,1982-2026
22.5,107.5,0.2313,1982-2026
22.5,110.0,0.18,1982-2026
22.5,112.5,0.2239,1982-2026
22.5,115.0,0.2951,1982-2026
22.5,117.5,0.2447,1982-2026
22.5,120.0,0.2546,1982-2026
22.5,122.5,0.1938,1982-2026
22.5,125.0,0.1912,1982-2026
22.5,127.5,0.1822,1982-2026
22.5,130.0,0.1735,1982-2026
22.5,132.5,0.1765,1982-2026
22.5,135.0,0.2001,1982-2026
22.5,137.5,0.204,1982-2026
22.5,140.0,0.2012,1982-2026
22.5,142.5,0.203,1982-2026
22.5,145.0,0.1986,1982-2026
22.5,147.5,0.1735,1982-2026
22.5,150.0,0.1846,1982-2026
22.5,152.5,0.182,1982-2026
22.5,155.0,0.1848,1982-2026
22.5,157.5,0.1851,1982-2026
22.5,160.0,0.1752,1982-2026
22.5,162.5,0.1818,1982-2026
22.5,165.0,0.1751,1982-2026
22.5,167.5,0.1659,1982-2026
22.5,170.0,0.1639,1982-2026
22.5,172.5,0.1655,1982-2026
22.5,175.0,0.1712,1982-2026
22.5,177.5,0.182,1982-2026
22.5,180.0,0.1954,1982-2026
22.5,-177.5,0.2031,1982-2026
22.5,-175.0,0.2188,1982-2026
22.5,-172.5,0.2078,1982-2026
22.5,-170.0,0.2081,1982-2026
22.5,-167.5,0.2191,1982-2026
22.5,-165.0,0.2201,1982-2026
22.5,-162.5,0.2256,1982-2026
22.5,-160.0,0.1945,1982-2026
22.5,-157.5,0.1918,1982-2026
22.5,-155.0,0.1847,1982-2026
22.5,-152.5,0.1659,1982-2026
22.5,-150.0,0.1609,1982-2026
22.5,-147.5,0.135,1982-2026
22.5,-145.0,0.1161,1982-2026
22.5,-142.5,0.0904,1982-2026
22.5,-140.0,0.0779,1982-2026
22.5,-137.5,0.0697,1982-2026
22.5,-135.0,0.0437,1982-2026
22.5,-132.5,0.0476,1982-2026
22.5,-130.0,0.0366,1982-2026
22.5,-127.5,0.007,1982-2026
22.5,-125.0,0.0216,1982-2026
22.5,-122.5,0.0372,1982-2026
22.5,-120.0,0.0481,1982-2026
22.5,-117.5,0.0578,1982-2026
22.5,-115.0,0.0589,1982-2026
22.5,-112.5,0.0824,1982-2026
22.5,-110.0,0.1718,1982-2026
22.5,-107.5,0.2051,1982-2026
22.5,-105.0,0.1693,1982-2026
22.5,-102.5,0.3105,1982-2026
22.5,-100.0,0.3007,1982-2026
22.5,-97.5,0.2358,1982-2026
22.5,-95.0,0.237,1982-2026
22.5,-92.5,0.2308,1982-2026
22.5,-90.0,0.2159,1982-2026
22.5,-87.5,0.1939,1982-2026
22.5,-85.0,0.2132,1982-2026
22.5,-82.5,0.217,1982-2026
22.5,-80.0,0.2,1982-2026
22.5,-77.5,0.1762,1982-2026
22.5,-75.0,0.1978,1982-2026
22.5,-72.5,0.176,1982-2026
22.5,-70.0,0.182,1982-2026
22.5,-67.5,0.1963,1982-2026
22.5,-65.0,0.1713,1982-2026
22.5,-62.5,0.1793,1982-2026
22.5,-60.0,0.1855,1982-2026
22.5,-57.5,0.1937,1982-2026
22.5,-55.0,0.2069,1982-2026
22.5,-52.5,0.2059,1982-2026
22.5,-50.0,0.1988,1982-2026
22.5,-47.5,0.1959,1982-2026
22.5,-45.0,0.2012,1982-2026
22.5,-42.5,0.2017,1982-2026
22.5,-40.0,0.2048,1982-2026
22.5,-37.5,0.2053,1982-2026
22.5,-35.0,0.2072,1982-2026
22.5,-32.5,0.2015,1982-2026
22.5,-30.0,0.1903,1982-2026
22.5,-27.5,0.1813,1982-2026
22.5,-25.0,0.1875,1982-2026
22.5,-22.5,0.1712,1982-2026
22.5,-20.0,0.1502,1982-2026
22.5,-17.5,0.1045,1982-2026
22.5,-15.0,0.2257,1982-2026
22.5,-12.5,0.2936,1982-2026
22.5,-10.0,0.3294,1982-2026
22.5,-7.5,0.3826,1982-2026
22.5,-5.0,0.4265,1982-2026
22.5,-2.5,0.4434,1982-2026
20.0,0.0,0.3824,1982-2026
20.0,2.5,0.3938,1982-2026
20.0,5.0,0.4649,1982-2026
20.0,7.5,0.451,1982-2026
20.0,10.0,0.4966,1982-2026
20.0,12.5,0.4755,1982-2026
20.0,15.0,0.4899,1982-2026
20.0,17.5,0.4596,1982-2026
20.0,20.0,0.5398,1982-2026
20.0,22.5,0.4784,1982-2026
20.0,25.0,0.4423,1982-2026
20.0,27.5,0.405,1982-2026
20.0,30.0,0.385,1982-2026
20.0,32.5,0.3669,1982-2026
20.0,35.0,0.3623,1982-2026
20.0,37.5,0.2545,1982-2026
20.0,40.0,0.2507,1982-2026
20.0,42.5,0.4545,1982-2026
20.0,45.0,0.5341,1982-2026
20.0,47.5,0.5639,1982-2026
20.0,50.0,0.44,1982-2026
20.0,52.5,0.3258,1982-2026
20.0,55.0,0.1639,1982-2026
20.0,57.5,0.0285,1982-2026
20.0,60.0,0.147,1982-2026
20.0,62.5,0.1234,1982-2026
20.0,65.0,0.1344,1982-2026
20.0,67.5,0.1354,1982-2026
20.0,70.0,0.1349,1982-2026
20.0,72.5,0.171,1982-2026
20.0,75.0,0.0947,1982-2026
20.0,77.5,0.1125,1982-2026
20.0,80.0,0.1436,1982-2026
20.0,82.5,0.0817,1982-2026
20.0,85.0,0.0991,1982-2026
20.0,87.5,0.0267,1982-2026
20.0,90.0,0.0549,1982-2026
20.0,92.5,0.1322,1982-2026
20.0,95.0,0.2674,1982-2026
20.0,97.5,0.2842,1982-2026
20.0,100.0,0.2999,1982-2026
20.0,102.5,0.2745,1982-2026
20.0,105.0,0.2653,1982-2026
20.0,107.5,0.172,1982-2026
20.0,110.0,0.2298,1982-2026
20.0,112.5,0.2108,1982-2026
20.0,115.0,0.2048,1982-2026
20.0,117.5,0.1964,1982-2026
20.0,120.0,0.2128,1982-2026
20.0,122.5,0.1895,1982-2026
20.0,125.0,0.1864,1982-2026
20.0,127.5,0.1962,1982-2026
20.0,130.0,0.1875,1982-2026
20.0,132.5,0.1916,1982-2026
20.0,135.0,0.2043,1982-2026
20.0,137.5,0.1941,1982-2026
20.0,140.0,0.1873,1982-2026
20.0,142.5,0.1865,1982-2026
20.0,145.0,0.1803,1982-2026
20.0,147.5,0.1662,1982-2026
20.0,150.0,0.1731,1982-2026
20.0,152.5,0.1733,1982-2026
20.0,155.0,0.1753,1982-2026
20.0,157.5,0.1766,1982-2026
20.0,160.0,0.1836,1982-2026
20.0,162.5,0.1772,1982-2026
20.0,165.0,0.1731,1982-2026
20.0,167.5,0.1755,1982-2026
20.0,170.0,0.1771,1982-2026
20.0,172.5,0.1712,1982-2026
20.0,175.0,0.1802,1982-2026
20.0,177.5,0.1786,1982-2026
20.0,180.0,0.1835,1982-2026
20.0,-177.5,0.1867,1982-2026
20.0,-175.0,0.1836,1982-2026
20.0,-172.5,0.1967,1982-2026
20.0,-170.0,0.1765,1982-2026
20.0,-167.5,0.1905,1982-2026
20.0,-165.0,0.1835,1982-2026
20.0,-162.5,0.1886,1982-2026
20.0,-160.0,0.174,1982-2026
20.0,-157.5,0.144,1982-2026
20.0,-155.0,0.153,1982-2026
20.0,-152.5,0.1184,1982-2026
20.0,-150.0,0.0997,1982-2026
20.0,-147.5,0.0772,1982-2026
20.0,-145.0,0.0473,1982-2026
20.0,-142.5,0.0382,1982-2026
20.0,-140.0,0.0418,1982-2026
20.0,-137.5,0.0461,1982-2026
20.0,-135.0,0.0421,1982-2026
20.0,-132.5,0.0454,1982-2026
20.0,-130.0,0.0174,1982-2026
20.0,-127.5,0.0235,1982-2026
20.0,-125.0,0.0357,1982-2026
20.0,-122.5,0.0367,1982-2026
20.0,-120.0,0.0365,1982-2026
20.0,-117.5,0.0503,1982-2026
20.0,-115.0,0.0559,1982-2026
20.0,-112.5,0.1007,1982-2026
20.0,-110.0,0.1608,1982-2026
20.0,-107.5,0.1785,1982-2026
20.0,-105.0,0.213,1982-2026
20.0,-102.5,0.2813,1982-2026
20.0,-100.0,0.3132,1982-2026
20.0,-97.5,0.2375,1982-2026
20.0,-95.0,0.2512,1982-2026
20.0,-92.5,0.2635,1982-2026
20.0,-90.0,0.0909,1982-2026
20.0,-87.5,0.2202,1982-2026
20.0,-85.0,0.2279,1982-2026
20.0,-82.5,0.2201,1982-2026
20.0,-80.0,0.2112,1982-2026
20.0,-77.5,0.2254,1982-2026
20.0,-75.0,0.1687,1982-2026
20.0,-72.5,0.2043,1982-2026
20.0,-70.0,0.1939,1982-2026
20.0,-67.5,0.1994,1982-2026
20.0,-65.0,0.1874,1982-2026
20.0,-62.5,0.1854,1982-2026
20.0,-60.0,0.1987,1982-2026
20.0,-57.5,0.1947,1982-2026
20.0,-55.0,0.2008,1982-2026
20.0,-52.5,0.1897,1982-2026
20.0,-50.0,0.1886,1982-2026
20.0,-47.5,0.196,1982-2026
20.0,-45.0,0.1864,1982-2026
20.0,-42.5,0.1843,1982-2026
20.0,-40.0,0.1732,1982-2026
20.0,-37.5,0.1915,1982-2026
20.0,-35.0,0.2059,1982-2026
20.0,-32.5,0.1862,1982-2026
20.0,-30.0,0.1788,1982-2026
20.0,-27.5,0.1777,1982-2026
20.0,-25.0,0.161,1982-2026
20.0,-22.5,0.1553,1982-2026
20.0,-20.0,0.1153,1982-2026
20.0,-17.5,0.0727,1982-2026
20.0,-15.0,0.146,1982-2026
20.0,-12.5,0.2483,1982-2026
20.0,-10.0,0.3094,1982-2026
20.0,-7.5,0.3674,1982-2026
20.0,-5.0,0.3852,1982-2026
20.0,-2.5,0.383,1982-2026
17.5,0.0,0.2955,1982-2026
17.5,2.5,0.3567,1982-2026
17.5,5.0,0.4129,1982-2026
17.5,7.5,0.3621,1982-2026
17.5,10.0,0.4145,1982-2026
17.5,12.5,0.4244,1982-2026
17.5,15.0,0.4768,1982-2026
17.5,17.5,0.55,1982-2026
17.5,20.0,0.5765,1982-2026
17.5,22.5,0.4283,1982-2026
17.5,25.0,0.4388,1982-2026
17.5,27.5,0.4014,1982-2026
17.5,30.0,0.367,1982-2026
17.5,32.5,0.3295,1982-2026
17.5,35.0,0.3316,1982-2026
17.5,37.5,0.3005,1982-2026
17.5,40.0,0.2084,1982-2026
17.5,42.5,0.334,1982-2026
17.5,45.0,0.456,1982-2026
17.5,47.5,0.5112,1982-2026
17.5,50.0,0.3378,1982-2026
17.5,52.5,0.2091,1982-2026
17.5,55.0,0.0958,1982-2026
17.5,57.5,0.1363,1982-2026
17.5,60.0,0.0941,1982-2026
17.5,62.5,0.1061,1982-2026
17.5,65.0,0.11,1982-2026
17.5,67.5,0.1278,1982-2026
17.5,70.0,0.1519,1982-2026
17.5,72.5,0.1694,1982-2026
17.5,75.0,0.1635,1982-2026
17.5,77.5,0.05,1982-2026
17.5,80.0,0.0863,1982-2026
17.5,82.5,0.109,1982-2026
17.5,85.0,0.0652,1982-2026
17.5,87.5,0.0589,1982-2026
17.5,90.0,0.107,1982-2026
17.5,92.5,0.1477,1982-2026
17.5,95.0,0.2092,1982-2026
17.5,97.5,0.291,1982-2026
17.5,100.0,0.1982,1982-2026
17.5,102.5,0.2915,1982-2026
17.5,105.0,0.3131,1982-2026
17.5,107.5,0.1906,1982-2026
17.5,110.0,0.1931,1982-2026
17.5,112.5,0.1735,1982-2026
17.5,115.0,0.1546,1982-2026
17.5,117.5,0.1776,1982-2026
17.5,120.0,0.2394,1982-2026
17.5,122.5,0.1841,1982-2026
17.5,125.0,0.1872,1982-2026
17.5,127.5,0.1885,1982-2026
17.5,130.0,0.1958,1982-2026
17.5,132.5,0.2052,1982-2026
17.5,135.0,0.2,1982-2026
17.5,137.5,0.1974,1982-2026
17.5,140.0,0.1895,1982-2026
17.5,142.5,0.1794,1982-2026
17.5,145.0,0.1859,1982-2026
17.5,147.5,0.1907,1982-2026
17.5,150.0,0.1912,1982-2026
17.5,152.5,0.1827,1982-2026
17.5,155.0,0.1815,1982-2026
17.5,157.5,0.1831,1982-2026
17.5,160.0,0.1891,1982-2026
17.5,162.5,0.1827,1982-2026
17.5,165.0,0.1812,1982-2026
17.5,167.5,0.1789,1982-2026
17.5,170.0,0.187,1982-2026
17.5,172.5,0.1914,1982-2026
17.5,175.0,0.1878,1982-2026
17.5,177.5,0.1766,1982-2026
17.5,180.0,0.1758,1982-2026
17.5,-177.5,0.1779,1982-2026
17.5,-175.0,0.1719,1982-2026
17.5,-172.5,0.1659,1982-2026
17.5,-170.0,0.1615,1982-2026
17.5,-167.5,0.1552,1982-2026
17.5,-165.0,0.1465,1982-2026
17.5,-162.5,0.1383,1982-2026
17.5,-160.0,0.1186,1982-2026
17.5,-157.5,0.1027,1982-2026
17.5,-155.0,0.0992,1982-2026
17.5,-152.5,0.0779,1982-2026
17.5,-150.0,0.0643,1982-2026
17.5,-147.5,0.0573,1982-2026
17.5,-145.0,0.0608,1982-2026
17.5,-142.5,0.0632,1982-2026
17.5,-140.0,0.0645,1982-2026
17.5,-137.5,0.058,1982-2026
17.5,-135.0,0.0517,1982-2026
17.5,-132.5,0.0375,1982-2026
17.5,-130.0,0.0408,1982-2026
17.5,-127.5,0.0527,1982-2026
17.5,-125.0,0.0617,1982-2026
17.5,-122.5,0.067,1982-2026
17.5,-120.0,0.0919,1982-2026
17.5,-117.5,0.0974,1982-2026
17.5,-115.0,0.1033,1982-2026
17.5,-112.5,0.1318,1982-2026
17.5,-110.0,0.1492,1982-2026
17.5,-107.5,0.1769,1982-2026
17.5,-105.0,0.2031,1982-2026
17.5,-102.5,0.2088,1982-2026
17.5,-100.0,0.0837,1982-2026
17.5,-97.5,0.1802,1982-2026
17.5,-95.0,0.2618,1982-2026
17.5,-92.5,0.3147,1982-2026
17.5,-90.0,0.4315,1982-2026
17.5,-87.5,0.1882,1982-2026
17.5,-85.0,0.1965,1982-2026
17.5,-82.5,0.2122,1982-2026
17.5,-80.0,0.2119,1982-2026
17.5,-77.5,0.2194,1982-2026
17.5,-75.0,0.2009,1982-2026
17.5,-72.5,0.1967,1982-2026
17.5,-70.0,0.203,1982-2026
17.5,-67.5,0.1944,1982-2026
17.5,-65.0,0.1875,1982-2026
17.5,-62.5,0.1978,1982-2026
17.5,-60.0,0.2017,1982-2026
17.5,-57.5,0.1916,1982-2026
17.5,-55.0,0.1985,1982-2026
17.5,-52.5,0.1816,1982-2026
17.5,-50.0,0.1787,1982-2026
17.5,-47.5,0.1821,1982-2026
17.5,-45.0,0.1811,1982-2026
17.5,-42.5,0.1776,1982-2026
17.5,-40.0,0.1749,1982-2026
17.5,-37.5,0.1872,1982-2026
17.5,-35.0,0.1851,1982-2026
17.5,-32.5,0.1698,1982-2026
17.5,-30.0,0.1651,1982-2026
17.5,-27.5,0.1544,1982-2026
17.5,-25.0,0.1421,1982-2026
17.5,-22.5,0.1405,1982-2026
17.5,-20.0,0.1467,1982-2026
17.5,-17.5,0.1864,1982-2026
17.5,-15.0,0.119,1982-2026
17.5,-12.5,0.1991,1982-2026
17.5,-10.0,0.2749,1982-2026
17.5,-7.5,0.3059,1982-2026
17.5,-5.0,0.3072,1982-2026
17.5,-2.5,0.2984,1982-2026
15.0,0.0,0.2761,1982-2026
15.0,2.5,0.3254,1982-2026
15.0,5.0,0.3168,1982-2026
15.0,7.5,0.2594,1982-2026
15.0,10.0,0.3257,1982-2026
15.0,12.5,0.3376,1982-2026
15.0,15.0,0.3982,1982-2026
15.0,17.5,0.5198,1982-2026
15.0,20.0,0.5252,1982-2026
15.0,22.5,0.3792,1982-2026
15.0,25.0,0.3048,1982-2026
15.0,27.5,0.3435,1982-2026
15.0,30.0,0.3489,1982-2026
15.0,32.5,0.3738,1982-2026
15.0,35.0,0.4065,1982-2026
15.0,37.5,0.3742,1982-2026
15.0,40.0,0.2479,1982-2026
15.0,42.5,0.1144,1982-2026
15.0,45.0,0.281,1982-2026
15.0,47.5,0.3921,1982-2026
15.0,50.0,0.2304,1982-2026
15.0,52.5,0.082,1982-2026
15.0,55.0,0.0774,1982-2026
15.0,57.5,0.0832,1982-2026
15.0,60.0,0.0708,1982-2026
15.0,62.5,0.0976,1982-2026
15.0,65.0,0.115,1982-2026
15.0,67.5,0.1316,1982-2026
15.0,70.0,0.1581,1982-2026
15.0,72.5,0.1715,1982-2026
15.0,75.0,0.1941,1982-2026
15.0,77.5,0.1573,1982-2026
15.0,80.0,0.123,1982-2026
15.0,82.5,0.0813,1982-2026
15.0,85.0,0.0745,1982-2026
15.0,87.5,0.099,1982-2026
15.0,90.0,0.1306,1982-2026
15.0,92.5,0.1503,1982-2026
15.0,95.0,0.1867,1982-2026
15.0,97.5,0.153,1982-2026
15.0,100.0,0.1163,1982-2026
15.0,102.5,0.0992,1982-2026
15.0,105.0,0.1915,1982-2026
15.0,107.5,0.2276,1982-2026
15.0,110.0,0.2036,1982-2026
15.0,112.5,0.1786,1982-2026
15.0,115.0,0.1866,1982-2026
15.0,117.5,0.2161,1982-2026
15.0,120.0,0.2458,1982-2026
15.0,122.5,0.1765,1982-2026
15.0,125.0,0.1911,1982-2026
15.0,127.5,0.1886,1982-2026
15.0,130.0,0.1923,1982-2026
15.0,132.5,0.2006,1982-2026
15.0,135.0,0.1956,1982-2026
15.0,137.5,0.2029,1982-2026
15.0,140.0,0.2081,1982-2026
15.0,142.5,0.1836,1982-2026
15.0,145.0,0.1837,1982-2026
15.0,147.5,0.1969,1982-2026
15.0,150.0,0.1948,1982-2026
15.0,152.5,0.1907,1982-2026
15.0,155.0,0.1951,1982-2026
15.0,157.5,0.1901,1982-2026
15.0,160.0,0.1961,1982-2026
15.0,162.5,0.1939,1982-2026
15.0,165.0,0.1957,1982-2026
15.0,167.5,0.1969,1982-2026
15.0,170.0,0.185,1982-2026
15.0,172.5,0.1777,1982-2026
15.0,175.0,0.1638,1982-2026
15.0,177.5,0.1681,1982-2026
15.0,180.0,0.1533,1982-2026
15.0,-177.5,0.1705,1982-2026
15.0,-175.0,0.1579,1982-2026
15.0,-172.5,0.1486,1982-2026
15.0,-170.0,0.1356,1982-2026
15.0,-167.5,0.1225,1982-2026
15.0,-165.0,0.1258,1982-2026
15.0,-162.5,0.1081,1982-2026
15.0,-160.0,0.1027,1982-2026
15.0,-157.5,0.0884,1982-2026
15.0,-155.0,0.0846,1982-2026
15.0,-152.5,0.0911,1982-2026
15.0,-150.0,0.0759,1982-2026
15.0,-147.5,0.082,1982-2026
15.0,-145.0,0.0797,1982-2026
15.0,-142.5,0.0752,1982-2026
15.0,-140.0,0.0553,1982-2026
15.0,-137.5,0.0641,1982-2026
15.0,-135.0,0.0671,1982-2026
15.0,-132.5,0.068,1982-2026
15.0,-130.0,0.0822,1982-2026
15.0,-127.5,0.0727,1982-2026
15.0,-125.0,0.0832,1982-2026
15.0,-122.5,0.0945,1982-2026
15.0,-120.0,0.1185,1982-2026
15.0,-117.5,0.1384,1982-2026
15.0,-115.0,0.1602,1982-2026
15.0,-112.5,0.1706,1982-2026
15.0,-110.0,0.1666,1982-2026
15.0,-107.5,0.1823,1982-2026
15.0,-105.0,0.2064,1982-2026
15.0,-102.5,0.2218,1982-2026
15.0,-100.0,0.2122,1982-2026
15.0,-97.5,0.2084,1982-2026
15.0,-95.0,0.063,1982-2026
15.0,-92.5,0.4476,1982-2026
15.0,-90.0,0.3444,1982-2026
15.0,-87.5,0.3047,1982-2026
15.0,-85.0,0.2689,1982-2026
15.0,-82.5,0.1905,1982-2026
15.0,-80.0,0.1803,1982-2026
15.0,-77.5,0.1852,1982-2026
15.0,-75.0,0.192,1982-2026
15.0,-72.5,0.196,1982-2026
15.0,-70.0,0.2008,1982-2026
15.0,-67.5,0.2114,1982-2026
15.0,-65.0,0.2095,1982-2026
15.0,-62.5,0.2079,1982-2026
15.0,-60.0,0.1957,1982-2026
15.0,-57.5,0.2002,1982-2026
15.0,-55.0,0.1843,1982-2026
15.0,-52.5,0.1816,1982-2026
15.0,-50.0,0.1831,1982-2026
15.0,-47.5,0.1807,1982-2026
15.0,-45.0,0.1642,1982-2026
15.0,-42.5,0.161,1982-2026
15.0,-40.0,0.1624,1982-2026
15.0,-37.5,0.1651,1982-2026
15.0,-35.0,0.1553,1982-2026
15.0,-32.5,0.1448,1982-2026
15.0,-30.0,0.1436,1982-2026
15.0,-27.5,0.1653,1982-2026
15.0,-25.0,0.17,1982-2026
15.0,-22.5,0.1661,1982-2026
15.0,-20.0,0.1876,1982-2026
15.0,-17.5,0.1242,1982-2026
15.0,-15.0,0.0561,1982-2026
15.0,-12.5,0.1523,1982-2026
15.0,-10.0,0.2012,1982-2026
15.0,-7.5,0.1614,1982-2026
15.0,-5.0,0.2166,1982-2026
15.0,-2.5,0.2093,1982-2026
12.5,0.0,0.2774,1982-2026
12.5,2.5,0.2094,1982-2026
12.5,5.0,0.2231,1982-2026
12.5,7.5,0.2152,1982-2026
12.5,10.0,0.0483,1982-2026
12.5,12.5,0.0002,1982-2026
12.5,15.0,0.159,1982-2026
12.5,17.5,0.3526,1982-2026
12.5,20.0,0.4762,1982-2026
12.5,22.5,0.4181,1982-2026
12.5,25.0,0.264,1982-2026
12.5,27.5,0.3447,1982-2026
12.5,30.0,0.3634,1982-2026
12.5,32.5,0.4386,1982-2026
12.5,35.0,0.5615,1982-2026
12.5,37.5,0.2523,1982-2026
12.5,40.0,0.3215,1982-2026
12.5,42.5,0.2166,1982-2026
12.5,45.0,0.1177,1982-2026
12.5,47.5,0.127,1982-2026
12.5,50.0,0.1167,1982-2026
12.5,52.5,0.0353,1982-2026
12.5,55.0,0.073,1982-2026
12.5,57.5,0.0541,1982-2026
12.5,60.0,0.0722,1982-2026
12.5,62.5,0.1084,1982-2026
12.5,65.0,0.1379,1982-2026
12.5,67.5,0.1374,1982-2026
12.5,70.0,0.1498,1982-2026
12.5,72.5,0.1729,1982-2026
12.5,75.0,0.1613,1982-2026
12.5,77.5,0.1924,1982-2026
12.5,80.0,0.1345,1982-2026
12.5,82.5,0.104,1982-2026
12.5,85.0,0.1243,1982-2026
12.5,87.5,0.14,1982-2026
12.5,90.0,0.1273,1982-2026
12.5,92.5,0.1584,1982-2026
12.5,95.0,0.1654,1982-2026
12.5,97.5,0.1622,1982-2026
12.5,100.0,0.1821,1982-2026
12.5,102.5,0.2993,1982-2026
12.5,105.0,0.2379,1982-2026
12.5,107.5,0.2007,1982-2026
12.5,110.0,0.1555,1982-2026
12.5,112.5,0.176,1982-2026
12.5,115.0,0.1883,1982-2026
12.5,117.5,0.1969,1982-2026
12.5,120.0,0.194,1982-2026
12.5,122.5,0.1587,1982-2026
12.5,125.0,0.2199,1982-2026
12.5,127.5,0.1763,1982-2026
12.5,130.0,0.1884,1982-2026
12.5,132.5,0.1873,1982-2026
12.5,135.0,0.1877,1982-2026
12.5,137.5,0.1841,1982-2026
12.5,140.0,0.191,1982-2026
12.5,142.5,0.1829,1982-2026
12.5,145.0,0.185,1982-2026
12.5,147.5,0.1942,1982-2026
12.5,150.0,0.1851,1982-2026
12.5,152.5,0.1892,1982-2026
12.5,155.0,0.1922,1982-2026
12.5,157.5,0.196,1982-2026
12.5,160.0,0.2011,1982-2026
12.5,162.5,0.2009,1982-2026
12.5,165.0,0.1985,1982-2026
12.5,167.5,0.1888,1982-2026
12.5,170.0,0.1851,1982-2026
12.5,172.5,0.1736,1982-2026
12.5,175.0,0.173,1982-2026
12.5,177.5,0.1607,1982-2026
12.5,180.0,0.1599,1982-2026
12.5,-177.5,0.1539,1982-2026
12.5,-175.0,0.1334,1982-2026
12.5,-172.5,0.1336,1982-2026
12.5,-170.0,0.1297,1982-2026
12.5,-167.5,0.1215,1982-2026
12.5,-165.0,0.1176,1982-2026
12.5,-162.5,0.1146,1982-2026
12.5,-160.0,0.1054,1982-2026
12.5,-157.5,0.0995,1982-2026
12.5,-155.0,0.097,1982-2026
12.5,-152.5,0.078,1982-2026
12.5,-150.0,0.0918,1982-2026
12.5,-147.5,0.1,1982-2026
12.5,-145.0,0.0963,1982-2026
12.5,-142.5,0.0788,1982-2026
12.5,-140.0,0.0719,1982-2026
12.5,-137.5,0.0781,1982-2026
12.5,-135.0,0.0803,1982-2026
12.5,-132.5,0.0914,1982-2026
12.5,-130.0,0.0934,1982-2026
12.5,-127.5,0.1067,1982-2026
12.5,-125.0,0.1091,1982-2026
12.5,-122.5,0.1189,1982-2026
12.5,-120.0,0.1463,1982-2026
12.5,-117.5,0.1453,1982-2026
12.5,-115.0,0.1615,1982-2026
12.5,-112.5,0.1674,1982-2026
12.5,-110.0,0.1747,1982-2026
12.5,-107.5,0.1843,1982-2026
12.5,-105.0,0.1967,1982-2026
12.5,-102.5,0.1945,1982-2026
12.5,-100.0,0.2003,1982-2026
12.5,-97.5,0.1552,1982-2026
12.5,-95.0,0.1344,1982-2026
12.5,-92.5,0.1983,1982-2026
12.5,-90.0,0.1841,1982-2026
12.5,-87.5,0.1953,1982-2026
12.5,-85.0,0.2162,1982-2026
12.5,-82.5,0.2042,1982-2026
12.5,-80.0,0.184,1982-2026
12.5,-77.5,0.1815,1982-2026
12.5,-75.0,0.1574,1982-2026
12.5,-72.5,0.1217,1982-2026
12.5,-70.0,0.1921,1982-2026
12.5,-67.5,0.2215,1982-2026
12.5,-65.0,0.2143,1982-2026
12.5,-62.5,0.23,1982-2026
12.5,-60.0,0.2014,1982-2026
12.5,-57.5,0.1998,1982-2026
12.5,-55.0,0.1971,1982-2026
12.5,-52.5,0.1899,1982-2026
12.5,-50.0,0.1861,1982-2026
12.5,-47.5,0.1752,1982-2026
12.5,-45.0,0.1718,1982-2026
12.5,-42.5,0.1714,1982-2026
12.5,-40.0,0.1565,1982-2026
12.5,-37.5,0.1591,1982-2026
12.5,-35.0,0.1517,1982-2026
12.5,-32.5,0.1531,1982-2026
12.5,-30.0,0.1474,1982-2026
12.5,-27.5,0.1452,1982-2026
12.5,-25.0,0.158,1982-2026
12.5,-22.5,0.1435,1982-2026
12.5,-20.0,0.1689,1982-2026
12.5,-17.5,0.1094,1982-2026
12.5,-15.0,0.1484,1982-2026
12.5,-12.5,0.2471,1982-2026
12.5,-10.0,0.3347,1982-2026
12.5,-7.5,0.2467,1982-2026
12.5,-5.0,0.1653,1982-2026
12.5,-2.5,0.207,1982-2026
10.0,0.0,0.2012,1982-2026
10.0,2.5,0.281,1982-2026
10.0,5.0,0.1596,1982-2026
10.0,7.5,0.2187,1982-2026
10.0,10.0,0.2192,1982-2026
10.0,12.5,0.2309,1982-2026
10.0,15.0,0.2552,1982-2026
10.0,17.5,0.3155,1982-2026
10.0,20.0,0.4854,1982-2026
10.0,22.5,0.5318,1982-2026
10.0,25.0,0.4655,1982-2026
10.0,27.5,0.4957,1982-2026
10.0,30.0,0.5437,1982-2026
10.0,32.5,0.5542,1982-2026
10.0,35.0,0.2969,1982-2026
10.0,37.5,0.3204,1982-2026
10.0,40.0,0.4041,1982-2026
10.0,42.5,0.266,1982-2026
10.0,45.0,0.257,1982-2026
10.0,47.5,0.27,1982-2026
10.0,50.0,0.2074,1982-2026
10.0,52.5,0.0643,1982-2026
10.0,55.0,0.0722,1982-2026
10.0,57.5,0.0788,1982-2026
10.0,60.0,0.0939,1982-2026
10.0,62.5,0.1158,1982-2026
10.0,65.0,0.1357,1982-2026
10.0,67.5,0.1538,1982-2026
10.0,70.0,0.1601,1982-2026
10.0,72.5,0.1677,1982-2026
10.0,75.0,0.1551,1982-2026
10.0,77.5,0.1429,1982-2026
10.0,80.0,0.0981,1982-2026
10.0,82.5,0.1177,1982-2026
10.0,85.0,0.107,1982-2026
10.0,87.5,0.1481,1982-2026
10.0,90.0,0.1426,1982-2026
10.0,92.5,0.1562,1982-2026
10.0,95.0,0.1568,1982-2026
10.0,97.5,0.1621,1982-2026
10.0,100.0,0.1474,1982-2026
10.0,102.5,0.1634,1982-2026
10.0,105.0,0.1705,1982-2026
10.0,107.5,0.1315,1982-2026
10.0,110.0,0.147,1982-2026
10.0,112.5,0.156,1982-2026
10.0,115.0,0.1642,1982-2026
10.0,117.5,0.1729,1982-2026
10.0,120.0,0.1741,1982-2026
10.0,122.5,0.1637,1982-2026
10.0,125.0,0.1722,1982-2026
10.0,127.5,0.1815,1982-2026
10.0,130.0,0.1841,1982-2026
10.0,132.5,0.1751,1982-2026
10.0,135.0,0.1799,1982-2026
10.0,137.5,0.1745,1982-2026
10.0,140.0,0.1946,1982-2026
10.0,142.5,0.1861,1982-2026
10.0,145.0,0.1825,1982-2026
10.0,147.5,0.19,1982-2026
10.0,150.0,0.1831,1982-2026
10.0,152.5,0.1878,1982-2026
10.0,155.0,0.1955,1982-2026
10.0,157.5,0.1967,1982-2026
10.0,160.0,0.2016,1982-2026
10.0,162.5,0.1867,1982-2026
10.0,165.0,0.1856,1982-2026
10.0,167.5,0.1866,1982-2026
10.0,170.0,0.1787,1982-2026
10.0,172.5,0.1666,1982-2026
10.0,175.0,0.1631,1982-2026
10.0,177.5,0.1576,1982-2026
10.0,180.0,0.1509,1982-2026
10.0,-177.5,0.1402,1982-2026
10.0,-175.0,0.1403,1982-2026
10.0,-172.5,0.1349,1982-2026
10.0,-170.0,0.1305,1982-2026
10.0,-167.5,0.1324,1982-2026
10.0,-165.0,0.1138,1982-2026
10.0,-162.5,0.116,1982-2026
10.0,-160.0,0.1056,1982-2026
10.0,-157.5,0.1028,1982-2026
10.0,-155.0,0.1208,1982-2026
10.0,-152.5,0.1083,1982-2026
10.0,-150.0,0.1103,1982-2026
10.0,-147.5,0.1124,1982-2026
10.0,-145.0,0.0886,1982-2026
10.0,-142.5,0.0933,1982-2026
10.0,-140.0,0.0893,1982-2026
10.0,-137.5,0.1003,1982-2026
10.0,-135.0,0.1019,1982-2026
10.0,-132.5,0.1073,1982-2026
10.0,-130.0,0.113,1982-2026
10.0,-127.5,0.1265,1982-2026
10.0,-125.0,0.139,1982-2026
10.0,-122.5,0.1535,1982-2026
10.0,-120.0,0.157,1982-2026
10.0,-117.5,0.1652,1982-2026
10.0,-115.0,0.1647,1982-2026
10.0,-112.5,0.1664,1982-2026
10.0,-110.0,0.1662,1982-2026
10.0,-107.5,0.169,1982-2026
10.0,-105.0,0.1637,1982-2026
10.0,-102.5,0.158,1982-2026
10.0,-100.0,0.1477,1982-2026
10.0,-97.5,0.152,1982-2026
10.0,-95.0,0.1697,1982-2026
10.0,-92.5,0.1662,1982-2026
10.0,-90.0,0.1367,1982-2026
10.0,-87.5,0.0882,1982-2026
10.0,-85.0,0.1479,1982-2026
10.0,-82.5,0.1847,1982-2026
10.0,-80.0,0.1909,1982-2026
10.0,-77.5,0.1938,1982-2026
10.0,-75.0,0.4565,1982-2026
10.0,-72.5,0.3691,1982-2026
10.0,-70.0,0.2759,1982-2026
10.0,-67.5,0.4842,1982-2026
10.0,-65.0,0.3546,1982-2026
10.0,-62.5,0.2827,1982-2026
10.0,-60.0,0.2418,1982-2026
10.0,-57.5,0.2116,1982-2026
10.0,-55.0,0.2141,1982-2026
10.0,-52.5,0.2053,1982-2026
10.0,-50.0,0.1938,1982-2026
10.0,-47.5,0.1942,1982-2026
10.0,-45.0,0.1812,1982-2026
10.0,-42.5,0.1833,1982-2026
10.0,-40.0,0.1868,1982-2026
10.0,-37.5,0.1817,1982-2026
10.0,-35.0,0.1741,1982-2026
10.0,-32.5,0.1697,1982-2026
10.0,-30.0,0.1628,1982-2026
10.0,-27.5,0.1524,1982-2026
10.0,-25.0,0.1544,1982-2026
10.0,-22.5,0.1584,1982-2026
10.0,-20.0,0.1825,1982-2026
10.0,-17.5,0.1574,1982-2026
10.0,-15.0,0.1566,1982-2026
10.0,-12.5,0.1623,1982-2026
10.0,-10.0,0.2187,1982-2026
10.0,-7.5,0.2254,1982-2026
10.0,-5.0,0.1987,1982-2026
10.0,-2.5,0.2508,1982-2026
7.5,0.0,0.2686,1982-2026
7.5,2.5,0.3155,1982-2026
7.5,5.0,0.3332,1982-2026
7.5,7.5,0.2894,1982-2026
7.5,10.0,0.28,1982-2026
7.5,12.5,0.2841,1982-2026
7.5,15.0,0.2309,1982-2026
7.5,17.5,0.2525,1982-2026
7.5,20.0,0.3329,1982-2026
7.5,22.5,0.372,1982-2026
7.5,25.0,0.4364,1982-2026
7.5,27.5,0.523,1982-2026
7.5,30.0,0.5976,1982-2026
7.5,32.5,0.5097,1982-2026
7.5,35.0,0.2266,1982-2026
7.5,37.5,0.2716,1982-2026
7.5,40.0,0.3916,1982-2026
7.5,42.5,0.2547,1982-2026
7.5,45.0,0.2355,1982-2026
7.5,47.5,0.1845,1982-2026
7.5,50.0,0.1201,1982-2026
7.5,52.5,0.1231,1982-2026
7.5,55.0,0.0898,1982-2026
7.5,57.5,0.102,1982-2026
7.5,60.0,0.1343,1982-2026
7.5,62.5,0.1519,1982-2026
7.5,65.0,0.1685,1982-2026
7.5,67.5,0.1796,1982-2026
7.5,70.0,0.176,1982-2026
7.5,72.5,0.1745,1982-2026
7.5,75.0,0.1602,1982-2026
7.5,77.5,0.1135,1982-2026
7.5,80.0,0.1864,1982-2026
7.5,82.5,0.1257,1982-2026
7.5,85.0,0.1433,1982-2026
7.5,87.5,0.1575,1982-2026
7.5,90.0,0.164,1982-2026
7.5,92.5,0.1693,1982-2026
7.5,95.0,0.1746,1982-2026
7.5,97.5,0.1768,1982-2026
7.5,100.0,0.2405,1982-2026
7.5,102.5,0.1468,1982-2026
7.5,105.0,0.1294,1982-2026
7.5,107.5,0.1281,1982-2026
7.5,110.0,0.142,1982-2026
7.5,112.5,0.1459,1982-2026
7.5,115.0,0.1546,1982-2026
7.5,117.5,0.1598,1982-2026
7.5,120.0,0.1633,1982-2026
7.5,122.5,0.2214,1982-2026
7.5,125.0,0.2745,1982-2026
7.5,127.5,0.1774,1982-2026
7.5,130.0,0.1751,1982-2026
7.5,132.5,0.1642,1982-2026
7.5,135.0,0.166,1982-2026
7.5,137.5,0.1756,1982-2026
7.5,140.0,0.1692,1982-2026
7.5,142.5,0.1826,1982-2026
7.5,145.0,0.1792,1982-2026
7.5,147.5,0.1778,1982-2026
7.5,150.0,0.1721,1982-2026
7.5,152.5,0.1702,1982-2026
7.5,155.0,0.1822,1982-2026
7.5,157.5,0.1757,1982-2026
7.5,160.0,0.1793,1982-2026
7.5,162.5,0.1697,1982-2026
7.5,165.0,0.1652,1982-2026
7.5,167.5,0.1611,1982-2026
7.5,170.0,0.1523,1982-2026
7.5,172.5,0.1493,1982-2026
7.5,175.0,0.143,1982-2026
7.5,177.5,0.136,1982-2026
7.5,180.0,0.1259,1982-2026
7.5,-177.5,0.1188,1982-2026
7.5,-175.0,0.1131,1982-2026
7.5,-172.5,0.1099,1982-2026
7.5,-170.0,0.1204,1982-2026
7.5,-167.5,0.1114,1982-2026
7.5,-165.0,0.111,1982-2026
7.5,-162.5,0.1016,1982-2026
7.5,-160.0,0.1156,1982-2026
7.5,-157.5,0.1144,1982-2026
7.5,-155.0,0.1095,1982-2026
7.5,-152.5,0.1056,1982-2026
7.5,-150.0,0.1155,1982-2026
7.5,-147.5,0.0929,1982-2026
7.5,-145.0,0.0955,1982-2026
7.5,-142.5,0.0969,1982-2026
7.5,-140.0,0.1064,1982-2026
7.5,-137.5,0.1157,1982-2026
7.5,-135.0,0.1097,1982-2026
7.5,-132.5,0.1119,1982-2026
7.5,-130.0,0.1121,1982-2026
7.5,-127.5,0.1193,1982-2026
7.5,-125.0,0.1235,1982-2026
7.5,-122.5,0.137,1982-2026
7.5,-120.0,0.1372,1982-2026
7.5,-117.5,0.1374,1982-2026
7.5,-115.0,0.1408,1982-2026
7.5,-112.5,0.143,1982-2026
7.5,-110.0,0.1484,1982-2026
7.5,-107.5,0.1477,1982-2026
7.5,-105.0,0.1485,1982-2026
7.5,-102.5,0.1489,1982-2026
7.5,-100.0,0.1522,1982-2026
7.5,-97.5,0.1564,1982-2026
7.5,-95.0,0.1478,1982-2026
7.5,-92.5,0.1387,1982-2026
7.5,-90.0,0.1384,1982-2026
7.5,-87.5,0.154,1982-2026
7.5,-85.0,0.1558,1982-2026
7.5,-82.5,0.1493,1982-2026
7.5,-80.0,0.209,1982-2026
7.5,-77.5,0.4555,1982-2026
7.5,-75.0,0.5202,1982-2026
7.5,-72.5,0.2212,1982-2026
7.5,-70.0,0.3193,1982-2026
7.5,-67.5,0.4186,1982-2026
7.5,-65.0,0.3485,1982-2026
7.5,-62.5,0.1911,1982-2026
7.5,-60.0,0.2895,1982-2026
7.5,-57.5,0.2127,1982-2026
7.5,-55.0,0.1972,1982-2026
7.5,-52.5,0.2009,1982-2026
7.5,-50.0,0.203,1982-2026
7.5,-47.5,0.1877,1982-2026
7.5,-45.0,0.1913,1982-2026
7.5,-42.5,0.1889,1982-2026
7.5,-40.0,0.1862,1982-2026
7.5,-37.5,0.1749,1982-2026
7.5,-35.0,0.1801,1982-2026
7.5,-32.5,0.1657,1982-2026
7.5,-30.0,0.1657,1982-2026
7.5,-27.5,0.1691,1982-2026
7.5,-25.0,0.1619,1982-2026
7.5,-22.5,0.1721,1982-2026
7.5,-20.0,0.1877,1982-2026
7.5,-17.5,0.1921,1982-2026
7.5,-15.0,0.1609,1982-2026
7.5,-12.5,0.1692,1982-2026
7.5,-10.0,0.2186,1982-2026
7.5,-7.5,0.2056,1982-2026
7.5,-5.0,0.2245,1982-2026
7.5,-2.5,0.289,1982-2026
5.0,0.0,0.1619,1982-2026
5.0,2.5,0.1699,1982-2026
5.0,5.0,0.1671,1982-2026
5.0,7.5,0.3552,1982-2026
5.0,10.0,0.3153,1982-2026
5.0,12.5,0.3339,1982-2026
5.0,15.0,0.2177,1982-2026
5.0,17.5,0.2162,1982-2026
5.0,20.0,0.3162,1982-2026
5.0,22.5,0.445,1982-2026
5.0,25.0,0.5554,1982-2026
5.0,27.5,0.4264,1982-2026
5.0,30.0,0.3516,1982-2026
5.0,32.5,0.436,1982-2026
5.0,35.0,0.2446,1982-2026
5.0,37.5,0.3116,1982-2026
5.0,40.0,0.3865,1982-2026
5.0,42.5,0.2292,1982-2026
5.0,45.0,0.1652,1982-2026
5.0,47.5,0.168,1982-2026
5.0,50.0,0.1422,1982-2026
5.0,52.5,0.1369,1982-2026
5.0,55.0,0.1214,1982-2026
5.0,57.5,0.1324,1982-2026
5.0,60.0,0.1512,1982-2026
5.0,62.5,0.1639,1982-2026
5.0,65.0,0.1764,1982-2026
5.0,67.5,0.1826,1982-2026
5.0,70.0,0.1893,1982-2026
5.0,72.5,0.1899,1982-2026
5.0,75.0,0.1709,1982-2026
5.0,77.5,0.1616,1982-2026
5.0,80.0,0.1559,1982-2026
5.0,82.5,0.1702,1982-2026
5.0,85.0,0.1719,1982-2026
5.0,87.5,0.1855,1982-2026
5.0,90.0,0.1948,1982-2026
5.0,92.5,0.1921,1982-2026
5.0,95.0,0.1802,1982-2026
5.0,97.5,0.2673,1982-2026
5.0,100.0,0.1594,1982-2026
5.0,102.5,0.2702,1982-2026
5.0,105.0,0.145,1982-2026
5.0,107.5,0.141,1982-2026
5.0,110.0,0.1319,1982-2026
5.0,112.5,0.1453,1982-2026
5.0,115.0,0.2221,1982-2026
5.0,117.5,0.2643,1982-2026
5.0,120.0,0.1686,1982-2026
5.0,122.5,0.1783,1982-2026
5.0,125.0,0.1766,1982-2026
5.0,127.5,0.1627,1982-2026
5.0,130.0,0.1748,1982-2026
5.0,132.5,0.1767,1982-2026
5.0,135.0,0.171,1982-2026
5.0,137.5,0.1698,1982-2026
5.0,140.0,0.1736,1982-2026
5.0,142.5,0.1919,1982-2026
5.0,145.0,0.1839,1982-2026
5.0,147.5,0.1827,1982-2026
5.0,150.0,0.1811,1982-2026
5.0,152.5,0.1742,1982-2026
5.0,155.0,0.1747,1982-2026
5.0,157.5,0.179,1982-2026
5.0,160.0,0.164,1982-2026
5.0,162.5,0.1566,1982-2026
5.0,165.0,0.1537,1982-2026
5.0,167.5,0.1469,1982-2026
5.0,170.0,0.142,1982-2026
5.0,172.5,0.1373,1982-2026
5.0,175.0,0.122,1982-2026
5.0,177.5,0.1152,1982-2026
5.0,180.0,0.1119,1982-2026
5.0,-177.5,0.1096,1982-2026
5.0,-175.0,0.1043,1982-2026
5.0,-172.5,0.1218,1982-2026
5.0,-170.0,0.1267,1982-2026
5.0,-167.5,0.1065,1982-2026
5.0,-165.0,0.1088,1982-2026
5.0,-162.5,0.1013,1982-2026
5.0,-160.0,0.1031,1982-2026
5.0,-157.5,0.0937,1982-2026
5.0,-155.0,0.0908,1982-2026
5.0,-152.5,0.1026,1982-2026
5.0,-150.0,0.1003,1982-2026
5.0,-147.5,0.0767,1982-2026
5.0,-145.0,0.0759,1982-2026
5.0,-142.5,0.0806,1982-2026
5.0,-140.0,0.0781,1982-2026
5.0,-137.5,0.0728,1982-2026
5.0,-135.0,0.0545,1982-2026
5.0,-132.5,0.0664,1982-2026
5.0,-130.0,0.0751,1982-2026
5.0,-127.5,0.0742,1982-2026
5.0,-125.0,0.0819,1982-2026
5.0,-122.5,0.0895,1982-2026
5.0,-120.0,0.0938,1982-2026
5.0,-117.5,0.0968,1982-2026
5.0,-115.0,0.1023,1982-2026
5.0,-112.5,0.1074,1982-2026
5.0,-110.0,0.1068,1982-2026
5.0,-107.5,0.1119,1982-2026
5.0,-105.0,0.1197,1982-2026
5.0,-102.5,0.1306,1982-2026
5.0,-100.0,0.1301,1982-2026
5.0,-97.5,0.1261,1982-2026
5.0,-95.0,0.1266,1982-2026
5.0,-92.5,0.1311,1982-2026
5.0,-90.0,0.1335,1982-2026
5.0,-87.5,0.1386,1982-2026
5.0,-85.0,0.1433,1982-2026
5.0,-82.5,0.139,1982-2026
5.0,-80.0,0.1371,1982-2026
5.0,-77.5,0.2853,1982-2026
5.0,-75.0,0.4279,1982-2026
5.0,-72.5,0.3529,1982-2026
5.0,-70.0,0.2369,1982-2026
5.0,-67.5,0.2381,1982-2026
5.0,-65.0,0.228,1982-2026
5.0,-62.5,0.2393,1982-2026
5.0,-60.0,0.1556,1982-2026
5.0,-57.5,0.206,1982-2026
5.0,-55.0,0.1839,1982-2026
5.0,-52.5,0.2292,1982-2026
5.0,-50.0,0.1988,1982-2026
5.0,-47.5,0.1871,1982-2026
5.0,-45.0,0.1935,1982-2026
5.0,-42.5,0.1857,1982-2026
5.0,-40.0,0.1766,1982-2026
5.0,-37.5,0.1696,1982-2026
5.0,-35.0,0.1716,1982-2026
5.0,-32.5,0.1626,1982-2026
5.0,-30.0,0.1557,1982-2026
5.0,-27.5,0.1609,1982-2026
5.0,-25.0,0.1563,1982-2026
5.0,-22.5,0.1644,1982-2026
5.0,-20.0,0.1571,1982-2026
5.0,-17.5,0.1497,1982-2026
5.0,-15.0,0.1497,1982-2026
5.0,-12.5,0.1524,1982-2026
5.0,-10.0,0.1466,1982-2026
5.0,-7.5,0.1778,1982-2026
5.0,-5.0,0.1532,1982-2026
5.0,-2.5,0.2062,1982-2026
2.5,0.0,0.1424,1982-2026
2.5,2.5,0.1466,1982-2026
2.5,5.0,0.1542,1982-2026
2.5,7.5,0.1611,1982-2026
2.5,10.0,0.2823,1982-2026
2.5,12.5,0.3741,1982-2026
2.5,15.0,0.3397,1982-2026
2.5,17.5,0.2947,1982-2026
2.5,20.0,0.2957,1982-2026
2.5,22.5,0.4547,1982-2026
2.5,25.0,0.4984,1982-2026
2.5,27.5,0.3464,1982-2026
2.5,30.0,0.2858,1982-2026
2.5,32.5,0.2949,1982-2026
2.5,35.0,0.1895,1982-2026
2.5,37.5,0.3247,1982-2026
2.5,40.0,0.3876,1982-2026
2.5,42.5,0.1833,1982-2026
2.5,45.0,0.1698,1982-2026
2.5,47.5,0.1265,1982-2026
2.5,50.0,0.1454,1982-2026
2.5,52.5,0.1356,1982-2026
2.5,55.0,0.1506,1982-2026
2.5,57.5,0.1485,1982-2026
2.5,60.0,0.1635,1982-2026
2.5,62.5,0.1777,1982-2026
2.5,65.0,0.1943,1982-2026
2.5,67.5,0.2075,1982-2026
2.5,70.0,0.2122,1982-2026
2.5,72.5,0.1976,1982-2026
2.5,75.0,0.2044,1982-2026
2.5,77.5,0.2014,1982-2026
2.5,80.0,0.2013,1982-2026
2.5,82.5,0.2024,1982-2026
2.5,85.0,0.203,1982-2026
2.5,87.5,0.2006,1982-2026
2.5,90.0,0.1994,1982-2026
2.5,92.5,0.1993,1982-2026
2.5,95.0,0.1838,1982-2026
2.5,97.5,0.1451,1982-2026
2.5,100.0,0.2794,1982-2026
2.5,102.5,0.3401,1982-2026
2.5,105.0,0.1464,1982-2026
2.5,107.5,0.1538,1982-2026
2.5,110.0,0.1594,1982-2026
2.5,112.5,0.2222,1982-2026
2.5,115.0,0.2517,1982-2026
2.5,117.5,0.3218,1982-2026
2.5,120.0,0.1931,1982-2026
2.5,122.5,0.2011,1982-2026
2.5,125.0,0.1861,1982-2026
2.5,127.5,0.1759,1982-2026
2.5,130.0,0.1817,1982-2026
2.5,132.5,0.1827,1982-2026
2.5,135.0,0.184,1982-2026
2.5,137.5,0.1892,1982-2026
2.5,140.0,0.1827,1982-2026
2.5,142.5,0.2008,1982-2026
2.5,145.0,0.2033,1982-2026
2.5,147.5,0.1972,1982-2026
2.5,150.0,0.2,1982-2026
2.5,152.5,0.2039,1982-2026
2.5,155.0,0.201,1982-2026
2.5,157.5,0.205,1982-2026
2.5,160.0,0.1913,1982-2026
2.5,162.5,0.1836,1982-2026
2.5,165.0,0.1813,1982-2026
2.5,167.5,0.1748,1982-2026
2.5,170.0,0.1625,1982-2026
2.5,172.5,0.1576,1982-2026
2.5,175.0,0.1508,1982-2026
2.5,177.5,0.1467,1982-2026
2.5,180.0,0.1329,1982-2026
2.5,-177.5,0.125,1982-2026
2.5,-175.0,0.121,1982-2026
2.5,-172.5,0.1212,1982-2026
2.5,-170.0,0.1102,1982-2026
2.5,-167.5,0.1049,1982-2026
2.5,-165.0,0.1095,1982-2026
2.5,-162.5,0.0976,1982-2026
2.5,-160.0,0.0876,1982-2026
2.5,-157.5,0.081,1982-2026
2.5,-155.0,0.0899,1982-2026
2.5,-152.5,0.0658,1982-2026
2.5,-150.0,0.0529,1982-2026
2.5,-147.5,0.0378,1982-2026
2.5,-145.0,0.0453,1982-2026
2.5,-142.5,0.0521,1982-2026
2.5,-140.0,0.0439,1982-2026
2.5,-137.5,0.0412,1982-2026
2.5,-135.0,0.0301,1982-2026
2.5,-132.5,0.0409,1982-2026
2.5,-130.0,0.0546,1982-2026
2.5,-127.5,0.0353,1982-2026
2.5,-125.0,0.0419,1982-2026
2.5,-122.5,0.0594,1982-2026
2.5,-120.0,0.0693,1982-2026
2.5,-117.5,0.0672,1982-2026
2.5,-115.0,0.0689,1982-2026
2.5,-112.5,0.0764,1982-2026
2.5,-110.0,0.0743,1982-2026
2.5,-107.5,0.0893,1982-2026
2.5,-105.0,0.0851,1982-2026
2.5,-102.5,0.0934,1982-2026
2.5,-100.0,0.0888,1982-2026
2.5,-97.5,0.0774,1982-2026
2.5,-95.0,0.0886,1982-2026
2.5,-92.5,0.0848,1982-2026
2.5,-90.0,0.0927,1982-2026
2.5,-87.5,0.1102,1982-2026
2.5,-85.0,0.1097,1982-2026
2.5,-82.5,0.1299,1982-2026
2.5,-80.0,0.1647,1982-2026
2.5,-77.5,0.3299,1982-2026
2.5,-75.0,0.254,1982-2026
2.5,-72.5,0.2459,1982-2026
2.5,-70.0,0.1918,1982-2026
2.5,-67.5,0.2506,1982-2026
2.5,-65.0,0.2732,1982-2026
2.5,-62.5,0.3501,1982-2026
2.5,-60.0,0.2113,1982-2026
2.5,-57.5,0.1623,1982-2026
2.5,-55.0,0.1606,1982-2026
2.5,-52.5,0.2878,1982-2026
2.5,-50.0,0.2049,1982-2026
2.5,-47.5,0.1883,1982-2026
2.5,-45.0,0.2068,1982-2026
2.5,-42.5,0.2,1982-2026
2.5,-40.0,0.189,1982-2026
2.5,-37.5,0.185,1982-2026
2.5,-35.0,0.1719,1982-2026
2.5,-32.5,0.1527,1982-2026
2.5,-30.0,0.1437,1982-2026
2.5,-27.5,0.1452,1982-2026
2.5,-25.0,0.1358,1982-2026
2.5,-22.5,0.1388,1982-2026
2.5,-20.0,0.1376,1982-2026
2.5,-17.5,0.1348,1982-2026
2.5,-15.0,0.1289,1982-2026
2.5,-12.5,0.1322,1982-2026
2.5,-10.0,0.1415,1982-2026
2.5,-7.5,0.1365,1982-2026
2.5,-5.0,0.1319,1982-2026
2.5,-2.5,0.1492,1982-2026
0.0,0.0,0.1215,1982-2026
0.0,2.5,0.1424,1982-2026
0.0,5.0,0.1468,1982-2026
0.0,7.5,0.1501,1982-2026
0.0,10.0,0.3313,1982-2026
0.0,12.5,0.3438,1982-2026
0.0,15.0,0.342,1982-2026
0.0,17.5,0.3022,1982-2026
0.0,20.0,0.3548,1982-2026
0.0,22.5,0.429,1982-2026
0.0,25.0,0.408,1982-2026
0.0,27.5,0.3727,1982-2026
0.0,30.0,0.3346,1982-2026
0.0,32.5,0.2528,1982-2026
0.0,35.0,0.308,1982-2026
0.0,37.5,0.2391,1982-2026
0.0,40.0,0.2368,1982-2026
0.0,42.5,0.1984,1982-2026
0.0,45.0,0.1392,1982-2026
0.0,47.5,0.1394,1982-2026
0.0,50.0,0.1441,1982-2026
0.0,52.5,0.153,1982-2026
0.0,55.0,0.1498,1982-2026
0.0,57.5,0.1604,1982-2026
0.0,60.0,0.1702,1982-2026
0.0,62.5,0.1862,1982-2026
0.0,65.0,0.1997,1982-2026
0.0,67.5,0.2124,1982-2026
0.0,70.0,0.2147,1982-2026
0.0,72.5,0.216,1982-2026
0.0,75.0,0.2229,1982-2026
0.0,77.5,0.2203,1982-2026
0.0,80.0,0.2085,1982-2026
0.0,82.5,0.2096,1982-2026
0.0,85.0,0.2126,1982-2026
0.0,87.5,0.2013,1982-2026
0.0,90.0,0.2026,1982-2026
0.0,92.5,0.1971,1982-2026
0.0,95.0,0.1944,1982-2026
0.0,97.5,0.1682,1982-2026
0.0,100.0,0.2271,1982-2026
0.0,102.5,0.3005,1982-2026
0.0,105.0,0.164,1982-2026
0.0,107.5,0.175,1982-2026
0.0,110.0,0.2232,1982-2026
0.0,112.5,0.2607,1982-2026
0.0,115.0,0.3139,1982-2026
0.0,117.5,0.2184,1982-2026
0.0,120.0,0.2033,1982-2026
0.0,122.5,0.1822,1982-2026
0.0,125.0,0.2144,1982-2026
0.0,127.5,0.1774,1982-2026
0.0,130.0,0.1829,1982-2026
0.0,132.5,0.169,1982-2026
0.0,135.0,0.1812,1982-2026
0.0,137.5,0.1814,1982-2026
0.0,140.0,0.1896,1982-2026
0.0,142.5,0.1922,1982-2026
0.0,145.0,0.2132,1982-2026
0.0,147.5,0.2088,1982-2026
0.0,150.0,0.2123,1982-2026
0.0,152.5,0.2178,1982-2026
0.0,155.0,0.2126,1982-2026
0.0,157.5,0.211,1982-2026
0.0,160.0,0.2009,1982-2026
0.0,162.5,0.1949,1982-2026
0.0,165.0,0.1842,1982-2026
0.0,167.5,0.1783,1982-2026
0.0,170.0,0.1743,1982-2026
0.0,172.5,0.1707,1982-2026
0.0,175.0,0.1571,1982-2026
0.0,177.5,0.1379,1982-2026
0.0,180.0,0.1324,1982-2026
0.0,-177.5,0.1202,1982-2026
0.0,-175.0,0.1113,1982-2026
0.0,-172.5,0.1041,1982-2026
0.0,-170.0,0.0904,1982-2026
0.0,-167.5,0.0747,1982-2026
0.0,-165.0,0.0779,1982-2026
0.0,-162.5,0.0741,1982-2026
0.0,-160.0,0.0655,1982-2026
0.0,-157.5,0.0695,1982-2026
0.0,-155.0,0.0526,1982-2026
0.0,-152.5,0.0484,1982-2026
0.0,-150.0,0.0335,1982-2026
0.0,-147.5,0.0327,1982-2026
0.0,-145.0,0.0299,1982-2026
0.0,-142.5,0.0287,1982-2026
0.0,-140.0,0.031,1982-2026
0.0,-137.5,0.0203,1982-2026
0.0,-135.0,0.0181,1982-2026
0.0,-132.5,0.0392,1982-2026
0.0,-130.0,0.0091,1982-2026
0.0,-127.5,0.0134,1982-2026
0.0,-125.0,0.0184,1982-2026
0.0,-122.5,0.0198,1982-2026
0.0,-120.0,0.0295,1982-2026
0.0,-117.5,0.0285,1982-2026
0.0,-115.0,0.0264,1982-2026
0.0,-112.5,0.0136,1982-2026
0.0,-110.0,0.0402,1982-2026
0.0,-107.5,0.0432,1982-2026
0.0,-105.0,0.0242,1982-2026
0.0,-102.5,0.0116,1982-2026
0.0,-100.0,0.0129,1982-2026
0.0,-97.5,0.0077,1982-2026
0.0,-95.0,0.0084,1982-2026
0.0,-92.5,-0.0458,1982-2026
0.0,-90.0,0.0371,1982-2026
0.0,-87.5,0.0622,1982-2026
0.0,-85.0,0.0598,1982-2026
0.0,-82.5,0.121,1982-2026
0.0,-80.0,0.2879,1982-2026
0.0,-77.5,0.2492,1982-2026
0.0,-75.0,0.2641,1982-2026
0.0,-72.5,0.2014,1982-2026
0.0,-70.0,0.1857,1982-2026
0.0,-67.5,0.22,1982-2026
0.0,-65.0,0.2803,1982-2026
0.0,-62.5,0.3054,1982-2026
0.0,-60.0,0.2565,1982-2026
0.0,-57.5,0.1957,1982-2026
0.0,-55.0,0.0744,1982-2026
0.0,-52.5,0.2017,1982-2026
0.0,-50.0,0.2567,1982-2026
0.0,-47.5,0.198,1982-2026
0.0,-45.0,0.1951,1982-2026
0.0,-42.5,0.1939,1982-2026
0.0,-40.0,0.1764,1982-2026
0.0,-37.5,0.1779,1982-2026
0.0,-35.0,0.1713,1982-2026
0.0,-32.5,0.1523,1982-2026
0.0,-30.0,0.1368,1982-2026
0.0,-27.5,0.1361,1982-2026
0.0,-25.0,0.1314,1982-2026
0.0,-22.5,0.1208,1982-2026
0.0,-20.0,0.1352,1982-2026
0.0,-17.5,0.1405,1982-2026
0.0,-15.0,0.1209,1982-2026
0.0,-12.5,0.134,1982-2026
0.0,-10.0,0.1059,1982-2026
0.0,-7.5,0.1207,1982-2026
0.0,-5.0,0.1221,1982-2026
0.0,-2.5,0.1262,1982-2026
-2.5,0.0,0.1308,1982-2026
-2.5,2.5,0.1182,1982-2026
-2.5,5.0,0.1278,1982-2026
-2.5,7.5,0.1416,1982-2026
-2.5,10.0,0.2599,1982-2026
-2.5,12.5,0.3057,1982-2026
-2.5,15.0,0.2714,1982-2026
-2.5,17.5,0.3454,1982-2026
-2.5,20.0,0.4012,1982-2026
-2.5,22.5,0.4399,1982-2026
-2.5,25.0,0.5015,1982-2026
-2.5,27.5,0.4877,1982-2026
-2.5,30.0,0.3237,1982-2026
-2.5,32.5,0.2326,1982-2026
-2.5,35.0,0.2342,1982-2026
-2.5,37.5,0.3076,1982-2026
-2.5,40.0,0.2256,1982-2026
-2.5,42.5,0.1566,1982-2026
-2.5,45.0,0.1491,1982-2026
-2.5,47.5,0.1546,1982-2026
-2.5,50.0,0.1616,1982-2026
-2.5,52.5,0.1579,1982-2026
-2.5,55.0,0.1516,1982-2026
-2.5,57.5,0.1535,1982-2026
-2.5,60.0,0.168,1982-2026
-2.5,62.5,0.1771,1982-2026
-2.5,65.0,0.1836,1982-2026
-2.5,67.5,0.1911,1982-2026
-2.5,70.0,0.2011,1982-2026
-2.5,72.5,0.2072,1982-2026
-2.5,75.0,0.2071,1982-2026
-2.5,77.5,0.2142,1982-2026
-2.5,80.0,0.2135,1982-2026
-2.5,82.5,0.2158,1982-2026
-2.5,85.0,0.204,1982-2026
-2.5,87.5,0.1958,1982-2026
-2.5,90.0,0.1938,1982-2026
-2.5,92.5,0.1933,1982-2026
-2.5,95.0,0.1877,1982-2026
-2.5,97.5,0.1755,1982-2026
-2.5,100.0,0.1765,1982-2026
-2.5,102.5,0.2754,1982-2026
-2.5,105.0,0.2531,1982-2026
-2.5,107.5,0.17,1982-2026
-2.5,110.0,0.1721,1982-2026
-2.5,112.5,0.2569,1982-2026
-2.5,115.0,0.3031,1982-2026
-2.5,117.5,0.1928,1982-2026
-2.5,120.0,0.3593,1982-2026
-2.5,122.5,0.181,1982-2026
-2.5,125.0,0.1964,1982-2026
-2.5,127.5,0.1992,1982-2026
-2.5,130.0,0.1726,1982-2026
-2.5,132.5,0.1704,1982-2026
-2.5,135.0,0.1679,1982-2026
-2.5,137.5,0.413,1982-2026
-2.5,140.0,0.4307,1982-2026
-2.5,142.5,0.1728,1982-2026
-2.5,145.0,0.158,1982-2026
-2.5,147.5,0.1779,1982-2026
-2.5,150.0,0.183,1982-2026
-2.5,152.5,0.1868,1982-2026
-2.5,155.0,0.2138,1982-2026
-2.5,157.5,0.2079,1982-2026
-2.5,160.0,0.2058,1982-2026
-2.5,162.5,0.2116,1982-2026
-2.5,165.0,0.2089,1982-2026
-2.5,167.5,0.2083,1982-2026
-2.5,170.0,0.2039,1982-2026
-2.5,172.5,0.1939,1982-2026
-2.5,175.0,0.178,1982-2026
-2.5,177.5,0.1557,1982-2026
-2.5,180.0,0.1534,1982-2026
-2.5,-177.5,0.1402,1982-2026
-2.5,-175.0,0.128,1982-2026
-2.5,-172.5,0.1156,1982-2026
-2.5,-170.0,0.1108,1982-2026
-2.5,-167.5,0.1053,1982-2026
-2.5,-165.0,0.1005,1982-2026
-2.5,-162.5,0.0988,1982-2026
-2.5,-160.0,0.0828,1982-2026
-2.5,-157.5,0.0728,1982-2026
-2.5,-155.0,0.0591,1982-2026
-2.5,-152.5,0.0546,1982-2026
-2.5,-150.0,0.0471,1982-2026
-2.5,-147.5,0.0649,1982-2026
-2.5,-145.0,0.045,1982-2026
-2.5,-142.5,0.0432,1982-2026
-2.5,-140.0,0.0352,1982-2026
-2.5,-137.5,0.0269,1982-2026
-2.5,-135.0,0.0149,1982-2026
-2.5,-132.5,0.0126,1982-2026
-2.5,-130.0,0.0254,1982-2026
-2.5,-127.5,0.0288,1982-2026
-2.5,-125.0,0.0337,1982-2026
-2.5,-122.5,0.0393,1982-2026
-2.5,-120.0,0.0408,1982-2026
-2.5,-117.5,0.036,1982-2026
-2.5,-115.0,0.0333,1982-2026
-2.5,-112.5,0.0276,1982-2026
-2.5,-110.0,0.0176,1982-2026
-2.5,-107.5,0.0253,1982-2026
-2.5,-105.0,0.0154,1982-2026
-2.5,-102.5,0.0103,1982-2026
-2.5,-100.0,0.0173,1982-2026
-2.5,-97.5,0.0179,1982-2026
-2.5,-95.0,0.0062,1982-2026
-2.5,-92.5,0.0145,1982-2026
-2.5,-90.0,0.0036,1982-2026
-2.5,-87.5,-0.0065,1982-2026
-2.5,-85.0,-0.0426,1982-2026
-2.5,-82.5,0.0025,1982-2026
-2.5,-80.0,0.2295,1982-2026
-2.5,-77.5,0.3511,1982-2026
-2.5,-75.0,0.2466,1982-2026
-2.5,-72.5,0.1759,1982-2026
-2.5,-70.0,0.1525,1982-2026
-2.5,-67.5,0.2122,1982-2026
-2.5,-65.0,0.2619,1982-2026
-2.5,-62.5,0.2164,1982-2026
-2.5,-60.0,0.208,1982-2026
-2.5,-57.5,0.2248,1982-2026
-2.5,-55.0,0.2079,1982-2026
-2.5,-52.5,0.2246,1982-2026
-2.5,-50.0,0.2543,1982-2026
-2.5,-47.5,0.2729,1982-2026
-2.5,-45.0,0.2156,1982-2026
-2.5,-42.5,0.2018,1982-2026
-2.5,-40.0,0.2005,1982-2026
-2.5,-37.5,0.1787,1982-2026
-2.5,-35.0,0.1742,1982-2026
-2.5,-32.5,0.1526,1982-2026
-2.5,-30.0,0.1481,1982-2026
-2.5,-27.5,0.1518,1982-2026
-2.5,-25.0,0.139,1982-2026
-2.5,-22.5,0.1458,1982-2026
-2.5,-20.0,0.1609,1982-2026
-2.5,-17.5,0.1733,1982-2026
-2.5,-15.0,0.191,1982-2026
-2.5,-12.5,0.1904,1982-2026
-2.5,-10.0,0.167,1982-2026
-2.5,-7.5,0.1436,1982-2026
-2.5,-5.0,0.1383,1982-2026
-2.5,-2.5,0.1315,1982-2026
-5.0,0.0,0.1304,1982-2026
-5.0,2.5,0.132,1982-2026
-5.0,5.0,0.1316,1982-2026
-5.0,7.5,0.1337,1982-2026
-5.0,10.0,0.181,1982-2026
-5.0,12.5,0.3113,1982-2026
-5.0,15.0,0.2699,1982-2026
-5.0,17.5,0.3952,1982-2026
-5.0,20.0,0.4396,1982-2026
-5.0,22.5,0.5042,1982-2026
-5.0,25.0,0.4123,1982-2026
-5.0,27.5,0.3909,1982-2026
-5.0,30.0,0.2981,1982-2026
-5.0,32.5,0.2343,1982-2026
-5.0,35.0,0.1828,1982-2026
-5.0,37.5,0.2317,1982-2026
-5.0,40.0,0.1894,1982-2026
-5.0,42.5,0.1627,1982-2026
-5.0,45.0,0.1622,1982-2026
-5.0,47.5,0.1708,1982-2026
-5.0,50.0,0.1544,1982-2026
-5.0,52.5,0.1565,1982-2026
-5.0,55.0,0.1349,1982-2026
-5.0,57.5,0.1304,1982-2026
-5.0,60.0,0.1486,1982-2026
-5.0,62.5,0.1602,1982-2026
-5.0,65.0,0.1605,1982-2026
-5.0,67.5,0.168,1982-2026
-5.0,70.0,0.1839,1982-2026
-5.0,72.5,0.1826,1982-2026
-5.0,75.0,0.1882,1982-2026
-5.0,77.5,0.1972,1982-2026
-5.0,80.0,0.1844,1982-2026
-5.0,82.5,0.1844,1982-2026
-5.0,85.0,0.1698,1982-2026
-5.0,87.5,0.1638,1982-2026
-5.0,90.0,0.1592,1982-2026
-5.0,92.5,0.1585,1982-2026
-5.0,95.0,0.1562,1982-2026
-5.0,97.5,0.1615,1982-2026
-5.0,100.0,0.1613,1982-2026
-5.0,102.5,0.1511,1982-2026
-5.0,105.0,0.255,1982-2026
-5.0,107.5,0.166,1982-2026
-5.0,110.0,0.1642,1982-2026
-5.0,112.5,0.1606,1982-2026
-5.0,115.0,0.166,1982-2026
-5.0,117.5,0.1611,1982-2026
-5.0,120.0,0.2869,1982-2026
-5.0,122.5,0.2807,1982-2026
-5.0,125.0,0.1759,1982-2026
-5.0,127.5,0.1825,1982-2026
-5.0,130.0,0.189,1982-2026
-5.0,132.5,0.2006,1982-2026
-5.0,135.0,0.1875,1982-2026
-5.0,137.5,0.3091,1982-2026
-5.0,140.0,0.3567,1982-2026
-5.0,142.5,0.2729,1982-2026
-5.0,145.0,0.1934,1982-2026
-5.0,147.5,0.1574,1982-2026
-5.0,150.0,0.1583,1982-2026
-5.0,152.5,0.1914,1982-2026
-5.0,155.0,0.1913,1982-2026
-5.0,157.5,0.2044,1982-2026
-5.0,160.0,0.2084,1982-2026
-5.0,162.5,0.2071,1982-2026
-5.0,165.0,0.2158,1982-2026
-5.0,167.5,0.2191,1982-2026
-5.0,170.0,0.2153,1982-2026
-5.0,172.5,0.2087,1982-2026
-5.0,175.0,0.1972,1982-2026
-5.0,177.5,0.1928,1982-2026
-5.0,180.0,0.1781,1982-2026
-5.0,-177.5,0.1685,1982-2026
-5.0,-175.0,0.1537,1982-2026
-5.0,-172.5,0.1425,1982-2026
-5.0,-170.0,0.1327,1982-2026
-5.0,-167.5,0.1241,1982-2026
-5.0,-165.0,0.1156,1982-2026
-5.0,-162.5,0.1017,1982-2026
-5.0,-160.0,0.0868,1982-2026
-5.0,-157.5,0.0767,1982-2026
-5.0,-155.0,0.0637,1982-2026
-5.0,-152.5,0.0677,1982-2026
-5.0,-150.0,0.075,1982-2026
-5.0,-147.5,0.053,1982-2026
-5.0,-145.0,0.0545,1982-2026
-5.0,-142.5,0.038,1982-2026
-5.0,-140.0,0.0252,1982-2026
-5.0,-137.5,0.025,1982-2026
-5.0,-135.0,0.0192,1982-2026
-5.0,-132.5,0.0163,1982-2026
-5.0,-130.0,0.0211,1982-2026
-5.0,-127.5,0.0181,1982-2026
-5.0,-125.0,0.0135,1982-2026
-5.0,-122.5,0.015,1982-2026
-5.0,-120.0,0.0107,1982-2026
-5.0,-117.5,0.01,1982-2026
-5.0,-115.0,0.0108,1982-2026
-5.0,-112.5,0.0166,1982-2026
-5.0,-110.0,0.0038,1982-2026
-5.0,-107.5,0.0042,1982-2026
-5.0,-105.0,0.0025,1982-2026
-5.0,-102.5,0.0064,1982-2026
-5.0,-100.0,0.0088,1982-2026
-5.0,-97.5,0.0126,1982-2026
-5.0,-95.0,0.0145,1982-2026
-5.0,-92.5,0.0232,1982-2026
-5.0,-90.0,0.0186,1982-2026
-5.0,-87.5,-0.0056,1982-2026
-5.0,-85.0,-0.0241,1982-2026
-5.0,-82.5,-0.0731,1982-2026
-5.0,-80.0,0.1609,1982-2026
-5.0,-77.5,0.2417,1982-2026
-5.0,-75.0,0.2681,1982-2026
-5.0,-72.5,0.1941,1982-2026
-5.0,-70.0,0.1492,1982-2026
-5.0,-67.5,0.2196,1982-2026
-5.0,-65.0,0.2649,1982-2026
-5.0,-62.5,0.2247,1982-2026
-5.0,-60.0,0.2566,1982-2026
-5.0,-57.5,0.3723,1982-2026
-5.0,-55.0,0.4176,1982-2026
-5.0,-52.5,0.3331,1982-2026
-5.0,-50.0,0.2402,1982-2026
-5.0,-47.5,0.2934,1982-2026
-5.0,-45.0,0.2993,1982-2026
-5.0,-42.5,0.1878,1982-2026
-5.0,-40.0,0.1346,1982-2026
-5.0,-37.5,0.1365,1982-2026
-5.0,-35.0,0.1658,1982-2026
-5.0,-32.5,0.1463,1982-2026
-5.0,-30.0,0.1573,1982-2026
-5.0,-27.5,0.1578,1982-2026
-5.0,-25.0,0.1547,1982-2026
-5.0,-22.5,0.1595,1982-2026
-5.0,-20.0,0.1692,1982-2026
-5.0,-17.5,0.1716,1982-2026
-5.0,-15.0,0.1664,1982-2026
-5.0,-12.5,0.1596,1982-2026
-5.0,-10.0,0.1564,1982-2026
-5.0,-7.5,0.1524,1982-2026
-5.0,-5.0,0.1435,1982-2026
-5.0,-2.5,0.139,1982-2026
-7.5,0.0,0.1433,1982-2026
-7.5,2.5,0.1345,1982-2026
-7.5,5.0,0.142,1982-2026
-7.5,7.5,0.1692,1982-2026
-7.5,10.0,0.2047,1982-2026
-7.5,12.5,0.2489,1982-2026
-7.5,15.0,0.1626,1982-2026
-7.5,17.5,0.2452,1982-2026
-7.5,20.0,0.25,1982-2026
-7.5,22.5,0.264,1982-2026
-7.5,25.0,0.2522,1982-2026
-7.5,27.5,0.3105,1982-2026
-7.5,30.0,0.2882,1982-2026
-7.5,32.5,0.305,1982-2026
-7.5,35.0,0.3194,1982-2026
-7.5,37.5,0.3237,1982-2026
-7.5,40.0,0.1736,1982-2026
-7.5,42.5,0.1615,1982-2026
-7.5,45.0,0.1666,1982-2026
-7.5,47.5,0.1519,1982-2026
-7.5,50.0,0.1429,1982-2026
-7.5,52.5,0.1409,1982-2026
-7.5,55.0,0.1389,1982-2026
-7.5,57.5,0.1302,1982-2026
-7.5,60.0,0.1487,1982-2026
-7.5,62.5,0.1534,1982-2026
-7.5,65.0,0.1556,1982-2026
-7.5,67.5,0.164,1982-2026
-7.5,70.0,0.1714,1982-2026
-7.5,72.5,0.1867,1982-2026
-7.5,75.0,0.2014,1982-2026
-7.5,77.5,0.1711,1982-2026
-7.5,80.0,0.1664,1982-2026
-7.5,82.5,0.1655,1982-2026
-7.5,85.0,0.1568,1982-2026
-7.5,87.5,0.1561,1982-2026
-7.5,90.0,0.1469,1982-2026
-7.5,92.5,0.1426,1982-2026
-7.5,95.0,0.1349,1982-2026
-7.5,97.5,0.14,1982-2026
-7.5,100.0,0.1478,1982-2026
-7.5,102.5,0.1481,1982-2026
-7.5,105.0,0.1257,1982-2026
-7.5,107.5,0.1957,1982-2026
-7.5,110.0,0.2627,1982-2026
-7.5,112.5,0.253,1982-2026
-7.5,115.0,0.1535,1982-2026
-7.5,117.5,0.165,1982-2026
-7.5,120.0,0.1648,1982-2026
-7.5,122.5,0.1766,1982-2026
-7.5,125.0,0.164,1982-2026
-7.5,127.5,0.1786,1982-2026
-7.5,130.0,0.1643,1982-2026
-7.5,132.5,0.1757,1982-2026
-7.5,135.0,0.1782,1982-2026
-7.5,137.5,0.2089,1982-2026
-7.5,140.0,0.2228,1982-2026
-7.5,142.5,0.2147,1982-2026
-7.5,145.0,0.2712,1982-2026
-7.5,147.5,0.1704,1982-2026
-7.5,150.0,0.1722,1982-2026
-7.5,152.5,0.1918,1982-2026
-7.5,155.0,0.1879,1982-2026
-7.5,157.5,0.1696,1982-2026
-7.5,160.0,0.1732,1982-2026
-7.5,162.5,0.1937,1982-2026
-7.5,165.0,0.1898,1982-2026
-7.5,167.5,0.1953,1982-2026
-7.5,170.0,0.1916,1982-2026
-7.5,172.5,0.1913,1982-2026
-7.5,175.0,0.1819,1982-2026
-7.5,177.5,0.1792,1982-2026
-7.5,180.0,0.1713,1982-2026
-7.5,-177.5,0.1671,1982-2026
-7.5,-175.0,0.1623,1982-2026
-7.5,-172.5,0.1567,1982-2026
-7.5,-170.0,0.1449,1982-2026
-7.5,-167.5,0.139,1982-2026
-7.5,-165.0,0.1306,1982-2026
-7.5,-162.5,0.1176,1982-2026
-7.5,-160.0,0.1013,1982-2026
-7.5,-157.5,0.0968,1982-2026
-7.5,-155.0,0.0837,1982-2026
-7.5,-152.5,0.0825,1982-2026
-7.5,-150.0,0.074,1982-2026
-7.5,-147.5,0.0654,1982-2026
-7.5,-145.0,0.0587,1982-2026
-7.5,-142.5,0.0466,1982-2026
-7.5,-140.0,0.0366,1982-2026
-7.5,-137.5,-0.0002,1982-2026
-7.5,-135.0,0.0163,1982-2026
-7.5,-132.5,0.0124,1982-2026
-7.5,-130.0,0.0072,1982-2026
-7.5,-127.5,0.0044,1982-2026
-7.5,-125.0,-0.0105,1982-2026
-7.5,-122.5,-0.0,1982-2026
-7.5,-120.0,0.0141,1982-2026
-7.5,-117.5,-0.0052,1982-2026
-7.5,-115.0,-0.0038,1982-2026
-7.5,-112.5,-0.0083,1982-2026
-7.5,-110.0,-0.0163,1982-2026
-7.5,-107.5,-0.0145,1982-2026
-7.5,-105.0,-0.0027,1982-2026
-7.5,-102.5,0.002,1982-2026
-7.5,-100.0,-0.0014,1982-2026
-7.5,-97.5,0.0069,1982-2026
-7.5,-95.0,0.0123,1982-2026
-7.5,-92.5,0.0143,1982-2026
-7.5,-90.0,0.0045,1982-2026
-7.5,-87.5,0.0086,1982-2026
-7.5,-85.0,0.0241,1982-2026
-7.5,-82.5,-0.0202,1982-2026
-7.5,-80.0,-0.0718,1982-2026
-7.5,-77.5,0.1233,1982-2026
-7.5,-75.0,0.273,1982-2026
-7.5,-72.5,0.2204,1982-2026
-7.5,-70.0,0.2105,1982-2026
-7.5,-67.5,0.2132,1982-2026
-7.5,-65.0,0.2216,1982-2026
-7.5,-62.5,0.2661,1982-2026
-7.5,-60.0,0.3477,1982-2026
-7.5,-57.5,0.3993,1982-2026
-7.5,-55.0,0.3848,1982-2026
-7.5,-52.5,0.2823,1982-2026
-7.5,-50.0,0.22,1982-2026
-7.5,-47.5,0.2482,1982-2026
-7.5,-45.0,0.3194,1982-2026
-7.5,-42.5,0.3509,1982-2026
-7.5,-40.0,0.1914,1982-2026
-7.5,-37.5,0.0207,1982-2026
-7.5,-35.0,0.0905,1982-2026
-7.5,-32.5,0.1429,1982-2026
-7.5,-30.0,0.1485,1982-2026
-7.5,-27.5,0.1505,1982-2026
-7.5,-25.0,0.1422,1982-2026
-7.5,-22.5,0.1365,1982-2026
-7.5,-20.0,0.1437,1982-2026
-7.5,-17.5,0.1417,1982-2026
-7.5,-15.0,0.1447,1982-2026
-7.5,-12.5,0.148,1982-2026
-7.5,-10.0,0.1619,1982-2026
-7.5,-7.5,0.1425,1982-2026
-7.5,-5.0,0.1543,1982-2026
-7.5,-2.5,0.144,1982-2026
-10.0,0.0,0.1404,1982-2026
-10.0,2.5,0.1404,1982-2026
-10.0,5.0,0.1264,1982-2026
-10.0,7.5,0.181,1982-2026
-10.0,10.0,0.222,1982-2026
-10.0,12.5,0.2551,1982-2026
-10.0,15.0,0.1681,1982-2026
-10.0,17.5,0.2017,1982-2026
-10.0,20.0,0.21,1982-2026
-10.0,22.5,0.2037,1982-2026
-10.0,25.0,0.1916,1982-2026
-10.0,27.5,0.1636,1982-2026
-10.0,30.0,0.1953,1982-2026
-10.0,32.5,0.2205,1982-2026
-10.0,35.0,0.2636,1982-2026
-10.0,37.5,0.2109,1982-2026
-10.0,40.0,0.1411,1982-2026
-10.0,42.5,0.1538,1982-2026
-10.0,45.0,0.1597,1982-2026
-10.0,47.5,0.1583,1982-2026
-10.0,50.0,0.1628,1982-2026
-10.0,52.5,0.1617,1982-2026
-10.0,55.0,0.1586,1982-2026
-10.0,57.5,0.1549,1982-2026
-10.0,60.0,0.1674,1982-2026
-10.0,62.5,0.1632,1982-2026
-10.0,65.0,0.1639,1982-2026
-10.0,67.5,0.1637,1982-2026
-10.0,70.0,0.1872,1982-2026
-10.0,72.5,0.1835,1982-2026
-10.0,75.0,0.1815,1982-2026
-10.0,77.5,0.171,1982-2026
-10.0,80.0,0.1609,1982-2026
-10.0,82.5,0.1623,1982-2026
-10.0,85.0,0.1557,1982-2026
-10.0,87.5,0.1423,1982-2026
-10.0,90.0,0.135,1982-2026
-10.0,92.5,0.1264,1982-2026
-10.0,95.0,0.1287,1982-2026
-10.0,97.5,0.1283,1982-2026
-10.0,100.0,0.1344,1982-2026
-10.0,102.5,0.1416,1982-2026
-10.0,105.0,0.1353,1982-2026
-10.0,107.5,0.1387,1982-2026
-10.0,110.0,0.1529,1982-2026
-10.0,112.5,0.1486,1982-2026
-10.0,115.0,0.1481,1982-2026
-10.0,117.5,0.1543,1982-2026
-10.0,120.0,0.1349,1982-2026
-10.0,122.5,0.1559,1982-2026
-10.0,125.0,0.1641,1982-2026
-10.0,127.5,0.1459,1982-2026
-10.0,130.0,0.1411,1982-2026
-10.0,132.5,0.1434,1982-2026
-10.0,135.0,0.1632,1982-2026
-10.0,137.5,0.1699,1982-2026
-10.0,140.0,0.1859,1982-2026
-10.0,142.5,0.172,1982-2026
-10.0,145.0,0.209,1982-2026
-10.0,147.5,0.216,1982-2026
-10.0,150.0,0.1838,1982-2026
-10.0,152.5,0.1989,1982-2026
-10.0,155.0,0.2014,1982-2026
-10.0,157.5,0.1847,1982-2026
-10.0,160.0,0.18,1982-2026
-10.0,162.5,0.154,1982-2026
-10.0,165.0,0.1667,1982-2026
-10.0,167.5,0.1711,1982-2026
-10.0,170.0,0.1716,1982-2026
-10.0,172.5,0.1701,1982-2026
-10.0,175.0,0.1747,1982-2026
-10.0,177.5,0.1646,1982-2026
-10.0,180.0,0.1533,1982-2026
-10.0,-177.5,0.1414,1982-2026
-10.0,-175.0,0.1387,1982-2026
-10.0,-172.5,0.1285,1982-2026
-10.0,-170.0,0.1265,1982-2026
-10.0,-167.5,0.1207,1982-2026
-10.0,-165.0,0.115,1982-2026
-10.0,-162.5,0.0999,1982-2026
-10.0,-160.0,0.089,1982-2026
-10.0,-157.5,0.0857,1982-2026
-10.0,-155.0,0.0902,1982-2026
-10.0,-152.5,0.0783,1982-2026
-10.0,-150.0,0.0741,1982-2026
-10.0,-147.5,0.0725,1982-2026
-10.0,-145.0,0.0546,1982-2026
-10.0,-142.5,0.0318,1982-2026
-10.0,-140.0,0.0252,1982-2026
-10.0,-137.5,0.0258,1982-2026
-10.0,-135.0,0.0219,1982-2026
-10.0,-132.5,-0.0013,1982-2026
-10.0,-130.0,0.0004,1982-2026
-10.0,-127.5,-0.013,1982-2026
-10.0,-125.0,-0.018,1982-2026
-10.0,-122.5,-0.0318,1982-2026
-10.0,-120.0,-0.0394,1982-2026
-10.0,-117.5,-0.0487,1982-2026
-10.0,-115.0,-0.0498,1982-2026
-10.0,-112.5,-0.0495,1982-2026
-10.0,-110.0,-0.0477,1982-2026
-10.0,-107.5,-0.0514,1982-2026
-10.0,-105.0,-0.0457,1982-2026
-10.0,-102.5,-0.0472,1982-2026
-10.0,-100.0,-0.0386,1982-2026
-10.0,-97.5,-0.0435,1982-2026
-10.0,-95.0,-0.0348,1982-2026
-10.0,-92.5,-0.0289,1982-2026
-10.0,-90.0,-0.0148,1982-2026
-10.0,-87.5,-0.0234,1982-2026
-10.0,-85.0,-0.0019,1982-2026
-10.0,-82.5,0.0017,1982-2026
-10.0,-80.0,-0.03,1982-2026
-10.0,-77.5,0.2024,1982-2026
-10.0,-75.0,0.2971,1982-2026
-10.0,-72.5,0.3079,1982-2026
-10.0,-70.0,0.2866,1982-2026
-10.0,-67.5,0.1905,1982-2026
-10.0,-65.0,0.2148,1982-2026
-10.0,-62.5,0.2784,1982-2026
-10.0,-60.0,0.3437,1982-2026
-10.0,-57.5,0.3667,1982-2026
-10.0,-55.0,0.3152,1982-2026
-10.0,-52.5,0.2607,1982-2026
-10.0,-50.0,0.222,1982-2026
-10.0,-47.5,0.2505,1982-2026
-10.0,-45.0,0.2611,1982-2026
-10.0,-42.5,0.3148,1982-2026
-10.0,-40.0,0.2436,1982-2026
-10.0,-37.5,0.1222,1982-2026
-10.0,-35.0,0.129,1982-2026
-10.0,-32.5,0.1159,1982-2026
-10.0,-30.0,0.1237,1982-2026
-10.0,-27.5,0.1227,1982-2026
-10.0,-25.0,0.1206,1982-2026
-10.0,-22.5,0.111,1982-2026
-10.0,-20.0,0.1048,1982-2026
-10.0,-17.5,0.1167,1982-2026
-10.0,-15.0,0.1243,1982-2026
-10.0,-12.5,0.1313,1982-2026
-10.0,-10.0,0.1262,1982-2026
-10.0,-7.5,0.1318,1982-2026
-10.0,-5.0,0.1397,1982-2026
-10.0,-2.5,0.1566,1982-2026
-12.5,0.0,0.1386,1982-2026
-12.5,2.5,0.1373,1982-2026
-12.5,5.0,0.1453,1982-2026
-12.5,7.5,0.1928,1982-2026
-12.5,10.0,0.2243,1982-2026
-12.5,12.5,0.2512,1982-2026
-12.5,15.0,0.2779,1982-2026
-12.5,17.5,0.2744,1982-2026
-12.5,20.0,0.2182,1982-2026
-12.5,22.5,0.1924,1982-2026
-12.5,25.0,0.1521,1982-2026
-12.5,27.5,0.1211,1982-2026
-12.5,30.0,0.1022,1982-2026
-12.5,32.5,0.1236,1982-2026
-12.5,35.0,0.1459,1982-2026
-12.5,37.5,0.228,1982-2026
-12.5,40.0,0.2136,1982-2026
-12.5,42.5,0.1684,1982-2026
-12.5,45.0,0.1644,1982-2026
-12.5,47.5,0.167,1982-2026
-12.5,50.0,0.1681,1982-2026
-12.5,52.5,0.1879,1982-2026
-12.5,55.0,0.1812,1982-2026
-12.5,57.5,0.1622,1982-2026
-12.5,60.0,0.1763,1982-2026
-12.5,62.5,0.1679,1982-2026
-12.5,65.0,0.1899,1982-2026
-12.5,67.5,0.1857,1982-2026
-12.5,70.0,0.183,1982-2026
-12.5,72.5,0.1859,1982-2026
-12.5,75.0,0.1817,1982-2026
-12.5,77.5,0.1682,1982-2026
-12.5,80.0,0.1641,1982-2026
-12.5,82.5,0.1589,1982-2026
-12.5,85.0,0.1425,1982-2026
-12.5,87.5,0.1407,1982-2026
-12.5,90.0,0.128,1982-2026
-12.5,92.5,0.1243,1982-2026
-12.5,95.0,0.1321,1982-2026
-12.5,97.5,0.151,1982-2026
-12.5,100.0,0.1444,1982-2026
-12.5,102.5,0.1399,1982-2026
-12.5,105.0,0.1405,1982-2026
-12.5,107.5,0.1389,1982-2026
-12.5,110.0,0.1562,1982-2026
-12.5,112.5,0.174,1982-2026
-12.5,115.0,0.1771,1982-2026
-12.5,117.5,0.1783,1982-2026
-12.5,120.0,0.1687,1982-2026
-12.5,122.5,0.1574,1982-2026
-12.5,125.0,0.1323,1982-2026
-12.5,127.5,0.118,1982-2026
-12.5,130.0,0.0943,1982-2026
-12.5,132.5,0.0515,1982-2026
-12.5,135.0,0.1602,1982-2026
-12.5,137.5,0.1696,1982-2026
-12.5,140.0,0.1784,1982-2026
-12.5,142.5,0.1761,1982-2026
-12.5,145.0,0.1694,1982-2026
-12.5,147.5,0.2138,1982-2026
-12.5,150.0,0.1962,1982-2026
-12.5,152.5,0.2043,1982-2026
-12.5,155.0,0.2221,1982-2026
-12.5,157.5,0.2083,1982-2026
-12.5,160.0,0.1874,1982-2026
-12.5,162.5,0.1978,1982-2026
-12.5,165.0,0.1692,1982-2026
-12.5,167.5,0.1744,1982-2026
-12.5,170.0,0.1822,1982-2026
-12.5,172.5,0.1783,1982-2026
-12.5,175.0,0.1742,1982-2026
-12.5,177.5,0.1698,1982-2026
-12.5,180.0,0.164,1982-2026
-12.5,-177.5,0.152,1982-2026
-12.5,-175.0,0.1461,1982-2026
-12.5,-172.5,0.1462,1982-2026
-12.5,-170.0,0.1486,1982-2026
-12.5,-167.5,0.1254,1982-2026
-12.5,-165.0,0.1084,1982-2026
-12.5,-162.5,0.0942,1982-2026
-12.5,-160.0,0.0854,1982-2026
-12.5,-157.5,0.0764,1982-2026
-12.5,-155.0,0.067,1982-2026
-12.5,-152.5,0.0667,1982-2026
-12.5,-150.0,0.057,1982-2026
-12.5,-147.5,0.0478,1982-2026
-12.5,-145.0,0.0357,1982-2026
-12.5,-142.5,0.03,1982-2026
-12.5,-140.0,0.0134,1982-2026
-12.5,-137.5,0.0146,1982-2026
-12.5,-135.0,0.0043,1982-2026
-12.5,-132.5,-0.0267,1982-2026
-12.5,-130.0,-0.0295,1982-2026
-12.5,-127.5,-0.04,1982-2026
-12.5,-125.0,-0.0497,1982-2026
-12.5,-122.5,-0.0572,1982-2026
-12.5,-120.0,-0.0621,1982-2026
-12.5,-117.5,-0.0728,1982-2026
-12.5,-115.0,-0.0832,1982-2026
-12.5,-112.5,-0.0981,1982-2026
-12.5,-110.0,-0.078,1982-2026
-12.5,-107.5,-0.0784,1982-2026
-12.5,-105.0,-0.0776,1982-2026
-12.5,-102.5,-0.087,1982-2026
-12.5,-100.0,-0.0798,1982-2026
-12.5,-97.5,-0.0704,1982-2026
-12.5,-95.0,-0.0679,1982-2026
-12.5,-92.5,-0.0763,1982-2026
-12.5,-90.0,-0.0619,1982-2026
-12.5,-87.5,-0.0464,1982-2026
-12.5,-85.0,-0.0373,1982-2026
-12.5,-82.5,-0.0073,1982-2026
-12.5,-80.0,-0.0265,1982-2026
-12.5,-77.5,-0.0878,1982-2026
-12.5,-75.0,0.1778,1982-2026
-12.5,-72.5,0.2897,1982-2026
-12.5,-70.0,0.424,1982-2026
-12.5,-67.5,0.35,1982-2026
-12.5,-65.0,0.2362,1982-2026
-12.5,-62.5,0.2546,1982-2026
-12.5,-60.0,0.2908,1982-2026
-12.5,-57.5,0.3041,1982-2026
-12.5,-55.0,0.3133,1982-2026
-12.5,-52.5,0.2395,1982-2026
-12.5,-50.0,0.1746,1982-2026
-12.5,-47.5,0.2025,1982-2026
-12.5,-45.0,0.2604,1982-2026
-12.5,-42.5,0.2739,1982-2026
-12.5,-40.0,0.1904,1982-2026
-12.5,-37.5,0.1312,1982-2026
-12.5,-35.0,0.0972,1982-2026
-12.5,-32.5,0.092,1982-2026
-12.5,-30.0,0.0903,1982-2026
-12.5,-27.5,0.0923,1982-2026
-12.5,-25.0,0.1075,1982-2026
-12.5,-22.5,0.1117,1982-2026
-12.5,-20.0,0.1106,1982-2026
-12.5,-17.5,0.1145,1982-2026
-12.5,-15.0,0.1138,1982-2026
-12.5,-12.5,0.117,1982-2026
-12.5,-10.0,0.127,1982-2026
-12.5,-7.5,0.1264,1982-2026
-12.5,-5.0,0.1275,1982-2026
-12.5,-2.5,0.1283,1982-2026
-15.0,0.0,0.1048,1982-2026
-15.0,2.5,0.0999,1982-2026
-15.0,5.0,0.1253,1982-2026
-15.0,7.5,0.1797,1982-2026
-15.0,10.0,0.2491,1982-2026
-15.0,12.5,0.2808,1982-2026
-15.0,15.0,0.4443,1982-2026
-15.0,17.5,0.3954,1982-2026
-15.0,20.0,0.2482,1982-2026
-15.0,22.5,0.1751,1982-2026
-15.0,25.0,0.1371,1982-2026
-15.0,27.5,0.1496,1982-2026
-15.0,30.0,0.2218,1982-2026
-15.0,32.5,0.236,1982-2026
-15.0,35.0,0.1922,1982-2026
-15.0,37.5,0.254,1982-2026
-15.0,40.0,0.2901,1982-2026
-15.0,42.5,0.1748,1982-2026
-15.0,45.0,0.1676,1982-2026
-15.0,47.5,0.1857,1982-2026
-15.0,50.0,0.2385,1982-2026
-15.0,52.5,0.1788,1982-2026
-15.0,55.0,0.1833,1982-2026
-15.0,57.5,0.1852,1982-2026
-15.0,60.0,0.1982,1982-2026
-15.0,62.5,0.2076,1982-2026
-15.0,65.0,0.2,1982-2026
-15.0,67.5,0.2028,1982-2026
-15.0,70.0,0.1998,1982-2026
-15.0,72.5,0.2007,1982-2026
-15.0,75.0,0.205,1982-2026
-15.0,77.5,0.1758,1982-2026
-15.0,80.0,0.1944,1982-2026
-15.0,82.5,0.16,1982-2026
-15.0,85.0,0.1505,1982-2026
-15.0,87.5,0.1434,1982-2026
-15.0,90.0,0.1314,1982-2026
-15.0,92.5,0.1413,1982-2026
-15.0,95.0,0.1408,1982-2026
-15.0,97.5,0.1425,1982-2026
-15.0,100.0,0.1528,1982-2026
-15.0,102.5,0.154,1982-2026
-15.0,105.0,0.1584,1982-2026
-15.0,107.5,0.162,1982-2026
-15.0,110.0,0.1781,1982-2026
-15.0,112.5,0.1997,1982-2026
-15.0,115.0,0.2137,1982-2026
-15.0,117.5,0.2234,1982-2026
-15.0,120.0,0.2145,1982-2026
-15.0,122.5,0.1588,1982-2026
-15.0,125.0,0.1422,1982-2026
-15.0,127.5,-0.0559,1982-2026
-15.0,130.0,-0.0301,1982-2026
-15.0,132.5,0.1239,1982-2026
-15.0,135.0,0.1443,1982-2026
-15.0,137.5,0.1618,1982-2026
-15.0,140.0,0.1611,1982-2026
-15.0,142.5,0.1667,1982-2026
-15.0,145.0,0.2152,1982-2026
-15.0,147.5,0.1831,1982-2026
-15.0,150.0,0.2213,1982-2026
-15.0,152.5,0.2101,1982-2026
-15.0,155.0,0.2028,1982-2026
-15.0,157.5,0.2068,1982-2026
-15.0,160.0,0.1959,1982-2026
-15.0,162.5,0.1943,1982-2026
-15.0,165.0,0.1854,1982-2026
-15.0,167.5,0.1838,1982-2026
-15.0,170.0,0.195,1982-2026
-15.0,172.5,0.1963,1982-2026
-15.0,175.0,0.1847,1982-2026
-15.0,177.5,0.1806,1982-2026
-15.0,180.0,0.1794,1982-2026
-15.0,-177.5,0.1718,1982-2026
-15.0,-175.0,0.1672,1982-2026
-15.0,-172.5,0.1628,1982-2026
-15.0,-170.0,0.1604,1982-2026
-15.0,-167.5,0.155,1982-2026
-15.0,-165.0,0.135,1982-2026
-15.0,-162.5,0.1226,1982-2026
-15.0,-160.0,0.1006,1982-2026
-15.0,-157.5,0.0938,1982-2026
-15.0,-155.0,0.0805,1982-2026
-15.0,-152.5,0.0561,1982-2026
-15.0,-150.0,0.0588,1982-2026
-15.0,-147.5,0.0346,1982-2026
-15.0,-145.0,0.0262,1982-2026
-15.0,-142.5,0.014,1982-2026
-15.0,-140.0,0.0001,1982-2026
-15.0,-137.5,-0.0125,1982-2026
-15.0,-135.0,-0.0287,1982-2026
-15.0,-132.5,-0.0363,1982-2026
-15.0,-130.0,-0.0488,1982-2026
-15.0,-127.5,-0.055,1982-2026
-15.0,-125.0,-0.0623,1982-2026
-15.0,-122.5,-0.0742,1982-2026
-15.0,-120.0,-0.083,1982-2026
-15.0,-117.5,-0.0869,1982-2026
-15.0,-115.0,-0.0944,1982-2026
-15.0,-112.5,-0.0869,1982-2026
-15.0,-110.0,-0.092,1982-2026
-15.0,-107.5,-0.0878,1982-2026
-15.0,-105.0,-0.0893,1982-2026
-15.0,-102.5,-0.0961,1982-2026
-15.0,-100.0,-0.0862,1982-2026
-15.0,-97.5,-0.0838,1982-2026
-15.0,-95.0,-0.0765,1982-2026
-15.0,-92.5,-0.0695,1982-2026
-15.0,-90.0,-0.0745,1982-2026
-15.0,-87.5,-0.0631,1982-2026
-15.0,-85.0,-0.0459,1982-2026
-15.0,-82.5,-0.0267,1982-2026
-15.0,-80.0,0.0045,1982-2026
-15.0,-77.5,-0.0559,1982-2026
-15.0,-75.0,0.0171,1982-2026
-15.0,-72.5,0.3434,1982-2026
-15.0,-70.0,0.401,1982-2026
-15.0,-67.5,0.388,1982-2026
-15.0,-65.0,0.3511,1982-2026
-15.0,-62.5,0.2918,1982-2026
-15.0,-60.0,0.2638,1982-2026
-15.0,-57.5,0.2496,1982-2026
-15.0,-55.0,0.2389,1982-2026
-15.0,-52.5,0.265,1982-2026
-15.0,-50.0,0.2649,1982-2026
-15.0,-47.5,0.2448,1982-2026
-15.0,-45.0,0.3259,1982-2026
-15.0,-42.5,0.3242,1982-2026
-15.0,-40.0,0.1634,1982-2026
-15.0,-37.5,0.12,1982-2026
-15.0,-35.0,0.0867,1982-2026
-15.0,-32.5,0.0654,1982-2026
-15.0,-30.0,0.0616,1982-2026
-15.0,-27.5,0.0675,1982-2026
-15.0,-25.0,0.0772,1982-2026
-15.0,-22.5,0.0901,1982-2026
-15.0,-20.0,0.1007,1982-2026
-15.0,-17.5,0.1192,1982-2026
-15.0,-15.0,0.1003,1982-2026
-15.0,-12.5,0.0945,1982-2026
-15.0,-10.0,0.102,1982-2026
-15.0,-7.5,0.0958,1982-2026
-15.0,-5.0,0.0993,1982-2026
-15.0,-2.5,0.0942,1982-2026
-17.5,0.0,0.0971,1982-2026
-17.5,2.5,0.099,1982-2026
-17.5,5.0,0.0983,1982-2026
-17.5,7.5,0.155,1982-2026
-17.5,10.0,0.2029,1982-2026
-17.5,12.5,0.3023,1982-2026
-17.5,15.0,0.3914,1982-2026
-17.5,17.5,0.3934,1982-2026
-17.5,20.0,0.1869,1982-2026
-17.5,22.5,0.0966,1982-2026
-17.5,25.0,0.1599,1982-2026
-17.5,27.5,0.2406,1982-2026
-17.5,30.0,0.3004,1982-2026
-17.5,32.5,0.233,1982-2026
-17.5,35.0,0.2704,1982-2026
-17.5,37.5,0.2464,1982-2026
-17.5,40.0,0.1614,1982-2026
-17.5,42.5,0.1747,1982-2026
-17.5,45.0,0.2827,1982-2026
-17.5,47.5,0.2441,1982-2026
-17.5,50.0,0.1996,1982-2026
-17.5,52.5,0.1871,1982-2026
-17.5,55.0,0.1863,1982-2026
-17.5,57.5,0.1985,1982-2026
-17.5,60.0,0.2003,1982-2026
-17.5,62.5,0.2028,1982-2026
-17.5,65.0,0.2255,1982-2026
-17.5,67.5,0.2297,1982-2026
-17.5,70.0,0.2011,1982-2026
-17.5,72.5,0.1906,1982-2026
-17.5,75.0,0.197,1982-2026
-17.5,77.5,0.1708,1982-2026
-17.5,80.0,0.1885,1982-2026
-17.5,82.5,0.1631,1982-2026
-17.5,85.0,0.1631,1982-2026
-17.5,87.5,0.154,1982-2026
-17.5,90.0,0.149,1982-2026
-17.5,92.5,0.1448,1982-2026
-17.5,95.0,0.1367,1982-2026
-17.5,97.5,0.1578,1982-2026
-17.5,100.0,0.1505,1982-2026
-17.5,102.5,0.1526,1982-2026
-17.5,105.0,0.1581,1982-2026
-17.5,107.5,0.1776,1982-2026
-17.5,110.0,0.1721,1982-2026
-17.5,112.5,0.2033,1982-2026
-17.5,115.0,0.2123,1982-2026
-17.5,117.5,0.2189,1982-2026
-17.5,120.0,0.1895,1982-2026
-17.5,122.5,-0.0369,1982-2026
-17.5,125.0,-0.0862,1982-2026
-17.5,127.5,-0.0625,1982-2026
-17.5,130.0,-0.0136,1982-2026
-17.5,132.5,0.0315,1982-2026
-17.5,135.0,0.0818,1982-2026
-17.5,137.5,0.1436,1982-2026
-17.5,140.0,0.1455,1982-2026
-17.5,142.5,0.1007,1982-2026
-17.5,145.0,0.1217,1982-2026
-17.5,147.5,0.2012,1982-2026
-17.5,150.0,0.197,1982-2026
-17.5,152.5,0.1961,1982-2026
-17.5,155.0,0.1922,1982-2026
-17.5,157.5,0.1762,1982-2026
-17.5,160.0,0.1906,1982-2026
-17.5,162.5,0.1854,1982-2026
-17.5,165.0,0.2064,1982-2026
-17.5,167.5,0.1961,1982-2026
-17.5,170.0,0.2051,1982-2026
-17.5,172.5,0.2116,1982-2026
-17.5,175.0,0.2086,1982-2026
-17.5,177.5,0.2057,1982-2026
-17.5,180.0,0.2076,1982-2026
-17.5,-177.5,0.2054,1982-2026
-17.5,-175.0,0.202,1982-2026
-17.5,-172.5,0.2017,1982-2026
-17.5,-170.0,0.1917,1982-2026
-17.5,-167.5,0.1711,1982-2026
-17.5,-165.0,0.1645,1982-2026
-17.5,-162.5,0.1432,1982-2026
-17.5,-160.0,0.1306,1982-2026
-17.5,-157.5,0.1182,1982-2026
-17.5,-155.0,0.1059,1982-2026
-17.5,-152.5,0.0958,1982-2026
-17.5,-150.0,0.0759,1982-2026
-17.5,-147.5,0.0523,1982-2026
-17.5,-145.0,0.0235,1982-2026
-17.5,-142.5,0.0043,1982-2026
-17.5,-140.0,0.0016,1982-2026
-17.5,-137.5,-0.0256,1982-2026
-17.5,-135.0,-0.0201,1982-2026
-17.5,-132.5,-0.018,1982-2026
-17.5,-130.0,-0.0495,1982-2026
-17.5,-127.5,-0.0538,1982-2026
-17.5,-125.0,-0.0629,1982-2026
-17.5,-122.5,-0.0715,1982-2026
-17.5,-120.0,-0.0739,1982-2026
-17.5,-117.5,-0.075,1982-2026
-17.5,-115.0,-0.0827,1982-2026
-17.5,-112.5,-0.0799,1982-2026
-17.5,-110.0,-0.0765,1982-2026
-17.5,-107.5,-0.0711,1982-2026
-17.5,-105.0,-0.0755,1982-2026
-17.5,-102.5,-0.0777,1982-2026
-17.5,-100.0,-0.0825,1982-2026
-17.5,-97.5,-0.1086,1982-2026
-17.5,-95.0,-0.0777,1982-2026
-17.5,-92.5,-0.055,1982-2026
-17.5,-90.0,-0.0594,1982-2026
-17.5,-87.5,-0.0516,1982-2026
-17.5,-85.0,-0.0389,1982-2026
-17.5,-82.5,-0.028,1982-2026
-17.5,-80.0,-0.0372,1982-2026
-17.5,-77.5,-0.0209,1982-2026
-17.5,-75.0,-0.027,1982-2026
-17.5,-72.5,-0.0176,1982-2026
-17.5,-70.0,0.3328,1982-2026
-17.5,-67.5,0.36,1982-2026
-17.5,-65.0,0.2413,1982-2026
-17.5,-62.5,0.437,1982-2026
-17.5,-60.0,0.2965,1982-2026
-17.5,-57.5,0.2953,1982-2026
-17.5,-55.0,0.308,1982-2026
-17.5,-52.5,0.1913,1982-2026
-17.5,-50.0,0.2942,1982-2026
-17.5,-47.5,0.2028,1982-2026
-17.5,-45.0,0.2492,1982-2026
-17.5,-42.5,0.1938,1982-2026
-17.5,-40.0,0.2137,1982-2026
-17.5,-37.5,0.1078,1982-2026
-17.5,-35.0,0.0889,1982-2026
-17.5,-32.5,0.0672,1982-2026
-17.5,-30.0,0.0451,1982-2026
-17.5,-27.5,0.0507,1982-2026
-17.5,-25.0,0.0546,1982-2026
-17.5,-22.5,0.0583,1982-2026
-17.5,-20.0,0.082,1982-2026
-17.5,-17.5,0.0859,1982-2026
-17.5,-15.0,0.0786,1982-2026
-17.5,-12.5,0.0973,1982-2026
-17.5,-10.0,0.0819,1982-2026
-17.5,-7.5,0.0749,1982-2026
-17.5,-5.0,0.0716,1982-2026
-17.5,-2.5,0.0821,1982-2026
-20.0,0.0,0.0813,1982-2026
-20.0,2.5,0.1169,1982-2026
-20.0,5.0,0.1021,1982-2026
-20.0,7.5,0.1095,1982-2026
-20.0,10.0,0.1541,1982-2026
-20.0,12.5,0.1239,1982-2026
-20.0,15.0,0.2963,1982-2026
-20.0,17.5,0.3494,1982-2026
-20.0,20.0,0.1327,1982-2026
-20.0,22.5,0.0661,1982-2026
-20.0,25.0,0.1066,1982-2026
-20.0,27.5,0.18,1982-2026
-20.0,30.0,0.157,1982-2026
-20.0,32.5,0.1507,1982-2026
-20.0,35.0,0.1591,1982-2026
-20.0,37.5,0.1434,1982-2026
-20.0,40.0,0.1593,1982-2026
-20.0,42.5,0.1671,1982-2026
-20.0,45.0,0.3628,1982-2026
-20.0,47.5,0.2718,1982-2026
-20.0,50.0,0.1999,1982-2026
-20.0,52.5,0.194,1982-2026
-20.0,55.0,0.201,1982-2026
-20.0,57.5,0.2077,1982-2026
-20.0,60.0,0.2097,1982-2026
-20.0,62.5,0.2254,1982-2026
-20.0,65.0,0.2404,1982-2026
-20.0,67.5,0.2324,1982-2026
-20.0,70.0,0.231,1982-2026
-20.0,72.5,0.2041,1982-2026
-20.0,75.0,0.2153,1982-2026
-20.0,77.5,0.2156,1982-2026
-20.0,80.0,0.2099,1982-2026
-20.0,82.5,0.1975,1982-2026
-20.0,85.0,0.2001,1982-2026
-20.0,87.5,0.1884,1982-2026
-20.0,90.0,0.1689,1982-2026
-20.0,92.5,0.1546,1982-2026
-20.0,95.0,0.1327,1982-2026
-20.0,97.5,0.1492,1982-2026
-20.0,100.0,0.147,1982-2026
-20.0,102.5,0.1483,1982-2026
-20.0,105.0,0.1545,1982-2026
-20.0,107.5,0.1657,1982-2026
-20.0,110.0,0.1402,1982-2026
-20.0,112.5,0.1792,1982-2026
-20.0,115.0,0.2201,1982-2026
-20.0,117.5,0.1547,1982-2026
-20.0,120.0,0.1434,1982-2026
-20.0,122.5,0.0816,1982-2026
-20.0,125.0,0.067,1982-2026
-20.0,127.5,0.042,1982-2026
-20.0,130.0,0.008,1982-2026
-20.0,132.5,0.0502,1982-2026
-20.0,135.0,0.0699,1982-2026
-20.0,137.5,0.1496,1982-2026
-20.0,140.0,0.0545,1982-2026
-20.0,142.5,0.1137,1982-2026
-20.0,145.0,0.0339,1982-2026
-20.0,147.5,0.058,1982-2026
-20.0,150.0,0.2088,1982-2026
-20.0,152.5,0.1828,1982-2026
-20.0,155.0,0.1791,1982-2026
-20.0,157.5,0.1941,1982-2026
-20.0,160.0,0.1972,1982-2026
-20.0,162.5,0.186,1982-2026
-20.0,165.0,0.1854,1982-2026
-20.0,167.5,0.1975,1982-2026
-20.0,170.0,0.2014,1982-2026
-20.0,172.5,0.2142,1982-2026
-20.0,175.0,0.2246,1982-2026
-20.0,177.5,0.2286,1982-2026
-20.0,180.0,0.2464,1982-2026
-20.0,-177.5,0.2416,1982-2026
-20.0,-175.0,0.2288,1982-2026
-20.0,-172.5,0.2311,1982-2026
-20.0,-170.0,0.2179,1982-2026
-20.0,-167.5,0.1976,1982-2026
-20.0,-165.0,0.1827,1982-2026
-20.0,-162.5,0.1885,1982-2026
-20.0,-160.0,0.1711,1982-2026
-20.0,-157.5,0.1561,1982-2026
-20.0,-155.0,0.1438,1982-2026
-20.0,-152.5,0.1165,1982-2026
-20.0,-150.0,0.0895,1982-2026
-20.0,-147.5,0.0694,1982-2026
-20.0,-145.0,0.0434,1982-2026
-20.0,-142.5,0.0374,1982-2026
-20.0,-140.0,0.0335,1982-2026
-20.0,-137.5,0.0208,1982-2026
-20.0,-135.0,0.0113,1982-2026
-20.0,-132.5,-0.0013,1982-2026
-20.0,-130.0,-0.008,1982-2026
-20.0,-127.5,-0.0159,1982-2026
-20.0,-125.0,-0.0267,1982-2026
-20.0,-122.5,-0.0349,1982-2026
-20.0,-120.0,-0.037,1982-2026
-20.0,-117.5,-0.0474,1982-2026
-20.0,-115.0,-0.0489,1982-2026
-20.0,-112.5,-0.0442,1982-2026
-20.0,-110.0,-0.0417,1982-2026
-20.0,-107.5,-0.0199,1982-2026
-20.0,-105.0,-0.0208,1982-2026
-20.0,-102.5,-0.0325,1982-2026
-20.0,-100.0,-0.0337,1982-2026
-20.0,-97.5,-0.0367,1982-2026
-20.0,-95.0,-0.0334,1982-2026
-20.0,-92.5,-0.0375,1982-2026
-20.0,-90.0,-0.0369,1982-2026
-20.0,-87.5,-0.0328,1982-2026
-20.0,-85.0,-0.0393,1982-2026
-20.0,-82.5,-0.0288,1982-2026
-20.0,-80.0,-0.033,1982-2026
-20.0,-77.5,-0.0376,1982-2026
-20.0,-75.0,-0.0224,1982-2026
-20.0,-72.5,0.0066,1982-2026
-20.0,-70.0,0.0417,1982-2026
-20.0,-67.5,0.4167,1982-2026
-20.0,-65.0,0.3497,1982-2026
-20.0,-62.5,0.5074,1982-2026
-20.0,-60.0,0.4294,1982-2026
-20.0,-57.5,0.4281,1982-2026
-20.0,-55.0,0.2553,1982-2026
-20.0,-52.5,0.1831,1982-2026
-20.0,-50.0,0.2554,1982-2026
-20.0,-47.5,0.1953,1982-2026
-20.0,-45.0,0.1792,1982-2026
-20.0,-42.5,0.264,1982-2026
-20.0,-40.0,0.1005,1982-2026
-20.0,-37.5,0.1002,1982-2026
-20.0,-35.0,0.0918,1982-2026
-20.0,-32.5,0.0739,1982-2026
-20.0,-30.0,0.0664,1982-2026
-20.0,-27.5,0.057,1982-2026
-20.0,-25.0,0.0499,1982-2026
-20.0,-22.5,0.0593,1982-2026
-20.0,-20.0,0.0655,1982-2026
-20.0,-17.5,0.0641,1982-2026
-20.0,-15.0,0.0777,1982-2026
-20.0,-12.5,0.0967,1982-2026
-20.0,-10.0,0.0792,1982-2026
-20.0,-7.5,0.0834,1982-2026
-20.0,-5.0,0.0737,1982-2026
-20.0,-2.5,0.0862,1982-2026
-22.5,0.0,0.0871,1982-2026
-22.5,2.5,0.0898,1982-2026
-22.5,5.0,0.1052,1982-2026
-22.5,7.5,0.095,1982-2026
-22.5,10.0,0.1025,1982-2026
-22.5,12.5,0.1267,1982-2026
-22.5,15.0,0.1606,1982-2026
-22.5,17.5,0.2613,1982-2026
-22.5,20.0,0.2156,1982-2026
-22.5,22.5,0.0585,1982-2026
-22.5,25.0,0.0086,1982-2026
-22.5,27.5,0.0212,1982-2026
-22.5,30.0,0.098,1982-2026
-22.5,32.5,0.1735,1982-2026
-22.5,35.0,0.2223,1982-2026
-22.5,37.5,0.1256,1982-2026
-22.5,40.0,0.1301,1982-2026
-22.5,42.5,0.1314,1982-2026
-22.5,45.0,0.3337,1982-2026
-22.5,47.5,0.256,1982-2026
-22.5,50.0,0.1951,1982-2026
-22.5,52.5,0.1855,1982-2026
-22.5,55.0,0.1905,1982-2026
-22.5,57.5,0.2166,1982-2026
-22.5,60.0,0.2294,1982-2026
-22.5,62.5,0.2211,1982-2026
-22.5,65.0,0.2431,1982-2026
-22.5,67.5,0.2212,1982-2026
-22.5,70.0,0.2461,1982-2026
-22.5,72.5,0.2472,1982-2026
-22.5,75.0,0.2574,1982-2026
-22.5,77.5,0.2586,1982-2026
-22.5,80.0,0.2497,1982-2026
-22.5,82.5,0.2367,1982-2026
-22.5,85.0,0.2192,1982-2026
-22.5,87.5,0.1967,1982-2026
-22.5,90.0,0.1722,1982-2026
-22.5,92.5,0.1616,1982-2026
-22.5,95.0,0.1578,1982-2026
-22.5,97.5,0.1466,1982-2026
-22.5,100.0,0.1486,1982-2026
-22.5,102.5,0.1566,1982-2026
-22.5,105.0,0.1613,1982-2026
-22.5,107.5,0.1624,1982-2026
-22.5,110.0,0.1675,1982-2026
-22.5,112.5,0.2192,1982-2026
-22.5,115.0,0.1343,1982-2026
-22.5,117.5,0.1206,1982-2026
-22.5,120.0,0.2063,1982-2026
-22.5,122.5,0.1927,1982-2026
-22.5,125.0,0.2509,1982-2026
-22.5,127.5,0.2865,1982-2026
-22.5,130.0,0.2158,1982-2026
-22.5,132.5,0.1878,1982-2026
-22.5,135.0,0.1912,1982-2026
-22.5,137.5,0.1213,1982-2026
-22.5,140.0,0.1251,1982-2026
-22.5,142.5,0.1358,1982-2026
-22.5,145.0,0.0515,1982-2026
-22.5,147.5,0.0886,1982-2026
-22.5,150.0,0.1685,1982-2026
-22.5,152.5,0.2128,1982-2026
-22.5,155.0,0.1764,1982-2026
-22.5,157.5,0.2095,1982-2026
-22.5,160.0,0.2119,1982-2026
-22.5,162.5,0.185,1982-2026
-22.5,165.0,0.1961,1982-2026
-22.5,167.5,0.1793,1982-2026
-22.5,170.0,0.199,1982-2026
-22.5,172.5,0.2327,1982-2026
-22.5,175.0,0.2149,1982-2026
-22.5,177.5,0.211,1982-2026
-22.5,180.0,0.2569,1982-2026
-22.5,-177.5,0.2595,1982-2026
-22.5,-175.0,0.2709,1982-2026
-22.5,-172.5,0.2745,1982-2026
-22.5,-170.0,0.2603,1982-2026
-22.5,-167.5,0.2526,1982-2026
-22.5,-165.0,0.2306,1982-2026
-22.5,-162.5,0.2179,1982-2026
-22.5,-160.0,0.1901,1982-2026
-22.5,-157.5,0.172,1982-2026
-22.5,-155.0,0.1627,1982-2026
-22.5,-152.5,0.1545,1982-2026
-22.5,-150.0,0.1217,1982-2026
-22.5,-147.5,0.1032,1982-2026
-22.5,-145.0,0.0866,1982-2026
-22.5,-142.5,0.0717,1982-2026
-22.5,-140.0,0.067,1982-2026
-22.5,-137.5,0.0436,1982-2026
-22.5,-135.0,0.0525,1982-2026
-22.5,-132.5,0.041,1982-2026
-22.5,-130.0,0.0343,1982-2026
-22.5,-127.5,0.0262,1982-2026
-22.5,-125.0,0.0205,1982-2026
-22.5,-122.5,0.0028,1982-2026
-22.5,-120.0,0.0084,1982-2026
-22.5,-117.5,0.0013,1982-2026
-22.5,-115.0,-0.0031,1982-2026
-22.5,-112.5,0.0033,1982-2026
-22.5,-110.0,0.0049,1982-2026
-22.5,-107.5,0.0024,1982-2026
-22.5,-105.0,0.0032,1982-2026
-22.5,-102.5,-0.0025,1982-2026
-22.5,-100.0,-0.0069,1982-2026
-22.5,-97.5,0.0077,1982-2026
-22.5,-95.0,-0.0036,1982-2026
-22.5,-92.5,0.0014,1982-2026
-22.5,-90.0,0.0031,1982-2026
-22.5,-87.5,0.0021,1982-2026
-22.5,-85.0,0.0008,1982-2026
-22.5,-82.5,-0.0213,1982-2026
-22.5,-80.0,-0.0238,1982-2026
-22.5,-77.5,-0.0201,1982-2026
-22.5,-75.0,-0.0237,1982-2026
-22.5,-72.5,-0.0273,1982-2026
-22.5,-70.0,0.1668,1982-2026
-22.5,-67.5,0.3418,1982-2026
-22.5,-65.0,0.2363,1982-2026
-22.5,-62.5,0.4605,1982-2026
-22.5,-60.0,0.4513,1982-2026
-22.5,-57.5,0.3768,1982-2026
-22.5,-55.0,0.1869,1982-2026
-22.5,-52.5,0.2527,1982-2026
-22.5,-50.0,0.2878,1982-2026
-22.5,-47.5,0.2982,1982-2026
-22.5,-45.0,0.1612,1982-2026
-22.5,-42.5,0.0534,1982-2026
-22.5,-40.0,0.1311,1982-2026
-22.5,-37.5,0.0933,1982-2026
-22.5,-35.0,0.0879,1982-2026
-22.5,-32.5,0.0813,1982-2026
-22.5,-30.0,0.0636,1982-2026
-22.5,-27.5,0.0825,1982-2026
-22.5,-25.0,0.0643,1982-2026
-22.5,-22.5,0.0678,1982-2026
-22.5,-20.0,0.0747,1982-2026
-22.5,-17.5,0.0859,1982-2026
-22.5,-15.0,0.1,1982-2026
-22.5,-12.5,0.0911,1982-2026
-22.5,-10.0,0.1135,1982-2026
-22.5,-7.5,0.0885,1982-2026
-22.5,-5.0,0.0694,1982-2026
-22.5,-2.5,0.076,1982-2026
-25.0,0.0,0.0943,1982-2026
-25.0,2.5,0.0858,1982-2026
-25.0,5.0,0.0989,1982-2026
-25.0,7.5,0.0924,1982-2026
-25.0,10.0,0.0951,1982-2026
-25.0,12.5,0.0887,1982-2026
-25.0,15.0,0.1462,1982-2026
-25.0,17.5,0.2921,1982-2026
-25.0,20.0,0.2808,1982-2026
-25.0,22.5,0.1428,1982-2026
-25.0,25.0,0.1613,1982-2026
-25.0,27.5,0.1926,1982-2026
-25.0,30.0,0.2861,1982-2026
-25.0,32.5,0.1701,1982-2026
-25.0,35.0,0.1184,1982-2026
-25.0,37.5,0.1381,1982-2026
-25.0,40.0,0.1158,1982-2026
-25.0,42.5,0.1336,1982-2026
-25.0,45.0,0.2305,1982-2026
-25.0,47.5,0.1826,1982-2026
-25.0,50.0,0.1509,1982-2026
-25.0,52.5,0.1822,1982-2026
-25.0,55.0,0.1836,1982-2026
-25.0,57.5,0.1995,1982-2026
-25.0,60.0,0.2033,1982-2026
-25.0,62.5,0.2426,1982-2026
-25.0,65.0,0.2618,1982-2026
-25.0,67.5,0.2672,1982-2026
-25.0,70.0,0.2645,1982-2026
-25.0,72.5,0.2667,1982-2026
-25.0,75.0,0.2761,1982-2026
-25.0,77.5,0.2696,1982-2026
-25.0,80.0,0.2624,1982-2026
-25.0,82.5,0.2459,1982-2026
-25.0,85.0,0.2323,1982-2026
-25.0,87.5,0.2136,1982-2026
-25.0,90.0,0.1926,1982-2026
-25.0,92.5,0.1653,1982-2026
-25.0,95.0,0.1536,1982-2026
-25.0,97.5,0.1466,1982-2026
-25.0,100.0,0.1482,1982-2026
-25.0,102.5,0.1436,1982-2026
-25.0,105.0,0.1413,1982-2026
-25.0,107.5,0.1509,1982-2026
-25.0,110.0,0.1646,1982-2026
-25.0,112.5,0.1611,1982-2026
-25.0,115.0,0.2333,1982-2026
-25.0,117.5,0.2973,1982-2026
-25.0,120.0,0.2658,1982-2026
-25.0,122.5,0.2455,1982-2026
-25.0,125.0,0.2988,1982-2026
-25.0,127.5,0.376,1982-2026
-25.0,130.0,0.2869,1982-2026
-25.0,132.5,0.2506,1982-2026
-25.0,135.0,0.2628,1982-2026
-25.0,137.5,0.214,1982-2026
-25.0,140.0,0.309,1982-2026
-25.0,142.5,0.2959,1982-2026
-25.0,145.0,0.2264,1982-2026
-25.0,147.5,0.1903,1982-2026
-25.0,150.0,0.1389,1982-2026
-25.0,152.5,0.146,1982-2026
-25.0,155.0,0.193,1982-2026
-25.0,157.5,0.1878,1982-2026
-25.0,160.0,0.1825,1982-2026
-25.0,162.5,0.202,1982-2026
-25.0,165.0,0.1889,1982-2026
-25.0,167.5,0.2143,1982-2026
-25.0,170.0,0.2063,1982-2026
-25.0,172.5,0.2201,1982-2026
-25.0,175.0,0.2113,1982-2026
-25.0,177.5,0.2058,1982-2026
-25.0,180.0,0.2426,1982-2026
-25.0,-177.5,0.272,1982-2026
-25.0,-175.0,0.2944,1982-2026
-25.0,-172.5,0.2998,1982-2026
-25.0,-170.0,0.3076,1982-2026
-25.0,-167.5,0.2778,1982-2026
-25.0,-165.0,0.2743,1982-2026
-25.0,-162.5,0.2466,1982-2026
-25.0,-160.0,0.2219,1982-2026
-25.0,-157.5,0.2138,1982-2026
-25.0,-155.0,0.1832,1982-2026
-25.0,-152.5,0.1798,1982-2026
-25.0,-150.0,0.1662,1982-2026
-25.0,-147.5,0.1422,1982-2026
-25.0,-145.0,0.1295,1982-2026
-25.0,-142.5,0.1279,1982-2026
-25.0,-140.0,0.1202,1982-2026
-25.0,-137.5,0.104,1982-2026
-25.0,-135.0,0.0967,1982-2026
-25.0,-132.5,0.0875,1982-2026
-25.0,-130.0,0.0867,1982-2026
-25.0,-127.5,0.0633,1982-2026
-25.0,-125.0,0.0555,1982-2026
-25.0,-122.5,0.0469,1982-2026
-25.0,-120.0,0.047,1982-2026
-25.0,-117.5,0.0413,1982-2026
-25.0,-115.0,0.0356,1982-2026
-25.0,-112.5,0.0388,1982-2026
-25.0,-110.0,0.0495,1982-2026
-25.0,-107.5,0.025,1982-2026
-25.0,-105.0,0.0275,1982-2026
-25.0,-102.5,0.0321,1982-2026
-25.0,-100.0,0.0299,1982-2026
-25.0,-97.5,0.0319,1982-2026
-25.0,-95.0,0.0308,1982-2026
-25.0,-92.5,0.042,1982-2026
-25.0,-90.0,0.033,1982-2026
-25.0,-87.5,0.0364,1982-2026
-25.0,-85.0,0.0412,1982-2026
-25.0,-82.5,0.0257,1982-2026
-25.0,-80.0,0.0128,1982-2026
-25.0,-77.5,0.0002,1982-2026
-25.0,-75.0,-0.0245,1982-2026
-25.0,-72.5,-0.0388,1982-2026
-25.0,-70.0,0.2729,1982-2026
-25.0,-67.5,0.2531,1982-2026
-25.0,-65.0,0.314,1982-2026
-25.0,-62.5,0.302,1982-2026
-25.0,-60.0,0.3344,1982-2026
-25.0,-57.5,0.2771,1982-2026
-25.0,-55.0,0.2243,1982-2026
-25.0,-52.5,0.1967,1982-2026
-25.0,-50.0,0.1702,1982-2026
-25.0,-47.5,0.1817,1982-2026
-25.0,-45.0,0.159,1982-2026
-25.0,-42.5,0.1194,1982-2026
-25.0,-40.0,0.1074,1982-2026
-25.0,-37.5,0.1025,1982-2026
-25.0,-35.0,0.0968,1982-2026
-25.0,-32.5,0.0816,1982-2026
-25.0,-30.0,0.088,1982-2026
-25.0,-27.5,0.0832,1982-2026
-25.0,-25.0,0.0708,1982-2026
-25.0,-22.5,0.0658,1982-2026
-25.0,-20.0,0.0586,1982-2026
-25.0,-17.5,0.076,1982-2026
-25.0,-15.0,0.0865,1982-2026
-25.0,-12.5,0.1082,1982-2026
-25.0,-10.0,0.1469,1982-2026
-25.0,-7.5,0.1201,1982-2026
-25.0,-5.0,0.1156,1982-2026
-25.0,-2.5,0.0823,1982-2026
-27.5,0.0,0.1014,1982-2026
-27.5,2.5,0.0984,1982-2026
-27.5,5.0,0.0915,1982-2026
-27.5,7.5,0.0903,1982-2026
-27.5,10.0,0.0977,1982-2026
-27.5,12.5,0.0945,1982-2026
-27.5,15.0,0.034,1982-2026
-27.5,17.5,0.2602,1982-2026
-27.5,20.0,0.2567,1982-2026
-27.5,22.5,0.3105,1982-2026
-27.5,25.0,0.2463,1982-2026
-27.5,27.5,0.3127,1982-2026
-27.5,30.0,0.3428,1982-2026
-27.5,32.5,0.1348,1982-2026
-27.5,35.0,0.1291,1982-2026
-27.5,37.5,0.1253,1982-2026
-27.5,40.0,0.1197,1982-2026
-27.5,42.5,0.1152,1982-2026
-27.5,45.0,0.124,1982-2026
-27.5,47.5,0.1397,1982-2026
-27.5,50.0,0.1332,1982-2026
-27.5,52.5,0.1587,1982-2026
-27.5,55.0,0.1679,1982-2026
-27.5,57.5,0.177,1982-2026
-27.5,60.0,0.2079,1982-2026
-27.5,62.5,0.2193,1982-2026
-27.5,65.0,0.2338,1982-2026
-27.5,67.5,0.2393,1982-2026
-27.5,70.0,0.249,1982-2026
-27.5,72.5,0.2506,1982-2026
-27.5,75.0,0.2709,1982-2026
-27.5,77.5,0.2825,1982-2026
-27.5,80.0,0.2642,1982-2026
-27.5,82.5,0.263,1982-2026
-27.5,85.0,0.2493,1982-2026
-27.5,87.5,0.2374,1982-2026
-27.5,90.0,0.1981,1982-2026
-27.5,92.5,0.1944,1982-2026
-27.5,95.0,0.1781,1982-2026
-27.5,97.5,0.168,1982-2026
-27.5,100.0,0.1567,1982-2026
-27.5,102.5,0.1492,1982-2026
-27.5,105.0,0.1535,1982-2026
-27.5,107.5,0.1639,1982-2026
-27.5,110.0,0.1573,1982-2026
-27.5,112.5,0.1737,1982-2026
-27.5,115.0,0.2367,1982-2026
-27.5,117.5,0.2803,1982-2026
-27.5,120.0,0.2891,1982-2026
-27.5,122.5,0.2956,1982-2026
-27.5,125.0,0.292,1982-2026
-27.5,127.5,0.375,1982-2026
-27.5,130.0,0.2964,1982-2026
-27.5,132.5,0.4075,1982-2026
-27.5,135.0,0.3569,1982-2026
-27.5,137.5,0.3752,1982-2026
-27.5,140.0,0.4163,1982-2026
-27.5,142.5,0.4277,1982-2026
-27.5,145.0,0.3561,1982-2026
-27.5,147.5,0.2123,1982-2026
-27.5,150.0,0.1485,1982-2026
-27.5,152.5,0.1531,1982-2026
-27.5,155.0,0.2049,1982-2026
-27.5,157.5,0.1921,1982-2026
-27.5,160.0,0.1957,1982-2026
-27.5,162.5,0.2066,1982-2026
-27.5,165.0,0.2238,1982-2026
-27.5,167.5,0.1979,1982-2026
-27.5,170.0,0.2008,1982-2026
-27.5,172.5,0.2033,1982-2026
-27.5,175.0,0.1896,1982-2026
-27.5,177.5,0.1645,1982-2026
-27.5,180.0,0.247,1982-2026
-27.5,-177.5,0.2702,1982-2026
-27.5,-175.0,0.2774,1982-2026
-27.5,-172.5,0.3013,1982-2026
-27.5,-170.0,0.3111,1982-2026
-27.5,-167.5,0.3159,1982-2026
-27.5,-165.0,0.3063,1982-2026
-27.5,-162.5,0.2798,1982-2026
-27.5,-160.0,0.2597,1982-2026
-27.5,-157.5,0.2407,1982-2026
-27.5,-155.0,0.2296,1982-2026
-27.5,-152.5,0.2173,1982-2026
-27.5,-150.0,0.2101,1982-2026
-27.5,-147.5,0.1842,1982-2026
-27.5,-145.0,0.1936,1982-2026
-27.5,-142.5,0.1896,1982-2026
-27.5,-140.0,0.172,1982-2026
-27.5,-137.5,0.1507,1982-2026
-27.5,-135.0,0.1435,1982-2026
-27.5,-132.5,0.1148,1982-2026
-27.5,-130.0,0.1009,1982-2026
-27.5,-127.5,0.0998,1982-2026
-27.5,-125.0,0.0912,1982-2026
-27.5,-122.5,0.0806,1982-2026
-27.5,-120.0,0.0758,1982-2026
-27.5,-117.5,0.0708,1982-2026
-27.5,-115.0,0.0667,1982-2026
-27.5,-112.5,0.0628,1982-2026
-27.5,-110.0,0.0616,1982-2026
-27.5,-107.5,0.0634,1982-2026
-27.5,-105.0,0.0636,1982-2026
-27.5,-102.5,0.0497,1982-2026
-27.5,-100.0,0.058,1982-2026
-27.5,-97.5,0.0565,1982-2026
-27.5,-95.0,0.0556,1982-2026
-27.5,-92.5,0.0621,1982-2026
-27.5,-90.0,0.0603,1982-2026
-27.5,-87.5,0.065,1982-2026
-27.5,-85.0,0.0706,1982-2026
-27.5,-82.5,0.057,1982-2026
-27.5,-80.0,0.0349,1982-2026
-27.5,-77.5,0.0211,1982-2026
-27.5,-75.0,0.0037,1982-2026
-27.5,-72.5,-0.0417,1982-2026
-27.5,-70.0,0.2102,1982-2026
-27.5,-67.5,0.1779,1982-2026
-27.5,-65.0,0.2994,1982-2026
-27.5,-62.5,0.291,1982-2026
-27.5,-60.0,0.2785,1982-2026
-27.5,-57.5,0.2256,1982-2026
-27.5,-55.0,0.2077,1982-2026
-27.5,-52.5,0.1754,1982-2026
-27.5,-50.0,0.1513,1982-2026
-27.5,-47.5,0.2165,1982-2026
-27.5,-45.0,0.106,1982-2026
-27.5,-42.5,0.1024,1982-2026
-27.5,-40.0,0.0905,1982-2026
-27.5,-37.5,0.0906,1982-2026
-27.5,-35.0,0.0915,1982-2026
-27.5,-32.5,0.0684,1982-2026
-27.5,-30.0,0.0925,1982-2026
-27.5,-27.5,0.084,1982-2026
-27.5,-25.0,0.0806,1982-2026
-27.5,-22.5,0.0706,1982-2026
-27.5,-20.0,0.0803,1982-2026
-27.5,-17.5,0.0508,1982-2026
-27.5,-15.0,0.0688,1982-2026
-27.5,-12.5,0.0764,1982-2026
-27.5,-10.0,0.0873,1982-2026
-27.5,-7.5,0.0894,1982-2026
-27.5,-5.0,0.089,1982-2026
-27.5,-2.5,0.0768,1982-2026
-30.0,0.0,0.0725,1982-2026
-30.0,2.5,0.0933,1982-2026
-30.0,5.0,0.1167,1982-2026
-30.0,7.5,0.115,1982-2026
-30.0,10.0,0.1052,1982-2026
-30.0,12.5,0.105,1982-2026
-30.0,15.0,0.057,1982-2026
-30.0,17.5,0.1161,1982-2026
-30.0,20.0,0.2182,1982-2026
-30.0,22.5,0.2632,1982-2026
-30.0,25.0,0.1725,1982-2026
-30.0,27.5,0.3277,1982-2026
-30.0,30.0,0.243,1982-2026
-30.0,32.5,0.1202,1982-2026
-30.0,35.0,0.1006,1982-2026
-30.0,37.5,0.0973,1982-2026
-30.0,40.0,0.0861,1982-2026
-30.0,42.5,0.1029,1982-2026
-30.0,45.0,0.1335,1982-2026
-30.0,47.5,0.122,1982-2026
-30.0,50.0,0.1283,1982-2026
-30.0,52.5,0.103,1982-2026
-30.0,55.0,0.1159,1982-2026
-30.0,57.5,0.1379,1982-2026
-30.0,60.0,0.1596,1982-2026
-30.0,62.5,0.1806,1982-2026
-30.0,65.0,0.2071,1982-2026
-30.0,67.5,0.2163,1982-2026
-30.0,70.0,0.2518,1982-2026
-30.0,72.5,0.2692,1982-2026
-30.0,75.0,0.2734,1982-2026
-30.0,77.5,0.2759,1982-2026
-30.0,80.0,0.2659,1982-2026
-30.0,82.5,0.2442,1982-2026
-30.0,85.0,0.2374,1982-2026
-30.0,87.5,0.2322,1982-2026
-30.0,90.0,0.2196,1982-2026
-30.0,92.5,0.2079,1982-2026
-30.0,95.0,0.1878,1982-2026
-30.0,97.5,0.167,1982-2026
-30.0,100.0,0.1446,1982-2026
-30.0,102.5,0.1368,1982-2026
-30.0,105.0,0.1389,1982-2026
-30.0,107.5,0.147,1982-2026
-30.0,110.0,0.1504,1982-2026
-30.0,112.5,0.1778,1982-2026
-30.0,115.0,0.1807,1982-2026
-30.0,117.5,0.2043,1982-2026
-30.0,120.0,0.2259,1982-2026
-30.0,122.5,0.2384,1982-2026
-30.0,125.0,0.202,1982-2026
-30.0,127.5,0.1464,1982-2026
-30.0,130.0,0.1539,1982-2026
-30.0,132.5,0.2469,1982-2026
-30.0,135.0,0.2598,1982-2026
-30.0,137.5,0.2754,1982-2026
-30.0,140.0,0.2812,1982-2026
-30.0,142.5,0.3226,1982-2026
-30.0,145.0,0.3716,1982-2026
-30.0,147.5,0.2836,1982-2026
-30.0,150.0,0.2229,1982-2026
-30.0,152.5,0.1618,1982-2026
-30.0,155.0,0.1767,1982-2026
-30.0,157.5,0.1883,1982-2026
-30.0,160.0,0.1932,1982-2026
-30.0,162.5,0.1868,1982-2026
-30.0,165.0,0.1954,1982-2026
-30.0,167.5,0.1973,1982-2026
-30.0,170.0,0.1956,1982-2026
-30.0,172.5,0.2154,1982-2026
-30.0,175.0,0.2036,1982-2026
-30.0,177.5,0.2132,1982-2026
-30.0,180.0,0.2557,1982-2026
-30.0,-177.5,0.2664,1982-2026
-30.0,-175.0,0.297,1982-2026
-30.0,-172.5,0.3113,1982-2026
-30.0,-170.0,0.3241,1982-2026
-30.0,-167.5,0.3319,1982-2026
-30.0,-165.0,0.3431,1982-2026
-30.0,-162.5,0.311,1982-2026
-30.0,-160.0,0.3053,1982-2026
-30.0,-157.5,0.2885,1982-2026
-30.0,-155.0,0.2753,1982-2026
-30.0,-152.5,0.2668,1982-2026
-30.0,-150.0,0.2657,1982-2026
-30.0,-147.5,0.2407,1982-2026
-30.0,-145.0,0.2496,1982-2026
-30.0,-142.5,0.2401,1982-2026
-30.0,-140.0,0.2341,1982-2026
-30.0,-137.5,0.2037,1982-2026
-30.0,-135.0,0.1859,1982-2026
-30.0,-132.5,0.149,1982-2026
-30.0,-130.0,0.1448,1982-2026
-30.0,-127.5,0.1315,1982-2026
-30.0,-125.0,0.1499,1982-2026
-30.0,-122.5,0.1219,1982-2026
-30.0,-120.0,0.1284,1982-2026
-30.0,-117.5,0.0984,1982-2026
-30.0,-115.0,0.0835,1982-2026
-30.0,-112.5,0.0866,1982-2026
-30.0,-110.0,0.0882,1982-2026
-30.0,-107.5,0.088,1982-2026
-30.0,-105.0,0.0891,1982-2026
-30.0,-102.5,0.0775,1982-2026
-30.0,-100.0,0.0789,1982-2026
-30.0,-97.5,0.0755,1982-2026
-30.0,-95.0,0.0759,1982-2026
-30.0,-92.5,0.0712,1982-2026
-30.0,-90.0,0.0771,1982-2026
-30.0,-87.5,0.0939,1982-2026
-30.0,-85.0,0.106,1982-2026
-30.0,-82.5,0.0984,1982-2026
-30.0,-80.0,0.0642,1982-2026
-30.0,-77.5,0.0537,1982-2026
-30.0,-75.0,-0.0058,1982-2026
-30.0,-72.5,-0.0486,1982-2026
-30.0,-70.0,0.4856,1982-2026
-30.0,-67.5,0.2422,1982-2026
-30.0,-65.0,0.3247,1982-2026
-30.0,-62.5,0.3417,1982-2026
-30.0,-60.0,0.2204,1982-2026
-30.0,-57.5,0.1452,1982-2026
-30.0,-55.0,0.1062,1982-2026
-30.0,-52.5,0.1938,1982-2026
-30.0,-50.0,0.1852,1982-2026
-30.0,-47.5,0.149,1982-2026
-30.0,-45.0,0.1057,1982-2026
-30.0,-42.5,0.098,1982-2026
-30.0,-40.0,0.097,1982-2026
-30.0,-37.5,0.0916,1982-2026
-30.0,-35.0,0.0895,1982-2026
-30.0,-32.5,0.0954,1982-2026
-30.0,-30.0,0.1059,1982-2026
-30.0,-27.5,0.1109,1982-2026
-30.0,-25.0,0.098,1982-2026
-30.0,-22.5,0.1061,1982-2026
-30.0,-20.0,0.1,1982-2026
-30.0,-17.5,0.0889,1982-2026
-30.0,-15.0,0.0711,1982-2026
-30.0,-12.5,0.0741,1982-2026
-30.0,-10.0,0.0769,1982-2026
-30.0,-7.5,0.0662,1982-2026
-30.0,-5.0,0.0712,1982-2026
-30.0,-2.5,0.0804,1982-2026
-32.5,0.0,0.0708,1982-2026
-32.5,2.5,0.0782,1982-2026
-32.5,5.0,0.0972,1982-2026
-32.5,7.5,0.11,1982-2026
-32.5,10.0,0.1238,1982-2026
-32.5,12.5,0.1375,1982-2026
-32.5,15.0,0.1472,1982-2026
-32.5,17.5,-0.0353,1982-2026
-32.5,20.0,0.2479,1982-2026
-32.5,22.5,0.2985,1982-2026
-32.5,25.0,0.2247,1982-2026
-32.5,27.5,0.1039,1982-2026
-32.5,30.0,0.1075,1982-2026
-32.5,32.5,0.0739,1982-2026
-32.5,35.0,0.0799,1982-2026
-32.5,37.5,0.0641,1982-2026
-32.5,40.0,0.0537,1982-2026
-32.5,42.5,0.0633,1982-2026
-32.5,45.0,0.0658,1982-2026
-32.5,47.5,0.0605,1982-2026
-32.5,50.0,0.0515,1982-2026
-32.5,52.5,0.0769,1982-2026
-32.5,55.0,0.0883,1982-2026
-32.5,57.5,0.0952,1982-2026
-32.5,60.0,0.1028,1982-2026
-32.5,62.5,0.1292,1982-2026
-32.5,65.0,0.1471,1982-2026
-32.5,67.5,0.162,1982-2026
-32.5,70.0,0.2109,1982-2026
-32.5,72.5,0.2332,1982-2026
-32.5,75.0,0.2293,1982-2026
-32.5,77.5,0.2503,1982-2026
-32.5,80.0,0.2423,1982-2026
-32.5,82.5,0.2309,1982-2026
-32.5,85.0,0.222,1982-2026
-32.5,87.5,0.1979,1982-2026
-32.5,90.0,0.1979,1982-2026
-32.5,92.5,0.1894,1982-2026
-32.5,95.0,0.1707,1982-2026
-32.5,97.5,0.1628,1982-2026
-32.5,100.0,0.1548,1982-2026
-32.5,102.5,0.1502,1982-2026
-32.5,105.0,0.14,1982-2026
-32.5,107.5,0.1461,1982-2026
-32.5,110.0,0.1492,1982-2026
-32.5,112.5,0.1564,1982-2026
-32.5,115.0,0.1852,1982-2026
-32.5,117.5,0.0534,1982-2026
-32.5,120.0,0.0779,1982-2026
-32.5,122.5,0.0823,1982-2026
-32.5,125.0,0.0838,1982-2026
-32.5,127.5,0.1191,1982-2026
-32.5,130.0,0.1258,1982-2026
-32.5,132.5,0.1308,1982-2026
-32.5,135.0,0.0531,1982-2026
-32.5,137.5,0.1624,1982-2026
-32.5,140.0,0.1823,1982-2026
-32.5,142.5,0.2756,1982-2026
-32.5,145.0,0.3118,1982-2026
-32.5,147.5,0.2044,1982-2026
-32.5,150.0,0.1987,1982-2026
-32.5,152.5,0.2357,1982-2026
-32.5,155.0,0.2346,1982-2026
-32.5,157.5,0.2218,1982-2026
-32.5,160.0,0.2169,1982-2026
-32.5,162.5,0.2124,1982-2026
-32.5,165.0,0.1894,1982-2026
-32.5,167.5,0.1676,1982-2026
-32.5,170.0,0.1972,1982-2026
-32.5,172.5,0.2142,1982-2026
-32.5,175.0,0.2075,1982-2026
-32.5,177.5,0.2213,1982-2026
-32.5,180.0,0.2513,1982-2026
-32.5,-177.5,0.2802,1982-2026
-32.5,-175.0,0.292,1982-2026
-32.5,-172.5,0.3155,1982-2026
-32.5,-170.0,0.3332,1982-2026
-32.5,-167.5,0.3494,1982-2026
-32.5,-165.0,0.34,1982-2026
-32.5,-162.5,0.3398,1982-2026
-32.5,-160.0,0.3426,1982-2026
-32.5,-157.5,0.33,1982-2026
-32.5,-155.0,0.3225,1982-2026
-32.5,-152.5,0.3111,1982-2026
-32.5,-150.0,0.2857,1982-2026
-32.5,-147.5,0.2736,1982-2026
-32.5,-145.0,0.2629,1982-2026
-32.5,-142.5,0.256,1982-2026
-32.5,-140.0,0.2475,1982-2026
-32.5,-137.5,0.2402,1982-2026
-32.5,-135.0,0.2095,1982-2026
-32.5,-132.5,0.196,1982-2026
-32.5,-130.0,0.1722,1982-2026
-32.5,-127.5,0.1653,1982-2026
-32.5,-125.0,0.1478,1982-2026
-32.5,-122.5,0.1226,1982-2026
-32.5,-120.0,0.1304,1982-2026
-32.5,-117.5,0.1268,1982-2026
-32.5,-115.0,0.1019,1982-2026
-32.5,-112.5,0.1033,1982-2026
-32.5,-110.0,0.1101,1982-2026
-32.5,-107.5,0.1022,1982-2026
-32.5,-105.0,0.1058,1982-2026
-32.5,-102.5,0.1059,1982-2026
-32.5,-100.0,0.1003,1982-2026
-32.5,-97.5,0.09,1982-2026
-32.5,-95.0,0.0861,1982-2026
-32.5,-92.5,0.093,1982-2026
-32.5,-90.0,0.0971,1982-2026
-32.5,-87.5,0.1089,1982-2026
-32.5,-85.0,0.1062,1982-2026
-32.5,-82.5,0.0829,1982-2026
-32.5,-80.0,0.0619,1982-2026
-32.5,-77.5,0.0306,1982-2026
-32.5,-75.0,-0.0107,1982-2026
-32.5,-72.5,0.0039,1982-2026
-32.5,-70.0,0.3436,1982-2026
-32.5,-67.5,0.2987,1982-2026
-32.5,-65.0,0.2324,1982-2026
-32.5,-62.5,0.2477,1982-2026
-32.5,-60.0,0.2264,1982-2026
-32.5,-57.5,0.1402,1982-2026
-32.5,-55.0,0.1006,1982-2026
-32.5,-52.5,0.1596,1982-2026
-32.5,-50.0,0.216,1982-2026
-32.5,-47.5,0.1118,1982-2026
-32.5,-45.0,0.1083,1982-2026
-32.5,-42.5,0.1014,1982-2026
-32.5,-40.0,0.0917,1982-2026
-32.5,-37.5,0.1103,1982-2026
-32.5,-35.0,0.1205,1982-2026
-32.5,-32.5,0.1153,1982-2026
-32.5,-30.0,0.1327,1982-2026
-32.5,-27.5,0.1329,1982-2026
-32.5,-25.0,0.1035,1982-2026
-32.5,-22.5,0.117,1982-2026
-32.5,-20.0,0.1182,1982-2026
-32.5,-17.5,0.1047,1982-2026
-32.5,-15.0,0.0877,1982-2026
-32.5,-12.5,0.089,1982-2026
-32.5,-10.0,0.0539,1982-2026
-32.5,-7.5,0.0321,1982-2026
-32.5,-5.0,0.0559,1982-2026
-32.5,-2.5,0.0559,1982-2026
-35.0,0.0,0.0911,1982-2026
-35.0,2.5,0.0996,1982-2026
-35.0,5.0,0.1068,1982-2026
-35.0,7.5,0.1306,1982-2026
-35.0,10.0,0.1533,1982-2026
-35.0,12.5,0.1658,1982-2026
-35.0,15.0,0.1732,1982-2026
-35.0,17.5,0.1779,1982-2026
-35.0,20.0,0.1292,1982-2026
-35.0,22.5,0.1717,1982-2026
-35.0,25.0,0.2401,1982-2026
-35.0,27.5,0.1013,1982-2026
-35.0,30.0,0.104,1982-2026
-35.0,32.5,0.0639,1982-2026
-35.0,35.0,0.0658,1982-2026
-35.0,37.5,0.0644,1982-2026
-35.0,40.0,0.0617,1982-2026
-35.0,42.5,0.0474,1982-2026
-35.0,45.0,0.0549,1982-2026
-35.0,47.5,0.0307,1982-2026
-35.0,50.0,0.0201,1982-2026
-35.0,52.5,0.016,1982-2026
-35.0,55.0,0.0185,1982-2026
-35.0,57.5,0.0343,1982-2026
-35.0,60.0,0.0607,1982-2026
-35.0,62.5,0.0821,1982-2026
-35.0,65.0,0.0935,1982-2026
-35.0,67.5,0.1167,1982-2026
-35.0,70.0,0.1358,1982-2026
-35.0,72.5,0.1696,1982-2026
-35.0,75.0,0.1753,1982-2026
-35.0,77.5,0.187,1982-2026
-35.0,80.0,0.1878,1982-2026
-35.0,82.5,0.1759,1982-2026
-35.0,85.0,0.1848,1982-2026
-35.0,87.5,0.1512,1982-2026
-35.0,90.0,0.1498,1982-2026
-35.0,92.5,0.1381,1982-2026
-35.0,95.0,0.1447,1982-2026
-35.0,97.5,0.1358,1982-2026
-35.0,100.0,0.1409,1982-2026
-35.0,102.5,0.1527,1982-2026
-35.0,105.0,0.1473,1982-2026
-35.0,107.5,0.1614,1982-2026
-35.0,110.0,0.1464,1982-2026
-35.0,112.5,0.1386,1982-2026
-35.0,115.0,0.1763,1982-2026
-35.0,117.5,0.0652,1982-2026
-35.0,120.0,0.1214,1982-2026
-35.0,122.5,0.145,1982-2026
-35.0,125.0,0.0997,1982-2026
-35.0,127.5,0.1325,1982-2026
-35.0,130.0,0.098,1982-2026
-35.0,132.5,0.1121,1982-2026
-35.0,135.0,0.165,1982-2026
-35.0,137.5,0.0394,1982-2026
-35.0,140.0,0.1384,1982-2026
-35.0,142.5,0.1777,1982-2026
-35.0,145.0,0.2607,1982-2026
-35.0,147.5,0.181,1982-2026
-35.0,150.0,0.2231,1982-2026
-35.0,152.5,0.2997,1982-2026
-35.0,155.0,0.2992,1982-2026
-35.0,157.5,0.2778,1982-2026
-35.0,160.0,0.2421,1982-2026
-35.0,162.5,0.2454,1982-2026
-35.0,165.0,0.2053,1982-2026
-35.0,167.5,0.2143,1982-2026
-35.0,170.0,0.2357,1982-2026
-35.0,172.5,0.2579,1982-2026
-35.0,175.0,0.2662,1982-2026
-35.0,177.5,0.2319,1982-2026
-35.0,180.0,0.2302,1982-2026
-35.0,-177.5,0.24,1982-2026
-35.0,-175.0,0.2725,1982-2026
-35.0,-172.5,0.2963,1982-2026
-35.0,-170.0,0.3128,1982-2026
-35.0,-167.5,0.3352,1982-2026
-35.0,-165.0,0.3495,1982-2026
-35.0,-162.5,0.363,1982-2026
-35.0,-160.0,0.3533,1982-2026
-35.0,-157.5,0.3494,1982-2026
-35.0,-155.0,0.3383,1982-2026
-35.0,-152.5,0.3281,1982-2026
-35.0,-150.0,0.3041,1982-2026
-35.0,-147.5,0.2972,1982-2026
-35.0,-145.0,0.2962,1982-2026
-35.0,-142.5,0.2705,1982-2026
-35.0,-140.0,0.2415,1982-2026
-35.0,-137.5,0.2201,1982-2026
-35.0,-135.0,0.2084,1982-2026
-35.0,-132.5,0.1892,1982-2026
-35.0,-130.0,0.17,1982-2026
-35.0,-127.5,0.1771,1982-2026
-35.0,-125.0,0.1642,1982-2026
-35.0,-122.5,0.1659,1982-2026
-35.0,-120.0,0.1605,1982-2026
-35.0,-117.5,0.1516,1982-2026
-35.0,-115.0,0.1316,1982-2026
-35.0,-112.5,0.1221,1982-2026
-35.0,-110.0,0.1349,1982-2026
-35.0,-107.5,0.1609,1982-2026
-35.0,-105.0,0.1137,1982-2026
-35.0,-102.5,0.1171,1982-2026
-35.0,-100.0,0.1154,1982-2026
-35.0,-97.5,0.1045,1982-2026
-35.0,-95.0,0.1187,1982-2026
-35.0,-92.5,0.123,1982-2026
-35.0,-90.0,0.1211,1982-2026
-35.0,-87.5,0.1249,1982-2026
-35.0,-85.0,0.121,1982-2026
-35.0,-82.5,0.0913,1982-2026
-35.0,-80.0,0.064,1982-2026
-35.0,-77.5,0.0406,1982-2026
-35.0,-75.0,-0.0083,1982-2026
-35.0,-72.5,-0.1028,1982-2026
-35.0,-70.0,0.2647,1982-2026
-35.0,-67.5,0.3876,1982-2026
-35.0,-65.0,0.2893,1982-2026
-35.0,-62.5,0.2255,1982-2026
-35.0,-60.0,0.2472,1982-2026
-35.0,-57.5,0.2291,1982-2026
-35.0,-55.0,0.1674,1982-2026
-35.0,-52.5,0.203,1982-2026
-35.0,-50.0,0.1982,1982-2026
-35.0,-47.5,0.1633,1982-2026
-35.0,-45.0,0.1418,1982-2026
-35.0,-42.5,0.1158,1982-2026
-35.0,-40.0,0.1106,1982-2026
-35.0,-37.5,0.1255,1982-2026
-35.0,-35.0,0.127,1982-2026
-35.0,-32.5,0.1448,1982-2026
-35.0,-30.0,0.1501,1982-2026
-35.0,-27.5,0.1451,1982-2026
-35.0,-25.0,0.1542,1982-2026
-35.0,-22.5,0.1557,1982-2026
-35.0,-20.0,0.1487,1982-2026
-35.0,-17.5,0.1543,1982-2026
-35.0,-15.0,0.1436,1982-2026
-35.0,-12.5,0.1039,1982-2026
-35.0,-10.0,0.0759,1982-2026
-35.0,-7.5,0.1017,1982-2026
-35.0,-5.0,0.0787,1982-2026
-35.0,-2.5,0.0779,1982-2026
-37.5,0.0,0.1564,1982-2026
-37.5,2.5,0.1708,1982-2026
-37.5,5.0,0.1379,1982-2026
-37.5,7.5,0.1753,1982-2026
-37.5,10.0,0.2184,1982-2026
-37.5,12.5,0.191,1982-2026
-37.5,15.0,0.2076,1982-2026
-37.5,17.5,0.2347,1982-2026
-37.5,20.0,0.2533,1982-2026
-37.5,22.5,0.2038,1982-2026
-37.5,25.0,0.1065,1982-2026
-37.5,27.5,0.1359,1982-2026
-37.5,30.0,0.1035,1982-2026
-37.5,32.5,0.0853,1982-2026
-37.5,35.0,0.108,1982-2026
-37.5,37.5,0.0988,1982-2026
-37.5,40.0,0.0644,1982-2026
-37.5,42.5,0.0779,1982-2026
-37.5,45.0,0.0696,1982-2026
-37.5,47.5,0.0396,1982-2026
-37.5,50.0,0.0356,1982-2026
-37.5,52.5,0.0318,1982-2026
-37.5,55.0,0.0236,1982-2026
-37.5,57.5,0.0077,1982-2026
-37.5,60.0,0.0063,1982-2026
-37.5,62.5,0.0386,1982-2026
-37.5,65.0,0.0461,1982-2026
-37.5,67.5,0.0722,1982-2026
-37.5,70.0,0.0853,1982-2026
-37.5,72.5,0.1026,1982-2026
-37.5,75.0,0.1171,1982-2026
-37.5,77.5,0.1363,1982-2026
-37.5,80.0,0.1088,1982-2026
-37.5,82.5,0.1095,1982-2026
-37.5,85.0,0.1055,1982-2026
-37.5,87.5,0.0981,1982-2026
-37.5,90.0,0.0998,1982-2026
-37.5,92.5,0.0972,1982-2026
-37.5,95.0,0.097,1982-2026
-37.5,97.5,0.1183,1982-2026
-37.5,100.0,0.1314,1982-2026
-37.5,102.5,0.1278,1982-2026
-37.5,105.0,0.1278,1982-2026
-37.5,107.5,0.1542,1982-2026
-37.5,110.0,0.1351,1982-2026
-37.5,112.5,0.1465,1982-2026
-37.5,115.0,0.1482,1982-2026
-37.5,117.5,0.167,1982-2026
-37.5,120.0,0.1432,1982-2026
-37.5,122.5,0.1067,1982-2026
-37.5,125.0,0.102,1982-2026
-37.5,127.5,0.0989,1982-2026
-37.5,130.0,0.0851,1982-2026
-37.5,132.5,0.1031,1982-2026
-37.5,135.0,0.1139,1982-2026
-37.5,137.5,0.1293,1982-2026
-37.5,140.0,0.1043,1982-2026
-37.5,142.5,0.163,1982-2026
-37.5,145.0,0.3016,1982-2026
-37.5,147.5,0.1983,1982-2026
-37.5,150.0,0.2333,1982-2026
-37.5,152.5,0.3176,1982-2026
-37.5,155.0,0.2959,1982-2026
-37.5,157.5,0.2863,1982-2026
-37.5,160.0,0.2516,1982-2026
-37.5,162.5,0.2387,1982-2026
-37.5,165.0,0.2422,1982-2026
-37.5,167.5,0.2369,1982-2026
-37.5,170.0,0.2556,1982-2026
-37.5,172.5,0.2707,1982-2026
-37.5,175.0,0.2379,1982-2026
-37.5,177.5,0.2853,1982-2026
-37.5,180.0,0.2173,1982-2026
-37.5,-177.5,0.2405,1982-2026
-37.5,-175.0,0.2652,1982-2026
-37.5,-172.5,0.2824,1982-2026
-37.5,-170.0,0.31,1982-2026
-37.5,-167.5,0.3249,1982-2026
-37.5,-165.0,0.3351,1982-2026
-37.5,-162.5,0.381,1982-2026
-37.5,-160.0,0.3323,1982-2026
-37.5,-157.5,0.3273,1982-2026
-37.5,-155.0,0.3206,1982-2026
-37.5,-152.5,0.3059,1982-2026
-37.5,-150.0,0.2878,1982-2026
-37.5,-147.5,0.2869,1982-2026
-37.5,-145.0,0.2788,1982-2026
-37.5,-142.5,0.2675,1982-2026
-37.5,-140.0,0.2431,1982-2026
-37.5,-137.5,0.223,1982-2026
-37.5,-135.0,0.215,1982-2026
-37.5,-132.5,0.1973,1982-2026
-37.5,-130.0,0.1734,1982-2026
-37.5,-127.5,0.1659,1982-2026
-37.5,-125.0,0.1659,1982-2026
-37.5,-122.5,0.1497,1982-2026
-37.5,-120.0,0.1418,1982-2026
-37.5,-117.5,0.1384,1982-2026
-37.5,-115.0,0.1293,1982-2026
-37.5,-112.5,0.1232,1982-2026
-37.5,-110.0,0.1248,1982-2026
-37.5,-107.5,0.1345,1982-2026
-37.5,-105.0,0.1468,1982-2026
-37.5,-102.5,0.1174,1982-2026
-37.5,-100.0,0.1452,1982-2026
-37.5,-97.5,0.1484,1982-2026
-37.5,-95.0,0.1318,1982-2026
-37.5,-92.5,0.1292,1982-2026
-37.5,-90.0,0.1265,1982-2026
-37.5,-87.5,0.1411,1982-2026
-37.5,-85.0,0.122,1982-2026
-37.5,-82.5,0.098,1982-2026
-37.5,-80.0,0.0876,1982-2026
-37.5,-77.5,0.0495,1982-2026
-37.5,-75.0,0.0159,1982-2026
-37.5,-72.5,0.1369,1982-2026
-37.5,-70.0,0.2437,1982-2026
-37.5,-67.5,0.1972,1982-2026
-37.5,-65.0,0.2798,1982-2026
-37.5,-62.5,0.2431,1982-2026
-37.5,-60.0,0.1672,1982-2026
-37.5,-57.5,0.1561,1982-2026
-37.5,-55.0,0.1397,1982-2026
-37.5,-52.5,0.3176,1982-2026
-37.5,-50.0,0.2225,1982-2026
-37.5,-47.5,0.2142,1982-2026
-37.5,-45.0,0.1871,1982-2026
-37.5,-42.5,0.1803,1982-2026
-37.5,-40.0,0.1702,1982-2026
-37.5,-37.5,0.1412,1982-2026
-37.5,-35.0,0.1614,1982-2026
-37.5,-32.5,0.1522,1982-2026
-37.5,-30.0,0.1649,1982-2026
-37.5,-27.5,0.1842,1982-2026
-37.5,-25.0,0.1773,1982-2026
-37.5,-22.5,0.1611,1982-2026
-37.5,-20.0,0.1549,1982-2026
-37.5,-17.5,0.1444,1982-2026
-37.5,-15.0,0.1553,1982-2026
-37.5,-12.5,0.1356,1982-2026
-37.5,-10.0,0.1261,1982-2026
-37.5,-7.5,0.1061,1982-2026
-37.5,-5.0,0.1198,1982-2026
-37.5,-2.5,0.1327,1982-2026
-40.0,0.0,0.175,1982-2026
-40.0,2.5,0.1691,1982-2026
-40.0,5.0,0.1979,1982-2026
-40.0,7.5,0.2081,1982-2026
-40.0,10.0,0.2379,1982-2026
-40.0,12.5,0.2967,1982-2026
-40.0,15.0,0.3102,1982-2026
-40.0,17.5,0.2483,1982-2026
-40.0,20.0,0.2389,1982-2026
-40.0,22.5,0.1765,1982-2026
-40.0,25.0,0.232,1982-2026
-40.0,27.5,0.121,1982-2026
-40.0,30.0,0.1774,1982-2026
-40.0,32.5,0.1071,1982-2026
-40.0,35.0,0.0822,1982-2026
-40.0,37.5,0.0844,1982-2026
-40.0,40.0,0.0743,1982-2026
-40.0,42.5,0.1279,1982-2026
-40.0,45.0,0.0932,1982-2026
-40.0,47.5,0.0423,1982-2026
-40.0,50.0,0.0814,1982-2026
-40.0,52.5,0.0603,1982-2026
-40.0,55.0,0.0673,1982-2026
-40.0,57.5,0.0291,1982-2026
-40.0,60.0,0.0302,1982-2026
-40.0,62.5,0.0221,1982-2026
-40.0,65.0,0.0404,1982-2026
-40.0,67.5,0.066,1982-2026
-40.0,70.0,0.0675,1982-2026
-40.0,72.5,0.0734,1982-2026
-40.0,75.0,0.0932,1982-2026
-40.0,77.5,0.0764,1982-2026
-40.0,80.0,0.0727,1982-2026
-40.0,82.5,0.0798,1982-2026
-40.0,85.0,0.0561,1982-2026
-40.0,87.5,0.0717,1982-2026
-40.0,90.0,0.0978,1982-2026
-40.0,92.5,0.0803,1982-2026
-40.0,95.0,0.0743,1982-2026
-40.0,97.5,0.0891,1982-2026
-40.0,100.0,0.1118,1982-2026
-40.0,102.5,0.1073,1982-2026
-40.0,105.0,0.1145,1982-2026
-40.0,107.5,0.0976,1982-2026
-40.0,110.0,0.0871,1982-2026
-40.0,112.5,0.088,1982-2026
-40.0,115.0,0.1022,1982-2026
-40.0,117.5,0.1006,1982-2026
-40.0,120.0,0.0936,1982-2026
-40.0,122.5,0.095,1982-2026
-40.0,125.0,0.0777,1982-2026
-40.0,127.5,0.0731,1982-2026
-40.0,130.0,0.0945,1982-2026
-40.0,132.5,0.0886,1982-2026
-40.0,135.0,0.0903,1982-2026
-40.0,137.5,0.103,1982-2026
-40.0,140.0,0.1298,1982-2026
-40.0,142.5,0.1551,1982-2026
-40.0,145.0,0.146,1982-2026
-40.0,147.5,0.1717,1982-2026
-40.0,150.0,0.2782,1982-2026
-40.0,152.5,0.314,1982-2026
-40.0,155.0,0.3131,1982-2026
-40.0,157.5,0.2851,1982-2026
-40.0,160.0,0.2717,1982-2026
-40.0,162.5,0.2653,1982-2026
-40.0,165.0,0.2548,1982-2026
-40.0,167.5,0.2459,1982-2026
-40.0,170.0,0.2466,1982-2026
-40.0,172.5,0.2454,1982-2026
-40.0,175.0,0.2342,1982-2026
-40.0,177.5,0.2637,1982-2026
-40.0,180.0,0.2073,1982-2026
-40.0,-177.5,0.2226,1982-2026
-40.0,-175.0,0.2433,1982-2026
-40.0,-172.5,0.2718,1982-2026
-40.0,-170.0,0.2925,1982-2026
-40.0,-167.5,0.3058,1982-2026
-40.0,-165.0,0.3144,1982-2026
-40.0,-162.5,0.3141,1982-2026
-40.0,-160.0,0.3136,1982-2026
-40.0,-157.5,0.3003,1982-2026
-40.0,-155.0,0.2807,1982-2026
-40.0,-152.5,0.2759,1982-2026
-40.0,-150.0,0.2644,1982-2026
-40.0,-147.5,0.2439,1982-2026
-40.0,-145.0,0.2329,1982-2026
-40.0,-142.5,0.218,1982-2026
-40.0,-140.0,0.1958,1982-2026
-40.0,-137.5,0.1824,1982-2026
-40.0,-135.0,0.1723,1982-2026
-40.0,-132.5,0.1552,1982-2026
-40.0,-130.0,0.1408,1982-2026
-40.0,-127.5,0.1343,1982-2026
-40.0,-125.0,0.1361,1982-2026
-40.0,-122.5,0.1236,1982-2026
-40.0,-120.0,0.1247,1982-2026
-40.0,-117.5,0.0983,1982-2026
-40.0,-115.0,0.1206,1982-2026
-40.0,-112.5,0.1137,1982-2026
-40.0,-110.0,0.1185,1982-2026
-40.0,-107.5,0.1416,1982-2026
-40.0,-105.0,0.1308,1982-2026
-40.0,-102.5,0.1515,1982-2026
-40.0,-100.0,0.1349,1982-2026
-40.0,-97.5,0.1299,1982-2026
-40.0,-95.0,0.1125,1982-2026
-40.0,-92.5,0.0943,1982-2026
-40.0,-90.0,0.0992,1982-2026
-40.0,-87.5,0.1125,1982-2026
-40.0,-85.0,0.0993,1982-2026
-40.0,-82.5,0.083,1982-2026
-40.0,-80.0,0.0718,1982-2026
-40.0,-77.5,0.0597,1982-2026
-40.0,-75.0,0.0232,1982-2026
-40.0,-72.5,0.0473,1982-2026
-40.0,-70.0,0.1964,1982-2026
-40.0,-67.5,0.2135,1982-2026
-40.0,-65.0,0.1752,1982-2026
-40.0,-62.5,0.203,1982-2026
-40.0,-60.0,0.2008,1982-2026
-40.0,-57.5,0.1687,1982-2026
-40.0,-55.0,0.119,1982-2026
-40.0,-52.5,0.241,1982-2026
-40.0,-50.0,0.2655,1982-2026
-40.0,-47.5,0.2128,1982-2026
-40.0,-45.0,0.2319,1982-2026
-40.0,-42.5,0.1992,1982-2026
-40.0,-40.0,0.2421,1982-2026
-40.0,-37.5,0.2461,1982-2026
-40.0,-35.0,0.2047,1982-2026
-40.0,-32.5,0.2224,1982-2026
-40.0,-30.0,0.2069,1982-2026
-40.0,-27.5,0.2196,1982-2026
-40.0,-25.0,0.213,1982-2026
-40.0,-22.5,0.2079,1982-2026
-40.0,-20.0,0.2135,1982-2026
-40.0,-17.5,0.1726,1982-2026
-40.0,-15.0,0.1708,1982-2026
-40.0,-12.5,0.1465,1982-2026
-40.0,-10.0,0.1477,1982-2026
-40.0,-7.5,0.1633,1982-2026
-40.0,-5.0,0.1691,1982-2026
-40.0,-2.5,0.1689,1982-2026
-42.5,0.0,0.2094,1982-2026
-42.5,2.5,0.2074,1982-2026
-42.5,5.0,0.2047,1982-2026
-42.5,7.5,0.2037,1982-2026
-42.5,10.0,0.2253,1982-2026
-42.5,12.5,0.2401,1982-2026
-42.5,15.0,0.3082,1982-2026
-42.5,17.5,0.2383,1982-2026
-42.5,20.0,0.2125,1982-2026
-42.5,22.5,0.2115,1982-2026
-42.5,25.0,0.1905,1982-2026
-42.5,27.5,0.1495,1982-2026
-42.5,30.0,0.1506,1982-2026
-42.5,32.5,0.1314,1982-2026
-42.5,35.0,0.0535,1982-2026
-42.5,37.5,0.0577,1982-2026
-42.5,40.0,0.0794,1982-2026
-42.5,42.5,0.0517,1982-2026
-42.5,45.0,0.0099,1982-2026
-42.5,47.5,0.0422,1982-2026
-42.5,50.0,0.0558,1982-2026
-42.5,52.5,0.0566,1982-2026
-42.5,55.0,0.0874,1982-2026
-42.5,57.5,0.0429,1982-2026
-42.5,60.0,0.0355,1982-2026
-42.5,62.5,0.068,1982-2026
-42.5,65.0,0.0731,1982-2026
-42.5,67.5,0.0455,1982-2026
-42.5,70.0,0.0888,1982-2026
-42.5,72.5,0.0969,1982-2026
-42.5,75.0,0.0956,1982-2026
-42.5,77.5,0.075,1982-2026
-42.5,80.0,0.0608,1982-2026
-42.5,82.5,0.0711,1982-2026
-42.5,85.0,0.0913,1982-2026
-42.5,87.5,0.0684,1982-2026
-42.5,90.0,0.0926,1982-2026
-42.5,92.5,0.0721,1982-2026
-42.5,95.0,0.0874,1982-2026
-42.5,97.5,0.0922,1982-2026
-42.5,100.0,0.097,1982-2026
-42.5,102.5,0.0911,1982-2026
-42.5,105.0,0.091,1982-2026
-42.5,107.5,0.0817,1982-2026
-42.5,110.0,0.0785,1982-2026
-42.5,112.5,0.0705,1982-2026
-42.5,115.0,0.0593,1982-2026
-42.5,117.5,0.0589,1982-2026
-42.5,120.0,0.0504,1982-2026
-42.5,122.5,0.0379,1982-2026
-42.5,125.0,0.0477,1982-2026
-42.5,127.5,0.0471,1982-2026
-42.5,130.0,0.0581,1982-2026
-42.5,132.5,0.064,1982-2026
-42.5,135.0,0.0528,1982-2026
-42.5,137.5,0.0641,1982-2026
-42.5,140.0,0.0886,1982-2026
-42.5,142.5,0.126,1982-2026
-42.5,145.0,0.1625,1982-2026
-42.5,147.5,0.3237,1982-2026
-42.5,150.0,0.2687,1982-2026
-42.5,152.5,0.2866,1982-2026
-42.5,155.0,0.2607,1982-2026
-42.5,157.5,0.264,1982-2026
-42.5,160.0,0.2456,1982-2026
-42.5,162.5,0.2443,1982-2026
-42.5,165.0,0.2375,1982-2026
-42.5,167.5,0.2382,1982-2026
-42.5,170.0,0.2613,1982-2026
-42.5,172.5,0.292,1982-2026
-42.5,175.0,0.2181,1982-2026
-42.5,177.5,0.2631,1982-2026
-42.5,180.0,0.2265,1982-2026
-42.5,-177.5,0.2297,1982-2026
-42.5,-175.0,0.2598,1982-2026
-42.5,-172.5,0.269,1982-2026
-42.5,-170.0,0.2698,1982-2026
-42.5,-167.5,0.2915,1982-2026
-42.5,-165.0,0.2994,1982-2026
-42.5,-162.5,0.2899,1982-2026
-42.5,-160.0,0.2805,1982-2026
-42.5,-157.5,0.2754,1982-2026
-42.5,-155.0,0.2526,1982-2026
-42.5,-152.5,0.2432,1982-2026
-42.5,-150.0,0.2286,1982-2026
-42.5,-147.5,0.1832,1982-2026
-42.5,-145.0,0.1921,1982-2026
-42.5,-142.5,0.1823,1982-2026
-42.5,-140.0,0.1729,1982-2026
-42.5,-137.5,0.1804,1982-2026
-42.5,-135.0,0.145,1982-2026
-42.5,-132.5,0.1197,1982-2026
-42.5,-130.0,0.1177,1982-2026
-42.5,-127.5,0.1107,1982-2026
-42.5,-125.0,0.1102,1982-2026
-42.5,-122.5,0.0868,1982-2026
-42.5,-120.0,0.0904,1982-2026
-42.5,-117.5,0.1053,1982-2026
-42.5,-115.0,0.0999,1982-2026
-42.5,-112.5,0.0979,1982-2026
-42.5,-110.0,0.1033,1982-2026
-42.5,-107.5,0.1043,1982-2026
-42.5,-105.0,0.1131,1982-2026
-42.5,-102.5,0.119,1982-2026
-42.5,-100.0,0.1101,1982-2026
-42.5,-97.5,0.1005,1982-2026
-42.5,-95.0,0.0847,1982-2026
-42.5,-92.5,0.0746,1982-2026
-42.5,-90.0,0.0707,1982-2026
-42.5,-87.5,0.0662,1982-2026
-42.5,-85.0,0.0694,1982-2026
-42.5,-82.5,0.0532,1982-2026
-42.5,-80.0,0.046,1982-2026
-42.5,-77.5,0.0485,1982-2026
-42.5,-75.0,0.0193,1982-2026
-42.5,-72.5,0.1268,1982-2026
-42.5,-70.0,0.2914,1982-2026
-42.5,-67.5,0.266,1982-2026
-42.5,-65.0,0.1604,1982-2026
-42.5,-62.5,0.1586,1982-2026
-42.5,-60.0,0.1191,1982-2026
-42.5,-57.5,0.1383,1982-2026
-42.5,-55.0,0.3051,1982-2026
-42.5,-52.5,0.3063,1982-2026
-42.5,-50.0,0.3238,1982-2026
-42.5,-47.5,0.248,1982-2026
-42.5,-45.0,0.229,1982-2026
-42.5,-42.5,0.228,1982-2026
-42.5,-40.0,0.2269,1982-2026
-42.5,-37.5,0.2521,1982-2026
-42.5,-35.0,0.2116,1982-2026
-42.5,-32.5,0.2493,1982-2026
-42.5,-30.0,0.2314,1982-2026
-42.5,-27.5,0.229,1982-2026
-42.5,-25.0,0.2416,1982-2026
-42.5,-22.5,0.2536,1982-2026
-42.5,-20.0,0.2246,1982-2026
-42.5,-17.5,0.1831,1982-2026
-42.5,-15.0,0.1678,1982-2026
-42.5,-12.5,0.1895,1982-2026
-42.5,-10.0,0.1731,1982-2026
-42.5,-7.5,0.2081,1982-2026
-42.5,-5.0,0.1838,1982-2026
-42.5,-2.5,0.2115,1982-2026
-45.0,0.0,0.1625,1982-2026
-45.0,2.5,0.1848,1982-2026
-45.0,5.0,0.2048,1982-2026
-45.0,7.5,0.2253,1982-2026
-45.0,10.0,0.1592,1982-2026
-45.0,12.5,0.1594,1982-2026
-45.0,15.0,0.1775,1982-2026
-45.0,17.5,0.1574,1982-2026
-45.0,20.0,0.121,1982-2026
-45.0,22.5,0.1501,1982-2026
-45.0,25.0,0.0787,1982-2026
-45.0,27.5,0.0956,1982-2026
-45.0,30.0,0.1028,1982-2026
-45.0,32.5,0.0824,1982-2026
-45.0,35.0,0.0726,1982-2026
-45.0,37.5,0.043,1982-2026
-45.0,40.0,0.0543,1982-2026
-45.0,42.5,0.0578,1982-2026
-45.0,45.0,0.0537,1982-2026
-45.0,47.5,0.0275,1982-2026
-45.0,50.0,0.113,1982-2026
-45.0,52.5,0.1125,1982-2026
-45.0,55.0,0.0883,1982-2026
-45.0,57.5,0.0783,1982-2026
-45.0,60.0,0.0729,1982-2026
-45.0,62.5,0.0921,1982-2026
-45.0,65.0,0.0373,1982-2026
-45.0,67.5,0.1228,1982-2026
-45.0,70.0,0.1731,1982-2026
-45.0,72.5,0.1566,1982-2026
-45.0,75.0,0.1908,1982-2026
-45.0,77.5,0.1194,1982-2026
-45.0,80.0,0.1441,1982-2026
-45.0,82.5,0.1267,1982-2026
-45.0,85.0,0.125,1982-2026
-45.0,87.5,0.156,1982-2026
-45.0,90.0,0.1527,1982-2026
-45.0,92.5,0.1585,1982-2026
-45.0,95.0,0.1317,1982-2026
-45.0,97.5,0.1373,1982-2026
-45.0,100.0,0.1549,1982-2026
-45.0,102.5,0.1169,1982-2026
-45.0,105.0,0.1263,1982-2026
-45.0,107.5,0.0784,1982-2026
-45.0,110.0,0.0813,1982-2026
-45.0,112.5,0.0468,1982-2026
-45.0,115.0,0.0271,1982-2026
-45.0,117.5,0.0239,1982-2026
-45.0,120.0,0.0302,1982-2026
-45.0,122.5,0.023,1982-2026
-45.0,125.0,0.0164,1982-2026
-45.0,127.5,0.012,1982-2026
-45.0,130.0,0.0153,1982-2026
-45.0,132.5,0.0293,1982-2026
-45.0,135.0,0.0356,1982-2026
-45.0,137.5,0.0484,1982-2026
-45.0,140.0,0.0783,1982-2026
-45.0,142.5,0.1312,1982-2026
-45.0,145.0,0.2011,1982-2026
-45.0,147.5,0.2278,1982-2026
-45.0,150.0,0.251,1982-2026
-45.0,152.5,0.2183,1982-2026
-45.0,155.0,0.2234,1982-2026
-45.0,157.5,0.2241,1982-2026
-45.0,160.0,0.2029,1982-2026
-45.0,162.5,0.2147,1982-2026
-45.0,165.0,0.223,1982-2026
-45.0,167.5,0.2835,1982-2026
-45.0,170.0,0.2742,1982-2026
-45.0,172.5,0.1566,1982-2026
-45.0,175.0,0.1742,1982-2026
-45.0,177.5,0.1735,1982-2026
-45.0,180.0,0.2067,1982-2026
-45.0,-177.5,0.2259,1982-2026
-45.0,-175.0,0.2701,1982-2026
-45.0,-172.5,0.2645,1982-2026
-45.0,-170.0,0.2766,1982-2026
-45.0,-167.5,0.2952,1982-2026
-45.0,-165.0,0.2877,1982-2026
-45.0,-162.5,0.2794,1982-2026
-45.0,-160.0,0.2478,1982-2026
-45.0,-157.5,0.2496,1982-2026
-45.0,-155.0,0.2401,1982-2026
-45.0,-152.5,0.235,1982-2026
-45.0,-150.0,0.2166,1982-2026
-45.0,-147.5,0.2062,1982-2026
-45.0,-145.0,0.2011,1982-2026
-45.0,-142.5,0.1598,1982-2026
-45.0,-140.0,0.1303,1982-2026
-45.0,-137.5,0.089,1982-2026
-45.0,-135.0,0.1013,1982-2026
-45.0,-132.5,0.086,1982-2026
-45.0,-130.0,0.0878,1982-2026
-45.0,-127.5,0.1,1982-2026
-45.0,-125.0,0.0859,1982-2026
-45.0,-122.5,0.0707,1982-2026
-45.0,-120.0,0.0603,1982-2026
-45.0,-117.5,0.0648,1982-2026
-45.0,-115.0,0.0671,1982-2026
-45.0,-112.5,0.0739,1982-2026
-45.0,-110.0,0.0997,1982-2026
-45.0,-107.5,0.0951,1982-2026
-45.0,-105.0,0.0931,1982-2026
-45.0,-102.5,0.0859,1982-2026
-45.0,-100.0,0.0778,1982-2026
-45.0,-97.5,0.073,1982-2026
-45.0,-95.0,0.0681,1982-2026
-45.0,-92.5,0.0596,1982-2026
-45.0,-90.0,0.0481,1982-2026
-45.0,-87.5,0.0549,1982-2026
-45.0,-85.0,0.0467,1982-2026
-45.0,-82.5,0.0347,1982-2026
-45.0,-80.0,0.0287,1982-2026
-45.0,-77.5,0.0276,1982-2026
-45.0,-75.0,0.0233,1982-2026
-45.0,-72.5,0.2274,1982-2026
-45.0,-70.0,0.3295,1982-2026
-45.0,-67.5,0.3077,1982-2026
-45.0,-65.0,0.1479,1982-2026
-45.0,-62.5,0.1086,1982-2026
-45.0,-60.0,0.0746,1982-2026
-45.0,-57.5,0.1445,1982-2026
-45.0,-55.0,0.208,1982-2026
-45.0,-52.5,0.2293,1982-2026
-45.0,-50.0,0.2653,1982-2026
-45.0,-47.5,0.2301,1982-2026
-45.0,-45.0,0.2275,1982-2026
-45.0,-42.5,0.2291,1982-2026
-45.0,-40.0,0.2432,1982-2026
-45.0,-37.5,0.2421,1982-2026
-45.0,-35.0,0.2329,1982-2026
-45.0,-32.5,0.226,1982-2026
-45.0,-30.0,0.2167,1982-2026
-45.0,-27.5,0.2031,1982-2026
-45.0,-25.0,0.2117,1982-2026
-45.0,-22.5,0.233,1982-2026
-45.0,-20.0,0.1998,1982-2026
-45.0,-17.5,0.2098,1982-2026
-45.0,-15.0,0.203,1982-2026
-45.0,-12.5,0.2199,1982-2026
-45.0,-10.0,0.2073,1982-2026
-45.0,-7.5,0.1761,1982-2026
-45.0,-5.0,0.1733,1982-2026
-45.0,-2.5,0.1639,1982-2026
-47.5,0.0,0.1142,1982-2026
-47.5,2.5,0.1046,1982-2026
-47.5,5.0,0.1107,1982-2026
-47.5,7.5,0.1127,1982-2026
-47.5,10.0,0.1111,1982-2026
-47.5,12.5,0.0869,1982-2026
-47.5,15.0,0.0903,1982-2026
-47.5,17.5,0.0931,1982-2026
-47.5,20.0,0.094,1982-2026
-47.5,22.5,0.0786,1982-2026
-47.5,25.0,0.0756,1982-2026
-47.5,27.5,0.077,1982-2026
-47.5,30.0,0.1136,1982-2026
-47.5,32.5,0.0523,1982-2026
-47.5,35.0,0.0488,1982-2026
-47.5,37.5,0.0113,1982-2026
-47.5,40.0,0.0234,1982-2026
-47.5,42.5,0.0162,1982-2026
-47.5,45.0,0.0023,1982-2026
-47.5,47.5,0.0091,1982-2026
-47.5,50.0,0.0429,1982-2026
-47.5,52.5,0.0648,1982-2026
-47.5,55.0,0.0892,1982-2026
-47.5,57.5,0.1027,1982-2026
-47.5,60.0,0.1126,1982-2026
-47.5,62.5,0.1044,1982-2026
-47.5,65.0,0.0958,1982-2026
-47.5,67.5,0.1256,1982-2026
-47.5,70.0,0.1379,1982-2026
-47.5,72.5,0.1781,1982-2026
-47.5,75.0,0.1858,1982-2026
-47.5,77.5,0.133,1982-2026
-47.5,80.0,0.1362,1982-2026
-47.5,82.5,0.179,1982-2026
-47.5,85.0,0.1656,1982-2026
-47.5,87.5,0.1741,1982-2026
-47.5,90.0,0.1714,1982-2026
-47.5,92.5,0.172,1982-2026
-47.5,95.0,0.1272,1982-2026
-47.5,97.5,0.1442,1982-2026
-47.5,100.0,0.1239,1982-2026
-47.5,102.5,0.1036,1982-2026
-47.5,105.0,0.0794,1982-2026
-47.5,107.5,0.076,1982-2026
-47.5,110.0,0.0562,1982-2026
-47.5,112.5,0.0523,1982-2026
-47.5,115.0,0.0443,1982-2026
-47.5,117.5,0.0395,1982-2026
-47.5,120.0,0.0478,1982-2026
-47.5,122.5,0.0085,1982-2026
-47.5,125.0,0.003,1982-2026
-47.5,127.5,0.0047,1982-2026
-47.5,130.0,0.0091,1982-2026
-47.5,132.5,0.0084,1982-2026
-47.5,135.0,0.0158,1982-2026
-47.5,137.5,0.0268,1982-2026
-47.5,140.0,0.0442,1982-2026
-47.5,142.5,0.0864,1982-2026
-47.5,145.0,0.1379,1982-2026
-47.5,147.5,0.1644,1982-2026
-47.5,150.0,0.167,1982-2026
-47.5,152.5,0.1735,1982-2026
-47.5,155.0,0.175,1982-2026
-47.5,157.5,0.1667,1982-2026
-47.5,160.0,0.1758,1982-2026
-47.5,162.5,0.1716,1982-2026
-47.5,165.0,0.206,1982-2026
-47.5,167.5,0.2223,1982-2026
-47.5,170.0,0.1772,1982-2026
-47.5,172.5,0.1793,1982-2026
-47.5,175.0,0.154,1982-2026
-47.5,177.5,0.1838,1982-2026
-47.5,180.0,0.1862,1982-2026
-47.5,-177.5,0.2359,1982-2026
-47.5,-175.0,0.2683,1982-2026
-47.5,-172.5,0.2622,1982-2026
-47.5,-170.0,0.2628,1982-2026
-47.5,-167.5,0.2349,1982-2026
-47.5,-165.0,0.2068,1982-2026
-47.5,-162.5,0.2246,1982-2026
-47.5,-160.0,0.2251,1982-2026
-47.5,-157.5,0.235,1982-2026
-47.5,-155.0,0.2304,1982-2026
-47.5,-152.5,0.2257,1982-2026
-47.5,-150.0,0.2006,1982-2026
-47.5,-147.5,0.1937,1982-2026
-47.5,-145.0,0.1816,1982-2026
-47.5,-142.5,0.1643,1982-2026
-47.5,-140.0,0.1457,1982-2026
-47.5,-137.5,0.1219,1982-2026
-47.5,-135.0,0.0952,1982-2026
-47.5,-132.5,0.0939,1982-2026
-47.5,-130.0,0.0876,1982-2026
-47.5,-127.5,0.0817,1982-2026
-47.5,-125.0,0.0679,1982-2026
-47.5,-122.5,0.0575,1982-2026
-47.5,-120.0,0.0472,1982-2026
-47.5,-117.5,0.0455,1982-2026
-47.5,-115.0,0.0287,1982-2026
-47.5,-112.5,0.0456,1982-2026
-47.5,-110.0,0.0454,1982-2026
-47.5,-107.5,0.0494,1982-2026
-47.5,-105.0,0.056,1982-2026
-47.5,-102.5,0.0562,1982-2026
-47.5,-100.0,0.0554,1982-2026
-47.5,-97.5,0.0555,1982-2026
-47.5,-95.0,0.0595,1982-2026
-47.5,-92.5,0.0373,1982-2026
-47.5,-90.0,0.0238,1982-2026
-47.5,-87.5,0.0169,1982-2026
-47.5,-85.0,0.0011,1982-2026
-47.5,-82.5,-0.0024,1982-2026
-47.5,-80.0,-0.0135,1982-2026
-47.5,-77.5,-0.0146,1982-2026
-47.5,-75.0,0.0205,1982-2026
-47.5,-72.5,0.2206,1982-2026
-47.5,-70.0,0.2745,1982-2026
-47.5,-67.5,0.2023,1982-2026
-47.5,-65.0,0.068,1982-2026
-47.5,-62.5,0.053,1982-2026
-47.5,-60.0,0.0567,1982-2026
-47.5,-57.5,0.0931,1982-2026
-47.5,-55.0,0.1471,1982-2026
-47.5,-52.5,0.2365,1982-2026
-47.5,-50.0,0.22,1982-2026
-47.5,-47.5,0.2051,1982-2026
-47.5,-45.0,0.2221,1982-2026
-47.5,-42.5,0.2194,1982-2026
-47.5,-40.0,0.2409,1982-2026
-47.5,-37.5,0.218,1982-2026
-47.5,-35.0,0.1863,1982-2026
-47.5,-32.5,0.1452,1982-2026
-47.5,-30.0,0.1535,1982-2026
-47.5,-27.5,0.1434,1982-2026
-47.5,-25.0,0.1296,1982-2026
-47.5,-22.5,0.1185,1982-2026
-47.5,-20.0,0.1805,1982-2026
-47.5,-17.5,0.1928,1982-2026
-47.5,-15.0,0.1712,1982-2026
-47.5,-12.5,0.1421,1982-2026
-47.5,-10.0,0.0945,1982-2026
-47.5,-7.5,0.0869,1982-2026
-47.5,-5.0,0.0962,1982-2026
-47.5,-2.5,0.1463,1982-2026
-50.0,0.0,0.092,1982-2026
-50.0,2.5,0.0676,1982-2026
-50.0,5.0,0.0671,1982-2026
-50.0,7.5,0.0662,1982-2026
-50.0,10.0,0.0764,1982-2026
-50.0,12.5,0.0702,1982-2026
-50.0,15.0,0.0931,1982-2026
-50.0,17.5,0.0697,1982-2026
-50.0,20.0,0.0562,1982-2026
-50.0,22.5,0.0557,1982-2026
-50.0,25.0,0.0433,1982-2026
-50.0,27.5,0.037,1982-2026
-50.0,30.0,0.0665,1982-2026
-50.0,32.5,0.0184,1982-2026
-50.0,35.0,0.0228,1982-2026
-50.0,37.5,0.0078,1982-2026
-50.0,40.0,0.0138,1982-2026
-50.0,42.5,0.0009,1982-2026
-50.0,45.0,-0.004,1982-2026
-50.0,47.5,0.0295,1982-2026
-50.0,50.0,0.0359,1982-2026
-50.0,52.5,0.0574,1982-2026
-50.0,55.0,0.0682,1982-2026
-50.0,57.5,0.0748,1982-2026
-50.0,60.0,0.0915,1982-2026
-50.0,62.5,0.0988,1982-2026
-50.0,65.0,0.1222,1982-2026
-50.0,67.5,0.1259,1982-2026
-50.0,70.0,0.1676,1982-2026
-50.0,72.5,0.151,1982-2026
-50.0,75.0,0.1383,1982-2026
-50.0,77.5,0.1261,1982-2026
-50.0,80.0,0.1643,1982-2026
-50.0,82.5,0.1636,1982-2026
-50.0,85.0,0.2123,1982-2026
-50.0,87.5,0.1957,1982-2026
-50.0,90.0,0.2334,1982-2026
-50.0,92.5,0.2059,1982-2026
-50.0,95.0,0.1671,1982-2026
-50.0,97.5,0.1427,1982-2026
-50.0,100.0,0.1372,1982-2026
-50.0,102.5,0.1069,1982-2026
-50.0,105.0,0.0796,1982-2026
-50.0,107.5,0.0515,1982-2026
-50.0,110.0,0.0533,1982-2026
-50.0,112.5,0.031,1982-2026
-50.0,115.0,0.0231,1982-2026
-50.0,117.5,0.074,1982-2026
-50.0,120.0,0.0711,1982-2026
-50.0,122.5,0.0622,1982-2026
-50.0,125.0,0.0491,1982-2026
-50.0,127.5,0.0154,1982-2026
-50.0,130.0,-0.0058,1982-2026
-50.0,132.5,0.0058,1982-2026
-50.0,135.0,0.0406,1982-2026
-50.0,137.5,0.054,1982-2026
-50.0,140.0,0.0782,1982-2026
-50.0,142.5,0.0787,1982-2026
-50.0,145.0,0.0903,1982-2026
-50.0,147.5,0.0902,1982-2026
-50.0,150.0,0.0751,1982-2026
-50.0,152.5,0.08,1982-2026
-50.0,155.0,0.1064,1982-2026
-50.0,157.5,0.122,1982-2026
-50.0,160.0,0.139,1982-2026
-50.0,162.5,0.1329,1982-2026
-50.0,165.0,0.147,1982-2026
-50.0,167.5,0.1547,1982-2026
-50.0,170.0,0.1759,1982-2026
-50.0,172.5,0.1586,1982-2026
-50.0,175.0,0.1155,1982-2026
-50.0,177.5,0.1035,1982-2026
-50.0,180.0,0.1424,1982-2026
-50.0,-177.5,0.1865,1982-2026
-50.0,-175.0,0.2086,1982-2026
-50.0,-172.5,0.23,1982-2026
-50.0,-170.0,0.2045,1982-2026
-50.0,-167.5,0.1907,1982-2026
-50.0,-165.0,0.1605,1982-2026
-50.0,-162.5,0.1199,1982-2026
-50.0,-160.0,0.0923,1982-2026
-50.0,-157.5,0.1902,1982-2026
-50.0,-155.0,0.1755,1982-2026
-50.0,-152.5,0.1636,1982-2026
-50.0,-150.0,0.1556,1982-2026
-50.0,-147.5,0.1503,1982-2026
-50.0,-145.0,0.1624,1982-2026
-50.0,-142.5,0.1372,1982-2026
-50.0,-140.0,0.1265,1982-2026
-50.0,-137.5,0.1101,1982-2026
-50.0,-135.0,0.0926,1982-2026
-50.0,-132.5,0.0818,1982-2026
-50.0,-130.0,0.0723,1982-2026
-50.0,-127.5,0.0653,1982-2026
-50.0,-125.0,0.0408,1982-2026
-50.0,-122.5,0.0364,1982-2026
-50.0,-120.0,0.0292,1982-2026
-50.0,-117.5,-0.0106,1982-2026
-50.0,-115.0,-0.0093,1982-2026
-50.0,-112.5,0.0174,1982-2026
-50.0,-110.0,0.0071,1982-2026
-50.0,-107.5,0.0234,1982-2026
-50.0,-105.0,0.0285,1982-2026
-50.0,-102.5,0.037,1982-2026
-50.0,-100.0,0.0295,1982-2026
-50.0,-97.5,0.0267,1982-2026
-50.0,-95.0,0.0247,1982-2026
-50.0,-92.5,0.012,1982-2026
-50.0,-90.0,-0.0113,1982-2026
-50.0,-87.5,-0.0217,1982-2026
-50.0,-85.0,-0.0346,1982-2026
-50.0,-82.5,-0.0372,1982-2026
-50.0,-80.0,-0.0441,1982-2026
-50.0,-77.5,-0.0206,1982-2026
-50.0,-75.0,0.0454,1982-2026
-50.0,-72.5,0.2003,1982-2026
-50.0,-70.0,0.2081,1982-2026
-50.0,-67.5,0.122,1982-2026
-50.0,-65.0,0.0618,1982-2026
-50.0,-62.5,0.0347,1982-2026
-50.0,-60.0,0.0766,1982-2026
-50.0,-57.5,0.0375,1982-2026
-50.0,-55.0,0.029,1982-2026
-50.0,-52.5,0.053,1982-2026
-50.0,-50.0,0.0419,1982-2026
-50.0,-47.5,0.0741,1982-2026
-50.0,-45.0,0.0797,1982-2026
-50.0,-42.5,0.1042,1982-2026
-50.0,-40.0,0.0777,1982-2026
-50.0,-37.5,0.1609,1982-2026
-50.0,-35.0,0.1502,1982-2026
-50.0,-32.5,0.1195,1982-2026
-50.0,-30.0,0.1293,1982-2026
-50.0,-27.5,0.1174,1982-2026
-50.0,-25.0,0.1471,1982-2026
-50.0,-22.5,0.1277,1982-2026
-50.0,-20.0,0.1172,1982-2026
-50.0,-17.5,0.1214,1982-2026
-50.0,-15.0,0.1234,1982-2026
-50.0,-12.5,0.1127,1982-2026
-50.0,-10.0,0.1071,1982-2026
-50.0,-7.5,0.0772,1982-2026
-50.0,-5.0,0.0912,1982-2026
-50.0,-2.5,0.0884,1982-2026
-52.5,0.0,0.1022,1982-2026
-52.5,2.5,0.065,1982-2026
-52.5,5.0,0.0809,1982-2026
-52.5,7.5,0.0858,1982-2026
-52.5,10.0,0.061,1982-2026
-52.5,12.5,0.044,1982-2026
-52.5,15.0,0.0413,1982-2026
-52.5,17.5,0.0281,1982-2026
-52.5,20.0,0.0234,1982-2026
-52.5,22.5,0.0197,1982-2026
-52.5,25.0,0.0048,1982-2026
-52.5,27.5,0.0119,1982-2026
-52.5,30.0,0.025,1982-2026
-52.5,32.5,0.0162,1982-2026
-52.5,35.0,0.0087,1982-2026
-52.5,37.5,0.0102,1982-2026
-52.5,40.0,-0.0002,1982-2026
-52.5,42.5,0.005,1982-2026
-52.5,45.0,0.0101,1982-2026
-52.5,47.5,0.0467,1982-2026
-52.5,50.0,0.0253,1982-2026
-52.5,52.5,0.0252,1982-2026
-52.5,55.0,0.0163,1982-2026
-52.5,57.5,0.0367,1982-2026
-52.5,60.0,0.0613,1982-2026
-52.5,62.5,0.0645,1982-2026
-52.5,65.0,0.0856,1982-2026
-52.5,67.5,0.1043,1982-2026
-52.5,70.0,0.1167,1982-2026
-52.5,72.5,0.1289,1982-2026
-52.5,75.0,0.1331,1982-2026
-52.5,77.5,0.138,1982-2026
-52.5,80.0,0.1328,1982-2026
-52.5,82.5,0.1634,1982-2026
-52.5,85.0,0.2337,1982-2026
-52.5,87.5,0.2196,1982-2026
-52.5,90.0,0.1996,1982-2026
-52.5,92.5,0.2072,1982-2026
-52.5,95.0,0.1735,1982-2026
-52.5,97.5,0.1534,1982-2026
-52.5,100.0,0.1293,1982-2026
-52.5,102.5,0.0976,1982-2026
-52.5,105.0,0.0714,1982-2026
-52.5,107.5,0.0525,1982-2026
-52.5,110.0,0.0552,1982-2026
-52.5,112.5,0.0383,1982-2026
-52.5,115.0,0.0224,1982-2026
-52.5,117.5,0.0119,1982-2026
-52.5,120.0,0.022,1982-2026
-52.5,122.5,0.0306,1982-2026
-52.5,125.0,0.0536,1982-2026
-52.5,127.5,0.031,1982-2026
-52.5,130.0,0.0429,1982-2026
-52.5,132.5,0.03,1982-2026
-52.5,135.0,0.0317,1982-2026
-52.5,137.5,0.0124,1982-2026
-52.5,140.0,0.0061,1982-2026
-52.5,142.5,0.0489,1982-2026
-52.5,145.0,0.0093,1982-2026
-52.5,147.5,0.0447,1982-2026
-52.5,150.0,0.0594,1982-2026
-52.5,152.5,0.0248,1982-2026
-52.5,155.0,0.0743,1982-2026
-52.5,157.5,0.0727,1982-2026
-52.5,160.0,0.1121,1982-2026
-52.5,162.5,0.1111,1982-2026
-52.5,165.0,0.1067,1982-2026
-52.5,167.5,0.1316,1982-2026
-52.5,170.0,0.1327,1982-2026
-52.5,172.5,0.1213,1982-2026
-52.5,175.0,0.1267,1982-2026
-52.5,177.5,0.144,1982-2026
-52.5,180.0,0.1515,1982-2026
-52.5,-177.5,0.151,1982-2026
-52.5,-175.0,0.1858,1982-2026
-52.5,-172.5,0.1513,1982-2026
-52.5,-170.0,0.1418,1982-2026
-52.5,-167.5,0.1312,1982-2026
-52.5,-165.0,0.1065,1982-2026
-52.5,-162.5,0.0537,1982-2026
-52.5,-160.0,0.0169,1982-2026
-52.5,-157.5,0.0631,1982-2026
-52.5,-155.0,0.0834,1982-2026
-52.5,-152.5,0.08,1982-2026
-52.5,-150.0,0.0844,1982-2026
-52.5,-147.5,0.0296,1982-2026
-52.5,-145.0,-0.0042,1982-2026
-52.5,-142.5,0.0186,1982-2026
-52.5,-140.0,-0.0372,1982-2026
-52.5,-137.5,-0.0485,1982-2026
-52.5,-135.0,-0.0221,1982-2026
-52.5,-132.5,0.0125,1982-2026
-52.5,-130.0,-0.0145,1982-2026
-52.5,-127.5,-0.0126,1982-2026
-52.5,-125.0,-0.0224,1982-2026
-52.5,-122.5,-0.0263,1982-2026
-52.5,-120.0,-0.0346,1982-2026
-52.5,-117.5,-0.0459,1982-2026
-52.5,-115.0,-0.0213,1982-2026
-52.5,-112.5,0.0153,1982-2026
-52.5,-110.0,-0.0093,1982-2026
-52.5,-107.5,0.0004,1982-2026
-52.5,-105.0,0.0039,1982-2026
-52.5,-102.5,0.0031,1982-2026
-52.5,-100.0,0.006,1982-2026
-52.5,-97.5,-0.0148,1982-2026
-52.5,-95.0,-0.0097,1982-2026
-52.5,-92.5,-0.0261,1982-2026
-52.5,-90.0,-0.047,1982-2026
-52.5,-87.5,-0.0611,1982-2026
-52.5,-85.0,-0.0639,1982-2026
-52.5,-82.5,-0.0723,1982-2026
-52.5,-80.0,-0.0637,1982-2026
-52.5,-77.5,-0.0729,1982-2026
-52.5,-75.0,-0.0308,1982-2026
-52.5,-72.5,0.1335,1982-2026
-52.5,-70.0,0.2128,1982-2026
-52.5,-67.5,0.0416,1982-2026
-52.5,-65.0,0.0362,1982-2026
-52.5,-62.5,0.0251,1982-2026
-52.5,-60.0,0.0407,1982-2026
-52.5,-57.5,0.0292,1982-2026
-52.5,-55.0,0.0238,1982-2026
-52.5,-52.5,0.046,1982-2026
-52.5,-50.0,0.0375,1982-2026
-52.5,-47.5,0.019,1982-2026
-52.5,-45.0,0.0396,1982-2026
-52.5,-42.5,0.0437,1982-2026
-52.5,-40.0,0.107,1982-2026
-52.5,-37.5,0.1203,1982-2026
-52.5,-35.0,0.1155,1982-2026
-52.5,-32.5,0.1173,1982-2026
-52.5,-30.0,0.1181,1982-2026
-52.5,-27.5,0.138,1982-2026
-52.5,-25.0,0.1254,1982-2026
-52.5,-22.5,0.1498,1982-2026
-52.5,-20.0,0.1452,1982-2026
-52.5,-17.5,0.1258,1982-2026
-52.5,-15.0,0.1062,1982-2026
-52.5,-12.5,0.08,1982-2026
-52.5,-10.0,0.0926,1982-2026
-52.5,-7.5,0.0926,1982-2026
-52.5,-5.0,0.0944,1982-2026
-52.5,-2.5,0.0963,1982-2026
-55.0,0.0,0.0748,1982-2026
-55.0,2.5,0.0442,1982-2026
-55.0,5.0,0.0549,1982-2026
-55.0,7.5,0.0427,1982-2026
-55.0,10.0,0.0358,1982-2026
-55.0,12.5,0.0338,1982-2026
-55.0,15.0,0.0262,1982-2026
-55.0,17.5,0.0197,1982-2026
-55.0,20.0,0.0122,1982-2026
-55.0,22.5,-0.0004,1982-2026
-55.0,25.0,-0.0103,1982-2026
-55.0,27.5,0.01,1982-2026
-55.0,30.0,0.006,1982-2026
-55.0,32.5,-0.0027,1982-2026
-55.0,35.0,0.0005,1982-2026
-55.0,37.5,0.004,1982-2026
-55.0,40.0,0.0027,1982-2026
-55.0,42.5,-0.0045,1982-2026
-55.0,45.0,-0.0032,1982-2026
-55.0,47.5,0.0094,1982-2026
-55.0,50.0,0.0123,1982-2026
-55.0,52.5,0.0072,1982-2026
-55.0,55.0,0.0148,1982-2026
-55.0,57.5,0.0214,1982-2026
-55.0,60.0,0.0295,1982-2026
-55.0,62.5,0.0449,1982-2026
-55.0,65.0,0.0655,1982-2026
-55.0,67.5,0.0867,1982-2026
-55.0,70.0,0.1082,1982-2026
-55.0,72.5,0.1248,1982-2026
-55.0,75.0,0.1371,1982-2026
-55.0,77.5,0.1337,1982-2026
-55.0,80.0,0.1458,1982-2026
-55.0,82.5,0.163,1982-2026
-55.0,85.0,0.2063,1982-2026
-55.0,87.5,0.2129,1982-2026
-55.0,90.0,0.1913,1982-2026
-55.0,92.5,0.1696,1982-2026
-55.0,95.0,0.1765,1982-2026
-55.0,97.5,0.1567,1982-2026
-55.0,100.0,0.1186,1982-2026
-55.0,102.5,0.0862,1982-2026
-55.0,105.0,0.0935,1982-2026
-55.0,107.5,0.0688,1982-2026
-55.0,110.0,0.0546,1982-2026
-55.0,112.5,0.0641,1982-2026
-55.0,115.0,0.0553,1982-2026
-55.0,117.5,0.0434,1982-2026
-55.0,120.0,0.046,1982-2026
-55.0,122.5,0.0485,1982-2026
-55.0,125.0,0.0484,1982-2026
-55.0,127.5,0.0511,1982-2026
-55.0,130.0,0.0471,1982-2026
-55.0,132.5,0.0421,1982-2026
-55.0,135.0,0.0484,1982-2026
-55.0,137.5,0.0331,1982-2026
-55.0,140.0,0.028,1982-2026
-55.0,142.5,0.0105,1982-2026
-55.0,145.0,-0.0164,1982-2026
-55.0,147.5,-0.0414,1982-2026
-55.0,150.0,0.036,1982-2026
-55.0,152.5,0.0222,1982-2026
-55.0,155.0,0.0412,1982-2026
-55.0,157.5,0.0825,1982-2026
-55.0,160.0,0.0727,1982-2026
-55.0,162.5,0.0476,1982-2026
-55.0,165.0,0.069,1982-2026
-55.0,167.5,0.0672,1982-2026
-55.0,170.0,0.0758,1982-2026
-55.0,172.5,0.1071,1982-2026
-55.0,175.0,0.1195,1982-2026
-55.0,177.5,0.1221,1982-2026
-55.0,180.0,0.1466,1982-2026
-55.0,-177.5,0.153,1982-2026
-55.0,-175.0,0.1144,1982-2026
-55.0,-172.5,0.0947,1982-2026
-55.0,-170.0,0.088,1982-2026
-55.0,-167.5,0.066,1982-2026
-55.0,-165.0,0.0653,1982-2026
-55.0,-162.5,0.0445,1982-2026
-55.0,-160.0,-0.0223,1982-2026
-55.0,-157.5,-0.0094,1982-2026
-55.0,-155.0,-0.0237,1982-2026
-55.0,-152.5,-0.0699,1982-2026
-55.0,-150.0,-0.0838,1982-2026
-55.0,-147.5,-0.0928,1982-2026
-55.0,-145.0,-0.0627,1982-2026
-55.0,-142.5,-0.122,1982-2026
-55.0,-140.0,-0.1239,1982-2026
-55.0,-137.5,-0.1406,1982-2026
-55.0,-135.0,-0.1376,1982-2026
-55.0,-132.5,-0.1393,1982-2026
-55.0,-130.0,-0.1252,1982-2026
-55.0,-127.5,-0.1079,1982-2026
-55.0,-125.0,-0.0836,1982-2026
-55.0,-122.5,-0.086,1982-2026
-55.0,-120.0,-0.0943,1982-2026
-55.0,-117.5,-0.0845,1982-2026
-55.0,-115.0,-0.0628,1982-2026
-55.0,-112.5,-0.0604,1982-2026
-55.0,-110.0,-0.054,1982-2026
-55.0,-107.5,-0.055,1982-2026
-55.0,-105.0,-0.0469,1982-2026
-55.0,-102.5,-0.0584,1982-2026
-55.0,-100.0,-0.0638,1982-2026
-55.0,-97.5,-0.0624,1982-2026
-55.0,-95.0,-0.0522,1982-2026
-55.0,-92.5,-0.0457,1982-2026
-55.0,-90.0,-0.0445,1982-2026
-55.0,-87.5,-0.0476,1982-2026
-55.0,-85.0,-0.0568,1982-2026
-55.0,-82.5,-0.0616,1982-2026
-55.0,-80.0,-0.0636,1982-2026
-55.0,-77.5,-0.0626,1982-2026
-55.0,-75.0,-0.0701,1982-2026
-55.0,-72.5,-0.0154,1982-2026
-55.0,-70.0,0.1452,1982-2026
-55.0,-67.5,0.5135,1982-2026
-55.0,-65.0,0.041,1982-2026
-55.0,-62.5,-0.0027,1982-2026
-55.0,-60.0,0.029,1982-2026
-55.0,-57.5,0.0276,1982-2026
-55.0,-55.0,0.0242,1982-2026
-55.0,-52.5,0.0397,1982-2026
-55.0,-50.0,0.0543,1982-2026
-55.0,-47.5,0.0512,1982-2026
-55.0,-45.0,0.0019,1982-2026
-55.0,-42.5,0.0595,1982-2026
-55.0,-40.0,0.092,1982-2026
-55.0,-37.5,0.1158,1982-2026
-55.0,-35.0,0.1135,1982-2026
-55.0,-32.5,0.121,1982-2026
-55.0,-30.0,0.1131,1982-2026
-55.0,-27.5,0.1119,1982-2026
-55.0,-25.0,0.1295,1982-2026
-55.0,-22.5,0.1274,1982-2026
-55.0,-20.0,0.1523,1982-2026
-55.0,-17.5,0.1404,1982-2026
-55.0,-15.0,0.1224,1982-2026
-55.0,-12.5,0.1114,1982-2026
-55.0,-10.0,0.1187,1982-2026
-55.0,-7.5,0.1052,1982-2026
-55.0,-5.0,0.1179,1982-2026
-55.0,-2.5,0.0879,1982-2026
-57.5,0.0,0.0575,1982-2026
-57.5,2.5,0.0554,1982-2026
-57.5,5.0,0.043,1982-2026
-57.5,7.5,0.0303,1982-2026
-57.5,10.0,0.0207,1982-2026
-57.5,12.5,0.0202,1982-2026
-57.5,15.0,0.0147,1982-2026
-57.5,17.5,0.0024,1982-2026
-57.5,20.0,-0.0036,1982-2026
-57.5,22.5,0.0052,1982-2026
-57.5,25.0,0.0124,1982-2026
-57.5,27.5,0.0167,1982-2026
-57.5,30.0,0.0105,1982-2026
-57.5,32.5,0.0106,1982-2026
-57.5,35.0,0.0102,1982-2026
-57.5,37.5,0.0076,1982-2026
-57.5,40.0,0.0038,1982-2026
-57.5,42.5,0.0108,1982-2026
-57.5,45.0,0.01,1982-2026
-57.5,47.5,0.0184,1982-2026
-57.5,50.0,0.0201,1982-2026
-57.5,52.5,0.0259,1982-2026
-57.5,55.0,0.0174,1982-2026
-57.5,57.5,0.0334,1982-2026
-57.5,60.0,0.0496,1982-2026
-57.5,62.5,0.0647,1982-2026
-57.5,65.0,0.0803,1982-2026
-57.5,67.5,0.0938,1982-2026
-57.5,70.0,0.097,1982-2026
-57.5,72.5,0.1005,1982-2026
-57.5,75.0,0.1253,1982-2026
-57.5,77.5,0.1452,1982-2026
-57.5,80.0,0.1587,1982-2026
-57.5,82.5,0.1743,1982-2026
-57.5,85.0,0.2088,1982-2026
-57.5,87.5,0.1931,1982-2026
-57.5,90.0,0.1761,1982-2026
-57.5,92.5,0.1649,1982-2026
-57.5,95.0,0.1479,1982-2026
-57.5,97.5,0.1209,1982-2026
-57.5,100.0,0.0935,1982-2026
-57.5,102.5,0.0868,1982-2026
-57.5,105.0,0.0765,1982-2026
-57.5,107.5,0.0478,1982-2026
-57.5,110.0,0.0577,1982-2026
-57.5,112.5,0.0481,1982-2026
-57.5,115.0,0.0541,1982-2026
-57.5,117.5,0.0395,1982-2026
-57.5,120.0,0.0356,1982-2026
-57.5,122.5,0.0323,1982-2026
-57.5,125.0,0.0223,1982-2026
-57.5,127.5,0.0279,1982-2026
-57.5,130.0,0.0189,1982-2026
-57.5,132.5,0.0272,1982-2026
-57.5,135.0,0.0223,1982-2026
-57.5,137.5,0.0213,1982-2026
-57.5,140.0,0.0005,1982-2026
-57.5,142.5,0.0252,1982-2026
-57.5,145.0,0.0138,1982-2026
-57.5,147.5,-0.0252,1982-2026
-57.5,150.0,0.022,1982-2026
-57.5,152.5,0.0152,1982-2026
-57.5,155.0,-0.0082,1982-2026
-57.5,157.5,0.0282,1982-2026
-57.5,160.0,0.0385,1982-2026
-57.5,162.5,0.036,1982-2026
-57.5,165.0,0.0746,1982-2026
-57.5,167.5,0.1254,1982-2026
-57.5,170.0,0.1207,1982-2026
-57.5,172.5,0.1066,1982-2026
-57.5,175.0,0.1241,1982-2026
-57.5,177.5,0.0861,1982-2026
-57.5,180.0,0.0858,1982-2026
-57.5,-177.5,0.0895,1982-2026
-57.5,-175.0,0.0807,1982-2026
-57.5,-172.5,0.0816,1982-2026
-57.5,-170.0,0.0509,1982-2026
-57.5,-167.5,0.0339,1982-2026
-57.5,-165.0,0.0335,1982-2026
-57.5,-162.5,-0.0036,1982-2026
-57.5,-160.0,-0.0329,1982-2026
-57.5,-157.5,-0.0875,1982-2026
-57.5,-155.0,-0.0822,1982-2026
-57.5,-152.5,-0.0966,1982-2026
-57.5,-150.0,-0.0927,1982-2026
-57.5,-147.5,-0.0932,1982-2026
-57.5,-145.0,-0.0741,1982-2026
-57.5,-142.5,-0.1035,1982-2026
-57.5,-140.0,-0.1372,1982-2026
-57.5,-137.5,-0.1349,1982-2026
-57.5,-135.0,-0.1431,1982-2026
-57.5,-132.5,-0.1445,1982-2026
-57.5,-130.0,-0.1579,1982-2026
-57.5,-127.5,-0.1773,1982-2026
-57.5,-125.0,-0.1783,1982-2026
-57.5,-122.5,-0.168,1982-2026
-57.5,-120.0,-0.1566,1982-2026
-57.5,-117.5,-0.1353,1982-2026
-57.5,-115.0,-0.1349,1982-2026
-57.5,-112.5,-0.1332,1982-2026
-57.5,-110.0,-0.1099,1982-2026
-57.5,-107.5,-0.0984,1982-2026
-57.5,-105.0,-0.0893,1982-2026
-57.5,-102.5,-0.1027,1982-2026
-57.5,-100.0,-0.103,1982-2026
-57.5,-97.5,-0.0838,1982-2026
-57.5,-95.0,-0.0982,1982-2026
-57.5,-92.5,-0.1018,1982-2026
-57.5,-90.0,-0.08,1982-2026
-57.5,-87.5,-0.0827,1982-2026
-57.5,-85.0,-0.0786,1982-2026
-57.5,-82.5,-0.0777,1982-2026
-57.5,-80.0,-0.0767,1982-2026
-57.5,-77.5,-0.0535,1982-2026
-57.5,-75.0,-0.0565,1982-2026
-57.5,-72.5,-0.0492,1982-2026
-57.5,-70.0,-0.0321,1982-2026
-57.5,-67.5,-0.0199,1982-2026
-57.5,-65.0,-0.0245,1982-2026
-57.5,-62.5,0.0067,1982-2026
-57.5,-60.0,-0.0242,1982-2026
-57.5,-57.5,0.0345,1982-2026
-57.5,-55.0,0.0303,1982-2026
-57.5,-52.5,0.0968,1982-2026
-57.5,-50.0,0.0659,1982-2026
-57.5,-47.5,0.0962,1982-2026
-57.5,-45.0,0.0913,1982-2026
-57.5,-42.5,0.1006,1982-2026
-57.5,-40.0,0.1245,1982-2026
-57.5,-37.5,0.1173,1982-2026
-57.5,-35.0,0.1322,1982-2026
-57.5,-32.5,0.1254,1982-2026
-57.5,-30.0,0.1153,1982-2026
-57.5,-27.5,0.0969,1982-2026
-57.5,-25.0,0.1214,1982-2026
-57.5,-22.5,0.1578,1982-2026
-57.5,-20.0,0.1357,1982-2026
-57.5,-17.5,0.1348,1982-2026
-57.5,-15.0,0.1334,1982-2026
-57.5,-12.5,0.1188,1982-2026
-57.5,-10.0,0.0993,1982-2026
-57.5,-7.5,0.0868,1982-2026
-57.5,-5.0,0.0777,1982-2026
-57.5,-2.5,0.0818,1982-2026
-60.0,0.0,0.0408,1982-2026
-60.0,2.5,0.0297,1982-2026
-60.0,5.0,0.0205,1982-2026
-60.0,7.5,0.0126,1982-2026
-60.0,10.0,0.0065,1982-2026
-60.0,12.5,0.0091,1982-2026
-60.0,15.0,0.0081,1982-2026
-60.0,17.5,0.0131,1982-2026
-60.0,20.0,0.0216,1982-2026
-60.0,22.5,0.0333,1982-2026
-60.0,25.0,0.0223,1982-2026
-60.0,27.5,0.0267,1982-2026
-60.0,30.0,0.0307,1982-2026
-60.0,32.5,0.0443,1982-2026
-60.0,35.0,0.0375,1982-2026
-60.0,37.5,0.0447,1982-2026
-60.0,40.0,0.0316,1982-2026
-60.0,42.5,0.0373,1982-2026
-60.0,45.0,0.0485,1982-2026
-60.0,47.5,0.0542,1982-2026
-60.0,50.0,0.0562,1982-2026
-60.0,52.5,0.0576,1982-2026
-60.0,55.0,0.0619,1982-2026
-60.0,57.5,0.0904,1982-2026
-60.0,60.0,0.1147,1982-2026
-60.0,62.5,0.1262,1982-2026
-60.0,65.0,0.1355,1982-2026
-60.0,67.5,0.145,1982-2026
-60.0,70.0,0.1658,1982-2026
-60.0,72.5,0.2083,1982-2026
-60.0,75.0,0.2297,1982-2026
-60.0,77.5,0.2249,1982-2026
-60.0,80.0,0.2066,1982-2026
-60.0,82.5,0.196,1982-2026
-60.0,85.0,0.1658,1982-2026
-60.0,87.5,0.223,1982-2026
-60.0,90.0,0.2202,1982-2026
-60.0,92.5,0.2079,1982-2026
-60.0,95.0,0.1847,1982-2026
-60.0,97.5,0.1489,1982-2026
-60.0,100.0,0.1331,1982-2026
-60.0,102.5,0.1148,1982-2026
-60.0,105.0,0.1047,1982-2026
-60.0,107.5,0.0671,1982-2026
-60.0,110.0,0.0477,1982-2026
-60.0,112.5,0.0567,1982-2026
-60.0,115.0,0.0311,1982-2026
-60.0,117.5,0.0256,1982-2026
-60.0,120.0,0.0082,1982-2026
-60.0,122.5,0.0038,1982-2026
-60.0,125.0,-0.01,1982-2026
-60.0,127.5,-0.016,1982-2026
-60.0,130.0,-0.0141,1982-2026
-60.0,132.5,-0.0095,1982-2026
-60.0,135.0,-0.0143,1982-2026
-60.0,137.5,-0.0017,1982-2026
-60.0,140.0,0.0015,1982-2026
-60.0,142.5,-0.0021,1982-2026
-60.0,145.0,0.041,1982-2026
-60.0,147.5,0.0282,1982-2026
-60.0,150.0,0.0073,1982-2026
-60.0,152.5,0.0125,1982-2026
-60.0,155.0,0.0147,1982-2026
-60.0,157.5,0.0026,1982-2026
-60.0,160.0,-0.0105,1982-2026
-60.0,162.5,0.0235,1982-2026
-60.0,165.0,0.0512,1982-2026
-60.0,167.5,0.0403,1982-2026
-60.0,170.0,0.0411,1982-2026
-60.0,172.5,0.0748,1982-2026
-60.0,175.0,0.0393,1982-2026
-60.0,177.5,0.0347,1982-2026
-60.0,180.0,0.0381,1982-2026
-60.0,-177.5,0.0033,1982-2026
-60.0,-175.0,0.0042,1982-2026
-60.0,-172.5,0.0005,1982-2026
-60.0,-170.0,-0.0093,1982-2026
-60.0,-167.5,-0.0037,1982-2026
-60.0,-165.0,-0.0185,1982-2026
-60.0,-162.5,-0.0388,1982-2026
-60.0,-160.0,-0.0362,1982-2026
-60.0,-157.5,-0.0565,1982-2026
-60.0,-155.0,-0.0707,1982-2026
-60.0,-152.5,-0.0517,1982-2026
-60.0,-150.0,-0.04,1982-2026
-60.0,-147.5,-0.0294,1982-2026
-60.0,-145.0,-0.0423,1982-2026
-60.0,-142.5,-0.0504,1982-2026
-60.0,-140.0,-0.0736,1982-2026
-60.0,-137.5,-0.0904,1982-2026
-60.0,-135.0,-0.1116,1982-2026
-60.0,-132.5,-0.1192,1982-2026
-60.0,-130.0,-0.1398,1982-2026
-60.0,-127.5,-0.1474,1982-2026
-60.0,-125.0,-0.1534,1982-2026
-60.0,-122.5,-0.1721,1982-2026
-60.0,-120.0,-0.1846,1982-2026
-60.0,-117.5,-0.1746,1982-2026
-60.0,-115.0,-0.1784,1982-2026
-60.0,-112.5,-0.173,1982-2026
-60.0,-110.0,-0.1739,1982-2026
-60.0,-107.5,-0.1729,1982-2026
-60.0,-105.0,-0.1563,1982-2026
-60.0,-102.5,-0.1483,1982-2026
-60.0,-100.0,-0.1407,1982-2026
-60.0,-97.5,-0.1275,1982-2026
-60.0,-95.0,-0.133,1982-2026
-60.0,-92.5,-0.1268,1982-2026
-60.0,-90.0,-0.1347,1982-2026
-60.0,-87.5,-0.1139,1982-2026
-60.0,-85.0,-0.1102,1982-2026
-60.0,-82.5,-0.1002,1982-2026
-60.0,-80.0,-0.0904,1982-2026
-60.0,-77.5,-0.0765,1982-2026
-60.0,-75.0,-0.0602,1982-2026
-60.0,-72.5,-0.0359,1982-2026
-60.0,-70.0,-0.0298,1982-2026
-60.0,-67.5,-0.0026,1982-2026
-60.0,-65.0,-0.0195,1982-2026
-60.0,-62.5,0.0406,1982-2026
-60.0,-60.0,0.0458,1982-2026
-60.0,-57.5,0.1174,1982-2026
-60.0,-55.0,0.1466,1982-2026
-60.0,-52.5,0.1879,1982-2026
-60.0,-50.0,0.1415,1982-2026
-60.0,-47.5,0.1264,1982-2026
-60.0,-45.0,0.1115,1982-2026
-60.0,-42.5,0.1457,1982-2026
-60.0,-40.0,0.1356,1982-2026
-60.0,-37.5,0.1378,1982-2026
-60.0,-35.0,0.1168,1982-2026
-60.0,-32.5,0.1138,1982-2026
-60.0,-30.0,0.1123,1982-2026
-60.0,-27.5,0.1208,1982-2026
-60.0,-25.0,0.161,1982-2026
-60.0,-22.5,0.184,1982-2026
-60.0,-20.0,0.1485,1982-2026
-60.0,-17.5,0.1223,1982-2026
-60.0,-15.0,0.1129,1982-2026
-60.0,-12.5,0.1127,1982-2026
-60.0,-10.0,0.0939,1982-2026
-60.0,-7.5,0.0773,1982-2026
-60.0,-5.0,0.0619,1982-2026
-60.0,-2.5,0.0516,1982-2026
-62.5,0.0,0.024,1982-2026
-62.5,2.5,0.0251,1982-2026
-62.5,5.0,0.0196,1982-2026
-62.5,7.5,0.0186,1982-2026
-62.5,10.0,0.0285,1982-2026
-62.5,12.5,0.0322,1982-2026
-62.5,15.0,0.0218,1982-2026
-62.5,17.5,0.0255,1982-2026
-62.5,20.0,0.0359,1982-2026
-62.5,22.5,0.0417,1982-2026
-62.5,25.0,0.0574,1982-2026
-62.5,27.5,0.0731,1982-2026
-62.5,30.0,0.0963,1982-2026
-62.5,32.5,0.1038,1982-2026
-62.5,35.0,0.113,1982-2026
-62.5,37.5,0.1255,1982-2026
-62.5,40.0,0.1402,1982-2026
-62.5,42.5,0.1395,1982-2026
-62.5,45.0,0.1405,1982-2026
-62.5,47.5,0.1417,1982-2026
-62.5,50.0,0.1524,1982-2026
-62.5,52.5,0.1666,1982-2026
-62.5,55.0,0.1953,1982-2026
-62.5,57.5,0.2088,1982-2026
-62.5,60.0,0.2121,1982-2026
-62.5,62.5,0.2142,1982-2026
-62.5,65.0,0.2329,1982-2026
-62.5,67.5,0.2303,1982-2026
-62.5,70.0,0.2346,1982-2026
-62.5,72.5,0.2354,1982-2026
-62.5,75.0,0.2268,1982-2026
-62.5,77.5,0.2158,1982-2026
-62.5,80.0,0.1892,1982-2026
-62.5,82.5,0.1574,1982-2026
-62.5,85.0,0.1321,1982-2026
-62.5,87.5,0.1337,1982-2026
-62.5,90.0,0.1501,1982-2026
-62.5,92.5,0.1247,1982-2026
-62.5,95.0,0.0872,1982-2026
-62.5,97.5,0.0731,1982-2026
-62.5,100.0,0.0802,1982-2026
-62.5,102.5,0.0664,1982-2026
-62.5,105.0,0.0326,1982-2026
-62.5,107.5,-0.0247,1982-2026
-62.5,110.0,-0.053,1982-2026
-62.5,112.5,-0.0718,1982-2026
-62.5,115.0,-0.0955,1982-2026
-62.5,117.5,-0.1025,1982-2026
-62.5,120.0,-0.0905,1982-2026
-62.5,122.5,-0.0681,1982-2026
-62.5,125.0,-0.0531,1982-2026
-62.5,127.5,-0.0574,1982-2026
-62.5,130.0,-0.0372,1982-2026
-62.5,132.5,-0.0444,1982-2026
-62.5,135.0,-0.0662,1982-2026
-62.5,137.5,-0.0728,1982-2026
-62.5,140.0,-0.0556,1982-2026
-62.5,142.5,-0.0264,1982-2026
-62.5,145.0,-0.0177,1982-2026
-62.5,147.5,-0.0172,1982-2026
-62.5,150.0,-0.0075,1982-2026
-62.5,152.5,0.0121,1982-2026
-62.5,155.0,0.0248,1982-2026
-62.5,157.5,-0.0023,1982-2026
-62.5,160.0,-0.0282,1982-2026
-62.5,162.5,-0.0401,1982-2026
-62.5,165.0,-0.0413,1982-2026
-62.5,167.5,-0.0222,1982-2026
-62.5,170.0,-0.0151,1982-2026
-62.5,172.5,0.018,1982-2026
-62.5,175.0,0.0544,1982-2026
-62.5,177.5,0.0467,1982-2026
-62.5,180.0,0.024,1982-2026
-62.5,-177.5,0.0222,1982-2026
-62.5,-175.0,-0.013,1982-2026
-62.5,-172.5,-0.0306,1982-2026
-62.5,-170.0,-0.0456,1982-2026
-62.5,-167.5,-0.045,1982-2026
-62.5,-165.0,-0.0293,1982-2026
-62.5,-162.5,-0.0197,1982-2026
-62.5,-160.0,-0.0212,1982-2026
-62.5,-157.5,-0.0216,1982-2026
-62.5,-155.0,-0.0259,1982-2026
-62.5,-152.5,-0.0239,1982-2026
-62.5,-150.0,-0.0171,1982-2026
-62.5,-147.5,-0.0255,1982-2026
-62.5,-145.0,-0.0298,1982-2026
-62.5,-142.5,-0.0598,1982-2026
-62.5,-140.0,-0.0777,1982-2026
-62.5,-137.5,-0.0915,1982-2026
-62.5,-135.0,-0.0958,1982-2026
-62.5,-132.5,-0.1058,1982-2026
-62.5,-130.0,-0.1167,1982-2026
-62.5,-127.5,-0.1307,1982-2026
-62.5,-125.0,-0.1462,1982-2026
-62.5,-122.5,-0.1714,1982-2026
-62.5,-120.0,-0.1742,1982-2026
-62.5,-117.5,-0.1841,1982-2026
-62.5,-115.0,-0.1849,1982-2026
-62.5,-112.5,-0.2011,1982-2026
-62.5,-110.0,-0.1974,1982-2026
-62.5,-107.5,-0.1968,1982-2026
-62.5,-105.0,-0.2173,1982-2026
-62.5,-102.5,-0.221,1982-2026
-62.5,-100.0,-0.2058,1982-2026
-62.5,-97.5,-0.1808,1982-2026
-62.5,-95.0,-0.1708,1982-2026
-62.5,-92.5,-0.1574,1982-2026
-62.5,-90.0,-0.153,1982-2026
-62.5,-87.5,-0.1455,1982-2026
-62.5,-85.0,-0.1282,1982-2026
-62.5,-82.5,-0.1236,1982-2026
-62.5,-80.0,-0.0863,1982-2026
-62.5,-77.5,-0.0381,1982-2026
-62.5,-75.0,-0.0133,1982-2026
-62.5,-72.5,-0.0013,1982-2026
-62.5,-70.0,0.0466,1982-2026
-62.5,-67.5,0.0784,1982-2026
-62.5,-65.0,0.144,1982-2026
-62.5,-62.5,0.1786,1982-2026
-62.5,-60.0,0.2269,1982-2026
-62.5,-57.5,0.2286,1982-2026
-62.5,-55.0,0.1675,1982-2026
-62.5,-52.5,0.2157,1982-2026
-62.5,-50.0,0.2313,1982-2026
-62.5,-47.5,0.2529,1982-2026
-62.5,-45.0,0.2346,1982-2026
-62.5,-42.5,0.2151,1982-2026
-62.5,-40.0,0.1987,1982-2026
-62.5,-37.5,0.1802,1982-2026
-62.5,-35.0,0.17,1982-2026
-62.5,-32.5,0.1576,1982-2026
-62.5,-30.0,0.1573,1982-2026
-62.5,-27.5,0.1596,1982-2026
-62.5,-25.0,0.1634,1982-2026
-62.5,-22.5,0.1567,1982-2026
-62.5,-20.0,0.1516,1982-2026
-62.5,-17.5,0.1406,1982-2026
-62.5,-15.0,0.1234,1982-2026
-62.5,-12.5,0.1131,1982-2026
-62.5,-10.0,0.1007,1982-2026
-62.5,-7.5,0.0784,1982-2026
-62.5,-5.0,0.0558,1982-2026
-62.5,-2.5,0.0326,1982-2026
-65.0,0.0,0.0094,1982-2026
-65.0,2.5,0.006,1982-2026
-65.0,5.0,0.0191,1982-2026
-65.0,7.5,0.0134,1982-2026
-65.0,10.0,0.0087,1982-2026
-65.0,12.5,0.0204,1982-2026
-65.0,15.0,0.0376,1982-2026
-65.0,17.5,0.0659,1982-2026
-65.0,20.0,0.078,1982-2026
-65.0,22.5,0.1005,1982-2026
-65.0,25.0,0.1005,1982-2026
-65.0,27.5,0.1225,1982-2026
-65.0,30.0,0.1441,1982-2026
-65.0,32.5,0.1457,1982-2026
-65.0,35.0,0.1667,1982-2026
-65.0,37.5,0.1983,1982-2026
-65.0,40.0,0.2109,1982-2026
-65.0,42.5,0.2196,1982-2026
-65.0,45.0,0.1878,1982-2026
-65.0,47.5,0.1442,1982-2026
-65.0,50.0,0.0909,1982-2026
-65.0,52.5,0.0558,1982-2026
-65.0,55.0,0.0473,1982-2026
-65.0,57.5,0.0715,1982-2026
-65.0,60.0,0.1136,1982-2026
-65.0,62.5,0.1227,1982-2026
-65.0,65.0,0.1621,1982-2026
-65.0,67.5,0.196,1982-2026
-65.0,70.0,0.1995,1982-2026
-65.0,72.5,0.179,1982-2026
-65.0,75.0,0.1495,1982-2026
-65.0,77.5,0.1201,1982-2026
-65.0,80.0,0.0754,1982-2026
-65.0,82.5,0.0115,1982-2026
-65.0,85.0,-0.0062,1982-2026
-65.0,87.5,-0.0131,1982-2026
-65.0,90.0,-0.0179,1982-2026
-65.0,92.5,-0.0205,1982-2026
-65.0,95.0,-0.0172,1982-2026
-65.0,97.5,-0.0659,1982-2026
-65.0,100.0,-0.0142,1982-2026
-65.0,102.5,-0.0549,1982-2026
-65.0,105.0,-0.0238,1982-2026
-65.0,107.5,-0.0672,1982-2026
-65.0,110.0,-0.0632,1982-2026
-65.0,112.5,-0.0271,1982-2026
-65.0,115.0,-0.02,1982-2026
-65.0,117.5,-0.0819,1982-2026
-65.0,120.0,-0.1201,1982-2026
-65.0,122.5,-0.0984,1982-2026
-65.0,125.0,-0.0609,1982-2026
-65.0,127.5,-0.0846,1982-2026
-65.0,130.0,-0.1075,1982-2026
-65.0,132.5,-0.1055,1982-2026
-65.0,135.0,-0.1085,1982-2026
-65.0,137.5,-0.141,1982-2026
-65.0,140.0,-0.1511,1982-2026
-65.0,142.5,-0.1578,1982-2026
-65.0,145.0,-0.113,1982-2026
-65.0,147.5,-0.0496,1982-2026
-65.0,150.0,-0.0284,1982-2026
-65.0,152.5,-0.0089,1982-2026
-65.0,155.0,-0.0115,1982-2026
-65.0,157.5,-0.0461,1982-2026
-65.0,160.0,-0.0902,1982-2026
-65.0,162.5,-0.0863,1982-2026
-65.0,165.0,-0.0726,1982-2026
-65.0,167.5,-0.0606,1982-2026
-65.0,170.0,-0.0595,1982-2026
-65.0,172.5,-0.056,1982-2026
-65.0,175.0,-0.0357,1982-2026
-65.0,177.5,-0.0047,1982-2026
-65.0,180.0,0.0061,1982-2026
-65.0,-177.5,0.0045,1982-2026
-65.0,-175.0,0.0052,1982-2026
-65.0,-172.5,-0.0043,1982-2026
-65.0,-170.0,-0.0054,1982-2026
-65.0,-167.5,0.0153,1982-2026
-65.0,-165.0,0.0393,1982-2026
-65.0,-162.5,0.0471,1982-2026
-65.0,-160.0,0.0522,1982-2026
-65.0,-157.5,0.05,1982-2026
-65.0,-155.0,0.0409,1982-2026
-65.0,-152.5,0.0261,1982-2026
-65.0,-150.0,0.0165,1982-2026
-65.0,-147.5,-0.0087,1982-2026
-65.0,-145.0,-0.0348,1982-2026
-65.0,-142.5,-0.0503,1982-2026
-65.0,-140.0,-0.0744,1982-2026
-65.0,-137.5,-0.1077,1982-2026
-65.0,-135.0,-0.1256,1982-2026
-65.0,-132.5,-0.1378,1982-2026
-65.0,-130.0,-0.15,1982-2026
-65.0,-127.5,-0.14,1982-2026
-65.0,-125.0,-0.1387,1982-2026
-65.0,-122.5,-0.1567,1982-2026
-65.0,-120.0,-0.1715,1982-2026
-65.0,-117.5,-0.1831,1982-2026
-65.0,-115.0,-0.188,1982-2026
-65.0,-112.5,-0.17,1982-2026
-65.0,-110.0,-0.1585,1982-2026
-65.0,-107.5,-0.1621,1982-2026
-65.0,-105.0,-0.1694,1982-2026
-65.0,-102.5,-0.1713,1982-2026
-65.0,-100.0,-0.1661,1982-2026
-65.0,-97.5,-0.1339,1982-2026
-65.0,-95.0,-0.1153,1982-2026
-65.0,-92.5,-0.0962,1982-2026
-65.0,-90.0,-0.0595,1982-2026
-65.0,-87.5,-0.0496,1982-2026
-65.0,-85.0,-0.0582,1982-2026
-65.0,-82.5,-0.0274,1982-2026
-65.0,-80.0,0.0011,1982-2026
-65.0,-77.5,0.028,1982-2026
-65.0,-75.0,0.0575,1982-2026
-65.0,-72.5,0.0818,1982-2026
-65.0,-70.0,0.1161,1982-2026
-65.0,-67.5,0.1955,1982-2026
-65.0,-65.0,0.3087,1982-2026
-65.0,-62.5,0.2108,1982-2026
-65.0,-60.0,0.2336,1982-2026
-65.0,-57.5,0.2938,1982-2026
-65.0,-55.0,0.3952,1982-2026
-65.0,-52.5,0.3645,1982-2026
-65.0,-50.0,0.3666,1982-2026
-65.0,-47.5,0.3426,1982-2026
-65.0,-45.0,0.3112,1982-2026
-65.0,-42.5,0.2824,1982-2026
-65.0,-40.0,0.2492,1982-2026
-65.0,-37.5,0.2295,1982-2026
-65.0,-35.0,0.212,1982-2026
-65.0,-32.5,0.2065,1982-2026
-65.0,-30.0,0.2041,1982-2026
-65.0,-27.5,0.1997,1982-2026
-65.0,-25.0,0.1901,1982-2026
-65.0,-22.5,0.1676,1982-2026
-65.0,-20.0,0.15,1982-2026
-65.0,-17.5,0.1261,1982-2026
-65.0,-15.0,0.0923,1982-2026
-65.0,-12.5,0.0719,1982-2026
-65.0,-10.0,0.0636,1982-2026
-65.0,-7.5,0.0474,1982-2026
-65.0,-5.0,0.027,1982-2026
-65.0,-2.5,0.0194,1982-2026
-67.5,0.0,0.0215,1982-2026
-67.5,2.5,0.0383,1982-2026
-67.5,5.0,0.0502,1982-2026
-67.5,7.5,0.0504,1982-2026
-67.5,10.0,0.045,1982-2026
-67.5,12.5,0.0336,1982-2026
-67.5,15.0,0.053,1982-2026
-67.5,17.5,0.0766,1982-2026
-67.5,20.0,0.0907,1982-2026
-67.5,22.5,0.1031,1982-2026
-67.5,25.0,0.113,1982-2026
-67.5,27.5,0.1112,1982-2026
-67.5,30.0,0.1011,1982-2026
-67.5,32.5,0.0833,1982-2026
-67.5,35.0,0.1065,1982-2026
-67.5,37.5,0.125,1982-2026
-67.5,40.0,0.0949,1982-2026
-67.5,42.5,0.0435,1982-2026
-67.5,45.0,0.0084,1982-2026
-67.5,47.5,0.1372,1982-2026
-67.5,50.0,0.2295,1982-2026
-67.5,52.5,0.2504,1982-2026
-67.5,55.0,0.3105,1982-2026
-67.5,57.5,0.3255,1982-2026
-67.5,60.0,0.3222,1982-2026
-67.5,62.5,0.1005,1982-2026
-67.5,65.0,0.0905,1982-2026
-67.5,67.5,0.1534,1982-2026
-67.5,70.0,0.2538,1982-2026
-67.5,72.5,0.2903,1982-2026
-67.5,75.0,0.1823,1982-2026
-67.5,77.5,0.1346,1982-2026
-67.5,80.0,0.1979,1982-2026
-67.5,82.5,0.2145,1982-2026
-67.5,85.0,0.11,1982-2026
-67.5,87.5,0.0916,1982-2026
-67.5,90.0,0.0894,1982-2026
-67.5,92.5,0.1093,1982-2026
-67.5,95.0,0.1315,1982-2026
-67.5,97.5,0.1658,1982-2026
-67.5,100.0,0.1867,1982-2026
-67.5,102.5,0.1865,1982-2026
-67.5,105.0,0.1733,1982-2026
-67.5,107.5,0.1657,1982-2026
-67.5,110.0,0.156,1982-2026
-67.5,112.5,0.1666,1982-2026
-67.5,115.0,0.1525,1982-2026
-67.5,117.5,0.1247,1982-2026
-67.5,120.0,0.105,1982-2026
-67.5,122.5,0.0973,1982-2026
-67.5,125.0,0.0995,1982-2026
-67.5,127.5,0.0976,1982-2026
-67.5,130.0,0.0867,1982-2026
-67.5,132.5,0.0889,1982-2026
-67.5,135.0,0.1058,1982-2026
-67.5,137.5,0.0995,1982-2026
-67.5,140.0,0.0853,1982-2026
-67.5,142.5,0.0771,1982-2026
-67.5,145.0,0.0624,1982-2026
-67.5,147.5,0.0902,1982-2026
-67.5,150.0,-0.0259,1982-2026
-67.5,152.5,-0.0461,1982-2026
-67.5,155.0,-0.0807,1982-2026
-67.5,157.5,-0.1189,1982-2026
-67.5,160.0,-0.1282,1982-2026
-67.5,162.5,-0.1378,1982-2026
-67.5,165.0,-0.115,1982-2026
-67.5,167.5,-0.0961,1982-2026
-67.5,170.0,-0.0593,1982-2026
-67.5,172.5,-0.0235,1982-2026
-67.5,175.0,-0.0015,1982-2026
-67.5,177.5,0.0307,1982-2026
-67.5,180.0,0.0521,1982-2026
-67.5,-177.5,0.0532,1982-2026
-67.5,-175.0,0.0634,1982-2026
-67.5,-172.5,0.0592,1982-2026
-67.5,-170.0,0.0741,1982-2026
-67.5,-167.5,0.1023,1982-2026
-67.5,-165.0,0.1179,1982-2026
-67.5,-162.5,0.1228,1982-2026
-67.5,-160.0,0.1197,1982-2026
-67.5,-157.5,0.1206,1982-2026
-67.5,-155.0,0.1071,1982-2026
-67.5,-152.5,0.0967,1982-2026
-67.5,-150.0,0.0859,1982-2026
-67.5,-147.5,0.0811,1982-2026
-67.5,-145.0,0.0721,1982-2026
-67.5,-142.5,0.0641,1982-2026
-67.5,-140.0,0.0557,1982-2026
-67.5,-137.5,0.0203,1982-2026
-67.5,-135.0,-0.0076,1982-2026
-67.5,-132.5,-0.0219,1982-2026
-67.5,-130.0,-0.0197,1982-2026
-67.5,-127.5,-0.02,1982-2026
-67.5,-125.0,-0.0269,1982-2026
-67.5,-122.5,-0.03,1982-2026
-67.5,-120.0,-0.0455,1982-2026
-67.5,-117.5,-0.0601,1982-2026
-67.5,-115.0,-0.059,1982-2026
-67.5,-112.5,-0.063,1982-2026
-67.5,-110.0,-0.0521,1982-2026
-67.5,-107.5,-0.0421,1982-2026
-67.5,-105.0,-0.0364,1982-2026
-67.5,-102.5,-0.0336,1982-2026
-67.5,-100.0,-0.0408,1982-2026
-67.5,-97.5,-0.0382,1982-2026
-67.5,-95.0,-0.02,1982-2026
-67.5,-92.5,0.0024,1982-2026
-67.5,-90.0,0.0178,1982-2026
-67.5,-87.5,0.0562,1982-2026
-67.5,-85.0,0.0837,1982-2026
-67.5,-82.5,0.0996,1982-2026
-67.5,-80.0,0.1214,1982-2026
-67.5,-77.5,0.1549,1982-2026
-67.5,-75.0,0.1966,1982-2026
-67.5,-72.5,0.2536,1982-2026
-67.5,-70.0,0.2525,1982-2026
-67.5,-67.5,0.5222,1982-2026
-67.5,-65.0,0.4765,1982-2026
-67.5,-62.5,0.4202,1982-2026
-67.5,-60.0,0.1051,1982-2026
-67.5,-57.5,0.3097,1982-2026
-67.5,-55.0,0.2805,1982-2026
-67.5,-52.5,0.3066,1982-2026
-67.5,-50.0,0.321,1982-2026
-67.5,-47.5,0.3037,1982-2026
-67.5,-45.0,0.2714,1982-2026
-67.5,-42.5,0.2528,1982-2026
-67.5,-40.0,0.2574,1982-2026
-67.5,-37.5,0.2602,1982-2026
-67.5,-35.0,0.2553,1982-2026
-67.5,-32.5,0.2532,1982-2026
-67.5,-30.0,0.2472,1982-2026
-67.5,-27.5,0.2364,1982-2026
-67.5,-25.0,0.2138,1982-2026
-67.5,-22.5,0.1866,1982-2026
-67.5,-20.0,0.1644,1982-2026
-67.5,-17.5,0.1438,1982-2026
-67.5,-15.0,0.1222,1982-2026
-67.5,-12.5,0.0947,1982-2026
-67.5,-10.0,0.0654,1982-2026
-67.5,-7.5,0.0403,1982-2026
-67.5,-5.0,0.0253,1982-2026
-67.5,-2.5,0.0168,1982-2026
-70.0,0.0,1.1158,1982-2026
-70.0,2.5,0.7886,1982-2026
-70.0,5.0,0.1338,1982-2026
-70.0,7.5,0.1662,1982-2026
-70.0,10.0,0.6064,1982-2026
-70.0,12.5,0.5827,1982-2026
-70.0,15.0,0.6448,1982-2026
-70.0,17.5,0.4996,1982-2026
-70.0,20.0,0.1918,1982-2026
-70.0,22.5,0.0648,1982-2026
-70.0,25.0,-0.1081,1982-2026
-70.0,27.5,0.0905,1982-2026
-70.0,30.0,0.2466,1982-2026
-70.0,32.5,0.2156,1982-2026
-70.0,35.0,0.1717,1982-2026
-70.0,37.5,0.1783,1982-2026
-70.0,40.0,0.1799,1982-2026
-70.0,42.5,0.1782,1982-2026
-70.0,45.0,0.1957,1982-2026
-70.0,47.5,0.2554,1982-2026
-70.0,50.0,0.2903,1982-2026
-70.0,52.5,0.3252,1982-2026
-70.0,55.0,0.3098,1982-2026
-70.0,57.5,0.2812,1982-2026
-70.0,60.0,0.2813,1982-2026
-70.0,62.5,0.2612,1982-2026
-70.0,65.0,0.2488,1982-2026
-70.0,67.5,0.3927,1982-2026
-70.0,70.0,0.494,1982-2026
-70.0,72.5,0.5661,1982-2026
-70.0,75.0,0.3023,1982-2026
-70.0,77.5,0.2473,1982-2026
-70.0,80.0,0.2086,1982-2026
-70.0,82.5,0.1888,1982-2026
-70.0,85.0,0.1704,1982-2026
-70.0,87.5,0.1695,1982-2026
-70.0,90.0,0.1709,1982-2026
-70.0,92.5,0.1816,1982-2026
-70.0,95.0,0.2022,1982-2026
-70.0,97.5,0.2238,1982-2026
-70.0,100.0,0.2317,1982-2026
-70.0,102.5,0.2264,1982-2026
-70.0,105.0,0.2187,1982-2026
-70.0,107.5,0.2157,1982-2026
-70.0,110.0,0.1955,1982-2026
-70.0,112.5,0.1766,1982-2026
-70.0,115.0,0.1583,1982-2026
-70.0,117.5,0.1483,1982-2026
-70.0,120.0,0.1452,1982-2026
-70.0,122.5,0.1511,1982-2026
-70.0,125.0,0.1573,1982-2026
-70.0,127.5,0.1661,1982-2026
-70.0,130.0,0.1685,1982-2026
-70.0,132.5,0.1695,1982-2026
-70.0,135.0,0.1821,1982-2026
-70.0,137.5,0.178,1982-2026
-70.0,140.0,0.1534,1982-2026
-70.0,142.5,0.1345,1982-2026
-70.0,145.0,0.1125,1982-2026
-70.0,147.5,0.0941,1982-2026
-70.0,150.0,0.0851,1982-2026
-70.0,152.5,0.0899,1982-2026
-70.0,155.0,0.1166,1982-2026
-70.0,157.5,0.1444,1982-2026
-70.0,160.0,0.247,1982-2026
-70.0,162.5,-0.0398,1982-2026
-70.0,165.0,-0.0178,1982-2026
-70.0,167.5,-0.0263,1982-2026
-70.0,170.0,-0.035,1982-2026
-70.0,172.5,0.0013,1982-2026
-70.0,175.0,0.0401,1982-2026
-70.0,177.5,0.0665,1982-2026
-70.0,180.0,0.1039,1982-2026
-70.0,-177.5,0.1432,1982-2026
-70.0,-175.0,0.1586,1982-2026
-70.0,-172.5,0.1787,1982-2026
-70.0,-170.0,0.1851,1982-2026
-70.0,-167.5,0.1924,1982-2026
-70.0,-165.0,0.2043,1982-2026
-70.0,-162.5,0.2052,1982-2026
-70.0,-160.0,0.2111,1982-2026
-70.0,-157.5,0.2045,1982-2026
-70.0,-155.0,0.1932,1982-2026
-70.0,-152.5,0.1789,1982-2026
-70.0,-150.0,0.1713,1982-2026
-70.0,-147.5,0.1604,1982-2026
-70.0,-145.0,0.1527,1982-2026
-70.0,-142.5,0.1453,1982-2026
-70.0,-140.0,0.1313,1982-2026
-70.0,-137.5,0.1221,1982-2026
-70.0,-135.0,0.1119,1982-2026
-70.0,-132.5,0.1053,1982-2026
-70.0,-130.0,0.1071,1982-2026
-70.0,-127.5,0.0976,1982-2026
-70.0,-125.0,0.09,1982-2026
-70.0,-122.5,0.0792,1982-2026
-70.0,-120.0,0.0676,1982-2026
-70.0,-117.5,0.0561,1982-2026
-70.0,-115.0,0.0366,1982-2026
-70.0,-112.5,0.0286,1982-2026
-70.0,-110.0,0.0294,1982-2026
-70.0,-107.5,0.0244,1982-2026
-70.0,-105.0,0.0257,1982-2026
-70.0,-102.5,0.0319,1982-2026
-70.0,-100.0,0.045,1982-2026
-70.0,-97.5,0.0611,1982-2026
-70.0,-95.0,0.0824,1982-2026
-70.0,-92.5,0.1073,1982-2026
-70.0,-90.0,0.1389,1982-2026
-70.0,-87.5,0.1792,1982-2026
-70.0,-85.0,0.2198,1982-2026
-70.0,-82.5,0.2606,1982-2026
-70.0,-80.0,0.3124,1982-2026
-70.0,-77.5,0.3485,1982-2026
-70.0,-75.0,0.5252,1982-2026
-70.0,-72.5,0.6043,1982-2026
-70.0,-70.0,0.5085,1982-2026
-70.0,-67.5,0.4111,1982-2026
-70.0,-65.0,0.2296,1982-2026
-70.0,-62.5,0.2609,1982-2026
-70.0,-60.0,0.0282,1982-2026
-70.0,-57.5,0.1414,1982-2026
-70.0,-55.0,0.1699,1982-2026
-70.0,-52.5,0.2306,1982-2026
-70.0,-50.0,0.245,1982-2026
-70.0,-47.5,0.2385,1982-2026
-70.0,-45.0,0.2215,1982-2026
-70.0,-42.5,0.2219,1982-2026
-70.0,-40.0,0.2296,1982-2026
-70.0,-37.5,0.2494,1982-2026
-70.0,-35.0,0.2641,1982-2026
-70.0,-32.5,0.2689,1982-2026
-70.0,-30.0,0.2674,1982-2026
-70.0,-27.5,0.2586,1982-2026
-70.0,-25.0,0.2359,1982-2026
-70.0,-22.5,0.216,1982-2026
-70.0,-20.0,0.1881,1982-2026
-70.0,-17.5,0.1557,1982-2026
-70.0,-15.0,0.125,1982-2026
-70.0,-12.5,0.0959,1982-2026
-70.0,-10.0,0.0817,1982-2026
-70.0,-7.5,0.0831,1982-2026
-70.0,-5.0,0.1211,1982-2026
-70.0,-2.5,0.2295,1982-2026
-72.5,0.0,0.6998,1982-2026
-72.5,2.5,0.5547,1982-2026
-72.5,5.0,0.4909,1982-2026
-72.5,7.5,0.4832,1982-2026
-72.5,10.0,0.4401,1982-2026
-72.5,12.5,0.3836,1982-2026
-72.5,15.0,0.3403,1982-2026
-72.5,17.5,0.2896,1982-2026
-72.5,20.0,0.2804,1982-2026
-72.5,22.5,0.3047,1982-2026
-72.5,25.0,0.2073,1982-2026
-72.5,27.5,0.2547,1982-2026
-72.5,30.0,0.2396,1982-2026
-72.5,32.5,0.2035,1982-2026
-72.5,35.0,0.1761,1982-2026
-72.5,37.5,0.1934,1982-2026
-72.5,40.0,0.2014,1982-2026
-72.5,42.5,0.217,1982-2026
-72.5,45.0,0.2505,1982-2026
-72.5,47.5,0.2708,1982-2026
-72.5,50.0,0.2894,1982-2026
-72.5,52.5,0.308,1982-2026
-72.5,55.0,0.3064,1982-2026
-72.5,57.5,0.2919,1982-2026
-72.5,60.0,0.2684,1982-2026
-72.5,62.5,0.2576,1982-2026
-72.5,65.0,0.2417,1982-2026
-72.5,67.5,0.2452,1982-2026
-72.5,70.0,0.3228,1982-2026
-72.5,72.5,0.2064,1982-2026
-72.5,75.0,0.1679,1982-2026
-72.5,77.5,0.1616,1982-2026
-72.5,80.0,0.1601,1982-2026
-72.5,82.5,0.163,1982-2026
-72.5,85.0,0.1705,1982-2026
-72.5,87.5,0.1862,1982-2026
-72.5,90.0,0.2022,1982-2026
-72.5,92.5,0.2207,1982-2026
-72.5,95.0,0.2514,1982-2026
-72.5,97.5,0.2847,1982-2026
-72.5,100.0,0.3069,1982-2026
-72.5,102.5,0.3256,1982-2026
-72.5,105.0,0.3297,1982-2026
-72.5,107.5,0.3074,1982-2026
-72.5,110.0,0.2629,1982-2026
-72.5,112.5,0.2163,1982-2026
-72.5,115.0,0.1882,1982-2026
-72.5,117.5,0.1606,1982-2026
-72.5,120.0,0.1388,1982-2026
-72.5,122.5,0.1315,1982-2026
-72.5,125.0,0.1353,1982-2026
-72.5,127.5,0.1457,1982-2026
-72.5,130.0,0.1481,1982-2026
-72.5,132.5,0.1534,1982-2026
-72.5,135.0,0.1572,1982-2026
-72.5,137.5,0.1547,1982-2026
-72.5,140.0,0.1501,1982-2026
-72.5,142.5,0.1367,1982-2026
-72.5,145.0,0.1214,1982-2026
-72.5,147.5,0.1193,1982-2026
-72.5,150.0,0.1367,1982-2026
-72.5,152.5,0.1732,1982-2026
-72.5,155.0,0.2262,1982-2026
-72.5,157.5,0.2802,1982-2026
-72.5,160.0,0.3562,1982-2026
-72.5,162.5,0.561,1982-2026
-72.5,165.0,0.4411,1982-2026
-72.5,167.5,0.5733,1982-2026
-72.5,170.0,0.6181,1982-2026
-72.5,172.5,0.0352,1982-2026
-72.5,175.0,0.0123,1982-2026
-72.5,177.5,0.0616,1982-2026
-72.5,180.0,0.107,1982-2026
-72.5,-177.5,0.1492,1982-2026
-72.5,-175.0,0.1866,1982-2026
-72.5,-172.5,0.2282,1982-2026
-72.5,-170.0,0.2604,1982-2026
-72.5,-167.5,0.2564,1982-2026
-72.5,-165.0,0.2446,1982-2026
-72.5,-162.5,0.2406,1982-2026
-72.5,-160.0,0.2442,1982-2026
-72.5,-157.5,0.2403,1982-2026
-72.5,-155.0,0.23,1982-2026
-72.5,-152.5,0.2163,1982-2026
-72.5,-150.0,0.2012,1982-2026
-72.5,-147.5,0.1859,1982-2026
-72.5,-145.0,0.1721,1982-2026
-72.5,-142.5,0.1573,1982-2026
-72.5,-140.0,0.131,1982-2026
-72.5,-137.5,0.1082,1982-2026
-72.5,-135.0,0.0837,1982-2026
-72.5,-132.5,0.0621,1982-2026
-72.5,-130.0,0.0719,1982-2026
-72.5,-127.5,0.1047,1982-2026
-72.5,-125.0,0.0636,1982-2026
-72.5,-122.5,0.0572,1982-2026
-72.5,-120.0,0.0577,1982-2026
-72.5,-117.5,0.0587,1982-2026
-72.5,-115.0,0.0767,1982-2026
-72.5,-112.5,0.067,1982-2026
-72.5,-110.0,-0.0036,1982-2026
-72.5,-107.5,0.0132,1982-2026
-72.5,-105.0,0.0859,1982-2026
-72.5,-102.5,0.1541,1982-2026
-72.5,-100.0,0.1982,1982-2026
-72.5,-97.5,0.1984,1982-2026
-72.5,-95.0,0.1767,1982-2026
-72.5,-92.5,0.2321,1982-2026
-72.5,-90.0,0.2194,1982-2026
-72.5,-87.5,0.2334,1982-2026
-72.5,-85.0,0.3039,1982-2026
-72.5,-82.5,0.3414,1982-2026
-72.5,-80.0,0.3157,1982-2026
-72.5,-77.5,0.3776,1982-2026
-72.5,-75.0,0.3984,1982-2026
-72.5,-72.5,0.592,1982-2026
-72.5,-70.0,0.6019,1982-2026
-72.5,-67.5,0.4806,1982-2026
-72.5,-65.0,0.2355,1982-2026
-72.5,-62.5,0.1671,1982-2026
-72.5,-60.0,-0.0505,1982-2026
-72.5,-57.5,0.077,1982-2026
-72.5,-55.0,0.1242,1982-2026
-72.5,-52.5,0.1527,1982-2026
-72.5,-50.0,0.1685,1982-2026
-72.5,-47.5,0.1667,1982-2026
-72.5,-45.0,0.1846,1982-2026
-72.5,-42.5,0.1914,1982-2026
-72.5,-40.0,0.2055,1982-2026
-72.5,-37.5,0.2152,1982-2026
-72.5,-35.0,0.2355,1982-2026
-72.5,-32.5,0.2512,1982-2026
-72.5,-30.0,0.2631,1982-2026
-72.5,-27.5,0.275,1982-2026
-72.5,-25.0,0.2695,1982-2026
-72.5,-22.5,0.2266,1982-2026
-72.5,-20.0,0.1641,1982-2026
-72.5,-17.5,0.3145,1982-2026
-72.5,-15.0,0.7148,1982-2026
-72.5,-12.5,0.764,1982-2026
-72.5,-10.0,0.486,1982-2026
-72.5,-7.5,0.4641,1982-2026
-72.5,-5.0,0.5522,1982-2026
-72.5,-2.5,0.8171,1982-2026
-75.0,0.0,0.3773,1982-2026
-75.0,2.5,0.3675,1982-2026
-75.0,5.0,0.3535,1982-2026
-75.0,7.5,0.3486,1982-2026
-75.0,10.0,0.3466,1982-2026
-75.0,12.5,0.3408,1982-2026
-75.0,15.0,0.3303,1982-2026
-75.0,17.5,0.3256,1982-2026
-75.0,20.0,0.3272,1982-2026
-75.0,22.5,0.3176,1982-2026
-75.0,25.0,0.3187,1982-2026
-75.0,27.5,0.3199,1982-2026
-75.0,30.0,0.3015,1982-2026
-75.0,32.5,0.2867,1982-2026
-75.0,35.0,0.2697,1982-2026
-75.0,37.5,0.2478,1982-2026
-75.0,40.0,0.2592,1982-2026
-75.0,42.5,0.2818,1982-2026
-75.0,45.0,0.2998,1982-2026
-75.0,47.5,0.3063,1982-2026
-75.0,50.0,0.3195,1982-2026
-75.0,52.5,0.3165,1982-2026
-75.0,55.0,0.3185,1982-2026
-75.0,57.5,0.314,1982-2026
-75.0,60.0,0.2798,1982-2026
-75.0,62.5,0.2576,1982-2026
-75.0,65.0,0.2225,1982-2026
-75.0,67.5,0.1943,1982-2026
-75.0,70.0,0.169,1982-2026
-75.0,72.5,0.146,1982-2026
-75.0,75.0,0.1135,1982-2026
-75.0,77.5,0.1037,1982-2026
-75.0,80.0,0.1006,1982-2026
-75.0,82.5,0.0947,1982-2026
-75.0,85.0,0.1021,1982-2026
-75.0,87.5,0.1182,1982-2026
-75.0,90.0,0.1592,1982-2026
-75.0,92.5,0.2117,1982-2026
-75.0,95.0,0.2835,1982-2026
-75.0,97.5,0.3428,1982-2026
-75.0,100.0,0.3692,1982-2026
-75.0,102.5,0.3841,1982-2026
-75.0,105.0,0.3875,1982-2026
-75.0,107.5,0.3797,1982-2026
-75.0,110.0,0.3659,1982-2026
-75.0,112.5,0.3382,1982-2026
-75.0,115.0,0.3011,1982-2026
-75.0,117.5,0.2587,1982-2026
-75.0,120.0,0.2173,1982-2026
-75.0,122.5,0.1828,1982-2026
-75.0,125.0,0.175,1982-2026
-75.0,127.5,0.1753,1982-2026
-75.0,130.0,0.1725,1982-2026
-75.0,132.5,0.1807,1982-2026
-75.0,135.0,0.1763,1982-2026
-75.0,137.5,0.166,1982-2026
-75.0,140.0,0.1511,1982-2026
-75.0,142.5,0.1361,1982-2026
-75.0,145.0,0.1228,1982-2026
-75.0,147.5,0.1141,1982-2026
-75.0,150.0,0.1179,1982-2026
-75.0,152.5,0.1333,1982-2026
-75.0,155.0,0.1635,1982-2026
-75.0,157.5,0.2324,1982-2026
-75.0,160.0,0.3381,1982-2026
-75.0,162.5,0.5255,1982-2026
-75.0,165.0,0.3465,1982-2026
-75.0,167.5,0.2547,1982-2026
-75.0,170.0,0.1815,1982-2026
-75.0,172.5,0.1493,1982-2026
-75.0,175.0,0.1302,1982-2026
-75.0,177.5,0.1397,1982-2026
-75.0,180.0,0.1357,1982-2026
-75.0,-177.5,0.1068,1982-2026
-75.0,-175.0,0.1414,1982-2026
-75.0,-172.5,0.1952,1982-2026
-75.0,-170.0,0.2252,1982-2026
-75.0,-167.5,0.2441,1982-2026
-75.0,-165.0,0.2538,1982-2026
-75.0,-162.5,0.2377,1982-2026
-75.0,-160.0,0.2184,1982-2026
-75.0,-157.5,0.1869,1982-2026
-75.0,-155.0,0.1618,1982-2026
-75.0,-152.5,0.1642,1982-2026
-75.0,-150.0,0.1731,1982-2026
-75.0,-147.5,0.1878,1982-2026
-75.0,-145.0,0.1557,1982-2026
-75.0,-142.5,0.0258,1982-2026
-75.0,-140.0,-0.0485,1982-2026
-75.0,-137.5,0.2216,1982-2026
-75.0,-135.0,0.2502,1982-2026
-75.0,-132.5,0.2168,1982-2026
-75.0,-130.0,0.2589,1982-2026
-75.0,-127.5,0.2116,1982-2026
-75.0,-125.0,0.2003,1982-2026
-75.0,-122.5,0.1772,1982-2026
-75.0,-120.0,0.1502,1982-2026
-75.0,-117.5,0.1626,1982-2026
-75.0,-115.0,0.2304,1982-2026
-75.0,-112.5,0.2537,1982-2026
-75.0,-110.0,0.2656,1982-2026
-75.0,-107.5,0.2162,1982-2026
-75.0,-105.0,0.3057,1982-2026
-75.0,-102.5,0.405,1982-2026
-75.0,-100.0,0.2656,1982-2026
-75.0,-97.5,0.1959,1982-2026
-75.0,-95.0,0.2338,1982-2026
-75.0,-92.5,0.2106,1982-2026
-75.0,-90.0,0.1788,1982-2026
-75.0,-87.5,0.1756,1982-2026
-75.0,-85.0,0.2033,1982-2026
-75.0,-82.5,0.2324,1982-2026
-75.0,-80.0,0.218,1982-2026
-75.0,-77.5,0.2766,1982-2026
-75.0,-75.0,0.2879,1982-2026
-75.0,-72.5,0.2838,1982-2026
-75.0,-70.0,0.2609,1982-2026
-75.0,-67.5,0.1643,1982-2026
-75.0,-65.0,0.1439,1982-2026
-75.0,-62.5,0.1441,1982-2026
-75.0,-60.0,0.1203,1982-2026
-75.0,-57.5,0.1589,1982-2026
-75.0,-55.0,0.1631,1982-2026
-75.0,-52.5,0.1445,1982-2026
-75.0,-50.0,0.1274,1982-2026
-75.0,-47.5,0.1224,1982-2026
-75.0,-45.0,0.1276,1982-2026
-75.0,-42.5,0.1922,1982-2026
-75.0,-40.0,0.2602,1982-2026
-75.0,-37.5,0.2219,1982-2026
-75.0,-35.0,0.2349,1982-2026
-75.0,-32.5,0.282,1982-2026
-75.0,-30.0,0.3336,1982-2026
-75.0,-27.5,0.405,1982-2026
-75.0,-25.0,0.4441,1982-2026
-75.0,-22.5,0.8493,1982-2026
-75.0,-20.0,0.8439,1982-2026
-75.0,-17.5,0.514,1982-2026
-75.0,-15.0,0.3581,1982-2026
-75.0,-12.5,0.2821,1982-2026
-75.0,-10.0,0.2724,1982-2026
-75.0,-7.5,0.2892,1982-2026
-75.0,-5.0,0.291,1982-2026
-75.0,-2.5,0.3416,1982-2026
-77.5,0.0,0.2515,1982-2026
-77.5,2.5,0.2445,1982-2026
-77.5,5.0,0.2446,1982-2026
-77.5,7.5,0.2346,1982-2026
-77.5,10.0,0.2414,1982-2026
-77.5,12.5,0.2454,1982-2026
-77.5,15.0,0.25,1982-2026
-77.5,17.5,0.2501,1982-2026
-77.5,20.0,0.243,1982-2026
-77.5,22.5,0.2393,1982-2026
-77.5,25.0,0.24,1982-2026
-77.5,27.5,0.2464,1982-2026
-77.5,30.0,0.2265,1982-2026
-77.5,32.5,0.2274,1982-2026
-77.5,35.0,0.2284,1982-2026
-77.5,37.5,0.2254,1982-2026
-77.5,40.0,0.2148,1982-2026
-77.5,42.5,0.2308,1982-2026
-77.5,45.0,0.2657,1982-2026
-77.5,47.5,0.316,1982-2026
-77.5,50.0,0.3532,1982-2026
-77.5,52.5,0.3639,1982-2026
-77.5,55.0,0.348,1982-2026
-77.5,57.5,0.3182,1982-2026
-77.5,60.0,0.2885,1982-2026
-77.5,62.5,0.2386,1982-2026
-77.5,65.0,0.203,1982-2026
-77.5,67.5,0.1805,1982-2026
-77.5,70.0,0.1645,1982-2026
-77.5,72.5,0.1436,1982-2026
-77.5,75.0,0.1131,1982-2026
-77.5,77.5,0.08,1982-2026
-77.5,80.0,0.0553,1982-2026
-77.5,82.5,0.0508,1982-2026
-77.5,85.0,0.0634,1982-2026
-77.5,87.5,0.0838,1982-2026
-77.5,90.0,0.1115,1982-2026
-77.5,92.5,0.1564,1982-2026
-77.5,95.0,0.2383,1982-2026
-77.5,97.5,0.3012,1982-2026
-77.5,100.0,0.3425,1982-2026
-77.5,102.5,0.3784,1982-2026
-77.5,105.0,0.4158,1982-2026
-77.5,107.5,0.392,1982-2026
-77.5,110.0,0.39,1982-2026
-77.5,112.5,0.397,1982-2026
-77.5,115.0,0.4041,1982-2026
-77.5,117.5,0.4057,1982-2026
-77.5,120.0,0.3961,1982-2026
-77.5,122.5,0.3892,1982-2026
-77.5,125.0,0.3741,1982-2026
-77.5,127.5,0.333,1982-2026
-77.5,130.0,0.3032,1982-2026
-77.5,132.5,0.2858,1982-2026
-77.5,135.0,0.2769,1982-2026
-77.5,137.5,0.2659,1982-2026
-77.5,140.0,0.2504,1982-2026
-77.5,142.5,0.2331,1982-2026
-77.5,145.0,0.2119,1982-2026
-77.5,147.5,0.1848,1982-2026
-77.5,150.0,0.1508,1982-2026
-77.5,152.5,0.1215,1982-2026
-77.5,155.0,0.1055,1982-2026
-77.5,157.5,0.0962,1982-2026
-77.5,160.0,0.078,1982-2026
-77.5,162.5,0.0502,1982-2026
-77.5,165.0,0.4671,1982-2026
-77.5,167.5,0.2605,1982-2026
-77.5,170.0,0.3732,1982-2026
-77.5,172.5,0.4932,1982-2026
-77.5,175.0,0.4934,1982-2026
-77.5,177.5,0.3266,1982-2026
-77.5,180.0,0.3438,1982-2026
-77.5,-177.5,0.2236,1982-2026
-77.5,-175.0,0.0844,1982-2026
-77.5,-172.5,0.0364,1982-2026
-77.5,-170.0,0.0327,1982-2026
-77.5,-167.5,0.0268,1982-2026
-77.5,-165.0,-0.0351,1982-2026
-77.5,-162.5,-0.0323,1982-2026
-77.5,-160.0,0.0119,1982-2026
-77.5,-157.5,0.14,1982-2026
-77.5,-155.0,0.1728,1982-2026
-77.5,-152.5,0.228,1982-2026
-77.5,-150.0,0.2969,1982-2026
-77.5,-147.5,0.2722,1982-2026
-77.5,-145.0,0.2462,1982-2026
-77.5,-142.5,0.1325,1982-2026
-77.5,-140.0,0.0807,1982-2026
-77.5,-137.5,0.0626,1982-2026
-77.5,-135.0,0.0558,1982-2026
-77.5,-132.5,0.0457,1982-2026
-77.5,-130.0,0.0439,1982-2026
-77.5,-127.5,0.0199,1982-2026
-77.5,-125.0,0.0608,1982-2026
-77.5,-122.5,0.0635,1982-2026
-77.5,-120.0,0.0816,1982-2026
-77.5,-117.5,0.1669,1982-2026
-77.5,-115.0,0.1862,1982-2026
-77.5,-112.5,0.2115,1982-2026
-77.5,-110.0,0.2316,1982-2026
-77.5,-107.5,0.2319,1982-2026
-77.5,-105.0,0.2349,1982-2026
-77.5,-102.5,0.2346,1982-2026
-77.5,-100.0,0.2306,1982-2026
-77.5,-97.5,0.2313,1982-2026
-77.5,-95.0,0.2469,1982-2026
-77.5,-92.5,0.2563,1982-2026
-77.5,-90.0,0.251,1982-2026
-77.5,-87.5,0.2192,1982-2026
-77.5,-85.0,0.1936,1982-2026
-77.5,-82.5,0.3264,1982-2026
-77.5,-80.0,0.2302,1982-2026
-77.5,-77.5,0.1976,1982-2026
-77.5,-75.0,0.2563,1982-2026
-77.5,-72.5,0.265,1982-2026
-77.5,-70.0,0.2562,1982-2026
-77.5,-67.5,0.2324,1982-2026
-77.5,-65.0,0.2336,1982-2026
-77.5,-62.5,0.2613,1982-2026
-77.5,-60.0,0.3132,1982-2026
-77.5,-57.5,0.379,1982-2026
-77.5,-55.0,0.4612,1982-2026
-77.5,-52.5,0.5734,1982-2026
-77.5,-50.0,0.6662,1982-2026
-77.5,-47.5,0.3277,1982-2026
-77.5,-45.0,0.1965,1982-2026
-77.5,-42.5,0.3014,1982-2026
-77.5,-40.0,0.2635,1982-2026
-77.5,-37.5,0.3144,1982-2026
-77.5,-35.0,0.2815,1982-2026
-77.5,-32.5,0.7456,1982-2026
-77.5,-30.0,0.6428,1982-2026
-77.5,-27.5,0.5621,1982-2026
-77.5,-25.0,0.5155,1982-2026
-77.5,-22.5,0.5017,1982-2026
-77.5,-20.0,0.4176,1982-2026
-77.5,-17.5,0.3715,1982-2026
-77.5,-15.0,0.3347,1982-2026
-77.5,-12.5,0.2666,1982-2026
-77.5,-10.0,0.2728,1982-2026
-77.5,-7.5,0.2663,1982-2026
-77.5,-5.0,0.2526,1982-2026
-77.5,-2.5,0.255,1982-2026
-80.0,0.0,0.2801,1982-2026
-80.0,2.5,0.273,1982-2026
-80.0,5.0,0.277,1982-2026
-80.0,7.5,0.2811,1982-2026
-80.0,10.0,0.2824,1982-2026
-80.0,12.5,0.2919,1982-2026
-80.0,15.0,0.2959,1982-2026
-80.0,17.5,0.2981,1982-2026
-80.0,20.0,0.2991,1982-2026
-80.0,22.5,0.3039,1982-2026
-80.0,25.0,0.311,1982-2026
-80.0,27.5,0.3253,1982-2026
-80.0,30.0,0.3379,1982-2026
-80.0,32.5,0.3472,1982-2026
-80.0,35.0,0.3501,1982-2026
-80.0,37.5,0.3514,1982-2026
-80.0,40.0,0.3469,1982-2026
-80.0,42.5,0.3496,1982-2026
-80.0,45.0,0.3564,1982-2026
-80.0,47.5,0.3611,1982-2026
-80.0,50.0,0.3687,1982-2026
-80.0,52.5,0.3727,1982-2026
-80.0,55.0,0.345,1982-2026
-80.0,57.5,0.3004,1982-2026
-80.0,60.0,0.2582,1982-2026
-80.0,62.5,0.2142,1982-2026
-80.0,65.0,0.1754,1982-2026
-80.0,67.5,0.1375,1982-2026
-80.0,70.0,0.1094,1982-2026
-80.0,72.5,0.0902,1982-2026
-80.0,75.0,0.0715,1982-2026
-80.0,77.5,0.0874,1982-2026
-80.0,80.0,0.1156,1982-2026
-80.0,82.5,0.1416,1982-2026
-80.0,85.0,0.1849,1982-2026
-80.0,87.5,0.2181,1982-2026
-80.0,90.0,0.2481,1982-2026
-80.0,92.5,0.2693,1982-2026
-80.0,95.0,0.29,1982-2026
-80.0,97.5,0.312,1982-2026
-80.0,100.0,0.329,1982-2026
-80.0,102.5,0.3557,1982-2026
-80.0,105.0,0.3886,1982-2026
-80.0,107.5,0.4232,1982-2026
-80.0,110.0,0.4485,1982-2026
-80.0,112.5,0.4493,1982-2026
-80.0,115.0,0.4436,1982-2026
-80.0,117.5,0.4415,1982-2026
-80.0,120.0,0.437,1982-2026
-80.0,122.5,0.4401,1982-2026
-80.0,125.0,0.4474,1982-2026
-80.0,127.5,0.4378,1982-2026
-80.0,130.0,0.4054,1982-2026
-80.0,132.5,0.3742,1982-2026
-80.0,135.0,0.3566,1982-2026
-80.0,137.5,0.3467,1982-2026
-80.0,140.0,0.3359,1982-2026
-80.0,142.5,0.322,1982-2026
-80.0,145.0,0.3001,1982-2026
-80.0,147.5,0.2736,1982-2026
-80.0,150.0,0.2364,1982-2026
-80.0,152.5,0.1906,1982-2026
-80.0,155.0,0.1348,1982-2026
-80.0,157.5,0.0748,1982-2026
-80.0,160.0,0.0512,1982-2026
-80.0,162.5,0.0971,1982-2026
-80.0,165.0,0.1491,1982-2026
-80.0,167.5,0.1929,1982-2026
-80.0,170.0,0.2548,1982-2026
-80.0,172.5,0.3024,1982-2026
-80.0,175.0,0.3375,1982-2026
-80.0,177.5,0.3537,1982-2026
-80.0,180.0,0.349,1982-2026
-80.0,-177.5,0.3258,1982-2026
-80.0,-175.0,0.3003,1982-2026
-80.0,-172.5,0.2856,1982-2026
-80.0,-170.0,0.2757,1982-2026
-80.0,-167.5,0.2871,1982-2026
-80.0,-165.0,0.31,1982-2026
-80.0,-162.5,0.3426,1982-2026
-80.0,-160.0,0.3779,1982-2026
-80.0,-157.5,0.4104,1982-2026
-80.0,-155.0,0.4503,1982-2026
-80.0,-152.5,0.493,1982-2026
-80.0,-150.0,0.5192,1982-2026
-80.0,-147.5,0.4929,1982-2026
-80.0,-145.0,0.4675,1982-2026
-80.0,-142.5,0.4584,1982-2026
-80.0,-140.0,0.4216,1982-2026
-80.0,-137.5,0.3658,1982-2026
-80.0,-135.0,0.2379,1982-2026
-80.0,-132.5,0.1753,1982-2026
-80.0,-130.0,0.144,1982-2026
-80.0,-127.5,0.1398,1982-2026
-80.0,-125.0,0.1491,1982-2026
-80.0,-122.5,0.1496,1982-2026
-80.0,-120.0,0.1396,1982-2026
-80.0,-117.5,0.1288,1982-2026
-80.0,-115.0,0.1272,1982-2026
-80.0,-112.5,0.1421,1982-2026
-80.0,-110.0,0.1566,1982-2026
-80.0,-107.5,0.1652,1982-2026
-80.0,-105.0,0.1685,1982-2026
-80.0,-102.5,0.1762,1982-2026
-80.0,-100.0,0.1801,1982-2026
-80.0,-97.5,0.1804,1982-2026
-80.0,-95.0,0.1635,1982-2026
-80.0,-92.5,0.1302,1982-2026
-80.0,-90.0,0.1096,1982-2026
-80.0,-87.5,0.0955,1982-2026
-80.0,-85.0,0.0972,1982-2026
-80.0,-82.5,0.1405,1982-2026
-80.0,-80.0,0.1704,1982-2026
-80.0,-77.5,0.17,1982-2026
-80.0,-75.0,0.1662,1982-2026
-80.0,-72.5,0.1426,1982-2026
-80.0,-70.0,0.1296,1982-2026
-80.0,-67.5,0.1196,1982-2026
-80.0,-65.0,0.133,1982-2026
-80.0,-62.5,0.1783,1982-2026
-80.0,-60.0,0.2235,1982-2026
-80.0,-57.5,0.2852,1982-2026
-80.0,-55.0,0.3659,1982-2026
-80.0,-52.5,0.4407,1982-2026
-80.0,-50.0,0.4406,1982-2026
-80.0,-47.5,0.4463,1982-2026
-80.0,-45.0,0.4693,1982-2026
-80.0,-42.5,0.6768,1982-2026
-80.0,-40.0,0.8279,1982-2026
-80.0,-37.5,0.9311,1982-2026
-80.0,-35.0,0.9693,1982-2026
-80.0,-32.5,0.9407,1982-2026
-80.0,-30.0,0.7811,1982-2026
-80.0,-27.5,0.6371,1982-2026
-80.0,-25.0,0.5634,1982-2026
-80.0,-22.5,0.4873,1982-2026
-80.0,-20.0,0.3836,1982-2026
-80.0,-17.5,0.3423,1982-2026
-80.0,-15.0,0.3024,1982-2026
-80.0,-12.5,0.286,1982-2026
-80.0,-10.0,0.274,1982-2026
-80.0,-7.5,0.2731,1982-2026
-80.0,-5.0,0.2818,1982-2026
-80.0,-2.5,0.2797,1982-2026
-82.5,0.0,0.28,1982-2026
-82.5,2.5,0.301,1982-2026
-82.5,5.0,0.3275,1982-2026
-82.5,7.5,0.3541,1982-2026
-82.5,10.0,0.3722,1982-2026
-82.5,12.5,0.3927,1982-2026
-82.5,15.0,0.4041,1982-2026
-82.5,17.5,0.4072,1982-2026
-82.5,20.0,0.4034,1982-2026
-82.5,22.5,0.391,1982-2026
-82.5,25.0,0.3819,1982-2026
-82.5,27.5,0.3825,1982-2026
-82.5,30.0,0.3924,1982-2026
-82.5,32.5,0.3936,1982-2026
-82.5,35.0,0.397,1982-2026
-82.5,37.5,0.4025,1982-2026
-82.5,40.0,0.4181,1982-2026
-82.5,42.5,0.4385,1982-2026
-82.5,45.0,0.4426,1982-2026
-82.5,47.5,0.4388,1982-2026
-82.5,50.0,0.4331,1982-2026
-82.5,52.5,0.4301,1982-2026
-82.5,55.0,0.4247,1982-2026
-82.5,57.5,0.402,1982-2026
-82.5,60.0,0.3706,1982-2026
-82.5,62.5,0.3487,1982-2026
-82.5,65.0,0.3282,1982-2026
-82.5,67.5,0.3032,1982-2026
-82.5,70.0,0.2768,1982-2026
-82.5,72.5,0.2562,1982-2026
-82.5,75.0,0.2485,1982-2026
-82.5,77.5,0.253,1982-2026
-82.5,80.0,0.2639,1982-2026
-82.5,82.5,0.2749,1982-2026
-82.5,85.0,0.2828,1982-2026
-82.5,87.5,0.2942,1982-2026
-82.5,90.0,0.3034,1982-2026
-82.5,92.5,0.3096,1982-2026
-82.5,95.0,0.3132,1982-2026
-82.5,97.5,0.317,1982-2026
-82.5,100.0,0.3246,1982-2026
-82.5,102.5,0.3374,1982-2026
-82.5,105.0,0.3578,1982-2026
-82.5,107.5,0.3721,1982-2026
-82.5,110.0,0.3726,1982-2026
-82.5,112.5,0.3796,1982-2026
-82.5,115.0,0.4042,1982-2026
-82.5,117.5,0.4266,1982-2026
-82.5,120.0,0.439,1982-2026
-82.5,122.5,0.4399,1982-2026
-82.5,125.0,0.4341,1982-2026
-82.5,127.5,0.4272,1982-2026
-82.5,130.0,0.4192,1982-2026
-82.5,132.5,0.4106,1982-2026
-82.5,135.0,0.4047,1982-2026
-82.5,137.5,0.3946,1982-2026
-82.5,140.0,0.3818,1982-2026
-82.5,142.5,0.3791,1982-2026
-82.5,145.0,0.376,1982-2026
-82.5,147.5,0.3674,1982-2026
-82.5,150.0,0.3453,1982-2026
-82.5,152.5,0.2923,1982-2026
-82.5,155.0,0.2534,1982-2026
-82.5,157.5,0.2331,1982-2026
-82.5,160.0,0.2191,1982-2026
-82.5,162.5,0.1798,1982-2026
-82.5,165.0,0.1857,1982-2026
-82.5,167.5,0.284,1982-2026
-82.5,170.0,0.3707,1982-2026
-82.5,172.5,0.402,1982-2026
-82.5,175.0,0.4271,1982-2026
-82.5,177.5,0.4292,1982-2026
-82.5,180.0,0.4348,1982-2026
-82.5,-177.5,0.4133,1982-2026
-82.5,-175.0,0.4059,1982-2026
-82.5,-172.5,0.3974,1982-2026
-82.5,-170.0,0.3894,1982-2026
-82.5,-167.5,0.3851,1982-2026
-82.5,-165.0,0.397,1982-2026
-82.5,-162.5,0.4197,1982-2026
-82.5,-160.0,0.4508,1982-2026
-82.5,-157.5,0.4912,1982-2026
-82.5,-155.0,0.5231,1982-2026
-82.5,-152.5,0.5362,1982-2026
-82.5,-150.0,0.5413,1982-2026
-82.5,-147.5,0.5637,1982-2026
-82.5,-145.0,0.5691,1982-2026
-82.5,-142.5,0.5343,1982-2026
-82.5,-140.0,0.4965,1982-2026
-82.5,-137.5,0.4647,1982-2026
-82.5,-135.0,0.4301,1982-2026
-82.5,-132.5,0.4019,1982-2026
-82.5,-130.0,0.3779,1982-2026
-82.5,-127.5,0.3574,1982-2026
-82.5,-125.0,0.3385,1982-2026
-82.5,-122.5,0.3079,1982-2026
-82.5,-120.0,0.2757,1982-2026
-82.5,-117.5,0.2525,1982-2026
-82.5,-115.0,0.2372,1982-2026
-82.5,-112.5,0.2198,1982-2026
-82.5,-110.0,0.1997,1982-2026
-82.5,-107.5,0.1843,1982-2026
-82.5,-105.0,0.1621,1982-2026
-82.5,-102.5,0.1309,1982-2026
-82.5,-100.0,0.107,1982-2026
-82.5,-97.5,0.088,1982-2026
-82.5,-95.0,0.0828,1982-2026
-82.5,-92.5,0.0896,1982-2026
-82.5,-90.0,0.1083,1982-2026
-82.5,-87.5,0.1135,1982-2026
-82.5,-85.0,0.106,1982-2026
-82.5,-82.5,0.0979,1982-2026
-82.5,-80.0,0.0924,1982-2026
-82.5,-77.5,0.0866,1982-2026
-82.5,-75.0,0.0718,1982-2026
-82.5,-72.5,0.05,1982-2026
-82.5,-70.0,0.0325,1982-2026
-82.5,-67.5,0.0322,1982-2026
-82.5,-65.0,0.0213,1982-2026
-82.5,-62.5,-0.0167,1982-2026
-82.5,-60.0,-0.0721,1982-2026
-82.5,-57.5,-0.014,1982-2026
-82.5,-55.0,0.0346,1982-2026
-82.5,-52.5,0.0298,1982-2026
-82.5,-50.0,0.0701,1982-2026
-82.5,-47.5,0.1094,1982-2026
-82.5,-45.0,0.1254,1982-2026
-82.5,-42.5,0.1784,1982-2026
-82.5,-40.0,0.1986,1982-2026
-82.5,-37.5,0.2023,1982-2026
-82.5,-35.0,0.2057,1982-2026
-82.5,-32.5,0.2108,1982-2026
-82.5,-30.0,0.2186,1982-2026
-82.5,-27.5,0.2295,1982-2026
-82.5,-25.0,0.2367,1982-2026
-82.5,-22.5,0.2388,1982-2026
-82.5,-20.0,0.2415,1982-2026
-82.5,-17.5,0.2436,1982-2026
-82.5,-15.0,0.2444,1982-2026
-82.5,-12.5,0.2405,1982-2026
-82.5,-10.0,0.2378,1982-2026
-82.5,-7.5,0.2358,1982-2026
-82.5,-5.0,0.242,1982-2026
-82.5,-2.5,0.2587,1982-2026
-85.0,0.0,0.2669,1982-2026
-85.0,2.5,0.2772,1982-2026
-85.0,5.0,0.2868,1982-2026
-85.0,7.5,0.2959,1982-2026
-85.0,10.0,0.3049,1982-2026
-85.0,12.5,0.3141,1982-2026
-85.0,15.0,0.3226,1982-2026
-85.0,17.5,0.3303,1982-2026
-85.0,20.0,0.3351,1982-2026
-85.0,22.5,0.3366,1982-2026
-85.0,25.0,0.3373,1982-2026
-85.0,27.5,0.3397,1982-2026
-85.0,30.0,0.3423,1982-2026
-85.0,32.5,0.348,1982-2026
-85.0,35.0,0.3551,1982-2026
-85.0,37.5,0.3648,1982-2026
-85.0,40.0,0.3772,1982-2026
-85.0,42.5,0.3925,1982-2026
-85.0,45.0,0.4112,1982-2026
-85.0,47.5,0.4283,1982-2026
-85.0,50.0,0.4415,1982-2026
-85.0,52.5,0.4454,1982-2026
-85.0,55.0,0.4414,1982-2026
-85.0,57.5,0.4332,1982-2026
-85.0,60.0,0.4269,1982-2026
-85.0,62.5,0.415,1982-2026
-85.0,65.0,0.4045,1982-2026
-85.0,67.5,0.3944,1982-2026
-85.0,70.0,0.3853,1982-2026
-85.0,72.5,0.3773,1982-2026
-85.0,75.0,0.3673,1982-2026
-85.0,77.5,0.3598,1982-2026
-85.0,80.0,0.3523,1982-2026
-85.0,82.5,0.345,1982-2026
-85.0,85.0,0.3398,1982-2026
-85.0,87.5,0.3373,1982-2026
-85.0,90.0,0.3337,1982-2026
-85.0,92.5,0.3291,1982-2026
-85.0,95.0,0.3246,1982-2026
-85.0,97.5,0.3226,1982-2026
-85.0,100.0,0.3219,1982-2026
-85.0,102.5,0.3213,1982-2026
-85.0,105.0,0.3227,1982-2026
-85.0,107.5,0.3264,1982-2026
-85.0,110.0,0.3298,1982-2026
-85.0,112.5,0.331,1982-2026
-85.0,115.0,0.33,1982-2026
-85.0,117.5,0.3288,1982-2026
-85.0,120.0,0.3301,1982-2026
-85.0,122.5,0.3292,1982-2026
-85.0,125.0,0.3235,1982-2026
-85.0,127.5,0.32,1982-2026
-85.0,130.0,0.3204,1982-2026
-85.0,132.5,0.3235,1982-2026
-85.0,135.0,0.3267,1982-2026
-85.0,137.5,0.3223,1982-2026
-85.0,140.0,0.3204,1982-2026
-85.0,142.5,0.3194,1982-2026
-85.0,145.0,0.3178,1982-2026
-85.0,147.5,0.313,1982-2026
-85.0,150.0,0.3001,1982-2026
-85.0,152.5,0.2798,1982-2026
-85.0,155.0,0.2629,1982-2026
-85.0,157.5,0.2553,1982-2026
-85.0,160.0,0.2531,1982-2026
-85.0,162.5,0.2401,1982-2026
-85.0,165.0,0.2077,1982-2026
-85.0,167.5,0.2131,1982-2026
-85.0,170.0,0.1478,1982-2026
-85.0,172.5,0.089,1982-2026
-85.0,175.0,0.049,1982-2026
-85.0,177.5,0.0337,1982-2026
-85.0,180.0,0.157,1982-2026
-85.0,-177.5,0.1664,1982-2026
-85.0,-175.0,0.1573,1982-2026
-85.0,-172.5,0.1321,1982-2026
-85.0,-170.0,0.1419,1982-2026
-85.0,-167.5,0.2142,1982-2026
-85.0,-165.0,0.3119,1982-2026
-85.0,-162.5,0.3915,1982-2026
-85.0,-160.0,0.4552,1982-2026
-85.0,-157.5,0.4899,1982-2026
-85.0,-155.0,0.506,1982-2026
-85.0,-152.5,0.5183,1982-2026
-85.0,-150.0,0.5266,1982-2026
-85.0,-147.5,0.5144,1982-2026
-85.0,-145.0,0.4849,1982-2026
-85.0,-142.5,0.4543,1982-2026
-85.0,-140.0,0.4261,1982-2026
-85.0,-137.5,0.3991,1982-2026
-85.0,-135.0,0.3781,1982-2026
-85.0,-132.5,0.3635,1982-2026
-85.0,-130.0,0.3448,1982-2026
-85.0,-127.5,0.3189,1982-2026
-85.0,-125.0,0.2895,1982-2026
-85.0,-122.5,0.2644,1982-2026
-85.0,-120.0,0.2503,1982-2026
-85.0,-117.5,0.2377,1982-2026
-85.0,-115.0,0.2266,1982-2026
-85.0,-112.5,0.215,1982-2026
-85.0,-110.0,0.2043,1982-2026
-85.0,-107.5,0.1948,1982-2026
-85.0,-105.0,0.1819,1982-2026
-85.0,-102.5,0.1711,1982-2026
-85.0,-100.0,0.1546,1982-2026
-85.0,-97.5,0.1442,1982-2026
-85.0,-95.0,0.1375,1982-2026
-85.0,-92.5,0.1289,1982-2026
-85.0,-90.0,0.1213,1982-2026
-85.0,-87.5,0.1283,1982-2026
-85.0,-85.0,0.1276,1982-2026
-85.0,-82.5,0.1152,1982-2026
-85.0,-80.0,0.0955,1982-2026
-85.0,-77.5,0.0754,1982-2026
-85.0,-75.0,0.0658,1982-2026
-85.0,-72.5,0.0683,1982-2026
-85.0,-70.0,0.0693,1982-2026
-85.0,-67.5,0.0632,1982-2026
-85.0,-65.0,0.049,1982-2026
-85.0,-62.5,0.03,1982-2026
-85.0,-60.0,0.0453,1982-2026
-85.0,-57.5,0.0522,1982-2026
-85.0,-55.0,0.0532,1982-2026
-85.0,-52.5,0.0552,1982-2026
-85.0,-50.0,0.0596,1982-2026
-85.0,-47.5,0.0657,1982-2026
-85.0,-45.0,0.0738,1982-2026
-85.0,-42.5,0.0825,1982-2026
-85.0,-40.0,0.0915,1982-2026
-85.0,-37.5,0.1011,1982-2026
-85.0,-35.0,0.1121,1982-2026
-85.0,-32.5,0.1243,1982-2026
-85.0,-30.0,0.1355,1982-2026
-85.0,-27.5,0.1457,1982-2026
-85.0,-25.0,0.1551,1982-2026
-85.0,-22.5,0.164,1982-2026
-85.0,-20.0,0.174,1982-2026
-85.0,-17.5,0.1867,1982-2026
-85.0,-15.0,0.1995,1982-2026
-85.0,-12.5,0.2109,1982-2026
-85.0,-10.0,0.2208,1982-2026
-85.0,-7.5,0.2327,1982-2026
-85.0,-5.0,0.2454,1982-2026
-85.0,-2.5,0.2567,1982-2026
-87.5,0.0,0.1726,1982-2026
-87.5,2.5,0.1774,1982-2026
-87.5,5.0,0.1823,1982-2026
-87.5,7.5,0.1884,1982-2026
-87.5,10.0,0.1936,1982-2026
-87.5,12.5,0.1979,1982-2026
-87.5,15.0,0.2021,1982-2026
-87.5,17.5,0.206,1982-2026
-87.5,20.0,0.2093,1982-2026
-87.5,22.5,0.2123,1982-2026
-87.5,25.0,0.2148,1982-2026
-87.5,27.5,0.2149,1982-2026
-87.5,30.0,0.2152,1982-2026
-87.5,32.5,0.2179,1982-2026
-87.5,35.0,0.2201,1982-2026
-87.5,37.5,0.2233,1982-2026
-87.5,40.0,0.2264,1982-2026
-87.5,42.5,0.23,1982-2026
-87.5,45.0,0.2326,1982-2026
-87.5,47.5,0.2383,1982-2026
-87.5,50.0,0.2433,1982-2026
-87.5,52.5,0.2468,1982-2026
-87.5,55.0,0.2501,1982-2026
-87.5,57.5,0.2515,1982-2026
-87.5,60.0,0.2529,1982-2026
-87.5,62.5,0.2536,1982-2026
-87.5,65.0,0.2543,1982-2026
-87.5,67.5,0.2536,1982-2026
-87.5,70.0,0.2523,1982-2026
-87.5,72.5,0.2499,1982-2026
-87.5,75.0,0.2466,1982-2026
-87.5,77.5,0.2445,1982-2026
-87.5,80.0,0.2418,1982-2026
-87.5,82.5,0.2391,1982-2026
-87.5,85.0,0.2359,1982-2026
-87.5,87.5,0.2332,1982-2026
-87.5,90.0,0.2301,1982-2026
-87.5,92.5,0.2285,1982-2026
-87.5,95.0,0.2267,1982-2026
-87.5,97.5,0.2232,1982-2026
-87.5,100.0,0.2195,1982-2026
-87.5,102.5,0.2165,1982-2026
-87.5,105.0,0.2133,1982-2026
-87.5,107.5,0.213,1982-2026
-87.5,110.0,0.2115,1982-2026
-87.5,112.5,0.2096,1982-2026
-87.5,115.0,0.2076,1982-2026
-87.5,117.5,0.2076,1982-2026
-87.5,120.0,0.2075,1982-2026
-87.5,122.5,0.2072,1982-2026
-87.5,125.0,0.2074,1982-2026
-87.5,127.5,0.2028,1982-2026
-87.5,130.0,0.1986,1982-2026
-87.5,132.5,0.1935,1982-2026
-87.5,135.0,0.1869,1982-2026
-87.5,137.5,0.1827,1982-2026
-87.5,140.0,0.1786,1982-2026
-87.5,142.5,0.1765,1982-2026
-87.5,145.0,0.1748,1982-2026
-87.5,147.5,0.174,1982-2026
-87.5,150.0,0.172,1982-2026
-87.5,152.5,0.1687,1982-2026
-87.5,155.0,0.1658,1982-2026
-87.5,157.5,0.1634,1982-2026
-87.5,160.0,0.1609,1982-2026
-87.5,162.5,0.1607,1982-2026
-87.5,165.0,0.1603,1982-2026
-87.5,167.5,0.1603,1982-2026
-87.5,170.0,0.1603,1982-2026
-87.5,172.5,0.1616,1982-2026
-87.5,175.0,0.1624,1982-2026
-87.5,177.5,0.1625,1982-2026
-87.5,180.0,0.1632,1982-2026
-87.5,-177.5,0.1617,1982-2026
-87.5,-175.0,0.1596,1982-2026
-87.5,-172.5,0.1584,1982-2026
-87.5,-170.0,0.1579,1982-2026
-87.5,-167.5,0.1571,1982-2026
-87.5,-165.0,0.1571,1982-2026
-87.5,-162.5,0.1568,1982-2026
-87.5,-160.0,0.155,1982-2026
-87.5,-157.5,0.1579,1982-2026
-87.5,-155.0,0.1572,1982-2026
-87.5,-152.5,0.1578,1982-2026
-87.5,-150.0,0.1595,1982-2026
-87.5,-147.5,0.1595,1982-2026
-87.5,-145.0,0.1617,1982-2026
-87.5,-142.5,0.1644,1982-2026
-87.5,-140.0,0.1652,1982-2026
-87.5,-137.5,0.1658,1982-2026
-87.5,-135.0,0.1655,1982-2026
-87.5,-132.5,0.163,1982-2026
-87.5,-130.0,0.1602,1982-2026
-87.5,-127.5,0.1582,1982-2026
-87.5,-125.0,0.1566,1982-2026
-87.5,-122.5,0.1564,1982-2026
-87.5,-120.0,0.1562,1982-2026
-87.5,-117.5,0.1548,1982-2026
-87.5,-115.0,0.1533,1982-2026
-87.5,-112.5,0.1521,1982-2026
-87.5,-110.0,0.1503,1982-2026
-87.5,-107.5,0.1496,1982-2026
-87.5,-105.0,0.1486,1982-2026
-87.5,-102.5,0.1465,1982-2026
-87.5,-100.0,0.1443,1982-2026
-87.5,-97.5,0.1447,1982-2026
-87.5,-95.0,0.1455,1982-2026
-87.5,-92.5,0.1426,1982-2026
-87.5,-90.0,0.1393,1982-2026
-87.5,-87.5,0.1328,1982-2026
-87.5,-85.0,0.1259,1982-2026
-87.5,-82.5,0.1215,1982-2026
-87.5,-80.0,0.1173,1982-2026
-87.5,-77.5,0.1124,1982-2026
-87.5,-75.0,0.1075,1982-2026
-87.5,-72.5,0.1029,1982-2026
-87.5,-70.0,0.0983,1982-2026
-87.5,-67.5,0.0955,1982-2026
-87.5,-65.0,0.0925,1982-2026
-87.5,-62.5,0.0892,1982-2026
-87.5,-60.0,0.0862,1982-2026
-87.5,-57.5,0.0853,1982-2026
-87.5,-55.0,0.0845,1982-2026
-87.5,-52.5,0.0846,1982-2026
-87.5,-50.0,0.0846,1982-2026
-87.5,-47.5,0.0853,1982-2026
-87.5,-45.0,0.0855,1982-2026
-87.5,-42.5,0.0892,1982-2026
-87.5,-40.0,0.0923,1982-2026
-87.5,-37.5,0.0969,1982-2026
-87.5,-35.0,0.1023,1982-2026
-87.5,-32.5,0.1068,1982-2026
-87.5,-30.0,0.1115,1982-2026
-87.5,-27.5,0.1171,1982-2026
-87.5,-25.0,0.1225,1982-2026
-87.5,-22.5,0.1288,1982-2026
-87.5,-20.0,0.1351,1982-2026
-87.5,-17.5,0.1404,1982-2026
-87.5,-15.0,0.1453,1982-2026
-87.5,-12.5,0.1504,1982-2026
-87.5,-10.0,0.1558,1982-2026
-87.5,-7.5,0.1607,1982-2026
-87.5,-5.0,0.1651,1982-2026
-87.5,-2.5,0.1686,1982-2026
-90.0,0.0,0.065,1982-2026
-90.0,2.5,0.065,1982-2026
-90.0,5.0,0.065,1982-2026
-90.0,7.5,0.065,1982-2026
-90.0,10.0,0.065,1982-2026
-90.0,12.5,0.065,1982-2026
-90.0,15.0,0.065,1982-2026
-90.0,17.5,0.065,1982-2026
-90.0,20.0,0.065,1982-2026
-90.0,22.5,0.065,1982-2026
-90.0,25.0,0.065,1982-2026
-90.0,27.5,0.065,1982-2026
-90.0,30.0,0.065,1982-2026
-90.0,32.5,0.065,1982-2026
-90.0,35.0,0.065,1982-2026
-90.0,37.5,0.065,1982-2026
-90.0,40.0,0.065,1982-2026
-90.0,42.5,0.065,1982-2026
-90.0,45.0,0.065,1982-2026
-90.0,47.5,0.065,1982-2026
-90.0,50.0,0.065,1982-2026
-90.0,52.5,0.065,1982-2026
-90.0,55.0,0.065,1982-2026
-90.0,57.5,0.065,1982-2026
-90.0,60.0,0.065,1982-2026
-90.0,62.5,0.065,1982-2026
-90.0,65.0,0.065,1982-2026
-90.0,67.5,0.065,1982-2026
-90.0,70.0,0.065,1982-2026
-90.0,72.5,0.065,1982-2026
-90.0,75.0,0.065,1982-2026
-90.0,77.5,0.065,1982-2026
-90.0,80.0,0.065,1982-2026
-90.0,82.5,0.065,1982-2026
-90.0,85.0,0.065,1982-2026
-90.0,87.5,0.065,1982-2026
-90.0,90.0,0.065,1982-2026
-90.0,92.5,0.065,1982-2026
-90.0,95.0,0.065,1982-2026
-90.0,97.5,0.065,1982-2026
-90.0,100.0,0.065,1982-2026
-90.0,102.5,0.065,1982-2026
-90.0,105.0,0.065,1982-2026
-90.0,107.5,0.065,1982-2026
-90.0,110.0,0.065,1982-2026
-90.0,112.5,0.065,1982-2026
-90.0,115.0,0.065,1982-2026
-90.0,117.5,0.065,1982-2026
-90.0,120.0,0.065,1982-2026
-90.0,122.5,0.065,1982-2026
-90.0,125.0,0.065,1982-2026
-90.0,127.5,0.065,1982-2026
-90.0,130.0,0.065,1982-2026
-90.0,132.5,0.065,1982-2026
-90.0,135.0,0.065,1982-2026
-90.0,137.5,0.065,1982-2026
-90.0,140.0,0.065,1982-2026
-90.0,142.5,0.065,1982-2026
-90.0,145.0,0.065,1982-2026
-90.0,147.5,0.065,1982-2026
-90.0,150.0,0.065,1982-2026
-90.0,152.5,0.065,1982-2026
-90.0,155.0,0.065,1982-2026
-90.0,157.5,0.065,1982-2026
-90.0,160.0,0.065,1982-2026
-90.0,162.5,0.065,1982-2026
-90.0,165.0,0.065,1982-2026
-90.0,167.5,0.065,1982-2026
-90.0,170.0,0.065,1982-2026
-90.0,172.5,0.065,1982-2026
-90.0,175.0,0.065,1982-2026
-90.0,177.5,0.065,1982-2026
-90.0,180.0,0.065,1982-2026
-90.0,-177.5,0.065,1982-2026
-90.0,-175.0,0.065,1982-2026
-90.0,-172.5,0.065,1982-2026
-90.0,-170.0,0.065,1982-2026
-90.0,-167.5,0.065,1982-2026
-90.0,-165.0,0.065,1982-2026
-90.0,-162.5,0.065,1982-2026
-90.0,-160.0,0.065,1982-2026
-90.0,-157.5,0.065,1982-2026
-90.0,-155.0,0.065,1982-2026
-90.0,-152.5,0.065,1982-2026
-90.0,-150.0,0.065,1982-2026
-90.0,-147.5,0.065,1982-2026
-90.0,-145.0,0.065,1982-2026
-90.0,-142.5,0.065,1982-2026
-90.0,-140.0,0.065,1982-2026
-90.0,-137.5,0.065,1982-2026
-90.0,-135.0,0.065,1982-2026
-90.0,-132.5,0.065,1982-2026
-90.0,-130.0,0.065,1982-2026
-90.0,-127.5,0.065,1982-2026
-90.0,-125.0,0.065,1982-2026
-90.0,-122.5,0.065,1982-2026
-90.0,-120.0,0.065,1982-2026
-90.0,-117.5,0.065,1982-2026
-90.0,-115.0,0.065,1982-2026
-90.0,-112.5,0.065,1982-2026
-90.0,-110.0,0.065,1982-2026
-90.0,-107.5,0.065,1982-2026
-90.0,-105.0,0.065,1982-2026
-90.0,-102.5,0.065,1982-2026
-90.0,-100.0,0.065,1982-2026
-90.0,-97.5,0.065,1982-2026
-90.0,-95.0,0.065,1982-2026
-90.0,-92.5,0.065,1982-2026
-90.0,-90.0,0.065,1982-2026
-90.0,-87.5,0.065,1982-2026
-90.0,-85.0,0.065,1982-2026
-90.0,-82.5,0.065,1982-2026
-90.0,-80.0,0.065,1982-2026
-90.0,-77.5,0.065,1982-2026
-90.0,-75.0,0.065,1982-2026
-90.0,-72.5,0.065,1982-2026
-90.0,-70.0,0.065,1982-2026
-90.0,-67.5,0.065,1982-2026
-90.0,-65.0,0.065,1982-2026
-90.0,-62.5,0.065,1982-2026
-90.0,-60.0,0.065,1982-2026
-90.0,-57.5,0.065,1982-2026
-90.0,-55.0,0.065,1982-2026
-90.0,-52.5,0.065,1982-2026
-90.0,-50.0,0.065,1982-2026
-90.0,-47.5,0.065,1982-2026
-90.0,-45.0,0.065,1982-2026
-90.0,-42.5,0.065,1982-2026
-90.0,-40.0,0.065,1982-2026
-90.0,-37.5,0.065,1982-2026
-90.0,-35.0,0.065,1982-2026
-90.0,-32.5,0.065,1982-2026
-90.0,-30.0,0.065,1982-2026
-90.0,-27.5,0.065,1982-2026
-90.0,-25.0,0.065,1982-2026
-90.0,-22.5,0.065,1982-2026
-90.0,-20.0,0.065,1982-2026
-90.0,-17.5,0.065,1982-2026
-90.0,-15.0,0.065,1982-2026
-90.0,-12.5,0.065,1982-2026
-90.0,-10.0,0.065,1982-2026
-90.0,-7.5,0.065,1982-2026
-90.0,-5.0,0.065,1982-2026
-90.0,-2.5,0.065,1982-2026
