lat,lon,trend,period
90.0,0.0,0.2371,1982-2026
90.0,2.5,0.2371,1982-2026
90.0,5.0,0.2371,1982-2026
90.0,7.5,0.2371,1982-2026
90.0,10.0,0.2371,1982-2026
90.0,12.5,0.2371,1982-2026
90.0,15.0,0.2371,1982-2026
90.0,17.5,0.2371,1982-2026
90.0,20.0,0.2371,1982-2026
90.0,22.5,0.2371,1982-2026
90.0,25.0,0.2371,1982-2026
90.0,27.5,0.2371,1982-2026
90.0,30.0,0.2371,1982-2026
90.0,32.5,0.2371,1982-2026
90.0,35.0,0.2371,1982-2026
90.0,37.5,0.2371,1982-2026
90.0,40.0,0.2371,1982-2026
90.0,42.5,0.2371,1982-2026
90.0,45.0,0.2371,1982-2026
90.0,47.5,0.2371,1982-2026
90.0,50.0,0.2371,1982-2026
90.0,52.5,0.2371,1982-2026
90.0,55.0,0.2371,1982-2026
90.0,57.5,0.2371,1982-2026
90.0,60.0,0.2371,1982-2026
90.0,62.5,0.2371,1982-2026
90.0,65.0,0.2371,1982-2026
90.0,67.5,0.2371,1982-2026
90.0,70.0,0.2371,1982-2026
90.0,72.5,0.2371,1982-2026
90.0,75.0,0.2371,1982-2026
90.0,77.5,0.2371,1982-2026
90.0,80.0,0.2371,1982-2026
90.0,82.5,0.2371,1982-2026
90.0,85.0,0.2371,1982-2026
90.0,87.5,0.2371,1982-2026
90.0,90.0,0.2371,1982-2026
90.0,92.5,0.2371,1982-2026
90.0,95.0,0.2371,1982-2026
90.0,97.5,0.2371,1982-2026
90.0,100.0,0.2371,1982-2026
90.0,102.5,0.2371,1982-2026
90.0,105.0,0.2371,1982-2026
90.0,107.5,0.2371,1982-2026
90.0,110.0,0.2371,1982-2026
90.0,112.5,0.2371,1982-2026
90.0,115.0,0.2371,1982-2026
90.0,117.5,0.2371,1982-2026
90.0,120.0,0.2371,1982-2026
90.0,122.5,0.2371,1982-2026
90.0,125.0,0.2371,1982-2026
90.0,127.5,0.2371,1982-2026
90.0,130.0,0.2371,1982-2026
90.0,132.5,0.2371,1982-2026
90.0,135.0,0.2371,1982-2026
90.0,137.5,0.2371,1982-2026
90.0,140.0,0.2371,1982-2026
90.0,142.5,0.2371,1982-2026
90.0,145.0,0.2371,1982-2026
90.0,147.5,0.2371,1982-2026
90.0,150.0,0.2371,1982-2026
90.0,152.5,0.2371,1982-2026
90.0,155.0,0.2371,1982-2026
90.0,157.5,0.2371,1982-2026
90.0,160.0,0.2371,1982-2026
90.0,162.5,0.2371,1982-2026
90.0,165.0,0.2371,1982-2026
90.0,167.5,0.2371,1982-2026
90.0,170.0,0.2371,1982-2026
90.0,172.5,0.2371,1982-2026
90.0,175.0,0.2371,1982-2026
90.0,177.5,0.2371,1982-2026
90.0,180.0,0.2371,1982-2026
90.0,-177.5,0.2371,1982-2026
90.0,-175.0,0.2371,1982-2026
90.0,-172.5,0.2371,1982-2026
90.0,-170.0,0.2371,1982-2026
90.0,-167.5,0.2371,1982-2026
90.0,-165.0,0.2371,1982-2026
90.0,-162.5,0.2371,1982-2026
90.0,-160.0,0.2371,1982-2026
90.0,-157.5,0.2371,1982-2026
90.0,-155.0,0.2371,1982-2026
90.0,-152.5,0.2371,1982-2026
90.0,-150.0,0.2371,1982-2026
90.0,-147.5,0.2371,1982-2026
90.0,-145.0,0.2371,1982-2026
90.0,-142.5,0.2371,1982-2026
90.0,-140.0,0.2371,1982-2026
90.0,-137.5,0.2371,1982-2026
90.0,-135.0,0.2371,1982-2026
90.0,-132.5,0.2371,1982-2026
90.0,-130.0,0.2371,1982-2026
90.0,-127.5,0.2371,1982-2026
90.0,-125.0,0.2371,1982-2026
90.0,-122.5,0.2371,1982-2026
90.0,-120.0,0.2371,1982-2026
90.0,-117.5,0.2371,1982-2026
90.0,-115.0,0.2371,1982-2026
90.0,-112.5,0.2371,1982-2026
90.0,-110.0,0.2371,1982-2026
90.0,-107.5,0.2371,1982-2026
90.0,-105.0,0.2371,1982-2026
90.0,-102.5,0.2371,1982-2026
90.0,-100.0,0.2371,1982-2026
90.0,-97.5,0.2371,1982-2026
90.0,-95.0,0.2371,1982-2026
90.0,-92.5,0.2371,1982-2026
90.0,-90.0,0.2371,1982-2026
90.0,-87.5,0.2371,1982-2026
90.0,-85.0,0.2371,1982-2026
90.0,-82.5,0.2371,1982-2026
90.0,-80.0,0.2371,1982-2026
90.0,-77.5,0.2371,1982-2026
90.0,-75.0,0.2371,1982-2026
90.0,-72.5,0.2371,1982-2026
90.0,-70.0,0.2371,1982-2026
90.0,-67.5,0.2371,1982-2026
90.0,-65.0,0.2371,1982-2026
90.0,-62.5,0.2371,1982-2026
90.0,-60.0,0.2371,1982-2026
90.0,-57.5,0.2371,1982-2026
90.0,-55.0,0.2371,1982-2026
90.0,-52.5,0.2371,1982-2026
90.0,-50.0,0.2371,1982-2026
90.0,-47.5,0.2371,1982-2026
90.0,-45.0,0.2371,1982-2026
90.0,-42.5,0.2371,1982-2026
90.0,-40.0,0.2371,1982-2026
90.0,-37.5,0.2371,1982-2026
90.0,-35.0,0.2371,1982-2026
90.0,-32.5,0.2371,1982-2026
90.0,-30.0,0.2371,1982-2026
90.0,-27.5,0.2371,1982-2026
90.0,-25.0,0.2371,1982-2026
90.0,-22.5,0.2371,1982-2026
90.0,-20.0,0.2371,1982-2026
90.0,-17.5,0.2371,1982-2026
90.0,-15.0,0.2371,1982-2026
90.0,-12.5,0.2371,1982-2026
90.0,-10.0,0.2371,1982-2026
90.0,-7.5,0.2371,1982-2026
90.0,-5.0,0.2371,1982-2026
90.0,-2.5,0.2371,1982-2026
87.5,0.0,-0.0104,1982-2026
87.5,2.5,-0.01,1982-2026
87.5,5.0,-0.0096,1982-2026
87.5,7.5,-0.009,1982-2026
87.5,10.0,-0.0082,1982-2026
87.5,12.5,-0.0081,1982-2026
87.5,15.0,-0.008,1982-2026
87.5,17.5,-0.0076,1982-2026
87.5,20.0,-0.0074,1982-2026
87.5,22.5,-0.0065,1982-2026
87.5,25.0,-0.0055,1982-2026
87.5,27.5,-0.004,1982-2026
87.5,30.0,-0.0022,1982-2026
87.5,32.5,-0.0003,1982-2026
87.5,35.0,0.0018,1982-2026
87.5,37.5,0.0039,1982-2026
87.5,40.0,0.0059,1982-2026
87.5,42.5,0.0082,1982-2026
87.5,45.0,0.0106,1982-2026
87.5,47.5,0.012,1982-2026
87.5,50.0,0.0134,1982-2026
87.5,52.5,0.0136,1982-2026
87.5,55.0,0.0137,1982-2026
87.5,57.5,0.014,1982-2026
87.5,60.0,0.0138,1982-2026
87.5,62.5,0.0141,1982-2026
87.5,65.0,0.0139,1982-2026
87.5,67.5,0.0138,1982-2026
87.5,70.0,0.0136,1982-2026
87.5,72.5,0.0132,1982-2026
87.5,75.0,0.013,1982-2026
87.5,77.5,0.0135,1982-2026
87.5,80.0,0.0139,1982-2026
87.5,82.5,0.014,1982-2026
87.5,85.0,0.0138,1982-2026
87.5,87.5,0.013,1982-2026
87.5,90.0,0.0118,1982-2026
87.5,92.5,0.0114,1982-2026
87.5,95.0,0.0109,1982-2026
87.5,97.5,0.0105,1982-2026
87.5,100.0,0.0101,1982-2026
87.5,102.5,0.009,1982-2026
87.5,105.0,0.0076,1982-2026
87.5,107.5,0.0057,1982-2026
87.5,110.0,0.0037,1982-2026
87.5,112.5,0.0015,1982-2026
87.5,115.0,-0.0006,1982-2026
87.5,117.5,-0.0028,1982-2026
87.5,120.0,-0.0052,1982-2026
87.5,122.5,-0.008,1982-2026
87.5,125.0,-0.0109,1982-2026
87.5,127.5,-0.0138,1982-2026
87.5,130.0,-0.0166,1982-2026
87.5,132.5,-0.0195,1982-2026
87.5,135.0,-0.0222,1982-2026
87.5,137.5,-0.0243,1982-2026
87.5,140.0,-0.0264,1982-2026
87.5,142.5,-0.0277,1982-2026
87.5,145.0,-0.0289,1982-2026
87.5,147.5,-0.0295,1982-2026
87.5,150.0,-0.0299,1982-2026
87.5,152.5,-0.0295,1982-2026
87.5,155.0,-0.0289,1982-2026
87.5,157.5,-0.0284,1982-2026
87.5,160.0,-0.0279,1982-2026
87.5,162.5,-0.0273,1982-2026
87.5,165.0,-0.0267,1982-2026
87.5,167.5,-0.0252,1982-2026
87.5,170.0,-0.0238,1982-2026
87.5,172.5,-0.0224,1982-2026
87.5,175.0,-0.0209,1982-2026
87.5,177.5,-0.0194,1982-2026
87.5,180.0,-0.0178,1982-2026
87.5,-177.5,-0.0162,1982-2026
87.5,-175.0,-0.0148,1982-2026
87.5,-172.5,-0.0135,1982-2026
87.5,-170.0,-0.0124,1982-2026
87.5,-167.5,-0.0116,1982-2026
87.5,-165.0,-0.0107,1982-2026
87.5,-162.5,-0.0099,1982-2026
87.5,-160.0,-0.0094,1982-2026
87.5,-157.5,-0.0091,1982-2026
87.5,-155.0,-0.0088,1982-2026
87.5,-152.5,-0.0087,1982-2026
87.5,-150.0,-0.0088,1982-2026
87.5,-147.5,-0.0089,1982-2026
87.5,-145.0,-0.009,1982-2026
87.5,-142.5,-0.0095,1982-2026
87.5,-140.0,-0.0103,1982-2026
87.5,-137.5,-0.0113,1982-2026
87.5,-135.0,-0.0123,1982-2026
87.5,-132.5,-0.0134,1982-2026
87.5,-130.0,-0.015,1982-2026
87.5,-127.5,-0.017,1982-2026
87.5,-125.0,-0.0189,1982-2026
87.5,-122.5,-0.0207,1982-2026
87.5,-120.0,-0.0223,1982-2026
87.5,-117.5,-0.0246,1982-2026
87.5,-115.0,-0.027,1982-2026
87.5,-112.5,-0.0301,1982-2026
87.5,-110.0,-0.033,1982-2026
87.5,-107.5,-0.0349,1982-2026
87.5,-105.0,-0.037,1982-2026
87.5,-102.5,-0.0395,1982-2026
87.5,-100.0,-0.0421,1982-2026
87.5,-97.5,-0.0448,1982-2026
87.5,-95.0,-0.0475,1982-2026
87.5,-92.5,-0.0492,1982-2026
87.5,-90.0,-0.0511,1982-2026
87.5,-87.5,-0.0522,1982-2026
87.5,-85.0,-0.0535,1982-2026
87.5,-82.5,-0.0541,1982-2026
87.5,-80.0,-0.0545,1982-2026
87.5,-77.5,-0.0548,1982-2026
87.5,-75.0,-0.0548,1982-2026
87.5,-72.5,-0.054,1982-2026
87.5,-70.0,-0.0532,1982-2026
87.5,-67.5,-0.051,1982-2026
87.5,-65.0,-0.0491,1982-2026
87.5,-62.5,-0.0473,1982-2026
87.5,-60.0,-0.0449,1982-2026
87.5,-57.5,-0.044,1982-2026
87.5,-55.0,-0.0422,1982-2026
87.5,-52.5,-0.0407,1982-2026
87.5,-50.0,-0.0395,1982-2026
87.5,-47.5,-0.0375,1982-2026
87.5,-45.0,-0.0361,1982-2026
87.5,-42.5,-0.0356,1982-2026
87.5,-40.0,-0.0348,1982-2026
87.5,-37.5,-0.0344,1982-2026
87.5,-35.0,-0.034,1982-2026
87.5,-32.5,-0.0327,1982-2026
87.5,-30.0,-0.031,1982-2026
87.5,-27.5,-0.0293,1982-2026
87.5,-25.0,-0.0272,1982-2026
87.5,-22.5,-0.0254,1982-2026
87.5,-20.0,-0.024,1982-2026
87.5,-17.5,-0.0221,1982-2026
87.5,-15.0,-0.0199,1982-2026
87.5,-12.5,-0.0177,1982-2026
87.5,-10.0,-0.0151,1982-2026
87.5,-7.5,-0.0133,1982-2026
87.5,-5.0,-0.0114,1982-2026
87.5,-2.5,-0.0108,1982-2026
85.0,0.0,-0.0336,1982-2026
85.0,2.5,-0.0321,1982-2026
85.0,5.0,-0.0291,1982-2026
85.0,7.5,-0.027,1982-2026
85.0,10.0,-0.0261,1982-2026
85.0,12.5,-0.0246,1982-2026
85.0,15.0,-0.0235,1982-2026
85.0,17.5,-0.0217,1982-2026
85.0,20.0,-0.021,1982-2026
85.0,22.5,-0.0206,1982-2026
85.0,25.0,-0.0193,1982-2026
85.0,27.5,-0.017,1982-2026
85.0,30.0,-0.017,1982-2026
85.0,32.5,-0.0162,1982-2026
85.0,35.0,-0.0143,1982-2026
85.0,37.5,-0.0109,1982-2026
85.0,40.0,-0.0062,1982-2026
85.0,42.5,-0.0014,1982-2026
85.0,45.0,0.0009,1982-2026
85.0,47.5,0.0048,1982-2026
85.0,50.0,0.0075,1982-2026
85.0,52.5,0.0105,1982-2026
85.0,55.0,0.0138,1982-2026
85.0,57.5,0.0168,1982-2026
85.0,60.0,0.02,1982-2026
85.0,62.5,0.0225,1982-2026
85.0,65.0,0.0234,1982-2026
85.0,67.5,0.0236,1982-2026
85.0,70.0,0.0232,1982-2026
85.0,72.5,0.0225,1982-2026
85.0,75.0,0.0217,1982-2026
85.0,77.5,0.0193,1982-2026
85.0,80.0,0.0174,1982-2026
85.0,82.5,0.0153,1982-2026
85.0,85.0,0.0124,1982-2026
85.0,87.5,0.0087,1982-2026
85.0,90.0,0.0067,1982-2026
85.0,92.5,0.0028,1982-2026
85.0,95.0,0.0004,1982-2026
85.0,97.5,-0.0018,1982-2026
85.0,100.0,-0.0046,1982-2026
85.0,102.5,-0.0076,1982-2026
85.0,105.0,-0.0106,1982-2026
85.0,107.5,-0.0136,1982-2026
85.0,110.0,-0.0176,1982-2026
85.0,112.5,-0.022,1982-2026
85.0,115.0,-0.0257,1982-2026
85.0,117.5,-0.0277,1982-2026
85.0,120.0,-0.0287,1982-2026
85.0,122.5,-0.0275,1982-2026
85.0,125.0,-0.0275,1982-2026
85.0,127.5,-0.0277,1982-2026
85.0,130.0,-0.0285,1982-2026
85.0,132.5,-0.0303,1982-2026
85.0,135.0,-0.0328,1982-2026
85.0,137.5,-0.0329,1982-2026
85.0,140.0,-0.0333,1982-2026
85.0,142.5,-0.0312,1982-2026
85.0,145.0,-0.0279,1982-2026
85.0,147.5,-0.0249,1982-2026
85.0,150.0,-0.0221,1982-2026
85.0,152.5,-0.02,1982-2026
85.0,155.0,-0.019,1982-2026
85.0,157.5,-0.018,1982-2026
85.0,160.0,-0.0171,1982-2026
85.0,162.5,-0.0163,1982-2026
85.0,165.0,-0.016,1982-2026
85.0,167.5,-0.0146,1982-2026
85.0,170.0,-0.0125,1982-2026
85.0,172.5,-0.0107,1982-2026
85.0,175.0,-0.0095,1982-2026
85.0,177.5,-0.0092,1982-2026
85.0,180.0,-0.009,1982-2026
85.0,-177.5,-0.0083,1982-2026
85.0,-175.0,-0.0083,1982-2026
85.0,-172.5,-0.0079,1982-2026
85.0,-170.0,-0.007,1982-2026
85.0,-167.5,-0.0062,1982-2026
85.0,-165.0,-0.0064,1982-2026
85.0,-162.5,-0.0048,1982-2026
85.0,-160.0,-0.0038,1982-2026
85.0,-157.5,-0.0021,1982-2026
85.0,-155.0,-0.0002,1982-2026
85.0,-152.5,0.0017,1982-2026
85.0,-150.0,0.0037,1982-2026
85.0,-147.5,0.0053,1982-2026
85.0,-145.0,0.0053,1982-2026
85.0,-142.5,0.0045,1982-2026
85.0,-140.0,0.003,1982-2026
85.0,-137.5,0.0006,1982-2026
85.0,-135.0,-0.0005,1982-2026
85.0,-132.5,-0.0012,1982-2026
85.0,-130.0,-0.0008,1982-2026
85.0,-127.5,-0.0016,1982-2026
85.0,-125.0,-0.0031,1982-2026
85.0,-122.5,-0.0043,1982-2026
85.0,-120.0,-0.0055,1982-2026
85.0,-117.5,-0.0086,1982-2026
85.0,-115.0,-0.0105,1982-2026
85.0,-112.5,-0.0152,1982-2026
85.0,-110.0,-0.022,1982-2026
85.0,-107.5,-0.0294,1982-2026
85.0,-105.0,-0.0383,1982-2026
85.0,-102.5,-0.0486,1982-2026
85.0,-100.0,-0.0565,1982-2026
85.0,-97.5,-0.0645,1982-2026
85.0,-95.0,-0.071,1982-2026
85.0,-92.5,-0.0749,1982-2026
85.0,-90.0,-0.0764,1982-2026
85.0,-87.5,-0.0784,1982-2026
85.0,-85.0,-0.0782,1982-2026
85.0,-82.5,-0.0776,1982-2026
85.0,-80.0,-0.0764,1982-2026
85.0,-77.5,-0.0744,1982-2026
85.0,-75.0,-0.0719,1982-2026
85.0,-72.5,-0.0715,1982-2026
85.0,-70.0,-0.071,1982-2026
85.0,-67.5,-0.071,1982-2026
85.0,-65.0,-0.0712,1982-2026
85.0,-62.5,-0.071,1982-2026
85.0,-60.0,-0.0707,1982-2026
85.0,-57.5,-0.0715,1982-2026
85.0,-55.0,-0.0706,1982-2026
85.0,-52.5,-0.0685,1982-2026
85.0,-50.0,-0.066,1982-2026
85.0,-47.5,-0.0633,1982-2026
85.0,-45.0,-0.0595,1982-2026
85.0,-42.5,-0.0587,1982-2026
85.0,-40.0,-0.0566,1982-2026
85.0,-37.5,-0.0537,1982-2026
85.0,-35.0,-0.0506,1982-2026
85.0,-32.5,-0.0479,1982-2026
85.0,-30.0,-0.044,1982-2026
85.0,-27.5,-0.0368,1982-2026
85.0,-25.0,-0.034,1982-2026
85.0,-22.5,-0.0345,1982-2026
85.0,-20.0,-0.0368,1982-2026
85.0,-17.5,-0.0389,1982-2026
85.0,-15.0,-0.0382,1982-2026
85.0,-12.5,-0.0365,1982-2026
85.0,-10.0,-0.0372,1982-2026
85.0,-7.5,-0.0366,1982-2026
85.0,-5.0,-0.0351,1982-2026
85.0,-2.5,-0.0345,1982-2026
82.5,0.0,-0.028,1982-2026
82.5,2.5,-0.0267,1982-2026
82.5,5.0,-0.0246,1982-2026
82.5,7.5,-0.0221,1982-2026
82.5,10.0,-0.0164,1982-2026
82.5,12.5,-0.0087,1982-2026
82.5,15.0,-0.0006,1982-2026
82.5,17.5,0.0094,1982-2026
82.5,20.0,0.0196,1982-2026
82.5,22.5,0.0288,1982-2026
82.5,25.0,0.0311,1982-2026
82.5,27.5,0.0311,1982-2026
82.5,30.0,0.0314,1982-2026
82.5,32.5,0.0332,1982-2026
82.5,35.0,0.0321,1982-2026
82.5,37.5,0.0295,1982-2026
82.5,40.0,0.0261,1982-2026
82.5,42.5,0.0222,1982-2026
82.5,45.0,0.0193,1982-2026
82.5,47.5,0.0158,1982-2026
82.5,50.0,0.0112,1982-2026
82.5,52.5,0.0077,1982-2026
82.5,55.0,0.0053,1982-2026
82.5,57.5,0.0017,1982-2026
82.5,60.0,0.0005,1982-2026
82.5,62.5,0.0004,1982-2026
82.5,65.0,-0.005,1982-2026
82.5,67.5,-0.0057,1982-2026
82.5,70.0,-0.0039,1982-2026
82.5,72.5,0.0,1982-2026
82.5,75.0,0.0037,1982-2026
82.5,77.5,0.005,1982-2026
82.5,80.0,0.0047,1982-2026
82.5,82.5,0.0,1982-2026
82.5,85.0,-0.0048,1982-2026
82.5,87.5,-0.0075,1982-2026
82.5,90.0,-0.011,1982-2026
82.5,92.5,-0.0137,1982-2026
82.5,95.0,-0.0145,1982-2026
82.5,97.5,-0.0116,1982-2026
82.5,100.0,-0.0066,1982-2026
82.5,102.5,-0.0015,1982-2026
82.5,105.0,0.0007,1982-2026
82.5,107.5,0.0034,1982-2026
82.5,110.0,0.0065,1982-2026
82.5,112.5,0.0083,1982-2026
82.5,115.0,0.0065,1982-2026
82.5,117.5,0.0027,1982-2026
82.5,120.0,-0.001,1982-2026
82.5,122.5,-0.004,1982-2026
82.5,125.0,-0.0085,1982-2026
82.5,127.5,-0.0131,1982-2026
82.5,130.0,-0.0173,1982-2026
82.5,132.5,-0.0167,1982-2026
82.5,135.0,-0.0142,1982-2026
82.5,137.5,-0.0089,1982-2026
82.5,140.0,-0.0048,1982-2026
82.5,142.5,-0.0044,1982-2026
82.5,145.0,-0.0044,1982-2026
82.5,147.5,-0.0049,1982-2026
82.5,150.0,-0.0064,1982-2026
82.5,152.5,-0.0076,1982-2026
82.5,155.0,-0.0082,1982-2026
82.5,157.5,-0.0087,1982-2026
82.5,160.0,-0.0076,1982-2026
82.5,162.5,-0.0061,1982-2026
82.5,165.0,-0.0052,1982-2026
82.5,167.5,-0.0057,1982-2026
82.5,170.0,-0.0063,1982-2026
82.5,172.5,-0.0059,1982-2026
82.5,175.0,-0.0057,1982-2026
82.5,177.5,-0.0069,1982-2026
82.5,180.0,-0.0091,1982-2026
82.5,-177.5,-0.0117,1982-2026
82.5,-175.0,-0.015,1982-2026
82.5,-172.5,-0.0164,1982-2026
82.5,-170.0,-0.0165,1982-2026
82.5,-167.5,-0.0169,1982-2026
82.5,-165.0,-0.017,1982-2026
82.5,-162.5,-0.0166,1982-2026
82.5,-160.0,-0.0167,1982-2026
82.5,-157.5,-0.0182,1982-2026
82.5,-155.0,-0.0183,1982-2026
82.5,-152.5,-0.0187,1982-2026
82.5,-150.0,-0.0195,1982-2026
82.5,-147.5,-0.019,1982-2026
82.5,-145.0,-0.016,1982-2026
82.5,-142.5,-0.0146,1982-2026
82.5,-140.0,-0.0142,1982-2026
82.5,-137.5,-0.0118,1982-2026
82.5,-135.0,-0.0082,1982-2026
82.5,-132.5,-0.0056,1982-2026
82.5,-130.0,-0.0033,1982-2026
82.5,-127.5,0.0002,1982-2026
82.5,-125.0,0.0012,1982-2026
82.5,-122.5,0.0029,1982-2026
82.5,-120.0,0.004,1982-2026
82.5,-117.5,0.0014,1982-2026
82.5,-115.0,-0.0042,1982-2026
82.5,-112.5,-0.0103,1982-2026
82.5,-110.0,-0.019,1982-2026
82.5,-107.5,-0.0327,1982-2026
82.5,-105.0,-0.0441,1982-2026
82.5,-102.5,-0.0532,1982-2026
82.5,-100.0,-0.0613,1982-2026
82.5,-97.5,-0.068,1982-2026
82.5,-95.0,-0.0735,1982-2026
82.5,-92.5,-0.0748,1982-2026
82.5,-90.0,-0.0778,1982-2026
82.5,-87.5,-0.0491,1982-2026
82.5,-85.0,-0.0084,1982-2026
82.5,-82.5,-0.0013,1982-2026
82.5,-80.0,-0.0147,1982-2026
82.5,-77.5,-0.0114,1982-2026
82.5,-75.0,-0.0102,1982-2026
82.5,-72.5,-0.0128,1982-2026
82.5,-70.0,-0.018,1982-2026
82.5,-67.5,-0.0067,1982-2026
82.5,-65.0,-0.0156,1982-2026
82.5,-62.5,-0.0244,1982-2026
82.5,-60.0,-0.0384,1982-2026
82.5,-57.5,-0.0129,1982-2026
82.5,-55.0,-0.0051,1982-2026
82.5,-52.5,-0.0125,1982-2026
82.5,-50.0,-0.0002,1982-2026
82.5,-47.5,0.0098,1982-2026
82.5,-45.0,0.0095,1982-2026
82.5,-42.5,0.0073,1982-2026
82.5,-40.0,0.0141,1982-2026
82.5,-37.5,0.012,1982-2026
82.5,-35.0,0.023,1982-2026
82.5,-32.5,0.0274,1982-2026
82.5,-30.0,0.0278,1982-2026
82.5,-27.5,0.0206,1982-2026
82.5,-25.0,0.0165,1982-2026
82.5,-22.5,0.0161,1982-2026
82.5,-20.0,0.0052,1982-2026
82.5,-17.5,0.0082,1982-2026
82.5,-15.0,0.0161,1982-2026
82.5,-12.5,0.0037,1982-2026
82.5,-10.0,-0.008,1982-2026
82.5,-7.5,-0.0197,1982-2026
82.5,-5.0,-0.0268,1982-2026
82.5,-2.5,-0.0291,1982-2026
80.0,0.0,0.0101,1982-2026
80.0,2.5,0.0127,1982-2026
80.0,5.0,-0.0044,1982-2026
80.0,7.5,-0.0275,1982-2026
80.0,10.0,-0.0443,1982-2026
80.0,12.5,-0.0202,1982-2026
80.0,15.0,-0.0085,1982-2026
80.0,17.5,0.0094,1982-2026
80.0,20.0,0.0171,1982-2026
80.0,22.5,0.007,1982-2026
80.0,25.0,-0.004,1982-2026
80.0,27.5,-0.0022,1982-2026
80.0,30.0,0.0,1982-2026
80.0,32.5,-0.0191,1982-2026
80.0,35.0,-0.0199,1982-2026
80.0,37.5,-0.0126,1982-2026
80.0,40.0,0.0005,1982-2026
80.0,42.5,0.0051,1982-2026
80.0,45.0,-0.0075,1982-2026
80.0,47.5,-0.0272,1982-2026
80.0,50.0,-0.0416,1982-2026
80.0,52.5,-0.0327,1982-2026
80.0,55.0,-0.0405,1982-2026
80.0,57.5,-0.0427,1982-2026
80.0,60.0,-0.0417,1982-2026
80.0,62.5,-0.0276,1982-2026
80.0,65.0,-0.0194,1982-2026
80.0,67.5,-0.0134,1982-2026
80.0,70.0,-0.0009,1982-2026
80.0,72.5,0.0175,1982-2026
80.0,75.0,0.0355,1982-2026
80.0,77.5,0.0418,1982-2026
80.0,80.0,0.0444,1982-2026
80.0,82.5,0.0415,1982-2026
80.0,85.0,0.0384,1982-2026
80.0,87.5,0.0367,1982-2026
80.0,90.0,0.0252,1982-2026
80.0,92.5,-0.006,1982-2026
80.0,95.0,-0.032,1982-2026
80.0,97.5,-0.0324,1982-2026
80.0,100.0,-0.0019,1982-2026
80.0,102.5,0.0076,1982-2026
80.0,105.0,0.008,1982-2026
80.0,107.5,0.0135,1982-2026
80.0,110.0,0.0126,1982-2026
80.0,112.5,0.0111,1982-2026
80.0,115.0,0.0106,1982-2026
80.0,117.5,0.0102,1982-2026
80.0,120.0,0.008,1982-2026
80.0,122.5,0.0047,1982-2026
80.0,125.0,-0.001,1982-2026
80.0,127.5,-0.0062,1982-2026
80.0,130.0,-0.0094,1982-2026
80.0,132.5,-0.0075,1982-2026
80.0,135.0,-0.0021,1982-2026
80.0,137.5,0.0032,1982-2026
80.0,140.0,0.0083,1982-2026
80.0,142.5,0.0106,1982-2026
80.0,145.0,0.0111,1982-2026
80.0,147.5,0.0138,1982-2026
80.0,150.0,0.017,1982-2026
80.0,152.5,0.0204,1982-2026
80.0,155.0,0.0234,1982-2026
80.0,157.5,0.0239,1982-2026
80.0,160.0,0.0206,1982-2026
80.0,162.5,0.0191,1982-2026
80.0,165.0,0.0187,1982-2026
80.0,167.5,0.0193,1982-2026
80.0,170.0,0.0176,1982-2026
80.0,172.5,0.0138,1982-2026
80.0,175.0,0.0123,1982-2026
80.0,177.5,0.0139,1982-2026
80.0,180.0,0.0174,1982-2026
80.0,-177.5,0.0182,1982-2026
80.0,-175.0,0.0168,1982-2026
80.0,-172.5,0.0125,1982-2026
80.0,-170.0,0.0112,1982-2026
80.0,-167.5,0.0083,1982-2026
80.0,-165.0,0.0021,1982-2026
80.0,-162.5,-0.0073,1982-2026
80.0,-160.0,-0.0185,1982-2026
80.0,-157.5,-0.0281,1982-2026
80.0,-155.0,-0.037,1982-2026
80.0,-152.5,-0.0437,1982-2026
80.0,-150.0,-0.0511,1982-2026
80.0,-147.5,-0.054,1982-2026
80.0,-145.0,-0.051,1982-2026
80.0,-142.5,-0.0444,1982-2026
80.0,-140.0,-0.0376,1982-2026
80.0,-137.5,-0.0341,1982-2026
80.0,-135.0,-0.0293,1982-2026
80.0,-132.5,-0.0201,1982-2026
80.0,-130.0,-0.0118,1982-2026
80.0,-127.5,-0.003,1982-2026
80.0,-125.0,0.0014,1982-2026
80.0,-122.5,0.0037,1982-2026
80.0,-120.0,-0.0023,1982-2026
80.0,-117.5,-0.0101,1982-2026
80.0,-115.0,-0.0162,1982-2026
80.0,-112.5,-0.0248,1982-2026
80.0,-110.0,-0.0263,1982-2026
80.0,-107.5,-0.0252,1982-2026
80.0,-105.0,-0.0202,1982-2026
80.0,-102.5,-0.029,1982-2026
80.0,-100.0,-0.0214,1982-2026
80.0,-97.5,-0.0168,1982-2026
80.0,-95.0,0.0334,1982-2026
80.0,-92.5,0.0106,1982-2026
80.0,-90.0,-0.0016,1982-2026
80.0,-87.5,-0.0073,1982-2026
80.0,-85.0,-0.0057,1982-2026
80.0,-82.5,0.001,1982-2026
80.0,-80.0,0.0068,1982-2026
80.0,-77.5,-0.0009,1982-2026
80.0,-75.0,-0.0138,1982-2026
80.0,-72.5,0.0435,1982-2026
80.0,-70.0,0.0135,1982-2026
80.0,-67.5,-0.0267,1982-2026
80.0,-65.0,0.0015,1982-2026
80.0,-62.5,-0.0032,1982-2026
80.0,-60.0,0.0303,1982-2026
80.0,-57.5,0.0631,1982-2026
80.0,-55.0,0.0561,1982-2026
80.0,-52.5,0.0492,1982-2026
80.0,-50.0,0.0386,1982-2026
80.0,-47.5,0.0264,1982-2026
80.0,-45.0,0.021,1982-2026
80.0,-42.5,0.014,1982-2026
80.0,-40.0,0.0058,1982-2026
80.0,-37.5,0.0052,1982-2026
80.0,-35.0,0.01,1982-2026
80.0,-32.5,0.0219,1982-2026
80.0,-30.0,0.0418,1982-2026
80.0,-27.5,0.0619,1982-2026
80.0,-25.0,0.0498,1982-2026
80.0,-22.5,0.0124,1982-2026
80.0,-20.0,0.0057,1982-2026
80.0,-17.5,0.0221,1982-2026
80.0,-15.0,-0.0276,1982-2026
80.0,-12.5,-0.0417,1982-2026
80.0,-10.0,-0.008,1982-2026
80.0,-7.5,-0.0068,1982-2026
80.0,-5.0,-0.0074,1982-2026
80.0,-2.5,-0.0042,1982-2026
77.5,0.0,0.064,1982-2026
77.5,2.5,0.063,1982-2026
77.5,5.0,0.0498,1982-2026
77.5,7.5,0.0394,1982-2026
77.5,10.0,0.0339,1982-2026
77.5,12.5,0.0162,1982-2026
77.5,15.0,-0.0387,1982-2026
77.5,17.5,-0.0358,1982-2026
77.5,20.0,-0.0165,1982-2026
77.5,22.5,-0.0489,1982-2026
77.5,25.0,-0.053,1982-2026
77.5,27.5,-0.0287,1982-2026
77.5,30.0,-0.0183,1982-2026
77.5,32.5,-0.0084,1982-2026
77.5,35.0,-0.0054,1982-2026
77.5,37.5,-0.0031,1982-2026
77.5,40.0,-0.0014,1982-2026
77.5,42.5,0.0041,1982-2026
77.5,45.0,0.0078,1982-2026
77.5,47.5,0.009,1982-2026
77.5,50.0,0.0105,1982-2026
77.5,52.5,0.0063,1982-2026
77.5,55.0,0.0094,1982-2026
77.5,57.5,0.0139,1982-2026
77.5,60.0,0.0147,1982-2026
77.5,62.5,0.0245,1982-2026
77.5,65.0,0.0248,1982-2026
77.5,67.5,0.0165,1982-2026
77.5,70.0,0.0345,1982-2026
77.5,72.5,0.06,1982-2026
77.5,75.0,0.0564,1982-2026
77.5,77.5,0.0491,1982-2026
77.5,80.0,0.0387,1982-2026
77.5,82.5,0.0353,1982-2026
77.5,85.0,0.031,1982-2026
77.5,87.5,0.022,1982-2026
77.5,90.0,0.0061,1982-2026
77.5,92.5,-0.0045,1982-2026
77.5,95.0,-0.0058,1982-2026
77.5,97.5,0.0035,1982-2026
77.5,100.0,0.0143,1982-2026
77.5,102.5,-0.0024,1982-2026
77.5,105.0,0.0047,1982-2026
77.5,107.5,0.0056,1982-2026
77.5,110.0,0.0084,1982-2026
77.5,112.5,0.0223,1982-2026
77.5,115.0,0.0291,1982-2026
77.5,117.5,0.029,1982-2026
77.5,120.0,0.0266,1982-2026
77.5,122.5,0.0215,1982-2026
77.5,125.0,0.017,1982-2026
77.5,127.5,0.0114,1982-2026
77.5,130.0,0.0128,1982-2026
77.5,132.5,0.0167,1982-2026
77.5,135.0,0.0152,1982-2026
77.5,137.5,0.0163,1982-2026
77.5,140.0,0.0165,1982-2026
77.5,142.5,0.0153,1982-2026
77.5,145.0,0.0164,1982-2026
77.5,147.5,0.0174,1982-2026
77.5,150.0,0.0194,1982-2026
77.5,152.5,0.0199,1982-2026
77.5,155.0,0.02,1982-2026
77.5,157.5,0.0229,1982-2026
77.5,160.0,0.0232,1982-2026
77.5,162.5,0.0191,1982-2026
77.5,165.0,0.0108,1982-2026
77.5,167.5,0.0048,1982-2026
77.5,170.0,-0.0026,1982-2026
77.5,172.5,-0.0028,1982-2026
77.5,175.0,-0.0001,1982-2026
77.5,177.5,0.0037,1982-2026
77.5,180.0,0.0091,1982-2026
77.5,-177.5,0.0134,1982-2026
77.5,-175.0,0.018,1982-2026
77.5,-172.5,0.0204,1982-2026
77.5,-170.0,0.0191,1982-2026
77.5,-167.5,0.017,1982-2026
77.5,-165.0,0.0143,1982-2026
77.5,-162.5,0.0119,1982-2026
77.5,-160.0,0.0105,1982-2026
77.5,-157.5,0.0101,1982-2026
77.5,-155.0,0.0072,1982-2026
77.5,-152.5,-0.0004,1982-2026
77.5,-150.0,-0.0101,1982-2026
77.5,-147.5,-0.0214,1982-2026
77.5,-145.0,-0.0324,1982-2026
77.5,-142.5,-0.0446,1982-2026
77.5,-140.0,-0.05,1982-2026
77.5,-137.5,-0.0489,1982-2026
77.5,-135.0,-0.0469,1982-2026
77.5,-132.5,-0.0416,1982-2026
77.5,-130.0,-0.0292,1982-2026
77.5,-127.5,-0.0158,1982-2026
77.5,-125.0,-0.0117,1982-2026
77.5,-122.5,-0.0089,1982-2026
77.5,-120.0,-0.0023,1982-2026
77.5,-117.5,-0.0027,1982-2026
77.5,-115.0,-0.0004,1982-2026
77.5,-112.5,-0.0214,1982-2026
77.5,-110.0,-0.0159,1982-2026
77.5,-107.5,-0.0258,1982-2026
77.5,-105.0,-0.0244,1982-2026
77.5,-102.5,-0.0293,1982-2026
77.5,-100.0,-0.0202,1982-2026
77.5,-97.5,-0.026,1982-2026
77.5,-95.0,-0.0172,1982-2026
77.5,-92.5,-0.0488,1982-2026
77.5,-90.0,-0.0383,1982-2026
77.5,-87.5,0.0052,1982-2026
77.5,-85.0,0.0175,1982-2026
77.5,-82.5,0.0418,1982-2026
77.5,-80.0,0.0161,1982-2026
77.5,-77.5,0.0287,1982-2026
77.5,-75.0,0.1903,1982-2026
77.5,-72.5,0.0993,1982-2026
77.5,-70.0,0.0126,1982-2026
77.5,-67.5,0.1008,1982-2026
77.5,-65.0,0.0569,1982-2026
77.5,-62.5,0.0681,1982-2026
77.5,-60.0,0.075,1982-2026
77.5,-57.5,0.0721,1982-2026
77.5,-55.0,0.0616,1982-2026
77.5,-52.5,0.054,1982-2026
77.5,-50.0,0.0386,1982-2026
77.5,-47.5,0.0258,1982-2026
77.5,-45.0,0.0033,1982-2026
77.5,-42.5,-0.0204,1982-2026
77.5,-40.0,-0.0287,1982-2026
77.5,-37.5,-0.0239,1982-2026
77.5,-35.0,-0.0178,1982-2026
77.5,-32.5,-0.0089,1982-2026
77.5,-30.0,-0.0019,1982-2026
77.5,-27.5,0.0096,1982-2026
77.5,-25.0,0.0306,1982-2026
77.5,-22.5,0.0293,1982-2026
77.5,-20.0,0.0045,1982-2026
77.5,-17.5,-0.045,1982-2026
77.5,-15.0,-0.0546,1982-2026
77.5,-12.5,-0.0529,1982-2026
77.5,-10.0,-0.0423,1982-2026
77.5,-7.5,-0.0217,1982-2026
77.5,-5.0,0.0208,1982-2026
77.5,-2.5,0.0576,1982-2026
75.0,0.0,0.0586,1982-2026
75.0,2.5,0.0729,1982-2026
75.0,5.0,0.0717,1982-2026
75.0,7.5,0.0499,1982-2026
75.0,10.0,0.0232,1982-2026
75.0,12.5,-0.0049,1982-2026
75.0,15.0,-0.0267,1982-2026
75.0,17.5,-0.0344,1982-2026
75.0,20.0,-0.0439,1982-2026
75.0,22.5,-0.0486,1982-2026
75.0,25.0,-0.045,1982-2026
75.0,27.5,-0.035,1982-2026
75.0,30.0,-0.0316,1982-2026
75.0,32.5,-0.0237,1982-2026
75.0,35.0,-0.0204,1982-2026
75.0,37.5,-0.0286,1982-2026
75.0,40.0,-0.0338,1982-2026
75.0,42.5,-0.0308,1982-2026
75.0,45.0,-0.0179,1982-2026
75.0,47.5,-0.0028,1982-2026
75.0,50.0,0.0131,1982-2026
75.0,52.5,0.0371,1982-2026
75.0,55.0,0.1066,1982-2026
75.0,57.5,0.0056,1982-2026
75.0,60.0,0.01,1982-2026
75.0,62.5,-0.0208,1982-2026
75.0,65.0,-0.002,1982-2026
75.0,67.5,0.0064,1982-2026
75.0,70.0,0.0245,1982-2026
75.0,72.5,0.0385,1982-2026
75.0,75.0,0.0496,1982-2026
75.0,77.5,0.0586,1982-2026
75.0,80.0,0.0595,1982-2026
75.0,82.5,0.0583,1982-2026
75.0,85.0,0.0579,1982-2026
75.0,87.5,0.021,1982-2026
75.0,90.0,-0.017,1982-2026
75.0,92.5,-0.0217,1982-2026
75.0,95.0,-0.0298,1982-2026
75.0,97.5,-0.0368,1982-2026
75.0,100.0,-0.027,1982-2026
75.0,102.5,-0.0192,1982-2026
75.0,105.0,-0.0044,1982-2026
75.0,107.5,-0.0189,1982-2026
75.0,110.0,-0.0421,1982-2026
75.0,112.5,-0.024,1982-2026
75.0,115.0,0.0205,1982-2026
75.0,117.5,0.0259,1982-2026
75.0,120.0,0.0324,1982-2026
75.0,122.5,0.0333,1982-2026
75.0,125.0,0.0302,1982-2026
75.0,127.5,0.0247,1982-2026
75.0,130.0,0.0188,1982-2026
75.0,132.5,0.0077,1982-2026
75.0,135.0,-0.0059,1982-2026
75.0,137.5,-0.0243,1982-2026
75.0,140.0,-0.01,1982-2026
75.0,142.5,-0.0057,1982-2026
75.0,145.0,0.0005,1982-2026
75.0,147.5,-0.0129,1982-2026
75.0,150.0,-0.018,1982-2026
75.0,152.5,0.0006,1982-2026
75.0,155.0,-0.0055,1982-2026
75.0,157.5,-0.0122,1982-2026
75.0,160.0,-0.02,1982-2026
75.0,162.5,-0.0306,1982-2026
75.0,165.0,-0.0326,1982-2026
75.0,167.5,-0.0333,1982-2026
75.0,170.0,-0.0312,1982-2026
75.0,172.5,-0.0276,1982-2026
75.0,175.0,-0.0249,1982-2026
75.0,177.5,-0.0177,1982-2026
75.0,180.0,-0.0135,1982-2026
75.0,-177.5,-0.011,1982-2026
75.0,-175.0,-0.0052,1982-2026
75.0,-172.5,0.0026,1982-2026
75.0,-170.0,0.0142,1982-2026
75.0,-167.5,0.0224,1982-2026
75.0,-165.0,0.0304,1982-2026
75.0,-162.5,0.0362,1982-2026
75.0,-160.0,0.0391,1982-2026
75.0,-157.5,0.0423,1982-2026
75.0,-155.0,0.0439,1982-2026
75.0,-152.5,0.0406,1982-2026
75.0,-150.0,0.0339,1982-2026
75.0,-147.5,0.0247,1982-2026
75.0,-145.0,0.0146,1982-2026
75.0,-142.5,0.0055,1982-2026
75.0,-140.0,-0.0066,1982-2026
75.0,-137.5,-0.0149,1982-2026
75.0,-135.0,-0.0142,1982-2026
75.0,-132.5,-0.0062,1982-2026
75.0,-130.0,0.0051,1982-2026
75.0,-127.5,0.0197,1982-2026
75.0,-125.0,0.0302,1982-2026
75.0,-122.5,0.0317,1982-2026
75.0,-120.0,0.0266,1982-2026
75.0,-117.5,0.0058,1982-2026
75.0,-115.0,0.0137,1982-2026
75.0,-112.5,0.0119,1982-2026
75.0,-110.0,0.0084,1982-2026
75.0,-107.5,0.0084,1982-2026
75.0,-105.0,0.0144,1982-2026
75.0,-102.5,0.002,1982-2026
75.0,-100.0,0.0194,1982-2026
75.0,-97.5,0.0372,1982-2026
75.0,-95.0,0.0324,1982-2026
75.0,-92.5,0.0702,1982-2026
75.0,-90.0,0.0341,1982-2026
75.0,-87.5,0.0371,1982-2026
75.0,-85.0,0.0163,1982-2026
75.0,-82.5,0.0033,1982-2026
75.0,-80.0,0.0491,1982-2026
75.0,-77.5,0.1452,1982-2026
75.0,-75.0,0.1267,1982-2026
75.0,-72.5,0.0932,1982-2026
75.0,-70.0,0.0663,1982-2026
75.0,-67.5,0.0388,1982-2026
75.0,-65.0,0.0257,1982-2026
75.0,-62.5,0.0192,1982-2026
75.0,-60.0,0.0861,1982-2026
75.0,-57.5,0.168,1982-2026
75.0,-55.0,0.0775,1982-2026
75.0,-52.5,0.0545,1982-2026
75.0,-50.0,0.0433,1982-2026
75.0,-47.5,0.0274,1982-2026
75.0,-45.0,0.0126,1982-2026
75.0,-42.5,-0.0081,1982-2026
75.0,-40.0,-0.0401,1982-2026
75.0,-37.5,-0.0495,1982-2026
75.0,-35.0,-0.0521,1982-2026
75.0,-32.5,-0.0423,1982-2026
75.0,-30.0,-0.0249,1982-2026
75.0,-27.5,0.002,1982-2026
75.0,-25.0,0.0339,1982-2026
75.0,-22.5,0.0006,1982-2026
75.0,-20.0,0.0157,1982-2026
75.0,-17.5,-0.0892,1982-2026
75.0,-15.0,-0.075,1982-2026
75.0,-12.5,-0.0196,1982-2026
75.0,-10.0,0.0159,1982-2026
75.0,-7.5,0.033,1982-2026
75.0,-5.0,0.0428,1982-2026
75.0,-2.5,0.0494,1982-2026
72.5,0.0,0.0568,1982-2026
72.5,2.5,0.0372,1982-2026
72.5,5.0,0.0295,1982-2026
72.5,7.5,0.0295,1982-2026
72.5,10.0,0.0299,1982-2026
72.5,12.5,0.03,1982-2026
72.5,15.0,0.0256,1982-2026
72.5,17.5,0.0106,1982-2026
72.5,20.0,-0.0097,1982-2026
72.5,22.5,-0.0313,1982-2026
72.5,25.0,-0.04,1982-2026
72.5,27.5,-0.0382,1982-2026
72.5,30.0,-0.0291,1982-2026
72.5,32.5,-0.0174,1982-2026
72.5,35.0,-0.0127,1982-2026
72.5,37.5,-0.0073,1982-2026
72.5,40.0,0.0012,1982-2026
72.5,42.5,-0.0003,1982-2026
72.5,45.0,-0.0001,1982-2026
72.5,47.5,0.0146,1982-2026
72.5,50.0,0.0338,1982-2026
72.5,52.5,0.0151,1982-2026
72.5,55.0,-0.0248,1982-2026
72.5,57.5,-0.0072,1982-2026
72.5,60.0,-0.0007,1982-2026
72.5,62.5,-0.0014,1982-2026
72.5,65.0,0.0005,1982-2026
72.5,67.5,0.0141,1982-2026
72.5,70.0,0.0071,1982-2026
72.5,72.5,0.0096,1982-2026
72.5,75.0,0.0268,1982-2026
72.5,77.5,0.0233,1982-2026
72.5,80.0,0.0187,1982-2026
72.5,82.5,-0.0299,1982-2026
72.5,85.0,-0.0344,1982-2026
72.5,87.5,-0.0488,1982-2026
72.5,90.0,-0.0519,1982-2026
72.5,92.5,-0.0476,1982-2026
72.5,95.0,-0.035,1982-2026
72.5,97.5,-0.0334,1982-2026
72.5,100.0,-0.0278,1982-2026
72.5,102.5,-0.0265,1982-2026
72.5,105.0,0.0016,1982-2026
72.5,107.5,0.0026,1982-2026
72.5,110.0,-0.0118,1982-2026
72.5,112.5,-0.0365,1982-2026
72.5,115.0,-0.057,1982-2026
72.5,117.5,-0.0611,1982-2026
72.5,120.0,-0.0696,1982-2026
72.5,122.5,-0.0628,1982-2026
72.5,125.0,-0.0799,1982-2026
72.5,127.5,-0.07,1982-2026
72.5,130.0,-0.0337,1982-2026
72.5,132.5,-0.0283,1982-2026
72.5,135.0,-0.0155,1982-2026
72.5,137.5,-0.0114,1982-2026
72.5,140.0,-0.0121,1982-2026
72.5,142.5,-0.0129,1982-2026
72.5,145.0,0.0093,1982-2026
72.5,147.5,0.0216,1982-2026
72.5,150.0,0.0169,1982-2026
72.5,152.5,0.0115,1982-2026
72.5,155.0,0.0025,1982-2026
72.5,157.5,-0.0122,1982-2026
72.5,160.0,-0.0218,1982-2026
72.5,162.5,-0.0319,1982-2026
72.5,165.0,-0.0331,1982-2026
72.5,167.5,-0.0318,1982-2026
72.5,170.0,-0.0346,1982-2026
72.5,172.5,-0.038,1982-2026
72.5,175.0,-0.0456,1982-2026
72.5,177.5,-0.0575,1982-2026
72.5,180.0,-0.0602,1982-2026
72.5,-177.5,-0.065,1982-2026
72.5,-175.0,-0.068,1982-2026
72.5,-172.5,-0.06,1982-2026
72.5,-170.0,-0.0444,1982-2026
72.5,-167.5,-0.0257,1982-2026
72.5,-165.0,-0.014,1982-2026
72.5,-162.5,-0.0052,1982-2026
72.5,-160.0,0.0081,1982-2026
72.5,-157.5,0.0215,1982-2026
72.5,-155.0,0.0268,1982-2026
72.5,-152.5,0.0266,1982-2026
72.5,-150.0,0.0253,1982-2026
72.5,-147.5,0.0227,1982-2026
72.5,-145.0,0.0134,1982-2026
72.5,-142.5,0.0105,1982-2026
72.5,-140.0,0.0122,1982-2026
72.5,-137.5,0.0205,1982-2026
72.5,-135.0,0.0278,1982-2026
72.5,-132.5,0.0289,1982-2026
72.5,-130.0,0.0245,1982-2026
72.5,-127.5,0.0225,1982-2026
72.5,-125.0,0.0152,1982-2026
72.5,-122.5,-0.0041,1982-2026
72.5,-120.0,0.0013,1982-2026
72.5,-117.5,0.0131,1982-2026
72.5,-115.0,0.0018,1982-2026
72.5,-112.5,-0.0035,1982-2026
72.5,-110.0,-0.0061,1982-2026
72.5,-107.5,-0.0193,1982-2026
72.5,-105.0,0.0004,1982-2026
72.5,-102.5,-0.0147,1982-2026
72.5,-100.0,-0.0082,1982-2026
72.5,-97.5,0.0018,1982-2026
72.5,-95.0,0.0027,1982-2026
72.5,-92.5,0.0039,1982-2026
72.5,-90.0,0.0417,1982-2026
72.5,-87.5,0.0262,1982-2026
72.5,-85.0,0.0237,1982-2026
72.5,-82.5,0.0232,1982-2026
72.5,-80.0,-0.0135,1982-2026
72.5,-77.5,0.0206,1982-2026
72.5,-75.0,0.0964,1982-2026
72.5,-72.5,0.1193,1982-2026
72.5,-70.0,0.1012,1982-2026
72.5,-67.5,0.0799,1982-2026
72.5,-65.0,0.0558,1982-2026
72.5,-62.5,0.0403,1982-2026
72.5,-60.0,0.0303,1982-2026
72.5,-57.5,-0.003,1982-2026
72.5,-55.0,0.0202,1982-2026
72.5,-52.5,0.0368,1982-2026
72.5,-50.0,0.0533,1982-2026
72.5,-47.5,0.0398,1982-2026
72.5,-45.0,0.0228,1982-2026
72.5,-42.5,-0.0003,1982-2026
72.5,-40.0,-0.0224,1982-2026
72.5,-37.5,-0.0213,1982-2026
72.5,-35.0,-0.0469,1982-2026
72.5,-32.5,-0.0227,1982-2026
72.5,-30.0,-0.0082,1982-2026
72.5,-27.5,0.0015,1982-2026
72.5,-25.0,-0.0057,1982-2026
72.5,-22.5,0.0,1982-2026
72.5,-20.0,-0.0699,1982-2026
72.5,-17.5,-0.0127,1982-2026
72.5,-15.0,0.0298,1982-2026
72.5,-12.5,0.0438,1982-2026
72.5,-10.0,0.0467,1982-2026
72.5,-7.5,0.0521,1982-2026
72.5,-5.0,0.058,1982-2026
72.5,-2.5,0.0633,1982-2026
70.0,0.0,0.0517,1982-2026
70.0,2.5,0.0317,1982-2026
70.0,5.0,0.0236,1982-2026
70.0,7.5,0.0063,1982-2026
70.0,10.0,-0.02,1982-2026
70.0,12.5,-0.0483,1982-2026
70.0,15.0,-0.0813,1982-2026
70.0,17.5,-0.0776,1982-2026
70.0,20.0,-0.052,1982-2026
70.0,22.5,-0.0282,1982-2026
70.0,25.0,-0.0459,1982-2026
70.0,27.5,-0.0381,1982-2026
70.0,30.0,-0.0174,1982-2026
70.0,32.5,-0.0358,1982-2026
70.0,35.0,-0.0135,1982-2026
70.0,37.5,0.0078,1982-2026
70.0,40.0,0.011,1982-2026
70.0,42.5,0.0127,1982-2026
70.0,45.0,0.0261,1982-2026
70.0,47.5,0.0249,1982-2026
70.0,50.0,0.0223,1982-2026
70.0,52.5,0.0183,1982-2026
70.0,55.0,0.0215,1982-2026
70.0,57.5,0.0266,1982-2026
70.0,60.0,0.016,1982-2026
70.0,62.5,0.0249,1982-2026
70.0,65.0,0.0304,1982-2026
70.0,67.5,-0.0016,1982-2026
70.0,70.0,-0.0167,1982-2026
70.0,72.5,0.0105,1982-2026
70.0,75.0,-0.0254,1982-2026
70.0,77.5,-0.0368,1982-2026
70.0,80.0,-0.0576,1982-2026
70.0,82.5,-0.0819,1982-2026
70.0,85.0,-0.1032,1982-2026
70.0,87.5,-0.1087,1982-2026
70.0,90.0,-0.0089,1982-2026
70.0,92.5,-0.0145,1982-2026
70.0,95.0,0.0056,1982-2026
70.0,97.5,0.0077,1982-2026
70.0,100.0,-0.0148,1982-2026
70.0,102.5,-0.0401,1982-2026
70.0,105.0,-0.0159,1982-2026
70.0,107.5,-0.007,1982-2026
70.0,110.0,-0.0198,1982-2026
70.0,112.5,-0.0363,1982-2026
70.0,115.0,-0.0225,1982-2026
70.0,117.5,-0.0141,1982-2026
70.0,120.0,-0.0207,1982-2026
70.0,122.5,-0.0349,1982-2026
70.0,125.0,-0.0451,1982-2026
70.0,127.5,-0.0317,1982-2026
70.0,130.0,-0.0091,1982-2026
70.0,132.5,-0.0096,1982-2026
70.0,135.0,-0.0108,1982-2026
70.0,137.5,0.017,1982-2026
70.0,140.0,-0.0053,1982-2026
70.0,142.5,0.0112,1982-2026
70.0,145.0,0.012,1982-2026
70.0,147.5,-0.0287,1982-2026
70.0,150.0,-0.0235,1982-2026
70.0,152.5,-0.0283,1982-2026
70.0,155.0,-0.0426,1982-2026
70.0,157.5,-0.0621,1982-2026
70.0,160.0,-0.0727,1982-2026
70.0,162.5,-0.0678,1982-2026
70.0,165.0,-0.0222,1982-2026
70.0,167.5,-0.0139,1982-2026
70.0,170.0,-0.0193,1982-2026
70.0,172.5,0.0042,1982-2026
70.0,175.0,-0.0192,1982-2026
70.0,177.5,-0.0233,1982-2026
70.0,180.0,-0.0577,1982-2026
70.0,-177.5,-0.0729,1982-2026
70.0,-175.0,-0.091,1982-2026
70.0,-172.5,-0.0952,1982-2026
70.0,-170.0,-0.1069,1982-2026
70.0,-167.5,-0.1125,1982-2026
70.0,-165.0,-0.1085,1982-2026
70.0,-162.5,-0.0854,1982-2026
70.0,-160.0,-0.0526,1982-2026
70.0,-157.5,-0.0341,1982-2026
70.0,-155.0,-0.0346,1982-2026
70.0,-152.5,-0.0324,1982-2026
70.0,-150.0,-0.0248,1982-2026
70.0,-147.5,-0.0164,1982-2026
70.0,-145.0,0.0094,1982-2026
70.0,-142.5,0.0057,1982-2026
70.0,-140.0,0.0189,1982-2026
70.0,-137.5,0.015,1982-2026
70.0,-135.0,0.0082,1982-2026
70.0,-132.5,0.0027,1982-2026
70.0,-130.0,0.013,1982-2026
70.0,-127.5,-0.0008,1982-2026
70.0,-125.0,0.0274,1982-2026
70.0,-122.5,0.0472,1982-2026
70.0,-120.0,0.0104,1982-2026
70.0,-117.5,0.005,1982-2026
70.0,-115.0,0.0119,1982-2026
70.0,-112.5,0.0048,1982-2026
70.0,-110.0,0.0119,1982-2026
70.0,-107.5,0.012,1982-2026
70.0,-105.0,0.0104,1982-2026
70.0,-102.5,0.0116,1982-2026
70.0,-100.0,0.0357,1982-2026
70.0,-97.5,0.0164,1982-2026
70.0,-95.0,-0.0003,1982-2026
70.0,-92.5,-0.0049,1982-2026
70.0,-90.0,0.0203,1982-2026
70.0,-87.5,0.053,1982-2026
70.0,-85.0,0.0433,1982-2026
70.0,-82.5,0.0458,1982-2026
70.0,-80.0,0.0611,1982-2026
70.0,-77.5,0.0616,1982-2026
70.0,-75.0,0.0592,1982-2026
70.0,-72.5,0.0004,1982-2026
70.0,-70.0,0.0084,1982-2026
70.0,-67.5,0.0622,1982-2026
70.0,-65.0,0.0592,1982-2026
70.0,-62.5,0.0486,1982-2026
70.0,-60.0,0.0389,1982-2026
70.0,-57.5,0.047,1982-2026
70.0,-55.0,0.0407,1982-2026
70.0,-52.5,-0.0098,1982-2026
70.0,-50.0,0.0932,1982-2026
70.0,-47.5,0.0552,1982-2026
70.0,-45.0,0.0482,1982-2026
70.0,-42.5,0.0334,1982-2026
70.0,-40.0,0.0219,1982-2026
70.0,-37.5,0.0588,1982-2026
70.0,-35.0,0.0824,1982-2026
70.0,-32.5,0.0894,1982-2026
70.0,-30.0,-0.0232,1982-2026
70.0,-27.5,-0.0052,1982-2026
70.0,-25.0,0.0006,1982-2026
70.0,-22.5,-0.0361,1982-2026
70.0,-20.0,-0.0832,1982-2026
70.0,-17.5,0.0145,1982-2026
70.0,-15.0,0.0488,1982-2026
70.0,-12.5,0.0508,1982-2026
70.0,-10.0,0.0552,1982-2026
70.0,-7.5,0.0672,1982-2026
70.0,-5.0,0.0662,1982-2026
70.0,-2.5,0.0673,1982-2026
67.5,0.0,0.0396,1982-2026
67.5,2.5,0.0224,1982-2026
67.5,5.0,0.0098,1982-2026
67.5,7.5,-0.017,1982-2026
67.5,10.0,-0.0461,1982-2026
67.5,12.5,-0.0772,1982-2026
67.5,15.0,-0.0393,1982-2026
67.5,17.5,-0.0303,1982-2026
67.5,20.0,-0.0134,1982-2026
67.5,22.5,-0.0193,1982-2026
67.5,25.0,-0.0182,1982-2026
67.5,27.5,-0.011,1982-2026
67.5,30.0,-0.0136,1982-2026
67.5,32.5,-0.0145,1982-2026
67.5,35.0,-0.0033,1982-2026
67.5,37.5,0.0002,1982-2026
67.5,40.0,0.0312,1982-2026
67.5,42.5,0.0727,1982-2026
67.5,45.0,0.0351,1982-2026
67.5,47.5,0.0448,1982-2026
67.5,50.0,0.0189,1982-2026
67.5,52.5,0.0231,1982-2026
67.5,55.0,0.0282,1982-2026
67.5,57.5,0.0223,1982-2026
67.5,60.0,0.0162,1982-2026
67.5,62.5,-0.006,1982-2026
67.5,65.0,0.0073,1982-2026
67.5,67.5,0.0139,1982-2026
67.5,70.0,0.0059,1982-2026
67.5,72.5,-0.0055,1982-2026
67.5,75.0,-0.0175,1982-2026
67.5,77.5,-0.0237,1982-2026
67.5,80.0,-0.046,1982-2026
67.5,82.5,-0.0676,1982-2026
67.5,85.0,-0.0866,1982-2026
67.5,87.5,-0.0492,1982-2026
67.5,90.0,-0.0149,1982-2026
67.5,92.5,0.0066,1982-2026
67.5,95.0,-0.0034,1982-2026
67.5,97.5,-0.011,1982-2026
67.5,100.0,-0.0169,1982-2026
67.5,102.5,-0.0211,1982-2026
67.5,105.0,-0.0261,1982-2026
67.5,107.5,-0.022,1982-2026
67.5,110.0,-0.0121,1982-2026
67.5,112.5,-0.0186,1982-2026
67.5,115.0,-0.0153,1982-2026
67.5,117.5,-0.0033,1982-2026
67.5,120.0,-0.011,1982-2026
67.5,122.5,-0.0194,1982-2026
67.5,125.0,-0.0201,1982-2026
67.5,127.5,0.0038,1982-2026
67.5,130.0,-0.0277,1982-2026
67.5,132.5,-0.0417,1982-2026
67.5,135.0,-0.03,1982-2026
67.5,137.5,-0.0056,1982-2026
67.5,140.0,0.0019,1982-2026
67.5,142.5,0.0021,1982-2026
67.5,145.0,-0.0179,1982-2026
67.5,147.5,-0.0118,1982-2026
67.5,150.0,0.0182,1982-2026
67.5,152.5,0.0017,1982-2026
67.5,155.0,0.0008,1982-2026
67.5,157.5,-0.001,1982-2026
67.5,160.0,0.0148,1982-2026
67.5,162.5,0.0194,1982-2026
67.5,165.0,0.0117,1982-2026
67.5,167.5,0.0003,1982-2026
67.5,170.0,0.018,1982-2026
67.5,172.5,0.0061,1982-2026
67.5,175.0,-0.0104,1982-2026
67.5,177.5,-0.0137,1982-2026
67.5,180.0,-0.0022,1982-2026
67.5,-177.5,-0.0298,1982-2026
67.5,-175.0,-0.0545,1982-2026
67.5,-172.5,-0.0644,1982-2026
67.5,-170.0,-0.0913,1982-2026
67.5,-167.5,-0.0729,1982-2026
67.5,-165.0,0.0103,1982-2026
67.5,-162.5,-0.0113,1982-2026
67.5,-160.0,-0.0123,1982-2026
67.5,-157.5,-0.0192,1982-2026
67.5,-155.0,-0.0025,1982-2026
67.5,-152.5,-0.003,1982-2026
67.5,-150.0,-0.0107,1982-2026
67.5,-147.5,-0.0029,1982-2026
67.5,-145.0,-0.0131,1982-2026
67.5,-142.5,-0.0312,1982-2026
67.5,-140.0,-0.0008,1982-2026
67.5,-137.5,0.0022,1982-2026
67.5,-135.0,0.0054,1982-2026
67.5,-132.5,-0.02,1982-2026
67.5,-130.0,-0.0184,1982-2026
67.5,-127.5,-0.0353,1982-2026
67.5,-125.0,-0.0318,1982-2026
67.5,-122.5,-0.0765,1982-2026
67.5,-120.0,-0.086,1982-2026
67.5,-117.5,0.0149,1982-2026
67.5,-115.0,0.0189,1982-2026
67.5,-112.5,0.0188,1982-2026
67.5,-110.0,0.0061,1982-2026
67.5,-107.5,0.0116,1982-2026
67.5,-105.0,0.0179,1982-2026
67.5,-102.5,0.0234,1982-2026
67.5,-100.0,0.0348,1982-2026
67.5,-97.5,0.0205,1982-2026
67.5,-95.0,0.0485,1982-2026
67.5,-92.5,0.0161,1982-2026
67.5,-90.0,-0.0109,1982-2026
67.5,-87.5,0.0218,1982-2026
67.5,-85.0,0.02,1982-2026
67.5,-82.5,0.0228,1982-2026
67.5,-80.0,0.0576,1982-2026
67.5,-77.5,0.035,1982-2026
67.5,-75.0,0.0343,1982-2026
67.5,-72.5,0.0359,1982-2026
67.5,-70.0,0.0198,1982-2026
67.5,-67.5,0.001,1982-2026
67.5,-65.0,0.009,1982-2026
67.5,-62.5,0.0171,1982-2026
67.5,-60.0,0.0653,1982-2026
67.5,-57.5,0.0273,1982-2026
67.5,-55.0,-0.0046,1982-2026
67.5,-52.5,-0.0076,1982-2026
67.5,-50.0,0.0539,1982-2026
67.5,-47.5,0.0039,1982-2026
67.5,-45.0,-0.0043,1982-2026
67.5,-42.5,0.0094,1982-2026
67.5,-40.0,0.1102,1982-2026
67.5,-37.5,0.1148,1982-2026
67.5,-35.0,0.0744,1982-2026
67.5,-32.5,0.0642,1982-2026
67.5,-30.0,0.0697,1982-2026
67.5,-27.5,0.0518,1982-2026
67.5,-25.0,0.0215,1982-2026
67.5,-22.5,0.0039,1982-2026
67.5,-20.0,0.0444,1982-2026
67.5,-17.5,0.0987,1982-2026
67.5,-15.0,0.1066,1982-2026
67.5,-12.5,0.0914,1982-2026
67.5,-10.0,0.0868,1982-2026
67.5,-7.5,0.0818,1982-2026
67.5,-5.0,0.0797,1982-2026
67.5,-2.5,0.0577,1982-2026
65.0,0.0,-0.0094,1982-2026
65.0,2.5,-0.032,1982-2026
65.0,5.0,-0.05,1982-2026
65.0,7.5,-0.0468,1982-2026
65.0,10.0,-0.0053,1982-2026
65.0,12.5,-0.0255,1982-2026
65.0,15.0,-0.0246,1982-2026
65.0,17.5,-0.0179,1982-2026
65.0,20.0,-0.0101,1982-2026
65.0,22.5,-0.0256,1982-2026
65.0,25.0,-0.0091,1982-2026
65.0,27.5,-0.0077,1982-2026
65.0,30.0,-0.0042,1982-2026
65.0,32.5,-0.0016,1982-2026
65.0,35.0,0.0093,1982-2026
65.0,37.5,0.0081,1982-2026
65.0,40.0,0.0529,1982-2026
65.0,42.5,0.0149,1982-2026
65.0,45.0,0.0207,1982-2026
65.0,47.5,0.0197,1982-2026
65.0,50.0,0.016,1982-2026
65.0,52.5,0.0124,1982-2026
65.0,55.0,0.0143,1982-2026
65.0,57.5,0.0239,1982-2026
65.0,60.0,0.0285,1982-2026
65.0,62.5,-0.0027,1982-2026
65.0,65.0,0.003,1982-2026
65.0,67.5,0.0066,1982-2026
65.0,70.0,0.0066,1982-2026
65.0,72.5,-0.0046,1982-2026
65.0,75.0,-0.0204,1982-2026
65.0,77.5,-0.0272,1982-2026
65.0,80.0,-0.025,1982-2026
65.0,82.5,-0.0459,1982-2026
65.0,85.0,-0.0403,1982-2026
65.0,87.5,-0.0318,1982-2026
65.0,90.0,-0.0196,1982-2026
65.0,92.5,-0.0384,1982-2026
65.0,95.0,-0.0235,1982-2026
65.0,97.5,-0.0188,1982-2026
65.0,100.0,-0.0156,1982-2026
65.0,102.5,-0.0138,1982-2026
65.0,105.0,-0.0096,1982-2026
65.0,107.5,0.0004,1982-2026
65.0,110.0,0.0008,1982-2026
65.0,112.5,0.0119,1982-2026
65.0,115.0,0.0004,1982-2026
65.0,117.5,0.0079,1982-2026
65.0,120.0,0.0016,1982-2026
65.0,122.5,-0.014,1982-2026
65.0,125.0,-0.0384,1982-2026
65.0,127.5,0.0029,1982-2026
65.0,130.0,-0.0322,1982-2026
65.0,132.5,-0.0145,1982-2026
65.0,135.0,-0.0264,1982-2026
65.0,137.5,0.0032,1982-2026
65.0,140.0,0.0057,1982-2026
65.0,142.5,-0.0187,1982-2026
65.0,145.0,0.0023,1982-2026
65.0,147.5,-0.014,1982-2026
65.0,150.0,0.0179,1982-2026
65.0,152.5,-0.0001,1982-2026
65.0,155.0,0.0115,1982-2026
65.0,157.5,0.0182,1982-2026
65.0,160.0,0.0024,1982-2026
65.0,162.5,0.0357,1982-2026
65.0,165.0,0.0267,1982-2026
65.0,167.5,0.0158,1982-2026
65.0,170.0,-0.0098,1982-2026
65.0,172.5,-0.0043,1982-2026
65.0,175.0,-0.0409,1982-2026
65.0,177.5,-0.0699,1982-2026
65.0,180.0,-0.0935,1982-2026
65.0,-177.5,-0.0962,1982-2026
65.0,-175.0,-0.093,1982-2026
65.0,-172.5,-0.051,1982-2026
65.0,-170.0,-0.1474,1982-2026
65.0,-167.5,-0.0967,1982-2026
65.0,-165.0,-0.0141,1982-2026
65.0,-162.5,-0.0323,1982-2026
65.0,-160.0,-0.0334,1982-2026
65.0,-157.5,-0.0286,1982-2026
65.0,-155.0,-0.0154,1982-2026
65.0,-152.5,-0.0094,1982-2026
65.0,-150.0,-0.0195,1982-2026
65.0,-147.5,-0.0004,1982-2026
65.0,-145.0,-0.0047,1982-2026
65.0,-142.5,0.015,1982-2026
65.0,-140.0,0.0067,1982-2026
65.0,-137.5,0.0203,1982-2026
65.0,-135.0,0.0001,1982-2026
65.0,-132.5,0.0005,1982-2026
65.0,-130.0,-0.0031,1982-2026
65.0,-127.5,-0.0062,1982-2026
65.0,-125.0,-0.0363,1982-2026
65.0,-122.5,-0.025,1982-2026
65.0,-120.0,-0.0239,1982-2026
65.0,-117.5,-0.0335,1982-2026
65.0,-115.0,-0.0498,1982-2026
65.0,-112.5,-0.0236,1982-2026
65.0,-110.0,0.0008,1982-2026
65.0,-107.5,0.0105,1982-2026
65.0,-105.0,0.0119,1982-2026
65.0,-102.5,0.0227,1982-2026
65.0,-100.0,0.0404,1982-2026
65.0,-97.5,0.0274,1982-2026
65.0,-95.0,-0.0142,1982-2026
65.0,-92.5,-0.0194,1982-2026
65.0,-90.0,-0.008,1982-2026
65.0,-87.5,0.0116,1982-2026
65.0,-85.0,0.0448,1982-2026
65.0,-82.5,0.074,1982-2026
65.0,-80.0,0.0833,1982-2026
65.0,-77.5,0.0495,1982-2026
65.0,-75.0,0.0287,1982-2026
65.0,-72.5,0.0433,1982-2026
65.0,-70.0,0.068,1982-2026
65.0,-67.5,0.0348,1982-2026
65.0,-65.0,0.0143,1982-2026
65.0,-62.5,0.0256,1982-2026
65.0,-60.0,0.0581,1982-2026
65.0,-57.5,0.0084,1982-2026
65.0,-55.0,-0.0261,1982-2026
65.0,-52.5,0.0305,1982-2026
65.0,-50.0,0.0095,1982-2026
65.0,-47.5,-0.0044,1982-2026
65.0,-45.0,-0.0216,1982-2026
65.0,-42.5,0.0489,1982-2026
65.0,-40.0,0.0856,1982-2026
65.0,-37.5,0.1561,1982-2026
65.0,-35.0,0.1235,1982-2026
65.0,-32.5,0.05,1982-2026
65.0,-30.0,0.0237,1982-2026
65.0,-27.5,0.0192,1982-2026
65.0,-25.0,0.029,1982-2026
65.0,-22.5,-0.0073,1982-2026
65.0,-20.0,-0.0228,1982-2026
65.0,-17.5,-0.0151,1982-2026
65.0,-15.0,0.0178,1982-2026
65.0,-12.5,0.0895,1982-2026
65.0,-10.0,0.0893,1982-2026
65.0,-7.5,0.0719,1982-2026
65.0,-5.0,0.0279,1982-2026
65.0,-2.5,0.013,1982-2026
62.5,0.0,-0.0209,1982-2026
62.5,2.5,-0.0441,1982-2026
62.5,5.0,-0.0523,1982-2026
62.5,7.5,0.0055,1982-2026
62.5,10.0,-0.0009,1982-2026
62.5,12.5,-0.0117,1982-2026
62.5,15.0,-0.0238,1982-2026
62.5,17.5,-0.0071,1982-2026
62.5,20.0,-0.0148,1982-2026
62.5,22.5,0.0001,1982-2026
62.5,25.0,-0.0001,1982-2026
62.5,27.5,0.0016,1982-2026
62.5,30.0,-0.0014,1982-2026
62.5,32.5,-0.0034,1982-2026
62.5,35.0,-0.0066,1982-2026
62.5,37.5,0.0068,1982-2026
62.5,40.0,0.014,1982-2026
62.5,42.5,0.0232,1982-2026
62.5,45.0,0.0305,1982-2026
62.5,47.5,0.0268,1982-2026
62.5,50.0,0.0234,1982-2026
62.5,52.5,0.0234,1982-2026
62.5,55.0,0.0278,1982-2026
62.5,57.5,0.0275,1982-2026
62.5,60.0,0.0282,1982-2026
62.5,62.5,0.0288,1982-2026
62.5,65.0,0.0329,1982-2026
62.5,67.5,0.0281,1982-2026
62.5,70.0,0.0249,1982-2026
62.5,72.5,0.0144,1982-2026
62.5,75.0,-0.0013,1982-2026
62.5,77.5,-0.0061,1982-2026
62.5,80.0,-0.0075,1982-2026
62.5,82.5,-0.0085,1982-2026
62.5,85.0,-0.0137,1982-2026
62.5,87.5,0.0006,1982-2026
62.5,90.0,-0.006,1982-2026
62.5,92.5,0.0027,1982-2026
62.5,95.0,-0.005,1982-2026
62.5,97.5,-0.0122,1982-2026
62.5,100.0,-0.0018,1982-2026
62.5,102.5,0.0018,1982-2026
62.5,105.0,0.0138,1982-2026
62.5,107.5,0.0162,1982-2026
62.5,110.0,0.0088,1982-2026
62.5,112.5,0.0074,1982-2026
62.5,115.0,0.007,1982-2026
62.5,117.5,0.0038,1982-2026
62.5,120.0,0.0073,1982-2026
62.5,122.5,0.0038,1982-2026
62.5,125.0,0.0016,1982-2026
62.5,127.5,0.0112,1982-2026
62.5,130.0,-0.007,1982-2026
62.5,132.5,-0.0018,1982-2026
62.5,135.0,-0.0131,1982-2026
62.5,137.5,0.0028,1982-2026
62.5,140.0,0.0152,1982-2026
62.5,142.5,-0.0254,1982-2026
62.5,145.0,0.0091,1982-2026
62.5,147.5,-0.0033,1982-2026
62.5,150.0,0.0105,1982-2026
62.5,152.5,0.0167,1982-2026
62.5,155.0,0.0213,1982-2026
62.5,157.5,0.0176,1982-2026
62.5,160.0,0.0035,1982-2026
62.5,162.5,0.0192,1982-2026
62.5,165.0,0.0179,1982-2026
62.5,167.5,-0.0025,1982-2026
62.5,170.0,0.0277,1982-2026
62.5,172.5,-0.0275,1982-2026
62.5,175.0,-0.0486,1982-2026
62.5,177.5,-0.0945,1982-2026
62.5,180.0,-0.1364,1982-2026
62.5,-177.5,-0.1097,1982-2026
62.5,-175.0,-0.1251,1982-2026
62.5,-172.5,-0.14,1982-2026
62.5,-170.0,-0.1352,1982-2026
62.5,-167.5,-0.1013,1982-2026
62.5,-165.0,-0.057,1982-2026
62.5,-162.5,-0.0421,1982-2026
62.5,-160.0,-0.0382,1982-2026
62.5,-157.5,-0.0307,1982-2026
62.5,-155.0,-0.0142,1982-2026
62.5,-152.5,0.0039,1982-2026
62.5,-150.0,-0.0197,1982-2026
62.5,-147.5,-0.0121,1982-2026
62.5,-145.0,0.0256,1982-2026
62.5,-142.5,-0.0158,1982-2026
62.5,-140.0,0.006,1982-2026
62.5,-137.5,-0.0156,1982-2026
62.5,-135.0,-0.0297,1982-2026
62.5,-132.5,-0.0176,1982-2026
62.5,-130.0,-0.0054,1982-2026
62.5,-127.5,0.0088,1982-2026
62.5,-125.0,-0.0171,1982-2026
62.5,-122.5,-0.002,1982-2026
62.5,-120.0,-0.0,1982-2026
62.5,-117.5,-0.0174,1982-2026
62.5,-115.0,-0.0275,1982-2026
62.5,-112.5,-0.0551,1982-2026
62.5,-110.0,-0.0396,1982-2026
62.5,-107.5,-0.0108,1982-2026
62.5,-105.0,0.0169,1982-2026
62.5,-102.5,0.0415,1982-2026
62.5,-100.0,0.0569,1982-2026
62.5,-97.5,0.0546,1982-2026
62.5,-95.0,0.0158,1982-2026
62.5,-92.5,0.0151,1982-2026
62.5,-90.0,0.0223,1982-2026
62.5,-87.5,0.0221,1982-2026
62.5,-85.0,0.0199,1982-2026
62.5,-82.5,0.0255,1982-2026
62.5,-80.0,0.049,1982-2026
62.5,-77.5,0.0525,1982-2026
62.5,-75.0,0.047,1982-2026
62.5,-72.5,0.0401,1982-2026
62.5,-70.0,0.0271,1982-2026
62.5,-67.5,-0.0158,1982-2026
62.5,-65.0,0.0345,1982-2026
62.5,-62.5,0.0624,1982-2026
62.5,-60.0,0.0712,1982-2026
62.5,-57.5,0.0223,1982-2026
62.5,-55.0,-0.0218,1982-2026
62.5,-52.5,-0.0541,1982-2026
62.5,-50.0,-0.0111,1982-2026
62.5,-47.5,0.0297,1982-2026
62.5,-45.0,0.0483,1982-2026
62.5,-42.5,0.0005,1982-2026
62.5,-40.0,0.0236,1982-2026
62.5,-37.5,0.0013,1982-2026
62.5,-35.0,-0.0037,1982-2026
62.5,-32.5,-0.0177,1982-2026
62.5,-30.0,0.0058,1982-2026
62.5,-27.5,0.0291,1982-2026
62.5,-25.0,0.0548,1982-2026
62.5,-22.5,0.072,1982-2026
62.5,-20.0,0.0761,1982-2026
62.5,-17.5,0.0595,1982-2026
62.5,-15.0,0.0542,1982-2026
62.5,-12.5,0.0688,1982-2026
62.5,-10.0,0.0658,1982-2026
62.5,-7.5,0.0488,1982-2026
62.5,-5.0,0.0474,1982-2026
62.5,-2.5,0.0212,1982-2026
60.0,0.0,-0.0242,1982-2026
60.0,2.5,-0.0417,1982-2026
60.0,5.0,-0.0441,1982-2026
60.0,7.5,-0.0584,1982-2026
60.0,10.0,-0.0099,1982-2026
60.0,12.5,-0.0355,1982-2026
60.0,15.0,-0.0326,1982-2026
60.0,17.5,-0.0247,1982-2026
60.0,20.0,-0.0199,1982-2026
60.0,22.5,-0.0083,1982-2026
60.0,25.0,0.0231,1982-2026
60.0,27.5,0.0221,1982-2026
60.0,30.0,0.0103,1982-2026
60.0,32.5,-0.0038,1982-2026
60.0,35.0,-0.0063,1982-2026
60.0,37.5,0.002,1982-2026
60.0,40.0,0.008,1982-2026
60.0,42.5,0.0156,1982-2026
60.0,45.0,0.0222,1982-2026
60.0,47.5,0.0272,1982-2026
60.0,50.0,0.0289,1982-2026
60.0,52.5,0.0264,1982-2026
60.0,55.0,0.0273,1982-2026
60.0,57.5,0.0239,1982-2026
60.0,60.0,0.0298,1982-2026
60.0,62.5,0.0388,1982-2026
60.0,65.0,0.039,1982-2026
60.0,67.5,0.0387,1982-2026
60.0,70.0,0.0353,1982-2026
60.0,72.5,0.0306,1982-2026
60.0,75.0,0.0252,1982-2026
60.0,77.5,0.0213,1982-2026
60.0,80.0,0.0141,1982-2026
60.0,82.5,0.0165,1982-2026
60.0,85.0,0.0146,1982-2026
60.0,87.5,0.0085,1982-2026
60.0,90.0,0.0017,1982-2026
60.0,92.5,0.0091,1982-2026
60.0,95.0,-0.0027,1982-2026
60.0,97.5,0.0022,1982-2026
60.0,100.0,-0.0042,1982-2026
60.0,102.5,-0.0035,1982-2026
60.0,105.0,0.0004,1982-2026
60.0,107.5,0.0074,1982-2026
60.0,110.0,0.0146,1982-2026
60.0,112.5,0.0169,1982-2026
60.0,115.0,0.034,1982-2026
60.0,117.5,0.0338,1982-2026
60.0,120.0,0.0136,1982-2026
60.0,122.5,0.0121,1982-2026
60.0,125.0,0.0169,1982-2026
60.0,127.5,0.0131,1982-2026
60.0,130.0,0.0138,1982-2026
60.0,132.5,0.0123,1982-2026
60.0,135.0,-0.0007,1982-2026
60.0,137.5,0.0091,1982-2026
60.0,140.0,0.0024,1982-2026
60.0,142.5,0.0165,1982-2026
60.0,145.0,0.018,1982-2026
60.0,147.5,0.0197,1982-2026
60.0,150.0,0.0349,1982-2026
60.0,152.5,0.0007,1982-2026
60.0,155.0,0.0492,1982-2026
60.0,157.5,0.039,1982-2026
60.0,160.0,0.0513,1982-2026
60.0,162.5,0.0243,1982-2026
60.0,165.0,0.0145,1982-2026
60.0,167.5,0.0243,1982-2026
60.0,170.0,0.0243,1982-2026
60.0,172.5,-0.0658,1982-2026
60.0,175.0,-0.1113,1982-2026
60.0,177.5,-0.1038,1982-2026
60.0,180.0,-0.0983,1982-2026
60.0,-177.5,-0.0831,1982-2026
60.0,-175.0,-0.0802,1982-2026
60.0,-172.5,-0.0686,1982-2026
60.0,-170.0,-0.0442,1982-2026
60.0,-167.5,-0.0448,1982-2026
60.0,-165.0,-0.039,1982-2026
60.0,-162.5,-0.0555,1982-2026
60.0,-160.0,-0.0514,1982-2026
60.0,-157.5,-0.0932,1982-2026
60.0,-155.0,-0.0334,1982-2026
60.0,-152.5,-0.0443,1982-2026
60.0,-150.0,0.0018,1982-2026
60.0,-147.5,-0.0336,1982-2026
60.0,-145.0,-0.034,1982-2026
60.0,-142.5,-0.0407,1982-2026
60.0,-140.0,-0.0196,1982-2026
60.0,-137.5,0.003,1982-2026
60.0,-135.0,-0.0087,1982-2026
60.0,-132.5,0.0019,1982-2026
60.0,-130.0,0.0109,1982-2026
60.0,-127.5,0.0121,1982-2026
60.0,-125.0,0.0157,1982-2026
60.0,-122.5,0.0237,1982-2026
60.0,-120.0,0.0133,1982-2026
60.0,-117.5,0.0115,1982-2026
60.0,-115.0,0.0089,1982-2026
60.0,-112.5,0.0089,1982-2026
60.0,-110.0,0.0006,1982-2026
60.0,-107.5,0.0076,1982-2026
60.0,-105.0,0.0281,1982-2026
60.0,-102.5,0.0396,1982-2026
60.0,-100.0,0.0664,1982-2026
60.0,-97.5,0.0608,1982-2026
60.0,-95.0,0.046,1982-2026
60.0,-92.5,0.0338,1982-2026
60.0,-90.0,0.0087,1982-2026
60.0,-87.5,-0.0161,1982-2026
60.0,-85.0,-0.031,1982-2026
60.0,-82.5,-0.0387,1982-2026
60.0,-80.0,-0.023,1982-2026
60.0,-77.5,0.0119,1982-2026
60.0,-75.0,0.0215,1982-2026
60.0,-72.5,0.0075,1982-2026
60.0,-70.0,-0.025,1982-2026
60.0,-67.5,0.0038,1982-2026
60.0,-65.0,-0.0398,1982-2026
60.0,-62.5,0.0377,1982-2026
60.0,-60.0,0.015,1982-2026
60.0,-57.5,-0.0189,1982-2026
60.0,-55.0,-0.0432,1982-2026
60.0,-52.5,-0.0786,1982-2026
60.0,-50.0,-0.1137,1982-2026
60.0,-47.5,-0.1229,1982-2026
60.0,-45.0,-0.1283,1982-2026
60.0,-42.5,-0.0677,1982-2026
60.0,-40.0,-0.0513,1982-2026
60.0,-37.5,-0.0467,1982-2026
60.0,-35.0,-0.0535,1982-2026
60.0,-32.5,-0.0716,1982-2026
60.0,-30.0,-0.0761,1982-2026
60.0,-27.5,-0.0705,1982-2026
60.0,-25.0,-0.0698,1982-2026
60.0,-22.5,-0.0621,1982-2026
60.0,-20.0,-0.037,1982-2026
60.0,-17.5,-0.0269,1982-2026
60.0,-15.0,-0.0195,1982-2026
60.0,-12.5,-0.0003,1982-2026
60.0,-10.0,0.0092,1982-2026
60.0,-7.5,0.0149,1982-2026
60.0,-5.0,0.0319,1982-2026
60.0,-2.5,0.0089,1982-2026
57.5,0.0,-0.0399,1982-2026
57.5,2.5,-0.0827,1982-2026
57.5,5.0,-0.1014,1982-2026
57.5,7.5,-0.0873,1982-2026
57.5,10.0,-0.0401,1982-2026
57.5,12.5,-0.028,1982-2026
57.5,15.0,-0.0428,1982-2026
57.5,17.5,-0.0747,1982-2026
57.5,20.0,-0.055,1982-2026
57.5,22.5,-0.0353,1982-2026
57.5,25.0,-0.0322,1982-2026
57.5,27.5,-0.0268,1982-2026
57.5,30.0,-0.0232,1982-2026
57.5,32.5,-0.0276,1982-2026
57.5,35.0,-0.025,1982-2026
57.5,37.5,-0.0251,1982-2026
57.5,40.0,-0.012,1982-2026
57.5,42.5,-0.0035,1982-2026
57.5,45.0,0.0028,1982-2026
57.5,47.5,0.0006,1982-2026
57.5,50.0,0.0059,1982-2026
57.5,52.5,0.013,1982-2026
57.5,55.0,0.0115,1982-2026
57.5,57.5,0.0221,1982-2026
57.5,60.0,0.0281,1982-2026
57.5,62.5,0.0371,1982-2026
57.5,65.0,0.0374,1982-2026
57.5,67.5,0.0329,1982-2026
57.5,70.0,0.0212,1982-2026
57.5,72.5,0.0113,1982-2026
57.5,75.0,0.0166,1982-2026
57.5,77.5,0.0233,1982-2026
57.5,80.0,0.025,1982-2026
57.5,82.5,0.0237,1982-2026
57.5,85.0,0.0268,1982-2026
57.5,87.5,0.0248,1982-2026
57.5,90.0,0.0263,1982-2026
57.5,92.5,0.0291,1982-2026
57.5,95.0,0.0173,1982-2026
57.5,97.5,0.0183,1982-2026
57.5,100.0,0.0238,1982-2026
57.5,102.5,0.0133,1982-2026
57.5,105.0,0.0169,1982-2026
57.5,107.5,0.0228,1982-2026
57.5,110.0,0.0267,1982-2026
57.5,112.5,0.0056,1982-2026
57.5,115.0,0.0128,1982-2026
57.5,117.5,0.0145,1982-2026
57.5,120.0,0.0217,1982-2026
57.5,122.5,0.0359,1982-2026
57.5,125.0,0.029,1982-2026
57.5,127.5,0.0182,1982-2026
57.5,130.0,0.0047,1982-2026
57.5,132.5,0.0292,1982-2026
57.5,135.0,0.0258,1982-2026
57.5,137.5,0.0004,1982-2026
57.5,140.0,0.0691,1982-2026
57.5,142.5,0.0134,1982-2026
57.5,145.0,0.039,1982-2026
57.5,147.5,0.0762,1982-2026
57.5,150.0,0.0669,1982-2026
57.5,152.5,0.0391,1982-2026
57.5,155.0,0.0208,1982-2026
57.5,157.5,0.0091,1982-2026
57.5,160.0,0.0336,1982-2026
57.5,162.5,0.0106,1982-2026
57.5,165.0,0.004,1982-2026
57.5,167.5,-0.0018,1982-2026
57.5,170.0,-0.0269,1982-2026
57.5,172.5,-0.0433,1982-2026
57.5,175.0,-0.0463,1982-2026
57.5,177.5,-0.0313,1982-2026
57.5,180.0,-0.0099,1982-2026
57.5,-177.5,0.0036,1982-2026
57.5,-175.0,0.001,1982-2026
57.5,-172.5,-0.0055,1982-2026
57.5,-170.0,-0.0233,1982-2026
57.5,-167.5,-0.0329,1982-2026
57.5,-165.0,-0.0388,1982-2026
57.5,-162.5,-0.0425,1982-2026
57.5,-160.0,-0.0512,1982-2026
57.5,-157.5,-0.037,1982-2026
57.5,-155.0,-0.0273,1982-2026
57.5,-152.5,-0.0094,1982-2026
57.5,-150.0,-0.0059,1982-2026
57.5,-147.5,0.0117,1982-2026
57.5,-145.0,-0.0186,1982-2026
57.5,-142.5,-0.0477,1982-2026
57.5,-140.0,-0.0602,1982-2026
57.5,-137.5,-0.07,1982-2026
57.5,-135.0,-0.0151,1982-2026
57.5,-132.5,-0.0086,1982-2026
57.5,-130.0,0.0022,1982-2026
57.5,-127.5,0.0104,1982-2026
57.5,-125.0,-0.0025,1982-2026
57.5,-122.5,-0.004,1982-2026
57.5,-120.0,0.0078,1982-2026
57.5,-117.5,0.0043,1982-2026
57.5,-115.0,0.0111,1982-2026
57.5,-112.5,0.0146,1982-2026
57.5,-110.0,-0.0084,1982-2026
57.5,-107.5,0.0055,1982-2026
57.5,-105.0,0.0158,1982-2026
57.5,-102.5,0.0097,1982-2026
57.5,-100.0,0.0266,1982-2026
57.5,-97.5,0.0381,1982-2026
57.5,-95.0,0.0461,1982-2026
57.5,-92.5,0.0615,1982-2026
57.5,-90.0,0.0525,1982-2026
57.5,-87.5,0.0175,1982-2026
57.5,-85.0,-0.0071,1982-2026
57.5,-82.5,-0.039,1982-2026
57.5,-80.0,-0.0425,1982-2026
57.5,-77.5,-0.0082,1982-2026
57.5,-75.0,-0.0142,1982-2026
57.5,-72.5,-0.0512,1982-2026
57.5,-70.0,-0.0327,1982-2026
57.5,-67.5,-0.0421,1982-2026
57.5,-65.0,-0.0098,1982-2026
57.5,-62.5,-0.0203,1982-2026
57.5,-60.0,0.0363,1982-2026
57.5,-57.5,0.0523,1982-2026
57.5,-55.0,0.0218,1982-2026
57.5,-52.5,-0.026,1982-2026
57.5,-50.0,-0.0577,1982-2026
57.5,-47.5,-0.0647,1982-2026
57.5,-45.0,-0.0543,1982-2026
57.5,-42.5,-0.0655,1982-2026
57.5,-40.0,-0.085,1982-2026
57.5,-37.5,-0.1046,1982-2026
57.5,-35.0,-0.1172,1982-2026
57.5,-32.5,-0.1387,1982-2026
57.5,-30.0,-0.1456,1982-2026
57.5,-27.5,-0.1441,1982-2026
57.5,-25.0,-0.1329,1982-2026
57.5,-22.5,-0.1301,1982-2026
57.5,-20.0,-0.1254,1982-2026
57.5,-17.5,-0.1089,1982-2026
57.5,-15.0,-0.0905,1982-2026
57.5,-12.5,-0.0776,1982-2026
57.5,-10.0,-0.0698,1982-2026
57.5,-7.5,-0.0486,1982-2026
57.5,-5.0,-0.0144,1982-2026
57.5,-2.5,-0.0224,1982-2026
55.0,0.0,-0.0519,1982-2026
55.0,2.5,-0.0496,1982-2026
55.0,5.0,-0.057,1982-2026
55.0,7.5,-0.0571,1982-2026
55.0,10.0,-0.0418,1982-2026
55.0,12.5,-0.0648,1982-2026
55.0,15.0,-0.1018,1982-2026
55.0,17.5,-0.1308,1982-2026
55.0,20.0,-0.1149,1982-2026
55.0,22.5,-0.0776,1982-2026
55.0,25.0,-0.0766,1982-2026
55.0,27.5,-0.0871,1982-2026
55.0,30.0,-0.0625,1982-2026
55.0,32.5,-0.0549,1982-2026
55.0,35.0,-0.0605,1982-2026
55.0,37.5,-0.0537,1982-2026
55.0,40.0,-0.0385,1982-2026
55.0,42.5,-0.0225,1982-2026
55.0,45.0,-0.0116,1982-2026
55.0,47.5,-0.001,1982-2026
55.0,50.0,0.0274,1982-2026
55.0,52.5,0.0117,1982-2026
55.0,55.0,0.0077,1982-2026
55.0,57.5,-0.0087,1982-2026
55.0,60.0,-0.0022,1982-2026
55.0,62.5,-0.0055,1982-2026
55.0,65.0,-0.009,1982-2026
55.0,67.5,-0.0104,1982-2026
55.0,70.0,-0.0069,1982-2026
55.0,72.5,-0.007,1982-2026
55.0,75.0,-0.0153,1982-2026
55.0,77.5,-0.0261,1982-2026
55.0,80.0,-0.018,1982-2026
55.0,82.5,-0.0094,1982-2026
55.0,85.0,-0.0023,1982-2026
55.0,87.5,0.0098,1982-2026
55.0,90.0,0.0024,1982-2026
55.0,92.5,0.0129,1982-2026
55.0,95.0,0.0257,1982-2026
55.0,97.5,0.0013,1982-2026
55.0,100.0,-0.007,1982-2026
55.0,102.5,-0.0075,1982-2026
55.0,105.0,0.0074,1982-2026
55.0,107.5,0.0062,1982-2026
55.0,110.0,-0.0136,1982-2026
55.0,112.5,0.0147,1982-2026
55.0,115.0,0.0094,1982-2026
55.0,117.5,0.0319,1982-2026
55.0,120.0,0.0064,1982-2026
55.0,122.5,0.0112,1982-2026
55.0,125.0,0.0111,1982-2026
55.0,127.5,-0.0051,1982-2026
55.0,130.0,-0.0109,1982-2026
55.0,132.5,0.0111,1982-2026
55.0,135.0,-0.0029,1982-2026
55.0,137.5,0.0469,1982-2026
55.0,140.0,-0.0261,1982-2026
55.0,142.5,-0.0198,1982-2026
55.0,145.0,0.0216,1982-2026
55.0,147.5,0.0637,1982-2026
55.0,150.0,0.0632,1982-2026
55.0,152.5,0.0328,1982-2026
55.0,155.0,0.0162,1982-2026
55.0,157.5,0.0201,1982-2026
55.0,160.0,0.0197,1982-2026
55.0,162.5,-0.0147,1982-2026
55.0,165.0,-0.0117,1982-2026
55.0,167.5,-0.0015,1982-2026
55.0,170.0,-0.0114,1982-2026
55.0,172.5,-0.0406,1982-2026
55.0,175.0,-0.0499,1982-2026
55.0,177.5,-0.02,1982-2026
55.0,180.0,0.0035,1982-2026
55.0,-177.5,0.0279,1982-2026
55.0,-175.0,0.0406,1982-2026
55.0,-172.5,0.0427,1982-2026
55.0,-170.0,0.0285,1982-2026
55.0,-167.5,0.0348,1982-2026
55.0,-165.0,0.0329,1982-2026
55.0,-162.5,0.0077,1982-2026
55.0,-160.0,0.0206,1982-2026
55.0,-157.5,0.0405,1982-2026
55.0,-155.0,0.0437,1982-2026
55.0,-152.5,0.0429,1982-2026
55.0,-150.0,0.0561,1982-2026
55.0,-147.5,0.0477,1982-2026
55.0,-145.0,0.031,1982-2026
55.0,-142.5,0.0008,1982-2026
55.0,-140.0,-0.0162,1982-2026
55.0,-137.5,-0.0565,1982-2026
55.0,-135.0,-0.0712,1982-2026
55.0,-132.5,-0.0512,1982-2026
55.0,-130.0,-0.011,1982-2026
55.0,-127.5,-0.0025,1982-2026
55.0,-125.0,0.0111,1982-2026
55.0,-122.5,0.0034,1982-2026
55.0,-120.0,0.014,1982-2026
55.0,-117.5,0.0128,1982-2026
55.0,-115.0,0.0161,1982-2026
55.0,-112.5,0.0063,1982-2026
55.0,-110.0,-0.002,1982-2026
55.0,-107.5,0.0046,1982-2026
55.0,-105.0,0.0188,1982-2026
55.0,-102.5,0.0172,1982-2026
55.0,-100.0,0.0102,1982-2026
55.0,-97.5,0.0133,1982-2026
55.0,-95.0,0.0241,1982-2026
55.0,-92.5,0.0291,1982-2026
55.0,-90.0,0.0212,1982-2026
55.0,-87.5,0.0127,1982-2026
55.0,-85.0,-0.0213,1982-2026
55.0,-82.5,-0.03,1982-2026
55.0,-80.0,-0.0506,1982-2026
55.0,-77.5,-0.0386,1982-2026
55.0,-75.0,-0.0537,1982-2026
55.0,-72.5,-0.0696,1982-2026
55.0,-70.0,-0.078,1982-2026
55.0,-67.5,-0.0707,1982-2026
55.0,-65.0,-0.0408,1982-2026
55.0,-62.5,-0.0447,1982-2026
55.0,-60.0,-0.0283,1982-2026
55.0,-57.5,0.0076,1982-2026
55.0,-55.0,0.0441,1982-2026
55.0,-52.5,0.0427,1982-2026
55.0,-50.0,0.0146,1982-2026
55.0,-47.5,-0.0068,1982-2026
55.0,-45.0,-0.0151,1982-2026
55.0,-42.5,-0.0301,1982-2026
55.0,-40.0,-0.0457,1982-2026
55.0,-37.5,-0.0711,1982-2026
55.0,-35.0,-0.0875,1982-2026
55.0,-32.5,-0.1166,1982-2026
55.0,-30.0,-0.1285,1982-2026
55.0,-27.5,-0.1306,1982-2026
55.0,-25.0,-0.1182,1982-2026
55.0,-22.5,-0.1143,1982-2026
55.0,-20.0,-0.1023,1982-2026
55.0,-17.5,-0.0876,1982-2026
55.0,-15.0,-0.1011,1982-2026
55.0,-12.5,-0.1046,1982-2026
55.0,-10.0,-0.0977,1982-2026
55.0,-7.5,-0.0357,1982-2026
55.0,-5.0,-0.0558,1982-2026
55.0,-2.5,-0.0393,1982-2026
52.5,0.0,-0.0403,1982-2026
52.5,2.5,-0.0476,1982-2026
52.5,5.0,-0.0478,1982-2026
52.5,7.5,-0.0305,1982-2026
52.5,10.0,-0.0345,1982-2026
52.5,12.5,-0.0482,1982-2026
52.5,15.0,-0.0595,1982-2026
52.5,17.5,-0.0734,1982-2026
52.5,20.0,-0.0844,1982-2026
52.5,22.5,-0.0827,1982-2026
52.5,25.0,-0.0854,1982-2026
52.5,27.5,-0.0991,1982-2026
52.5,30.0,-0.0889,1982-2026
52.5,32.5,-0.0773,1982-2026
52.5,35.0,-0.0794,1982-2026
52.5,37.5,-0.0672,1982-2026
52.5,40.0,-0.061,1982-2026
52.5,42.5,-0.0371,1982-2026
52.5,45.0,-0.0295,1982-2026
52.5,47.5,-0.0171,1982-2026
52.5,50.0,-0.0096,1982-2026
52.5,52.5,-0.019,1982-2026
52.5,55.0,-0.0176,1982-2026
52.5,57.5,-0.0279,1982-2026
52.5,60.0,-0.0397,1982-2026
52.5,62.5,-0.0466,1982-2026
52.5,65.0,-0.0406,1982-2026
52.5,67.5,-0.0259,1982-2026
52.5,70.0,-0.046,1982-2026
52.5,72.5,-0.0822,1982-2026
52.5,75.0,-0.0412,1982-2026
52.5,77.5,-0.0756,1982-2026
52.5,80.0,-0.0536,1982-2026
52.5,82.5,-0.05,1982-2026
52.5,85.0,-0.0079,1982-2026
52.5,87.5,-0.0036,1982-2026
52.5,90.0,-0.008,1982-2026
52.5,92.5,-0.0168,1982-2026
52.5,95.0,-0.0073,1982-2026
52.5,97.5,-0.0045,1982-2026
52.5,100.0,-0.0065,1982-2026
52.5,102.5,-0.012,1982-2026
52.5,105.0,0.0,1982-2026
52.5,107.5,0.0027,1982-2026
52.5,110.0,0.0247,1982-2026
52.5,112.5,0.0208,1982-2026
52.5,115.0,0.0173,1982-2026
52.5,117.5,0.0215,1982-2026
52.5,120.0,0.0211,1982-2026
52.5,122.5,0.0294,1982-2026
52.5,125.0,0.0287,1982-2026
52.5,127.5,0.0311,1982-2026
52.5,130.0,0.0349,1982-2026
52.5,132.5,-0.0082,1982-2026
52.5,135.0,0.0367,1982-2026
52.5,137.5,0.0147,1982-2026
52.5,140.0,0.0105,1982-2026
52.5,142.5,0.0063,1982-2026
52.5,145.0,0.0325,1982-2026
52.5,147.5,0.0358,1982-2026
52.5,150.0,0.0355,1982-2026
52.5,152.5,0.0347,1982-2026
52.5,155.0,0.0215,1982-2026
52.5,157.5,0.0204,1982-2026
52.5,160.0,0.0577,1982-2026
52.5,162.5,0.0663,1982-2026
52.5,165.0,0.0456,1982-2026
52.5,167.5,0.0092,1982-2026
52.5,170.0,-0.0207,1982-2026
52.5,172.5,-0.0336,1982-2026
52.5,175.0,-0.0363,1982-2026
52.5,177.5,-0.0376,1982-2026
52.5,180.0,-0.007,1982-2026
52.5,-177.5,0.0342,1982-2026
52.5,-175.0,0.0492,1982-2026
52.5,-172.5,0.062,1982-2026
52.5,-170.0,0.055,1982-2026
52.5,-167.5,0.0608,1982-2026
52.5,-165.0,0.048,1982-2026
52.5,-162.5,0.0343,1982-2026
52.5,-160.0,0.0325,1982-2026
52.5,-157.5,0.0518,1982-2026
52.5,-155.0,0.0598,1982-2026
52.5,-152.5,0.0321,1982-2026
52.5,-150.0,0.0184,1982-2026
52.5,-147.5,0.0067,1982-2026
52.5,-145.0,-0.0105,1982-2026
52.5,-142.5,-0.0279,1982-2026
52.5,-140.0,-0.0303,1982-2026
52.5,-137.5,-0.0061,1982-2026
52.5,-135.0,-0.0193,1982-2026
52.5,-132.5,-0.0493,1982-2026
52.5,-130.0,-0.041,1982-2026
52.5,-127.5,0.0004,1982-2026
52.5,-125.0,0.0174,1982-2026
52.5,-122.5,0.0027,1982-2026
52.5,-120.0,-0.006,1982-2026
52.5,-117.5,-0.0061,1982-2026
52.5,-115.0,0.0053,1982-2026
52.5,-112.5,0.0228,1982-2026
52.5,-110.0,0.0121,1982-2026
52.5,-107.5,0.0089,1982-2026
52.5,-105.0,-0.0124,1982-2026
52.5,-102.5,0.0006,1982-2026
52.5,-100.0,0.0342,1982-2026
52.5,-97.5,0.0258,1982-2026
52.5,-95.0,0.0106,1982-2026
52.5,-92.5,0.0143,1982-2026
52.5,-90.0,0.0096,1982-2026
52.5,-87.5,0.0055,1982-2026
52.5,-85.0,0.0113,1982-2026
52.5,-82.5,0.0039,1982-2026
52.5,-80.0,-0.0173,1982-2026
52.5,-77.5,-0.0233,1982-2026
52.5,-75.0,-0.0222,1982-2026
52.5,-72.5,-0.0161,1982-2026
52.5,-70.0,-0.0266,1982-2026
52.5,-67.5,-0.0321,1982-2026
52.5,-65.0,-0.0305,1982-2026
52.5,-62.5,-0.0186,1982-2026
52.5,-60.0,-0.0088,1982-2026
52.5,-57.5,-0.0169,1982-2026
52.5,-55.0,-0.0198,1982-2026
52.5,-52.5,0.0001,1982-2026
52.5,-50.0,-0.0114,1982-2026
52.5,-47.5,-0.0422,1982-2026
52.5,-45.0,-0.0644,1982-2026
52.5,-42.5,-0.0743,1982-2026
52.5,-40.0,-0.0726,1982-2026
52.5,-37.5,-0.0808,1982-2026
52.5,-35.0,-0.0837,1982-2026
52.5,-32.5,-0.1056,1982-2026
52.5,-30.0,-0.1159,1982-2026
52.5,-27.5,-0.107,1982-2026
52.5,-25.0,-0.0995,1982-2026
52.5,-22.5,-0.0876,1982-2026
52.5,-20.0,-0.0744,1982-2026
52.5,-17.5,-0.0654,1982-2026
52.5,-15.0,-0.0589,1982-2026
52.5,-12.5,-0.0806,1982-2026
52.5,-10.0,-0.0929,1982-2026
52.5,-7.5,-0.0469,1982-2026
52.5,-5.0,-0.0899,1982-2026
52.5,-2.5,-0.0454,1982-2026
50.0,0.0,-0.0595,1982-2026
50.0,2.5,-0.0312,1982-2026
50.0,5.0,-0.0281,1982-2026
50.0,7.5,-0.037,1982-2026
50.0,10.0,-0.0425,1982-2026
50.0,12.5,-0.0506,1982-2026
50.0,15.0,-0.0532,1982-2026
50.0,17.5,-0.0423,1982-2026
50.0,20.0,-0.0562,1982-2026
50.0,22.5,-0.0586,1982-2026
50.0,25.0,-0.053,1982-2026
50.0,27.5,-0.0537,1982-2026
50.0,30.0,-0.0461,1982-2026
50.0,32.5,-0.0372,1982-2026
50.0,35.0,-0.0277,1982-2026
50.0,37.5,-0.0281,1982-2026
50.0,40.0,-0.0229,1982-2026
50.0,42.5,-0.0233,1982-2026
50.0,45.0,-0.0455,1982-2026
50.0,47.5,-0.0384,1982-2026
50.0,50.0,-0.0472,1982-2026
50.0,52.5,-0.0329,1982-2026
50.0,55.0,-0.0636,1982-2026
50.0,57.5,-0.0503,1982-2026
50.0,60.0,-0.0655,1982-2026
50.0,62.5,-0.0761,1982-2026
50.0,65.0,-0.0595,1982-2026
50.0,67.5,-0.0664,1982-2026
50.0,70.0,-0.0567,1982-2026
50.0,72.5,-0.0496,1982-2026
50.0,75.0,-0.0625,1982-2026
50.0,77.5,-0.0262,1982-2026
50.0,80.0,-0.071,1982-2026
50.0,82.5,-0.035,1982-2026
50.0,85.0,0.0074,1982-2026
50.0,87.5,0.0073,1982-2026
50.0,90.0,0.006,1982-2026
50.0,92.5,0.0133,1982-2026
50.0,95.0,0.0216,1982-2026
50.0,97.5,0.0143,1982-2026
50.0,100.0,0.0275,1982-2026
50.0,102.5,0.0213,1982-2026
50.0,105.0,0.0111,1982-2026
50.0,107.5,0.0148,1982-2026
50.0,110.0,0.0199,1982-2026
50.0,112.5,0.0001,1982-2026
50.0,115.0,0.0292,1982-2026
50.0,117.5,0.0515,1982-2026
50.0,120.0,0.0113,1982-2026
50.0,122.5,0.0239,1982-2026
50.0,125.0,0.0308,1982-2026
50.0,127.5,0.0106,1982-2026
50.0,130.0,0.0026,1982-2026
50.0,132.5,0.0181,1982-2026
50.0,135.0,0.0337,1982-2026
50.0,137.5,0.0458,1982-2026
50.0,140.0,0.0241,1982-2026
50.0,142.5,0.0148,1982-2026
50.0,145.0,-0.0126,1982-2026
50.0,147.5,0.0145,1982-2026
50.0,150.0,0.0314,1982-2026
50.0,152.5,0.0373,1982-2026
50.0,155.0,0.0298,1982-2026
50.0,157.5,0.029,1982-2026
50.0,160.0,0.075,1982-2026
50.0,162.5,0.0856,1982-2026
50.0,165.0,0.0632,1982-2026
50.0,167.5,0.034,1982-2026
50.0,170.0,0.0217,1982-2026
50.0,172.5,0.0327,1982-2026
50.0,175.0,0.0387,1982-2026
50.0,177.5,0.0567,1982-2026
50.0,180.0,0.0778,1982-2026
50.0,-177.5,0.0922,1982-2026
50.0,-175.0,0.1137,1982-2026
50.0,-172.5,0.131,1982-2026
50.0,-170.0,0.1275,1982-2026
50.0,-167.5,0.112,1982-2026
50.0,-165.0,0.0835,1982-2026
50.0,-162.5,0.0338,1982-2026
50.0,-160.0,0.016,1982-2026
50.0,-157.5,0.016,1982-2026
50.0,-155.0,0.0098,1982-2026
50.0,-152.5,-0.0052,1982-2026
50.0,-150.0,-0.0205,1982-2026
50.0,-147.5,-0.0089,1982-2026
50.0,-145.0,0.0041,1982-2026
50.0,-142.5,-0.0079,1982-2026
50.0,-140.0,-0.0164,1982-2026
50.0,-137.5,-0.0081,1982-2026
50.0,-135.0,0.0249,1982-2026
50.0,-132.5,-0.0101,1982-2026
50.0,-130.0,-0.0016,1982-2026
50.0,-127.5,0.0161,1982-2026
50.0,-125.0,0.0125,1982-2026
50.0,-122.5,-0.0001,1982-2026
50.0,-120.0,0.0172,1982-2026
50.0,-117.5,-0.0067,1982-2026
50.0,-115.0,-0.0139,1982-2026
50.0,-112.5,0.0002,1982-2026
50.0,-110.0,0.0373,1982-2026
50.0,-107.5,0.0141,1982-2026
50.0,-105.0,0.0169,1982-2026
50.0,-102.5,0.0193,1982-2026
50.0,-100.0,0.0434,1982-2026
50.0,-97.5,0.0376,1982-2026
50.0,-95.0,0.0317,1982-2026
50.0,-92.5,0.0376,1982-2026
50.0,-90.0,0.0219,1982-2026
50.0,-87.5,0.0052,1982-2026
50.0,-85.0,0.0157,1982-2026
50.0,-82.5,0.0147,1982-2026
50.0,-80.0,0.0066,1982-2026
50.0,-77.5,-0.0098,1982-2026
50.0,-75.0,-0.0151,1982-2026
50.0,-72.5,-0.041,1982-2026
50.0,-70.0,-0.0309,1982-2026
50.0,-67.5,-0.024,1982-2026
50.0,-65.0,-0.0053,1982-2026
50.0,-62.5,-0.0126,1982-2026
50.0,-60.0,-0.0045,1982-2026
50.0,-57.5,-0.0103,1982-2026
50.0,-55.0,0.0154,1982-2026
50.0,-52.5,0.0159,1982-2026
50.0,-50.0,-0.0064,1982-2026
50.0,-47.5,-0.0255,1982-2026
50.0,-45.0,-0.0632,1982-2026
50.0,-42.5,-0.085,1982-2026
50.0,-40.0,-0.113,1982-2026
50.0,-37.5,-0.1174,1982-2026
50.0,-35.0,-0.0905,1982-2026
50.0,-32.5,-0.0996,1982-2026
50.0,-30.0,-0.074,1982-2026
50.0,-27.5,-0.0641,1982-2026
50.0,-25.0,-0.0243,1982-2026
50.0,-22.5,-0.0218,1982-2026
50.0,-20.0,-0.0332,1982-2026
50.0,-17.5,-0.0329,1982-2026
50.0,-15.0,-0.0382,1982-2026
50.0,-12.5,-0.0563,1982-2026
50.0,-10.0,-0.0755,1982-2026
50.0,-7.5,-0.0624,1982-2026
50.0,-5.0,-0.0546,1982-2026
50.0,-2.5,-0.0507,1982-2026
47.5,0.0,-0.0195,1982-2026
47.5,2.5,-0.0171,1982-2026
47.5,5.0,-0.0188,1982-2026
47.5,7.5,-0.0219,1982-2026
47.5,10.0,-0.0208,1982-2026
47.5,12.5,-0.0036,1982-2026
47.5,15.0,-0.0178,1982-2026
47.5,17.5,-0.0328,1982-2026
47.5,20.0,-0.0471,1982-2026
47.5,22.5,-0.0132,1982-2026
47.5,25.0,-0.0115,1982-2026
47.5,27.5,-0.0084,1982-2026
47.5,30.0,0.0021,1982-2026
47.5,32.5,0.0015,1982-2026
47.5,35.0,0.0082,1982-2026
47.5,37.5,0.0069,1982-2026
47.5,40.0,0.0174,1982-2026
47.5,42.5,0.004,1982-2026
47.5,45.0,-0.0161,1982-2026
47.5,47.5,-0.031,1982-2026
47.5,50.0,-0.0351,1982-2026
47.5,52.5,-0.0186,1982-2026
47.5,55.0,-0.0125,1982-2026
47.5,57.5,-0.0159,1982-2026
47.5,60.0,-0.0373,1982-2026
47.5,62.5,-0.0211,1982-2026
47.5,65.0,-0.0361,1982-2026
47.5,67.5,-0.0444,1982-2026
47.5,70.0,-0.0647,1982-2026
47.5,72.5,-0.0413,1982-2026
47.5,75.0,0.003,1982-2026
47.5,77.5,-0.0214,1982-2026
47.5,80.0,-0.0192,1982-2026
47.5,82.5,-0.037,1982-2026
47.5,85.0,-0.0529,1982-2026
47.5,87.5,-0.0553,1982-2026
47.5,90.0,0.0015,1982-2026
47.5,92.5,0.0022,1982-2026
47.5,95.0,-0.0028,1982-2026
47.5,97.5,0.0278,1982-2026
47.5,100.0,0.0241,1982-2026
47.5,102.5,-0.0229,1982-2026
47.5,105.0,0.021,1982-2026
47.5,107.5,0.0218,1982-2026
47.5,110.0,0.0075,1982-2026
47.5,112.5,-0.0043,1982-2026
47.5,115.0,0.0067,1982-2026
47.5,117.5,0.0071,1982-2026
47.5,120.0,0.0013,1982-2026
47.5,122.5,0.0212,1982-2026
47.5,125.0,0.022,1982-2026
47.5,127.5,0.0266,1982-2026
47.5,130.0,0.0066,1982-2026
47.5,132.5,0.0179,1982-2026
47.5,135.0,0.0153,1982-2026
47.5,137.5,0.0432,1982-2026
47.5,140.0,0.0317,1982-2026
47.5,142.5,0.0238,1982-2026
47.5,145.0,0.0094,1982-2026
47.5,147.5,0.0029,1982-2026
47.5,150.0,-0.0112,1982-2026
47.5,152.5,0.0251,1982-2026
47.5,155.0,0.0315,1982-2026
47.5,157.5,0.0417,1982-2026
47.5,160.0,0.0584,1982-2026
47.5,162.5,0.0688,1982-2026
47.5,165.0,0.0443,1982-2026
47.5,167.5,0.0335,1982-2026
47.5,170.0,0.0443,1982-2026
47.5,172.5,0.0591,1982-2026
47.5,175.0,0.0605,1982-2026
47.5,177.5,0.0729,1982-2026
47.5,180.0,0.0902,1982-2026
47.5,-177.5,0.095,1982-2026
47.5,-175.0,0.0834,1982-2026
47.5,-172.5,0.0737,1982-2026
47.5,-170.0,0.0424,1982-2026
47.5,-167.5,0.0293,1982-2026
47.5,-165.0,0.0231,1982-2026
47.5,-162.5,0.0113,1982-2026
47.5,-160.0,0.0014,1982-2026
47.5,-157.5,-0.0052,1982-2026
47.5,-155.0,-0.0126,1982-2026
47.5,-152.5,-0.0234,1982-2026
47.5,-150.0,-0.0153,1982-2026
47.5,-147.5,-0.0035,1982-2026
47.5,-145.0,-0.0088,1982-2026
47.5,-142.5,-0.0162,1982-2026
47.5,-140.0,-0.0122,1982-2026
47.5,-137.5,-0.0242,1982-2026
47.5,-135.0,0.0104,1982-2026
47.5,-132.5,0.0401,1982-2026
47.5,-130.0,0.019,1982-2026
47.5,-127.5,-0.0038,1982-2026
47.5,-125.0,-0.0149,1982-2026
47.5,-122.5,-0.0402,1982-2026
47.5,-120.0,0.0132,1982-2026
47.5,-117.5,-0.0163,1982-2026
47.5,-115.0,0.0128,1982-2026
47.5,-112.5,0.0148,1982-2026
47.5,-110.0,0.0364,1982-2026
47.5,-107.5,0.0619,1982-2026
47.5,-105.0,0.0552,1982-2026
47.5,-102.5,0.0545,1982-2026
47.5,-100.0,0.0546,1982-2026
47.5,-97.5,0.0446,1982-2026
47.5,-95.0,0.0344,1982-2026
47.5,-92.5,0.0244,1982-2026
47.5,-90.0,0.0461,1982-2026
47.5,-87.5,0.0366,1982-2026
47.5,-85.0,0.0005,1982-2026
47.5,-82.5,0.0056,1982-2026
47.5,-80.0,0.0037,1982-2026
47.5,-77.5,-0.0107,1982-2026
47.5,-75.0,-0.0135,1982-2026
47.5,-72.5,0.0033,1982-2026
47.5,-70.0,-0.0231,1982-2026
47.5,-67.5,-0.0137,1982-2026
47.5,-65.0,-0.0066,1982-2026
47.5,-62.5,-0.0068,1982-2026
47.5,-60.0,-0.0281,1982-2026
47.5,-57.5,-0.0403,1982-2026
47.5,-55.0,-0.0135,1982-2026
47.5,-52.5,-0.0134,1982-2026
47.5,-50.0,-0.0192,1982-2026
47.5,-47.5,-0.0163,1982-2026
47.5,-45.0,-0.0271,1982-2026
47.5,-42.5,-0.0368,1982-2026
47.5,-40.0,-0.0355,1982-2026
47.5,-37.5,-0.0568,1982-2026
47.5,-35.0,-0.0508,1982-2026
47.5,-32.5,-0.0391,1982-2026
47.5,-30.0,-0.0398,1982-2026
47.5,-27.5,-0.0045,1982-2026
47.5,-25.0,0.0054,1982-2026
47.5,-22.5,-0.0057,1982-2026
47.5,-20.0,-0.0134,1982-2026
47.5,-17.5,-0.0284,1982-2026
47.5,-15.0,-0.0449,1982-2026
47.5,-12.5,-0.0488,1982-2026
47.5,-10.0,-0.0523,1982-2026
47.5,-7.5,-0.0429,1982-2026
47.5,-5.0,-0.0382,1982-2026
47.5,-2.5,-0.0332,1982-2026
45.0,0.0,0.0131,1982-2026
45.0,2.5,-0.0018,1982-2026
45.0,5.0,0.0134,1982-2026
45.0,7.5,-0.0069,1982-2026
45.0,10.0,0.0022,1982-2026
45.0,12.5,0.0102,1982-2026
45.0,15.0,0.0012,1982-2026
45.0,17.5,0.006,1982-2026
45.0,20.0,-0.0149,1982-2026
45.0,22.5,-0.0207,1982-2026
45.0,25.0,0.0101,1982-2026
45.0,27.5,0.0244,1982-2026
45.0,30.0,0.0145,1982-2026
45.0,32.5,0.0258,1982-2026
45.0,35.0,0.0106,1982-2026
45.0,37.5,0.0312,1982-2026
45.0,40.0,0.0571,1982-2026
45.0,42.5,0.0464,1982-2026
45.0,45.0,0.0381,1982-2026
45.0,47.5,0.0534,1982-2026
45.0,50.0,0.0017,1982-2026
45.0,52.5,0.021,1982-2026
45.0,55.0,0.0255,1982-2026
45.0,57.5,0.0179,1982-2026
45.0,60.0,-0.0047,1982-2026
45.0,62.5,0.0127,1982-2026
45.0,65.0,0.0091,1982-2026
45.0,67.5,0.0068,1982-2026
45.0,70.0,0.0099,1982-2026
45.0,72.5,0.0221,1982-2026
45.0,75.0,0.0006,1982-2026
45.0,77.5,-0.009,1982-2026
45.0,80.0,-0.0039,1982-2026
45.0,82.5,-0.0546,1982-2026
45.0,85.0,-0.0329,1982-2026
45.0,87.5,0.0246,1982-2026
45.0,90.0,-0.0257,1982-2026
45.0,92.5,-0.022,1982-2026
45.0,95.0,-0.0164,1982-2026
45.0,97.5,-0.0004,1982-2026
45.0,100.0,0.0172,1982-2026
45.0,102.5,0.0524,1982-2026
45.0,105.0,0.0369,1982-2026
45.0,107.5,0.0138,1982-2026
45.0,110.0,0.0043,1982-2026
45.0,112.5,0.0137,1982-2026
45.0,115.0,0.0107,1982-2026
45.0,117.5,0.0301,1982-2026
45.0,120.0,0.011,1982-2026
45.0,122.5,0.0001,1982-2026
45.0,125.0,0.0067,1982-2026
45.0,127.5,0.0175,1982-2026
45.0,130.0,0.0027,1982-2026
45.0,132.5,-0.0346,1982-2026
45.0,135.0,0.0084,1982-2026
45.0,137.5,0.0604,1982-2026
45.0,140.0,0.0863,1982-2026
45.0,142.5,0.026,1982-2026
45.0,145.0,-0.0128,1982-2026
45.0,147.5,-0.0017,1982-2026
45.0,150.0,-0.0056,1982-2026
45.0,152.5,0.0149,1982-2026
45.0,155.0,0.0207,1982-2026
45.0,157.5,0.0211,1982-2026
45.0,160.0,0.0454,1982-2026
45.0,162.5,0.0721,1982-2026
45.0,165.0,0.0635,1982-2026
45.0,167.5,0.0328,1982-2026
45.0,170.0,0.0326,1982-2026
45.0,172.5,0.0346,1982-2026
45.0,175.0,0.0349,1982-2026
45.0,177.5,-0.0096,1982-2026
45.0,180.0,-0.0066,1982-2026
45.0,-177.5,-0.002,1982-2026
45.0,-175.0,-0.0069,1982-2026
45.0,-172.5,-0.0165,1982-2026
45.0,-170.0,-0.0296,1982-2026
45.0,-167.5,-0.0209,1982-2026
45.0,-165.0,-0.0114,1982-2026
45.0,-162.5,-0.0046,1982-2026
45.0,-160.0,-0.0112,1982-2026
45.0,-157.5,-0.0065,1982-2026
45.0,-155.0,-0.0078,1982-2026
45.0,-152.5,0.0017,1982-2026
45.0,-150.0,-0.0115,1982-2026
45.0,-147.5,-0.0149,1982-2026
45.0,-145.0,-0.0135,1982-2026
45.0,-142.5,-0.023,1982-2026
45.0,-140.0,-0.0245,1982-2026
45.0,-137.5,-0.0266,1982-2026
45.0,-135.0,-0.0206,1982-2026
45.0,-132.5,-0.0051,1982-2026
45.0,-130.0,0.0675,1982-2026
45.0,-127.5,0.0572,1982-2026
45.0,-125.0,0.0261,1982-2026
45.0,-122.5,0.0181,1982-2026
45.0,-120.0,0.042,1982-2026
45.0,-117.5,0.0649,1982-2026
45.0,-115.0,0.0143,1982-2026
45.0,-112.5,-0.0061,1982-2026
45.0,-110.0,0.0147,1982-2026
45.0,-107.5,0.0154,1982-2026
45.0,-105.0,0.0319,1982-2026
45.0,-102.5,0.0642,1982-2026
45.0,-100.0,0.0613,1982-2026
45.0,-97.5,0.0389,1982-2026
45.0,-95.0,0.0171,1982-2026
45.0,-92.5,-0.0086,1982-2026
45.0,-90.0,-0.0034,1982-2026
45.0,-87.5,0.015,1982-2026
45.0,-85.0,0.0064,1982-2026
45.0,-82.5,0.0291,1982-2026
45.0,-80.0,-0.0081,1982-2026
45.0,-77.5,-0.0255,1982-2026
45.0,-75.0,-0.0068,1982-2026
45.0,-72.5,0.0038,1982-2026
45.0,-70.0,-0.0131,1982-2026
45.0,-67.5,-0.0069,1982-2026
45.0,-65.0,-0.0202,1982-2026
45.0,-62.5,-0.0116,1982-2026
45.0,-60.0,-0.0294,1982-2026
45.0,-57.5,-0.0226,1982-2026
45.0,-55.0,-0.02,1982-2026
45.0,-52.5,-0.0247,1982-2026
45.0,-50.0,-0.0219,1982-2026
45.0,-47.5,0.0317,1982-2026
45.0,-45.0,0.026,1982-2026
45.0,-42.5,-0.0129,1982-2026
45.0,-40.0,-0.0157,1982-2026
45.0,-37.5,0.0112,1982-2026
45.0,-35.0,0.0177,1982-2026
45.0,-32.5,0.0497,1982-2026
45.0,-30.0,0.0337,1982-2026
45.0,-27.5,0.0458,1982-2026
45.0,-25.0,0.0202,1982-2026
45.0,-22.5,0.0143,1982-2026
45.0,-20.0,-0.0014,1982-2026
45.0,-17.5,-0.0077,1982-2026
45.0,-15.0,-0.0294,1982-2026
45.0,-12.5,-0.0307,1982-2026
45.0,-10.0,-0.0139,1982-2026
45.0,-7.5,-0.0062,1982-2026
45.0,-5.0,0.0026,1982-2026
45.0,-2.5,0.0216,1982-2026
42.5,0.0,-0.0078,1982-2026
42.5,2.5,0.0125,1982-2026
42.5,5.0,0.0354,1982-2026
42.5,7.5,0.0143,1982-2026
42.5,10.0,0.0165,1982-2026
42.5,12.5,-0.0086,1982-2026
42.5,15.0,0.0269,1982-2026
42.5,17.5,0.0367,1982-2026
42.5,20.0,-0.0055,1982-2026
42.5,22.5,0.0041,1982-2026
42.5,25.0,0.0092,1982-2026
42.5,27.5,0.0521,1982-2026
42.5,30.0,0.071,1982-2026
42.5,32.5,0.031,1982-2026
42.5,35.0,-0.009,1982-2026
42.5,37.5,0.0015,1982-2026
42.5,40.0,0.0183,1982-2026
42.5,42.5,-0.0087,1982-2026
42.5,45.0,0.0047,1982-2026
42.5,47.5,0.01,1982-2026
42.5,50.0,-0.0063,1982-2026
42.5,52.5,0.0063,1982-2026
42.5,55.0,-0.0126,1982-2026
42.5,57.5,-0.0263,1982-2026
42.5,60.0,-0.0222,1982-2026
42.5,62.5,-0.0298,1982-2026
42.5,65.0,-0.0467,1982-2026
42.5,67.5,-0.0072,1982-2026
42.5,70.0,-0.0218,1982-2026
42.5,72.5,0.0182,1982-2026
42.5,75.0,0.0244,1982-2026
42.5,77.5,-0.0054,1982-2026
42.5,80.0,0.0119,1982-2026
42.5,82.5,-0.043,1982-2026
42.5,85.0,-0.0328,1982-2026
42.5,87.5,0.0004,1982-2026
42.5,90.0,-0.0113,1982-2026
42.5,92.5,-0.0646,1982-2026
42.5,95.0,0.0258,1982-2026
42.5,97.5,-0.0502,1982-2026
42.5,100.0,0.0232,1982-2026
42.5,102.5,0.042,1982-2026
42.5,105.0,0.0333,1982-2026
42.5,107.5,0.0638,1982-2026
42.5,110.0,0.0346,1982-2026
42.5,112.5,0.0117,1982-2026
42.5,115.0,0.0181,1982-2026
42.5,117.5,0.0224,1982-2026
42.5,120.0,0.0281,1982-2026
42.5,122.5,0.0218,1982-2026
42.5,125.0,0.0201,1982-2026
42.5,127.5,0.0219,1982-2026
42.5,130.0,-0.0029,1982-2026
42.5,132.5,-0.0358,1982-2026
42.5,135.0,0.0411,1982-2026
42.5,137.5,0.0235,1982-2026
42.5,140.0,0.0309,1982-2026
42.5,142.5,0.015,1982-2026
42.5,145.0,-0.0231,1982-2026
42.5,147.5,-0.0289,1982-2026
42.5,150.0,-0.0175,1982-2026
42.5,152.5,-0.0017,1982-2026
42.5,155.0,0.0265,1982-2026
42.5,157.5,0.0189,1982-2026
42.5,160.0,0.0139,1982-2026
42.5,162.5,0.0271,1982-2026
42.5,165.0,0.044,1982-2026
42.5,167.5,0.0287,1982-2026
42.5,170.0,0.0173,1982-2026
42.5,172.5,-0.0317,1982-2026
42.5,175.0,-0.0421,1982-2026
42.5,177.5,-0.0785,1982-2026
42.5,180.0,-0.0902,1982-2026
42.5,-177.5,-0.0965,1982-2026
42.5,-175.0,-0.055,1982-2026
42.5,-172.5,-0.0459,1982-2026
42.5,-170.0,-0.0565,1982-2026
42.5,-167.5,-0.0639,1982-2026
42.5,-165.0,-0.0631,1982-2026
42.5,-162.5,-0.0473,1982-2026
42.5,-160.0,-0.0421,1982-2026
42.5,-157.5,-0.0354,1982-2026
42.5,-155.0,-0.0433,1982-2026
42.5,-152.5,-0.0317,1982-2026
42.5,-150.0,-0.0363,1982-2026
42.5,-147.5,-0.031,1982-2026
42.5,-145.0,-0.0273,1982-2026
42.5,-142.5,-0.0264,1982-2026
42.5,-140.0,-0.0212,1982-2026
42.5,-137.5,-0.029,1982-2026
42.5,-135.0,-0.0545,1982-2026
42.5,-132.5,-0.0251,1982-2026
42.5,-130.0,0.081,1982-2026
42.5,-127.5,0.1048,1982-2026
42.5,-125.0,0.0413,1982-2026
42.5,-122.5,0.0223,1982-2026
42.5,-120.0,0.0399,1982-2026
42.5,-117.5,0.0708,1982-2026
42.5,-115.0,0.0455,1982-2026
42.5,-112.5,0.0192,1982-2026
42.5,-110.0,0.0163,1982-2026
42.5,-107.5,0.0054,1982-2026
42.5,-105.0,0.0665,1982-2026
42.5,-102.5,0.0849,1982-2026
42.5,-100.0,0.0759,1982-2026
42.5,-97.5,0.0323,1982-2026
42.5,-95.0,-0.0028,1982-2026
42.5,-92.5,-0.0029,1982-2026
42.5,-90.0,-0.0105,1982-2026
42.5,-87.5,-0.0315,1982-2026
42.5,-85.0,-0.0011,1982-2026
42.5,-82.5,-0.0088,1982-2026
42.5,-80.0,0.0332,1982-2026
42.5,-77.5,0.0177,1982-2026
42.5,-75.0,0.0217,1982-2026
42.5,-72.5,-0.0049,1982-2026
42.5,-70.0,0.0136,1982-2026
42.5,-67.5,0.0123,1982-2026
42.5,-65.0,-0.0021,1982-2026
42.5,-62.5,0.0103,1982-2026
42.5,-60.0,0.0298,1982-2026
42.5,-57.5,0.0314,1982-2026
42.5,-55.0,0.0234,1982-2026
42.5,-52.5,0.0151,1982-2026
42.5,-50.0,0.0117,1982-2026
42.5,-47.5,0.0441,1982-2026
42.5,-45.0,0.0294,1982-2026
42.5,-42.5,0.0286,1982-2026
42.5,-40.0,0.0322,1982-2026
42.5,-37.5,0.0468,1982-2026
42.5,-35.0,0.0805,1982-2026
42.5,-32.5,0.077,1982-2026
42.5,-30.0,0.0733,1982-2026
42.5,-27.5,0.0535,1982-2026
42.5,-25.0,0.0448,1982-2026
42.5,-22.5,0.0209,1982-2026
42.5,-20.0,-0.0095,1982-2026
42.5,-17.5,-0.0015,1982-2026
42.5,-15.0,0.0152,1982-2026
42.5,-12.5,0.0332,1982-2026
42.5,-10.0,0.0185,1982-2026
42.5,-7.5,0.0123,1982-2026
42.5,-5.0,0.01,1982-2026
42.5,-2.5,0.0222,1982-2026
40.0,0.0,0.0413,1982-2026
40.0,2.5,0.0433,1982-2026
40.0,5.0,0.0467,1982-2026
40.0,7.5,0.0843,1982-2026
40.0,10.0,0.0408,1982-2026
40.0,12.5,0.0386,1982-2026
40.0,15.0,0.0429,1982-2026
40.0,17.5,0.041,1982-2026
40.0,20.0,0.0011,1982-2026
40.0,22.5,-0.0124,1982-2026
40.0,25.0,0.0235,1982-2026
40.0,27.5,0.0656,1982-2026
40.0,30.0,0.059,1982-2026
40.0,32.5,-0.0022,1982-2026
40.0,35.0,0.0147,1982-2026
40.0,37.5,0.013,1982-2026
40.0,40.0,0.0099,1982-2026
40.0,42.5,0.023,1982-2026
40.0,45.0,-0.0073,1982-2026
40.0,47.5,-0.0136,1982-2026
40.0,50.0,-0.1178,1982-2026
40.0,52.5,0.0235,1982-2026
40.0,55.0,-0.0111,1982-2026
40.0,57.5,-0.0205,1982-2026
40.0,60.0,-0.0366,1982-2026
40.0,62.5,-0.0281,1982-2026
40.0,65.0,0.0097,1982-2026
40.0,67.5,0.0262,1982-2026
40.0,70.0,-0.0523,1982-2026
40.0,72.5,-0.006,1982-2026
40.0,75.0,-0.022,1982-2026
40.0,77.5,0.0128,1982-2026
40.0,80.0,-0.0271,1982-2026
40.0,82.5,-0.0092,1982-2026
40.0,85.0,0.0022,1982-2026
40.0,87.5,-0.0029,1982-2026
40.0,90.0,-0.0048,1982-2026
40.0,92.5,-0.0041,1982-2026
40.0,95.0,0.0091,1982-2026
40.0,97.5,0.0068,1982-2026
40.0,100.0,0.0302,1982-2026
40.0,102.5,0.0507,1982-2026
40.0,105.0,0.0639,1982-2026
40.0,107.5,0.0285,1982-2026
40.0,110.0,0.0276,1982-2026
40.0,112.5,0.0208,1982-2026
40.0,115.0,-0.0005,1982-2026
40.0,117.5,-0.0111,1982-2026
40.0,120.0,-0.0191,1982-2026
40.0,122.5,-0.0012,1982-2026
40.0,125.0,-0.0306,1982-2026
40.0,127.5,-0.0119,1982-2026
40.0,130.0,0.0397,1982-2026
40.0,132.5,-0.0057,1982-2026
40.0,135.0,0.0336,1982-2026
40.0,137.5,0.0758,1982-2026
40.0,140.0,0.0445,1982-2026
40.0,142.5,-0.0152,1982-2026
40.0,145.0,0.0408,1982-2026
40.0,147.5,0.0119,1982-2026
40.0,150.0,-0.0344,1982-2026
40.0,152.5,0.0188,1982-2026
40.0,155.0,0.0316,1982-2026
40.0,157.5,0.0439,1982-2026
40.0,160.0,0.0362,1982-2026
40.0,162.5,0.0104,1982-2026
40.0,165.0,-0.0012,1982-2026
40.0,167.5,-0.0025,1982-2026
40.0,170.0,-0.034,1982-2026
40.0,172.5,-0.044,1982-2026
40.0,175.0,-0.068,1982-2026
40.0,177.5,-0.0766,1982-2026
40.0,180.0,-0.0738,1982-2026
40.0,-177.5,-0.0749,1982-2026
40.0,-175.0,-0.0625,1982-2026
40.0,-172.5,-0.0711,1982-2026
40.0,-170.0,-0.0874,1982-2026
40.0,-167.5,-0.1031,1982-2026
40.0,-165.0,-0.1066,1982-2026
40.0,-162.5,-0.0906,1982-2026
40.0,-160.0,-0.082,1982-2026
40.0,-157.5,-0.0766,1982-2026
40.0,-155.0,-0.0786,1982-2026
40.0,-152.5,-0.0761,1982-2026
40.0,-150.0,-0.062,1982-2026
40.0,-147.5,-0.0537,1982-2026
40.0,-145.0,-0.0616,1982-2026
40.0,-142.5,-0.0552,1982-2026
40.0,-140.0,-0.0427,1982-2026
40.0,-137.5,-0.0436,1982-2026
40.0,-135.0,-0.0405,1982-2026
40.0,-132.5,-0.0134,1982-2026
40.0,-130.0,0.0326,1982-2026
40.0,-127.5,0.0431,1982-2026
40.0,-125.0,0.0639,1982-2026
40.0,-122.5,0.0011,1982-2026
40.0,-120.0,0.0184,1982-2026
40.0,-117.5,0.0358,1982-2026
40.0,-115.0,0.0167,1982-2026
40.0,-112.5,0.0134,1982-2026
40.0,-110.0,-0.0057,1982-2026
40.0,-107.5,0.0068,1982-2026
40.0,-105.0,-0.0104,1982-2026
40.0,-102.5,0.0597,1982-2026
40.0,-100.0,0.0477,1982-2026
40.0,-97.5,0.0184,1982-2026
40.0,-95.0,-0.0042,1982-2026
40.0,-92.5,0.0129,1982-2026
40.0,-90.0,0.0226,1982-2026
40.0,-87.5,0.0278,1982-2026
40.0,-85.0,0.0252,1982-2026
40.0,-82.5,0.0262,1982-2026
40.0,-80.0,0.0382,1982-2026
40.0,-77.5,0.0001,1982-2026
40.0,-75.0,0.0144,1982-2026
40.0,-72.5,0.0949,1982-2026
40.0,-70.0,0.0939,1982-2026
40.0,-67.5,0.1156,1982-2026
40.0,-65.0,0.0985,1982-2026
40.0,-62.5,0.0777,1982-2026
40.0,-60.0,0.052,1982-2026
40.0,-57.5,0.0653,1982-2026
40.0,-55.0,0.016,1982-2026
40.0,-52.5,0.0074,1982-2026
40.0,-50.0,0.0028,1982-2026
40.0,-47.5,0.0145,1982-2026
40.0,-45.0,0.051,1982-2026
40.0,-42.5,0.082,1982-2026
40.0,-40.0,0.0902,1982-2026
40.0,-37.5,0.1035,1982-2026
40.0,-35.0,0.0969,1982-2026
40.0,-32.5,0.0839,1982-2026
40.0,-30.0,0.0708,1982-2026
40.0,-27.5,0.0513,1982-2026
40.0,-25.0,0.0404,1982-2026
40.0,-22.5,0.0238,1982-2026
40.0,-20.0,0.0127,1982-2026
40.0,-17.5,0.0313,1982-2026
40.0,-15.0,0.0563,1982-2026
40.0,-12.5,0.0709,1982-2026
40.0,-10.0,0.0303,1982-2026
40.0,-7.5,0.0236,1982-2026
40.0,-5.0,0.0214,1982-2026
40.0,-2.5,0.0097,1982-2026
37.5,0.0,-0.001,1982-2026
37.5,2.5,0.0257,1982-2026
37.5,5.0,0.033,1982-2026
37.5,7.5,0.065,1982-2026
37.5,10.0,0.0862,1982-2026
37.5,12.5,0.0963,1982-2026
37.5,15.0,0.0279,1982-2026
37.5,17.5,0.0787,1982-2026
37.5,20.0,0.0847,1982-2026
37.5,22.5,0.0219,1982-2026
37.5,25.0,0.0839,1982-2026
37.5,27.5,-0.0002,1982-2026
37.5,30.0,-0.0235,1982-2026
37.5,32.5,0.0041,1982-2026
37.5,35.0,-0.0386,1982-2026
37.5,37.5,0.0093,1982-2026
37.5,40.0,-0.0339,1982-2026
37.5,42.5,-0.0069,1982-2026
37.5,45.0,0.0128,1982-2026
37.5,47.5,0.0323,1982-2026
37.5,50.0,0.0868,1982-2026
37.5,52.5,0.0356,1982-2026
37.5,55.0,0.0046,1982-2026
37.5,57.5,-0.0003,1982-2026
37.5,60.0,0.006,1982-2026
37.5,62.5,-0.0178,1982-2026
37.5,65.0,-0.0326,1982-2026
37.5,67.5,0.0388,1982-2026
37.5,70.0,-0.0055,1982-2026
37.5,72.5,0.009,1982-2026
37.5,75.0,-0.0101,1982-2026
37.5,77.5,-0.0098,1982-2026
37.5,80.0,0.0196,1982-2026
37.5,82.5,0.0418,1982-2026
37.5,85.0,-0.0239,1982-2026
37.5,87.5,0.0118,1982-2026
37.5,90.0,-0.0076,1982-2026
37.5,92.5,-0.0033,1982-2026
37.5,95.0,-0.0237,1982-2026
37.5,97.5,0.0001,1982-2026
37.5,100.0,0.0097,1982-2026
37.5,102.5,-0.0311,1982-2026
37.5,105.0,0.0274,1982-2026
37.5,107.5,0.0232,1982-2026
37.5,110.0,0.0316,1982-2026
37.5,112.5,0.0098,1982-2026
37.5,115.0,-0.006,1982-2026
37.5,117.5,-0.0117,1982-2026
37.5,120.0,-0.0232,1982-2026
37.5,122.5,-0.0094,1982-2026
37.5,125.0,-0.0524,1982-2026
37.5,127.5,0.0299,1982-2026
37.5,130.0,0.0729,1982-2026
37.5,132.5,0.0599,1982-2026
37.5,135.0,0.047,1982-2026
37.5,137.5,0.0471,1982-2026
37.5,140.0,0.0005,1982-2026
37.5,142.5,0.0356,1982-2026
37.5,145.0,0.0239,1982-2026
37.5,147.5,-0.0274,1982-2026
37.5,150.0,0.0461,1982-2026
37.5,152.5,0.0428,1982-2026
37.5,155.0,0.0591,1982-2026
37.5,157.5,0.0439,1982-2026
37.5,160.0,0.0443,1982-2026
37.5,162.5,0.0471,1982-2026
37.5,165.0,0.0261,1982-2026
37.5,167.5,0.0114,1982-2026
37.5,170.0,-0.0412,1982-2026
37.5,172.5,-0.0618,1982-2026
37.5,175.0,-0.0832,1982-2026
37.5,177.5,-0.0868,1982-2026
37.5,180.0,-0.1012,1982-2026
37.5,-177.5,-0.0722,1982-2026
37.5,-175.0,-0.0709,1982-2026
37.5,-172.5,-0.0809,1982-2026
37.5,-170.0,-0.0894,1982-2026
37.5,-167.5,-0.1,1982-2026
37.5,-165.0,-0.0826,1982-2026
37.5,-162.5,-0.085,1982-2026
37.5,-160.0,-0.0963,1982-2026
37.5,-157.5,-0.0998,1982-2026
37.5,-155.0,-0.097,1982-2026
37.5,-152.5,-0.0925,1982-2026
37.5,-150.0,-0.0854,1982-2026
37.5,-147.5,-0.0752,1982-2026
37.5,-145.0,-0.08,1982-2026
37.5,-142.5,-0.087,1982-2026
37.5,-140.0,-0.0819,1982-2026
37.5,-137.5,-0.0612,1982-2026
37.5,-135.0,-0.0366,1982-2026
37.5,-132.5,-0.004,1982-2026
37.5,-130.0,0.0295,1982-2026
37.5,-127.5,0.059,1982-2026
37.5,-125.0,0.0612,1982-2026
37.5,-122.5,-0.0491,1982-2026
37.5,-120.0,0.0188,1982-2026
37.5,-117.5,-0.018,1982-2026
37.5,-115.0,-0.003,1982-2026
37.5,-112.5,0.0022,1982-2026
37.5,-110.0,0.0342,1982-2026
37.5,-107.5,0.028,1982-2026
37.5,-105.0,0.0216,1982-2026
37.5,-102.5,0.0604,1982-2026
37.5,-100.0,0.0297,1982-2026
37.5,-97.5,0.0042,1982-2026
37.5,-95.0,0.0165,1982-2026
37.5,-92.5,0.0189,1982-2026
37.5,-90.0,0.0164,1982-2026
37.5,-87.5,0.011,1982-2026
37.5,-85.0,0.0191,1982-2026
37.5,-82.5,0.0395,1982-2026
37.5,-80.0,0.021,1982-2026
37.5,-77.5,0.0504,1982-2026
37.5,-75.0,0.1049,1982-2026
37.5,-72.5,0.1684,1982-2026
37.5,-70.0,0.1249,1982-2026
37.5,-67.5,0.1068,1982-2026
37.5,-65.0,0.0811,1982-2026
37.5,-62.5,0.0712,1982-2026
37.5,-60.0,0.0672,1982-2026
37.5,-57.5,0.037,1982-2026
37.5,-55.0,0.0201,1982-2026
37.5,-52.5,0.013,1982-2026
37.5,-50.0,0.0233,1982-2026
37.5,-47.5,0.0352,1982-2026
37.5,-45.0,0.0581,1982-2026
37.5,-42.5,0.0935,1982-2026
37.5,-40.0,0.1246,1982-2026
37.5,-37.5,0.1321,1982-2026
37.5,-35.0,0.1345,1982-2026
37.5,-32.5,0.1103,1982-2026
37.5,-30.0,0.085,1982-2026
37.5,-27.5,0.0472,1982-2026
37.5,-25.0,0.0495,1982-2026
37.5,-22.5,0.0421,1982-2026
37.5,-20.0,0.0311,1982-2026
37.5,-17.5,0.0382,1982-2026
37.5,-15.0,0.0601,1982-2026
37.5,-12.5,0.0906,1982-2026
37.5,-10.0,0.0675,1982-2026
37.5,-7.5,0.0136,1982-2026
37.5,-5.0,0.0436,1982-2026
37.5,-2.5,0.0214,1982-2026
35.0,0.0,0.0183,1982-2026
35.0,2.5,0.0205,1982-2026
35.0,5.0,-0.0183,1982-2026
35.0,7.5,0.014,1982-2026
35.0,10.0,0.0062,1982-2026
35.0,12.5,0.0137,1982-2026
35.0,15.0,0.0806,1982-2026
35.0,17.5,0.0915,1982-2026
35.0,20.0,0.0975,1982-2026
35.0,22.5,0.0312,1982-2026
35.0,25.0,0.007,1982-2026
35.0,27.5,-0.031,1982-2026
35.0,30.0,-0.0342,1982-2026
35.0,32.5,0.0512,1982-2026
35.0,35.0,0.0695,1982-2026
35.0,37.5,0.0452,1982-2026
35.0,40.0,-0.0226,1982-2026
35.0,42.5,-0.0473,1982-2026
35.0,45.0,0.0123,1982-2026
35.0,47.5,0.0409,1982-2026
35.0,50.0,-0.0314,1982-2026
35.0,52.5,-0.0193,1982-2026
35.0,55.0,0.0081,1982-2026
35.0,57.5,-0.0171,1982-2026
35.0,60.0,-0.0083,1982-2026
35.0,62.5,0.0155,1982-2026
35.0,65.0,-0.0199,1982-2026
35.0,67.5,-0.0335,1982-2026
35.0,70.0,-0.0123,1982-2026
35.0,72.5,-0.0096,1982-2026
35.0,75.0,0.0075,1982-2026
35.0,77.5,0.0146,1982-2026
35.0,80.0,-0.0557,1982-2026
35.0,82.5,-0.0613,1982-2026
35.0,85.0,-0.064,1982-2026
35.0,87.5,-0.0546,1982-2026
35.0,90.0,-0.0112,1982-2026
35.0,92.5,-0.0062,1982-2026
35.0,95.0,-0.0102,1982-2026
35.0,97.5,0.0069,1982-2026
35.0,100.0,-0.0362,1982-2026
35.0,102.5,-0.0129,1982-2026
35.0,105.0,-0.0057,1982-2026
35.0,107.5,-0.0096,1982-2026
35.0,110.0,-0.0375,1982-2026
35.0,112.5,-0.0107,1982-2026
35.0,115.0,-0.0131,1982-2026
35.0,117.5,0.0028,1982-2026
35.0,120.0,-0.0029,1982-2026
35.0,122.5,0.0223,1982-2026
35.0,125.0,0.0151,1982-2026
35.0,127.5,0.0043,1982-2026
35.0,130.0,0.0127,1982-2026
35.0,132.5,0.0069,1982-2026
35.0,135.0,-0.0045,1982-2026
35.0,137.5,0.0046,1982-2026
35.0,140.0,0.0771,1982-2026
35.0,142.5,0.0504,1982-2026
35.0,145.0,0.0585,1982-2026
35.0,147.5,0.0287,1982-2026
35.0,150.0,0.0359,1982-2026
35.0,152.5,0.0409,1982-2026
35.0,155.0,0.0295,1982-2026
35.0,157.5,0.0377,1982-2026
35.0,160.0,0.0217,1982-2026
35.0,162.5,0.0072,1982-2026
35.0,165.0,0.0064,1982-2026
35.0,167.5,-0.0203,1982-2026
35.0,170.0,-0.0767,1982-2026
35.0,172.5,-0.1084,1982-2026
35.0,175.0,-0.1449,1982-2026
35.0,177.5,-0.1398,1982-2026
35.0,180.0,-0.1064,1982-2026
35.0,-177.5,-0.0858,1982-2026
35.0,-175.0,-0.079,1982-2026
35.0,-172.5,-0.0762,1982-2026
35.0,-170.0,-0.058,1982-2026
35.0,-167.5,-0.0685,1982-2026
35.0,-165.0,-0.0717,1982-2026
35.0,-162.5,-0.0782,1982-2026
35.0,-160.0,-0.0957,1982-2026
35.0,-157.5,-0.0968,1982-2026
35.0,-155.0,-0.1026,1982-2026
35.0,-152.5,-0.1075,1982-2026
35.0,-150.0,-0.1023,1982-2026
35.0,-147.5,-0.0949,1982-2026
35.0,-145.0,-0.1025,1982-2026
35.0,-142.5,-0.1039,1982-2026
35.0,-140.0,-0.0977,1982-2026
35.0,-137.5,-0.0802,1982-2026
35.0,-135.0,-0.0448,1982-2026
35.0,-132.5,0.0009,1982-2026
35.0,-130.0,0.0459,1982-2026
35.0,-127.5,0.068,1982-2026
35.0,-125.0,0.0818,1982-2026
35.0,-122.5,0.0324,1982-2026
35.0,-120.0,0.0078,1982-2026
35.0,-117.5,0.0311,1982-2026
35.0,-115.0,0.0586,1982-2026
35.0,-112.5,0.0016,1982-2026
35.0,-110.0,-0.0163,1982-2026
35.0,-107.5,-0.0279,1982-2026
35.0,-105.0,-0.0108,1982-2026
35.0,-102.5,0.0389,1982-2026
35.0,-100.0,0.0226,1982-2026
35.0,-97.5,0.024,1982-2026
35.0,-95.0,0.0186,1982-2026
35.0,-92.5,0.0103,1982-2026
35.0,-90.0,-0.002,1982-2026
35.0,-87.5,0.0054,1982-2026
35.0,-85.0,0.0211,1982-2026
35.0,-82.5,0.0143,1982-2026
35.0,-80.0,0.0181,1982-2026
35.0,-77.5,0.0374,1982-2026
35.0,-75.0,0.1703,1982-2026
35.0,-72.5,0.1557,1982-2026
35.0,-70.0,0.1284,1982-2026
35.0,-67.5,0.1034,1982-2026
35.0,-65.0,0.0719,1982-2026
35.0,-62.5,0.0371,1982-2026
35.0,-60.0,0.0126,1982-2026
35.0,-57.5,0.0058,1982-2026
35.0,-55.0,-0.0153,1982-2026
35.0,-52.5,-0.0027,1982-2026
35.0,-50.0,0.0254,1982-2026
35.0,-47.5,0.0459,1982-2026
35.0,-45.0,0.0707,1982-2026
35.0,-42.5,0.0804,1982-2026
35.0,-40.0,0.0958,1982-2026
35.0,-37.5,0.1101,1982-2026
35.0,-35.0,0.1179,1982-2026
35.0,-32.5,0.1063,1982-2026
35.0,-30.0,0.0515,1982-2026
35.0,-27.5,0.0225,1982-2026
35.0,-25.0,0.0216,1982-2026
35.0,-22.5,0.0215,1982-2026
35.0,-20.0,0.0225,1982-2026
35.0,-17.5,0.0217,1982-2026
35.0,-15.0,0.0473,1982-2026
35.0,-12.5,0.0803,1982-2026
35.0,-10.0,0.0659,1982-2026
35.0,-7.5,-0.0206,1982-2026
35.0,-5.0,-0.0088,1982-2026
35.0,-2.5,0.031,1982-2026
32.5,0.0,-0.0123,1982-2026
32.5,2.5,-0.0305,1982-2026
32.5,5.0,-0.0664,1982-2026
32.5,7.5,-0.0439,1982-2026
32.5,10.0,-0.0542,1982-2026
32.5,12.5,-0.0073,1982-2026
32.5,15.0,-0.0256,1982-2026
32.5,17.5,-0.0209,1982-2026
32.5,20.0,-0.0162,1982-2026
32.5,22.5,0.0328,1982-2026
32.5,25.0,0.029,1982-2026
32.5,27.5,-0.0458,1982-2026
32.5,30.0,-0.0508,1982-2026
32.5,32.5,-0.0261,1982-2026
32.5,35.0,0.0157,1982-2026
32.5,37.5,0.0295,1982-2026
32.5,40.0,-0.01,1982-2026
32.5,42.5,-0.0748,1982-2026
32.5,45.0,-0.0269,1982-2026
32.5,47.5,0.027,1982-2026
32.5,50.0,0.0094,1982-2026
32.5,52.5,0.0009,1982-2026
32.5,55.0,-0.0073,1982-2026
32.5,57.5,-0.0113,1982-2026
32.5,60.0,-0.0274,1982-2026
32.5,62.5,-0.0341,1982-2026
32.5,65.0,-0.0664,1982-2026
32.5,67.5,-0.0485,1982-2026
32.5,70.0,0.0087,1982-2026
32.5,72.5,-0.0402,1982-2026
32.5,75.0,-0.0256,1982-2026
32.5,77.5,0.0026,1982-2026
32.5,80.0,0.0167,1982-2026
32.5,82.5,-0.04,1982-2026
32.5,85.0,-0.082,1982-2026
32.5,87.5,-0.0512,1982-2026
32.5,90.0,-0.0436,1982-2026
32.5,92.5,0.0389,1982-2026
32.5,95.0,-0.0126,1982-2026
32.5,97.5,-0.002,1982-2026
32.5,100.0,0.0694,1982-2026
32.5,102.5,-0.005,1982-2026
32.5,105.0,0.0031,1982-2026
32.5,107.5,-0.0193,1982-2026
32.5,110.0,-0.0104,1982-2026
32.5,112.5,0.0112,1982-2026
32.5,115.0,-0.0099,1982-2026
32.5,117.5,-0.0074,1982-2026
32.5,120.0,0.0036,1982-2026
32.5,122.5,0.04,1982-2026
32.5,125.0,0.0476,1982-2026
32.5,127.5,0.0039,1982-2026
32.5,130.0,-0.015,1982-2026
32.5,132.5,-0.0291,1982-2026
32.5,135.0,-0.0011,1982-2026
32.5,137.5,0.0568,1982-2026
32.5,140.0,0.0579,1982-2026
32.5,142.5,0.0675,1982-2026
32.5,145.0,0.0321,1982-2026
32.5,147.5,0.01,1982-2026
32.5,150.0,0.0023,1982-2026
32.5,152.5,-0.0149,1982-2026
32.5,155.0,-0.0137,1982-2026
32.5,157.5,-0.0436,1982-2026
32.5,160.0,-0.0547,1982-2026
32.5,162.5,-0.0525,1982-2026
32.5,165.0,-0.0711,1982-2026
32.5,167.5,-0.102,1982-2026
32.5,170.0,-0.123,1982-2026
32.5,172.5,-0.1214,1982-2026
32.5,175.0,-0.1317,1982-2026
32.5,177.5,-0.1143,1982-2026
32.5,180.0,-0.0878,1982-2026
32.5,-177.5,-0.0766,1982-2026
32.5,-175.0,-0.0742,1982-2026
32.5,-172.5,-0.0663,1982-2026
32.5,-170.0,-0.0736,1982-2026
32.5,-167.5,-0.077,1982-2026
32.5,-165.0,-0.0756,1982-2026
32.5,-162.5,-0.0834,1982-2026
32.5,-160.0,-0.0909,1982-2026
32.5,-157.5,-0.1044,1982-2026
32.5,-155.0,-0.1158,1982-2026
32.5,-152.5,-0.1024,1982-2026
32.5,-150.0,-0.095,1982-2026
32.5,-147.5,-0.0866,1982-2026
32.5,-145.0,-0.0876,1982-2026
32.5,-142.5,-0.0863,1982-2026
32.5,-140.0,-0.0641,1982-2026
32.5,-137.5,-0.0563,1982-2026
32.5,-135.0,-0.0406,1982-2026
32.5,-132.5,-0.0127,1982-2026
32.5,-130.0,0.0155,1982-2026
32.5,-127.5,0.0522,1982-2026
32.5,-125.0,0.0777,1982-2026
32.5,-122.5,0.078,1982-2026
32.5,-120.0,-0.0015,1982-2026
32.5,-117.5,-0.1471,1982-2026
32.5,-115.0,0.0586,1982-2026
32.5,-112.5,0.0032,1982-2026
32.5,-110.0,0.0158,1982-2026
32.5,-107.5,-0.0338,1982-2026
32.5,-105.0,0.0014,1982-2026
32.5,-102.5,0.0133,1982-2026
32.5,-100.0,0.0286,1982-2026
32.5,-97.5,-0.0213,1982-2026
32.5,-95.0,0.0184,1982-2026
32.5,-92.5,0.0103,1982-2026
32.5,-90.0,0.0061,1982-2026
32.5,-87.5,0.0062,1982-2026
32.5,-85.0,0.0043,1982-2026
32.5,-82.5,0.0154,1982-2026
32.5,-80.0,0.0017,1982-2026
32.5,-77.5,0.1199,1982-2026
32.5,-75.0,0.1301,1982-2026
32.5,-72.5,0.078,1982-2026
32.5,-70.0,0.0581,1982-2026
32.5,-67.5,0.0282,1982-2026
32.5,-65.0,-0.006,1982-2026
32.5,-62.5,-0.0355,1982-2026
32.5,-60.0,-0.037,1982-2026
32.5,-57.5,-0.0338,1982-2026
32.5,-55.0,-0.0269,1982-2026
32.5,-52.5,-0.0223,1982-2026
32.5,-50.0,-0.0006,1982-2026
32.5,-47.5,0.0258,1982-2026
32.5,-45.0,0.0349,1982-2026
32.5,-42.5,0.0377,1982-2026
32.5,-40.0,0.0371,1982-2026
32.5,-37.5,0.0368,1982-2026
32.5,-35.0,0.0378,1982-2026
32.5,-32.5,0.0306,1982-2026
32.5,-30.0,0.0131,1982-2026
32.5,-27.5,-0.0099,1982-2026
32.5,-25.0,-0.0258,1982-2026
32.5,-22.5,-0.0308,1982-2026
32.5,-20.0,-0.0101,1982-2026
32.5,-17.5,-0.0028,1982-2026
32.5,-15.0,0.0521,1982-2026
32.5,-12.5,0.0676,1982-2026
32.5,-10.0,0.0101,1982-2026
32.5,-7.5,0.0514,1982-2026
32.5,-5.0,-0.0047,1982-2026
32.5,-2.5,-0.0191,1982-2026
30.0,0.0,-0.0183,1982-2026
30.0,2.5,-0.0029,1982-2026
30.0,5.0,0.0177,1982-2026
30.0,7.5,0.0247,1982-2026
30.0,10.0,-0.0248,1982-2026
30.0,12.5,-0.0562,1982-2026
30.0,15.0,-0.0309,1982-2026
30.0,17.5,-0.0165,1982-2026
30.0,20.0,0.0278,1982-2026
30.0,22.5,0.0041,1982-2026
30.0,25.0,-0.0168,1982-2026
30.0,27.5,-0.013,1982-2026
30.0,30.0,-0.0501,1982-2026
30.0,32.5,-0.0479,1982-2026
30.0,35.0,-0.0212,1982-2026
30.0,37.5,-0.0419,1982-2026
30.0,40.0,-0.0193,1982-2026
30.0,42.5,-0.0305,1982-2026
30.0,45.0,-0.0267,1982-2026
30.0,47.5,-0.0498,1982-2026
30.0,50.0,-0.0511,1982-2026
30.0,52.5,0.0275,1982-2026
30.0,55.0,-0.0288,1982-2026
30.0,57.5,-0.0061,1982-2026
30.0,60.0,0.0043,1982-2026
30.0,62.5,-0.0686,1982-2026
30.0,65.0,-0.0406,1982-2026
30.0,67.5,-0.0226,1982-2026
30.0,70.0,-0.0021,1982-2026
30.0,72.5,-0.0431,1982-2026
30.0,75.0,0.0219,1982-2026
30.0,77.5,-0.005,1982-2026
30.0,80.0,0.0074,1982-2026
30.0,82.5,-0.0027,1982-2026
30.0,85.0,0.0028,1982-2026
30.0,87.5,-0.0268,1982-2026
30.0,90.0,-0.0255,1982-2026
30.0,92.5,-0.0362,1982-2026
30.0,95.0,-0.002,1982-2026
30.0,97.5,0.0335,1982-2026
30.0,100.0,0.0364,1982-2026
30.0,102.5,-0.0091,1982-2026
30.0,105.0,0.0075,1982-2026
30.0,107.5,0.0236,1982-2026
30.0,110.0,-0.0133,1982-2026
30.0,112.5,-0.014,1982-2026
30.0,115.0,-0.025,1982-2026
30.0,117.5,-0.0033,1982-2026
30.0,120.0,0.0064,1982-2026
30.0,122.5,0.0298,1982-2026
30.0,125.0,0.0392,1982-2026
30.0,127.5,0.0095,1982-2026
30.0,130.0,0.0112,1982-2026
30.0,132.5,0.0173,1982-2026
30.0,135.0,0.0123,1982-2026
30.0,137.5,0.0275,1982-2026
30.0,140.0,0.0037,1982-2026
30.0,142.5,0.0214,1982-2026
30.0,145.0,0.0278,1982-2026
30.0,147.5,0.0196,1982-2026
30.0,150.0,0.0062,1982-2026
30.0,152.5,-0.0162,1982-2026
30.0,155.0,-0.0433,1982-2026
30.0,157.5,-0.0422,1982-2026
30.0,160.0,-0.0564,1982-2026
30.0,162.5,-0.0671,1982-2026
30.0,165.0,-0.072,1982-2026
30.0,167.5,-0.0859,1982-2026
30.0,170.0,-0.1084,1982-2026
30.0,172.5,-0.1299,1982-2026
30.0,175.0,-0.1284,1982-2026
30.0,177.5,-0.1164,1982-2026
30.0,180.0,-0.0946,1982-2026
30.0,-177.5,-0.0809,1982-2026
30.0,-175.0,-0.0656,1982-2026
30.0,-172.5,-0.0739,1982-2026
30.0,-170.0,-0.0829,1982-2026
30.0,-167.5,-0.0832,1982-2026
30.0,-165.0,-0.0956,1982-2026
30.0,-162.5,-0.085,1982-2026
30.0,-160.0,-0.0851,1982-2026
30.0,-157.5,-0.0792,1982-2026
30.0,-155.0,-0.0791,1982-2026
30.0,-152.5,-0.0635,1982-2026
30.0,-150.0,-0.0465,1982-2026
30.0,-147.5,-0.0497,1982-2026
30.0,-145.0,-0.046,1982-2026
30.0,-142.5,-0.0441,1982-2026
30.0,-140.0,-0.032,1982-2026
30.0,-137.5,-0.0348,1982-2026
30.0,-135.0,-0.0208,1982-2026
30.0,-132.5,-0.0002,1982-2026
30.0,-130.0,0.0307,1982-2026
30.0,-127.5,0.0419,1982-2026
30.0,-125.0,0.0447,1982-2026
30.0,-122.5,0.0384,1982-2026
30.0,-120.0,0.0497,1982-2026
30.0,-117.5,-0.0228,1982-2026
30.0,-115.0,-0.0062,1982-2026
30.0,-112.5,0.044,1982-2026
30.0,-110.0,0.0262,1982-2026
30.0,-107.5,-0.0312,1982-2026
30.0,-105.0,-0.0133,1982-2026
30.0,-102.5,0.0183,1982-2026
30.0,-100.0,-0.0051,1982-2026
30.0,-97.5,-0.0153,1982-2026
30.0,-95.0,-0.0125,1982-2026
30.0,-92.5,0.0198,1982-2026
30.0,-90.0,0.0095,1982-2026
30.0,-87.5,0.0194,1982-2026
30.0,-85.0,0.0003,1982-2026
30.0,-82.5,-0.0005,1982-2026
30.0,-80.0,0.0539,1982-2026
30.0,-77.5,0.0976,1982-2026
30.0,-75.0,0.0536,1982-2026
30.0,-72.5,0.0132,1982-2026
30.0,-70.0,0.0021,1982-2026
30.0,-67.5,-0.0145,1982-2026
30.0,-65.0,-0.0221,1982-2026
30.0,-62.5,-0.0265,1982-2026
30.0,-60.0,-0.0461,1982-2026
30.0,-57.5,-0.0375,1982-2026
30.0,-55.0,-0.0389,1982-2026
30.0,-52.5,-0.027,1982-2026
30.0,-50.0,-0.007,1982-2026
30.0,-47.5,0.0058,1982-2026
30.0,-45.0,0.02,1982-2026
30.0,-42.5,0.0167,1982-2026
30.0,-40.0,0.0158,1982-2026
30.0,-37.5,0.0076,1982-2026
30.0,-35.0,0.0119,1982-2026
30.0,-32.5,0.0092,1982-2026
30.0,-30.0,-0.0099,1982-2026
30.0,-27.5,-0.0299,1982-2026
30.0,-25.0,-0.0379,1982-2026
30.0,-22.5,-0.0153,1982-2026
30.0,-20.0,0.0198,1982-2026
30.0,-17.5,0.0606,1982-2026
30.0,-15.0,0.0625,1982-2026
30.0,-12.5,0.0533,1982-2026
30.0,-10.0,0.0056,1982-2026
30.0,-7.5,-0.0215,1982-2026
30.0,-5.0,-0.0259,1982-2026
30.0,-2.5,-0.0105,1982-2026
27.5,0.0,0.049,1982-2026
27.5,2.5,0.0424,1982-2026
27.5,5.0,0.0459,1982-2026
27.5,7.5,0.0314,1982-2026
27.5,10.0,0.0215,1982-2026
27.5,12.5,-0.0027,1982-2026
27.5,15.0,0.0308,1982-2026
27.5,17.5,-0.0029,1982-2026
27.5,20.0,0.0312,1982-2026
27.5,22.5,0.0233,1982-2026
27.5,25.0,-0.0029,1982-2026
27.5,27.5,-0.0282,1982-2026
27.5,30.0,-0.0557,1982-2026
27.5,32.5,-0.0577,1982-2026
27.5,35.0,-0.0822,1982-2026
27.5,37.5,-0.0211,1982-2026
27.5,40.0,-0.0174,1982-2026
27.5,42.5,0.0027,1982-2026
27.5,45.0,0.0117,1982-2026
27.5,47.5,-0.0673,1982-2026
27.5,50.0,-0.1215,1982-2026
27.5,52.5,-0.0336,1982-2026
27.5,55.0,0.002,1982-2026
27.5,57.5,0.0669,1982-2026
27.5,60.0,0.0134,1982-2026
27.5,62.5,-0.0188,1982-2026
27.5,65.0,-0.0573,1982-2026
27.5,67.5,0.0073,1982-2026
27.5,70.0,-0.0561,1982-2026
27.5,72.5,-0.0909,1982-2026
27.5,75.0,-0.0903,1982-2026
27.5,77.5,-0.0372,1982-2026
27.5,80.0,-0.0141,1982-2026
27.5,82.5,-0.0172,1982-2026
27.5,85.0,-0.0078,1982-2026
27.5,87.5,0.0002,1982-2026
27.5,90.0,0.0017,1982-2026
27.5,92.5,-0.0151,1982-2026
27.5,95.0,0.0088,1982-2026
27.5,97.5,0.0051,1982-2026
27.5,100.0,0.0046,1982-2026
27.5,102.5,0.0049,1982-2026
27.5,105.0,0.0181,1982-2026
27.5,107.5,-0.0022,1982-2026
27.5,110.0,-0.0023,1982-2026
27.5,112.5,0.0029,1982-2026
27.5,115.0,-0.0013,1982-2026
27.5,117.5,-0.0009,1982-2026
27.5,120.0,0.0055,1982-2026
27.5,122.5,0.0424,1982-2026
27.5,125.0,0.0303,1982-2026
27.5,127.5,0.0045,1982-2026
27.5,130.0,0.0342,1982-2026
27.5,132.5,0.0455,1982-2026
27.5,135.0,0.0387,1982-2026
27.5,137.5,0.0344,1982-2026
27.5,140.0,0.0076,1982-2026
27.5,142.5,0.0089,1982-2026
27.5,145.0,0.0428,1982-2026
27.5,147.5,0.0417,1982-2026
27.5,150.0,0.0287,1982-2026
27.5,152.5,0.0079,1982-2026
27.5,155.0,0.0163,1982-2026
27.5,157.5,0.0091,1982-2026
27.5,160.0,0.0036,1982-2026
27.5,162.5,-0.0194,1982-2026
27.5,165.0,-0.0221,1982-2026
27.5,167.5,-0.0245,1982-2026
27.5,170.0,-0.0297,1982-2026
27.5,172.5,-0.03,1982-2026
27.5,175.0,-0.0453,1982-2026
27.5,177.5,-0.0464,1982-2026
27.5,180.0,-0.0454,1982-2026
27.5,-177.5,-0.0326,1982-2026
27.5,-175.0,-0.0272,1982-2026
27.5,-172.5,-0.0565,1982-2026
27.5,-170.0,-0.0451,1982-2026
27.5,-167.5,-0.0449,1982-2026
27.5,-165.0,-0.05,1982-2026
27.5,-162.5,-0.0355,1982-2026
27.5,-160.0,-0.0347,1982-2026
27.5,-157.5,-0.0158,1982-2026
27.5,-155.0,-0.0073,1982-2026
27.5,-152.5,0.0032,1982-2026
27.5,-150.0,0.0073,1982-2026
27.5,-147.5,0.0039,1982-2026
27.5,-145.0,0.0066,1982-2026
27.5,-142.5,0.0079,1982-2026
27.5,-140.0,0.0043,1982-2026
27.5,-137.5,-0.0058,1982-2026
27.5,-135.0,-0.003,1982-2026
27.5,-132.5,0.0227,1982-2026
27.5,-130.0,0.0331,1982-2026
27.5,-127.5,0.0395,1982-2026
27.5,-125.0,0.0284,1982-2026
27.5,-122.5,0.0102,1982-2026
27.5,-120.0,0.0069,1982-2026
27.5,-117.5,0.0171,1982-2026
27.5,-115.0,-0.0103,1982-2026
27.5,-112.5,0.0072,1982-2026
27.5,-110.0,0.0692,1982-2026
27.5,-107.5,-0.0331,1982-2026
27.5,-105.0,0.0387,1982-2026
27.5,-102.5,-0.0092,1982-2026
27.5,-100.0,-0.0213,1982-2026
27.5,-97.5,-0.0082,1982-2026
27.5,-95.0,0.0029,1982-2026
27.5,-92.5,0.0391,1982-2026
27.5,-90.0,0.0469,1982-2026
27.5,-87.5,0.0531,1982-2026
27.5,-85.0,0.0441,1982-2026
27.5,-82.5,-0.0203,1982-2026
27.5,-80.0,0.0231,1982-2026
27.5,-77.5,0.0941,1982-2026
27.5,-75.0,0.0672,1982-2026
27.5,-72.5,0.0449,1982-2026
27.5,-70.0,0.0392,1982-2026
27.5,-67.5,0.0272,1982-2026
27.5,-65.0,0.0245,1982-2026
27.5,-62.5,0.0171,1982-2026
27.5,-60.0,-0.0031,1982-2026
27.5,-57.5,-0.0266,1982-2026
27.5,-55.0,-0.0185,1982-2026
27.5,-52.5,0.0001,1982-2026
27.5,-50.0,0.0155,1982-2026
27.5,-47.5,0.0196,1982-2026
27.5,-45.0,0.0256,1982-2026
27.5,-42.5,0.017,1982-2026
27.5,-40.0,0.0152,1982-2026
27.5,-37.5,0.0203,1982-2026
27.5,-35.0,0.0277,1982-2026
27.5,-32.5,0.025,1982-2026
27.5,-30.0,0.0092,1982-2026
27.5,-27.5,-0.0001,1982-2026
27.5,-25.0,-0.0015,1982-2026
27.5,-22.5,0.0217,1982-2026
27.5,-20.0,0.0508,1982-2026
27.5,-17.5,-0.0037,1982-2026
27.5,-15.0,0.0679,1982-2026
27.5,-12.5,0.063,1982-2026
27.5,-10.0,-0.0135,1982-2026
27.5,-7.5,-0.0377,1982-2026
27.5,-5.0,-0.0196,1982-2026
27.5,-2.5,0.0243,1982-2026
25.0,0.0,0.0193,1982-2026
25.0,2.5,0.0222,1982-2026
25.0,5.0,0.0182,1982-2026
25.0,7.5,0.0079,1982-2026
25.0,10.0,-0.021,1982-2026
25.0,12.5,0.0322,1982-2026
25.0,15.0,0.0172,1982-2026
25.0,17.5,0.0335,1982-2026
25.0,20.0,0.0344,1982-2026
25.0,22.5,0.0179,1982-2026
25.0,25.0,-0.0103,1982-2026
25.0,27.5,-0.0164,1982-2026
25.0,30.0,-0.0281,1982-2026
25.0,32.5,-0.0258,1982-2026
25.0,35.0,-0.0223,1982-2026
25.0,37.5,-0.005,1982-2026
25.0,40.0,-0.0108,1982-2026
25.0,42.5,0.0253,1982-2026
25.0,45.0,0.0202,1982-2026
25.0,47.5,-0.0064,1982-2026
25.0,50.0,-0.0308,1982-2026
25.0,52.5,-0.0847,1982-2026
25.0,55.0,-0.086,1982-2026
25.0,57.5,0.005,1982-2026
25.0,60.0,0.0111,1982-2026
25.0,62.5,0.0232,1982-2026
25.0,65.0,-0.0936,1982-2026
25.0,67.5,-0.1032,1982-2026
25.0,70.0,-0.107,1982-2026
25.0,72.5,-0.087,1982-2026
25.0,75.0,-0.0868,1982-2026
25.0,77.5,-0.0796,1982-2026
25.0,80.0,-0.0625,1982-2026
25.0,82.5,-0.039,1982-2026
25.0,85.0,-0.0276,1982-2026
25.0,87.5,-0.0132,1982-2026
25.0,90.0,-0.0406,1982-2026
25.0,92.5,-0.008,1982-2026
25.0,95.0,0.0004,1982-2026
25.0,97.5,-0.0018,1982-2026
25.0,100.0,-0.0018,1982-2026
25.0,102.5,-0.0206,1982-2026
25.0,105.0,0.0087,1982-2026
25.0,107.5,0.0152,1982-2026
25.0,110.0,-0.008,1982-2026
25.0,112.5,0.0007,1982-2026
25.0,115.0,-0.0006,1982-2026
25.0,117.5,-0.0122,1982-2026
25.0,120.0,0.0222,1982-2026
25.0,122.5,0.0025,1982-2026
25.0,125.0,0.0122,1982-2026
25.0,127.5,0.0429,1982-2026
25.0,130.0,0.0754,1982-2026
25.0,132.5,0.061,1982-2026
25.0,135.0,0.0345,1982-2026
25.0,137.5,0.0354,1982-2026
25.0,140.0,0.0271,1982-2026
25.0,142.5,0.0327,1982-2026
25.0,145.0,0.0481,1982-2026
25.0,147.5,0.0429,1982-2026
25.0,150.0,0.0515,1982-2026
25.0,152.5,0.0661,1982-2026
25.0,155.0,0.0787,1982-2026
25.0,157.5,0.068,1982-2026
25.0,160.0,0.0616,1982-2026
25.0,162.5,0.0649,1982-2026
25.0,165.0,0.0598,1982-2026
25.0,167.5,0.0498,1982-2026
25.0,170.0,0.039,1982-2026
25.0,172.5,0.0319,1982-2026
25.0,175.0,0.0133,1982-2026
25.0,177.5,0.005,1982-2026
25.0,180.0,-0.0065,1982-2026
25.0,-177.5,-0.0299,1982-2026
25.0,-175.0,-0.035,1982-2026
25.0,-172.5,-0.0374,1982-2026
25.0,-170.0,-0.0352,1982-2026
25.0,-167.5,-0.0236,1982-2026
25.0,-165.0,-0.0035,1982-2026
25.0,-162.5,0.011,1982-2026
25.0,-160.0,0.018,1982-2026
25.0,-157.5,0.0516,1982-2026
25.0,-155.0,0.0521,1982-2026
25.0,-152.5,0.0374,1982-2026
25.0,-150.0,0.0414,1982-2026
25.0,-147.5,0.0483,1982-2026
25.0,-145.0,0.0539,1982-2026
25.0,-142.5,0.0605,1982-2026
25.0,-140.0,0.047,1982-2026
25.0,-137.5,0.0521,1982-2026
25.0,-135.0,0.0597,1982-2026
25.0,-132.5,0.0589,1982-2026
25.0,-130.0,0.0618,1982-2026
25.0,-127.5,0.0499,1982-2026
25.0,-125.0,0.0242,1982-2026
25.0,-122.5,0.0109,1982-2026
25.0,-120.0,0.0177,1982-2026
25.0,-117.5,0.0236,1982-2026
25.0,-115.0,0.0163,1982-2026
25.0,-112.5,0.0339,1982-2026
25.0,-110.0,0.0806,1982-2026
25.0,-107.5,0.0337,1982-2026
25.0,-105.0,-0.0043,1982-2026
25.0,-102.5,-0.0131,1982-2026
25.0,-100.0,-0.0102,1982-2026
25.0,-97.5,0.0303,1982-2026
25.0,-95.0,0.0303,1982-2026
25.0,-92.5,0.0563,1982-2026
25.0,-90.0,0.0731,1982-2026
25.0,-87.5,0.0811,1982-2026
25.0,-85.0,0.0669,1982-2026
25.0,-82.5,0.0093,1982-2026
25.0,-80.0,-0.1292,1982-2026
25.0,-77.5,0.0023,1982-2026
25.0,-75.0,0.0392,1982-2026
25.0,-72.5,0.0517,1982-2026
25.0,-70.0,0.0486,1982-2026
25.0,-67.5,0.0473,1982-2026
25.0,-65.0,0.0478,1982-2026
25.0,-62.5,0.0419,1982-2026
25.0,-60.0,0.0363,1982-2026
25.0,-57.5,0.0142,1982-2026
25.0,-55.0,0.0116,1982-2026
25.0,-52.5,0.0284,1982-2026
25.0,-50.0,0.0314,1982-2026
25.0,-47.5,0.028,1982-2026
25.0,-45.0,0.0242,1982-2026
25.0,-42.5,0.0204,1982-2026
25.0,-40.0,0.0279,1982-2026
25.0,-37.5,0.0319,1982-2026
25.0,-35.0,0.0435,1982-2026
25.0,-32.5,0.0387,1982-2026
25.0,-30.0,0.0333,1982-2026
25.0,-27.5,0.0215,1982-2026
25.0,-25.0,0.0173,1982-2026
25.0,-22.5,0.0282,1982-2026
25.0,-20.0,0.0465,1982-2026
25.0,-17.5,0.0442,1982-2026
25.0,-15.0,0.0291,1982-2026
25.0,-12.5,0.0065,1982-2026
25.0,-10.0,-0.025,1982-2026
25.0,-7.5,-0.0351,1982-2026
25.0,-5.0,-0.0197,1982-2026
25.0,-2.5,0.011,1982-2026
22.5,0.0,-0.0097,1982-2026
22.5,2.5,0.0067,1982-2026
22.5,5.0,0.0319,1982-2026
22.5,7.5,0.0165,1982-2026
22.5,10.0,0.0292,1982-2026
22.5,12.5,0.0289,1982-2026
22.5,15.0,0.003,1982-2026
22.5,17.5,0.0126,1982-2026
22.5,20.0,0.0058,1982-2026
22.5,22.5,0.0167,1982-2026
22.5,25.0,0.0109,1982-2026
22.5,27.5,0.0131,1982-2026
22.5,30.0,-0.0076,1982-2026
22.5,32.5,-0.0029,1982-2026
22.5,35.0,0.0262,1982-2026
22.5,37.5,-0.0105,1982-2026
22.5,40.0,-0.0184,1982-2026
22.5,42.5,0.0138,1982-2026
22.5,45.0,0.0366,1982-2026
22.5,47.5,0.0253,1982-2026
22.5,50.0,0.0161,1982-2026
22.5,52.5,-0.0227,1982-2026
22.5,55.0,-0.0994,1982-2026
22.5,57.5,0.0123,1982-2026
22.5,60.0,0.1016,1982-2026
22.5,62.5,-0.0515,1982-2026
22.5,65.0,-0.1374,1982-2026
22.5,67.5,-0.1095,1982-2026
22.5,70.0,-0.097,1982-2026
22.5,72.5,-0.027,1982-2026
22.5,75.0,-0.0723,1982-2026
22.5,77.5,-0.0431,1982-2026
22.5,80.0,-0.0424,1982-2026
22.5,82.5,-0.0208,1982-2026
22.5,85.0,0.0106,1982-2026
22.5,87.5,0.015,1982-2026
22.5,90.0,-0.0316,1982-2026
22.5,92.5,-0.0334,1982-2026
22.5,95.0,0.0139,1982-2026
22.5,97.5,-0.022,1982-2026
22.5,100.0,-0.0308,1982-2026
22.5,102.5,-0.0039,1982-2026
22.5,105.0,0.0008,1982-2026
22.5,107.5,0.0172,1982-2026
22.5,110.0,0.0072,1982-2026
22.5,112.5,-0.039,1982-2026
22.5,115.0,-0.0548,1982-2026
22.5,117.5,0.0549,1982-2026
22.5,120.0,0.0249,1982-2026
22.5,122.5,0.0845,1982-2026
22.5,125.0,0.0861,1982-2026
22.5,127.5,0.1052,1982-2026
22.5,130.0,0.1012,1982-2026
22.5,132.5,0.0839,1982-2026
22.5,135.0,0.0696,1982-2026
22.5,137.5,0.0578,1982-2026
22.5,140.0,0.0333,1982-2026
22.5,142.5,0.0415,1982-2026
22.5,145.0,0.0444,1982-2026
22.5,147.5,0.0496,1982-2026
22.5,150.0,0.0501,1982-2026
22.5,152.5,0.0592,1982-2026
22.5,155.0,0.0859,1982-2026
22.5,157.5,0.101,1982-2026
22.5,160.0,0.105,1982-2026
22.5,162.5,0.1072,1982-2026
22.5,165.0,0.1008,1982-2026
22.5,167.5,0.0815,1982-2026
22.5,170.0,0.0703,1982-2026
22.5,172.5,0.0594,1982-2026
22.5,175.0,0.0379,1982-2026
22.5,177.5,0.0273,1982-2026
22.5,180.0,0.0191,1982-2026
22.5,-177.5,-0.0029,1982-2026
22.5,-175.0,-0.0056,1982-2026
22.5,-172.5,-0.0162,1982-2026
22.5,-170.0,-0.0131,1982-2026
22.5,-167.5,-0.0095,1982-2026
22.5,-165.0,-0.0142,1982-2026
22.5,-162.5,-0.0323,1982-2026
22.5,-160.0,-0.0653,1982-2026
22.5,-157.5,-0.0522,1982-2026
22.5,-155.0,0.0743,1982-2026
22.5,-152.5,0.0651,1982-2026
22.5,-150.0,0.077,1982-2026
22.5,-147.5,0.0849,1982-2026
22.5,-145.0,0.0961,1982-2026
22.5,-142.5,0.0969,1982-2026
22.5,-140.0,0.0868,1982-2026
22.5,-137.5,0.0896,1982-2026
22.5,-135.0,0.0781,1982-2026
22.5,-132.5,0.0755,1982-2026
22.5,-130.0,0.0532,1982-2026
22.5,-127.5,0.0312,1982-2026
22.5,-125.0,0.02,1982-2026
22.5,-122.5,0.0253,1982-2026
22.5,-120.0,0.0218,1982-2026
22.5,-117.5,0.0194,1982-2026
22.5,-115.0,0.0171,1982-2026
22.5,-112.5,0.039,1982-2026
22.5,-110.0,0.043,1982-2026
22.5,-107.5,0.0462,1982-2026
22.5,-105.0,0.0096,1982-2026
22.5,-102.5,-0.0743,1982-2026
22.5,-100.0,0.0328,1982-2026
22.5,-97.5,0.0378,1982-2026
22.5,-95.0,0.0231,1982-2026
22.5,-92.5,0.0249,1982-2026
22.5,-90.0,0.0189,1982-2026
22.5,-87.5,-0.0128,1982-2026
22.5,-85.0,0.0335,1982-2026
22.5,-82.5,0.0452,1982-2026
22.5,-80.0,0.0465,1982-2026
22.5,-77.5,0.0762,1982-2026
22.5,-75.0,0.0388,1982-2026
22.5,-72.5,0.0111,1982-2026
22.5,-70.0,0.0247,1982-2026
22.5,-67.5,0.0303,1982-2026
22.5,-65.0,0.0188,1982-2026
22.5,-62.5,0.0148,1982-2026
22.5,-60.0,0.0096,1982-2026
22.5,-57.5,-0.0112,1982-2026
22.5,-55.0,-0.0306,1982-2026
22.5,-52.5,-0.0315,1982-2026
22.5,-50.0,-0.0261,1982-2026
22.5,-47.5,-0.0173,1982-2026
22.5,-45.0,-0.0135,1982-2026
22.5,-42.5,-0.0056,1982-2026
22.5,-40.0,-0.0062,1982-2026
22.5,-37.5,0.0051,1982-2026
22.5,-35.0,0.0205,1982-2026
22.5,-32.5,0.0356,1982-2026
22.5,-30.0,0.0444,1982-2026
22.5,-27.5,0.0413,1982-2026
22.5,-25.0,0.0407,1982-2026
22.5,-22.5,0.0206,1982-2026
22.5,-20.0,0.0129,1982-2026
22.5,-17.5,0.0291,1982-2026
22.5,-15.0,0.0033,1982-2026
22.5,-12.5,-0.0283,1982-2026
22.5,-10.0,-0.0263,1982-2026
22.5,-7.5,-0.0305,1982-2026
22.5,-5.0,-0.0171,1982-2026
22.5,-2.5,0.0018,1982-2026
20.0,0.0,-0.0101,1982-2026
20.0,2.5,0.017,1982-2026
20.0,5.0,0.0106,1982-2026
20.0,7.5,0.0073,1982-2026
20.0,10.0,0.0064,1982-2026
20.0,12.5,-0.0025,1982-2026
20.0,15.0,-0.0388,1982-2026
20.0,17.5,-0.004,1982-2026
20.0,20.0,-0.0197,1982-2026
20.0,22.5,-0.0098,1982-2026
20.0,25.0,0.0271,1982-2026
20.0,27.5,0.0253,1982-2026
20.0,30.0,-0.0195,1982-2026
20.0,32.5,-0.0446,1982-2026
20.0,35.0,0.0187,1982-2026
20.0,37.5,-0.0182,1982-2026
20.0,40.0,-0.0835,1982-2026
20.0,42.5,0.005,1982-2026
20.0,45.0,-0.0076,1982-2026
20.0,47.5,0.0264,1982-2026
20.0,50.0,0.0136,1982-2026
20.0,52.5,-0.0318,1982-2026
20.0,55.0,0.0285,1982-2026
20.0,57.5,0.0559,1982-2026
20.0,60.0,0.0161,1982-2026
20.0,62.5,-0.0502,1982-2026
20.0,65.0,-0.0678,1982-2026
20.0,67.5,-0.0639,1982-2026
20.0,70.0,-0.0423,1982-2026
20.0,72.5,-0.0209,1982-2026
20.0,75.0,-0.0771,1982-2026
20.0,77.5,-0.0732,1982-2026
20.0,80.0,-0.013,1982-2026
20.0,82.5,-0.0557,1982-2026
20.0,85.0,-0.0139,1982-2026
20.0,87.5,-0.0702,1982-2026
20.0,90.0,-0.1077,1982-2026
20.0,92.5,-0.0522,1982-2026
20.0,95.0,-0.033,1982-2026
20.0,97.5,-0.038,1982-2026
20.0,100.0,-0.0274,1982-2026
20.0,102.5,-0.0079,1982-2026
20.0,105.0,-0.0037,1982-2026
20.0,107.5,0.0255,1982-2026
20.0,110.0,0.0259,1982-2026
20.0,112.5,0.0716,1982-2026
20.0,115.0,0.0943,1982-2026
20.0,117.5,0.0763,1982-2026
20.0,120.0,0.0666,1982-2026
20.0,122.5,0.1095,1982-2026
20.0,125.0,0.1031,1982-2026
20.0,127.5,0.0926,1982-2026
20.0,130.0,0.0725,1982-2026
20.0,132.5,0.0752,1982-2026
20.0,135.0,0.06,1982-2026
20.0,137.5,0.0536,1982-2026
20.0,140.0,0.0325,1982-2026
20.0,142.5,0.0283,1982-2026
20.0,145.0,0.0319,1982-2026
20.0,147.5,0.0549,1982-2026
20.0,150.0,0.0637,1982-2026
20.0,152.5,0.0685,1982-2026
20.0,155.0,0.0801,1982-2026
20.0,157.5,0.0894,1982-2026
20.0,160.0,0.093,1982-2026
20.0,162.5,0.0912,1982-2026
20.0,165.0,0.0816,1982-2026
20.0,167.5,0.0646,1982-2026
20.0,170.0,0.0556,1982-2026
20.0,172.5,0.0343,1982-2026
20.0,175.0,0.0178,1982-2026
20.0,177.5,0.0124,1982-2026
20.0,180.0,-0.0024,1982-2026
20.0,-177.5,-0.0155,1982-2026
20.0,-175.0,-0.0232,1982-2026
20.0,-172.5,-0.0246,1982-2026
20.0,-170.0,-0.0351,1982-2026
20.0,-167.5,-0.0374,1982-2026
20.0,-165.0,-0.0366,1982-2026
20.0,-162.5,-0.0179,1982-2026
20.0,-160.0,-0.0297,1982-2026
20.0,-157.5,-0.1185,1982-2026
20.0,-155.0,0.1269,1982-2026
20.0,-152.5,0.0761,1982-2026
20.0,-150.0,0.0967,1982-2026
20.0,-147.5,0.1092,1982-2026
20.0,-145.0,0.0989,1982-2026
20.0,-142.5,0.0839,1982-2026
20.0,-140.0,0.0843,1982-2026
20.0,-137.5,0.0788,1982-2026
20.0,-135.0,0.0694,1982-2026
20.0,-132.5,0.0569,1982-2026
20.0,-130.0,0.0547,1982-2026
20.0,-127.5,0.0467,1982-2026
20.0,-125.0,0.0368,1982-2026
20.0,-122.5,0.0309,1982-2026
20.0,-120.0,0.0252,1982-2026
20.0,-117.5,0.0243,1982-2026
20.0,-115.0,0.0315,1982-2026
20.0,-112.5,0.0402,1982-2026
20.0,-110.0,0.0235,1982-2026
20.0,-107.5,-0.0099,1982-2026
20.0,-105.0,-0.0027,1982-2026
20.0,-102.5,-0.0323,1982-2026
20.0,-100.0,-0.0723,1982-2026
20.0,-97.5,0.0184,1982-2026
20.0,-95.0,0.06,1982-2026
20.0,-92.5,0.054,1982-2026
20.0,-90.0,0.0036,1982-2026
20.0,-87.5,-0.0068,1982-2026
20.0,-85.0,0.0089,1982-2026
20.0,-82.5,0.0449,1982-2026
20.0,-80.0,0.0557,1982-2026
20.0,-77.5,0.0518,1982-2026
20.0,-75.0,0.0256,1982-2026
20.0,-72.5,0.0346,1982-2026
20.0,-70.0,-0.0048,1982-2026
20.0,-67.5,-0.0317,1982-2026
20.0,-65.0,-0.0404,1982-2026
20.0,-62.5,-0.0347,1982-2026
20.0,-60.0,-0.034,1982-2026
20.0,-57.5,-0.0499,1982-2026
20.0,-55.0,-0.056,1982-2026
20.0,-52.5,-0.0599,1982-2026
20.0,-50.0,-0.0644,1982-2026
20.0,-47.5,-0.0608,1982-2026
20.0,-45.0,-0.0526,1982-2026
20.0,-42.5,-0.0373,1982-2026
20.0,-40.0,-0.0282,1982-2026
20.0,-37.5,-0.0113,1982-2026
20.0,-35.0,0.0119,1982-2026
20.0,-32.5,0.0134,1982-2026
20.0,-30.0,0.023,1982-2026
20.0,-27.5,0.0315,1982-2026
20.0,-25.0,0.0202,1982-2026
20.0,-22.5,0.0167,1982-2026
20.0,-20.0,-0.0103,1982-2026
20.0,-17.5,-0.0117,1982-2026
20.0,-15.0,0.0013,1982-2026
20.0,-12.5,-0.0405,1982-2026
20.0,-10.0,-0.025,1982-2026
20.0,-7.5,-0.0183,1982-2026
20.0,-5.0,-0.0306,1982-2026
20.0,-2.5,-0.0382,1982-2026
17.5,0.0,-0.014,1982-2026
17.5,2.5,0.0013,1982-2026
17.5,5.0,0.0013,1982-2026
17.5,7.5,-0.0035,1982-2026
17.5,10.0,-0.0077,1982-2026
17.5,12.5,0.0222,1982-2026
17.5,15.0,0.0542,1982-2026
17.5,17.5,0.0367,1982-2026
17.5,20.0,0.0017,1982-2026
17.5,22.5,0.0123,1982-2026
17.5,25.0,0.002,1982-2026
17.5,27.5,0.0048,1982-2026
17.5,30.0,-0.0124,1982-2026
17.5,32.5,0.0416,1982-2026
17.5,35.0,0.0578,1982-2026
17.5,37.5,0.0306,1982-2026
17.5,40.0,-0.0962,1982-2026
17.5,42.5,0.0367,1982-2026
17.5,45.0,0.0202,1982-2026
17.5,47.5,0.0268,1982-2026
17.5,50.0,0.0263,1982-2026
17.5,52.5,0.0339,1982-2026
17.5,55.0,0.0111,1982-2026
17.5,57.5,-0.0191,1982-2026
17.5,60.0,-0.0108,1982-2026
17.5,62.5,-0.0251,1982-2026
17.5,65.0,-0.0516,1982-2026
17.5,67.5,-0.0565,1982-2026
17.5,70.0,-0.0379,1982-2026
17.5,72.5,-0.0324,1982-2026
17.5,75.0,-0.1037,1982-2026
17.5,77.5,-0.023,1982-2026
17.5,80.0,-0.0544,1982-2026
17.5,82.5,-0.0477,1982-2026
17.5,85.0,-0.1234,1982-2026
17.5,87.5,-0.1408,1982-2026
17.5,90.0,-0.11,1982-2026
17.5,92.5,-0.0828,1982-2026
17.5,95.0,-0.0514,1982-2026
17.5,97.5,-0.0217,1982-2026
17.5,100.0,-0.0334,1982-2026
17.5,102.5,0.0187,1982-2026
17.5,105.0,0.0274,1982-2026
17.5,107.5,0.0989,1982-2026
17.5,110.0,0.0995,1982-2026
17.5,112.5,0.1082,1982-2026
17.5,115.0,0.0822,1982-2026
17.5,117.5,0.0621,1982-2026
17.5,120.0,0.0051,1982-2026
17.5,122.5,0.0345,1982-2026
17.5,125.0,0.0634,1982-2026
17.5,127.5,0.0575,1982-2026
17.5,130.0,0.0578,1982-2026
17.5,132.5,0.0592,1982-2026
17.5,135.0,0.0781,1982-2026
17.5,137.5,0.0709,1982-2026
17.5,140.0,0.055,1982-2026
17.5,142.5,0.0359,1982-2026
17.5,145.0,0.0463,1982-2026
17.5,147.5,0.0662,1982-2026
17.5,150.0,0.0643,1982-2026
17.5,152.5,0.0557,1982-2026
17.5,155.0,0.0564,1982-2026
17.5,157.5,0.0518,1982-2026
17.5,160.0,0.0535,1982-2026
17.5,162.5,0.0536,1982-2026
17.5,165.0,0.0563,1982-2026
17.5,167.5,0.0337,1982-2026
17.5,170.0,0.0163,1982-2026
17.5,172.5,0.0077,1982-2026
17.5,175.0,-0.0007,1982-2026
17.5,177.5,-0.0231,1982-2026
17.5,180.0,-0.0381,1982-2026
17.5,-177.5,-0.0426,1982-2026
17.5,-175.0,-0.048,1982-2026
17.5,-172.5,-0.0564,1982-2026
17.5,-170.0,-0.0488,1982-2026
17.5,-167.5,-0.0355,1982-2026
17.5,-165.0,0.0096,1982-2026
17.5,-162.5,0.0501,1982-2026
17.5,-160.0,0.0746,1982-2026
17.5,-157.5,0.107,1982-2026
17.5,-155.0,0.1182,1982-2026
17.5,-152.5,0.1149,1982-2026
17.5,-150.0,0.102,1982-2026
17.5,-147.5,0.1007,1982-2026
17.5,-145.0,0.093,1982-2026
17.5,-142.5,0.0805,1982-2026
17.5,-140.0,0.0715,1982-2026
17.5,-137.5,0.0748,1982-2026
17.5,-135.0,0.0535,1982-2026
17.5,-132.5,0.0585,1982-2026
17.5,-130.0,0.0447,1982-2026
17.5,-127.5,0.0404,1982-2026
17.5,-125.0,0.0314,1982-2026
17.5,-122.5,0.022,1982-2026
17.5,-120.0,0.028,1982-2026
17.5,-117.5,0.0276,1982-2026
17.5,-115.0,0.0446,1982-2026
17.5,-112.5,0.0487,1982-2026
17.5,-110.0,0.029,1982-2026
17.5,-107.5,-0.0316,1982-2026
17.5,-105.0,-0.0571,1982-2026
17.5,-102.5,0.003,1982-2026
17.5,-100.0,-0.0068,1982-2026
17.5,-97.5,0.0091,1982-2026
17.5,-95.0,0.0059,1982-2026
17.5,-92.5,-0.0073,1982-2026
17.5,-90.0,0.0323,1982-2026
17.5,-87.5,0.0184,1982-2026
17.5,-85.0,-0.0061,1982-2026
17.5,-82.5,0.0048,1982-2026
17.5,-80.0,-0.0105,1982-2026
17.5,-77.5,0.0334,1982-2026
17.5,-75.0,0.0148,1982-2026
17.5,-72.5,-0.0074,1982-2026
17.5,-70.0,-0.0455,1982-2026
17.5,-67.5,-0.1181,1982-2026
17.5,-65.0,-0.1141,1982-2026
17.5,-62.5,-0.1194,1982-2026
17.5,-60.0,-0.0876,1982-2026
17.5,-57.5,-0.0828,1982-2026
17.5,-55.0,-0.0713,1982-2026
17.5,-52.5,-0.0837,1982-2026
17.5,-50.0,-0.0918,1982-2026
17.5,-47.5,-0.0843,1982-2026
17.5,-45.0,-0.0681,1982-2026
17.5,-42.5,-0.0592,1982-2026
17.5,-40.0,-0.0565,1982-2026
17.5,-37.5,-0.0357,1982-2026
17.5,-35.0,-0.0217,1982-2026
17.5,-32.5,-0.0126,1982-2026
17.5,-30.0,0.0019,1982-2026
17.5,-27.5,0.0024,1982-2026
17.5,-25.0,-0.0129,1982-2026
17.5,-22.5,-0.0133,1982-2026
17.5,-20.0,-0.0322,1982-2026
17.5,-17.5,-0.0363,1982-2026
17.5,-15.0,-0.0137,1982-2026
17.5,-12.5,0.0076,1982-2026
17.5,-10.0,-0.0105,1982-2026
17.5,-7.5,-0.0198,1982-2026
17.5,-5.0,-0.0356,1982-2026
17.5,-2.5,-0.0367,1982-2026
15.0,0.0,-0.0141,1982-2026
15.0,2.5,-0.0272,1982-2026
15.0,5.0,-0.023,1982-2026
15.0,7.5,-0.0114,1982-2026
15.0,10.0,0.0016,1982-2026
15.0,12.5,0.0318,1982-2026
15.0,15.0,0.0648,1982-2026
15.0,17.5,0.0682,1982-2026
15.0,20.0,0.0842,1982-2026
15.0,22.5,0.0406,1982-2026
15.0,25.0,0.0482,1982-2026
15.0,27.5,0.0568,1982-2026
15.0,30.0,0.0671,1982-2026
15.0,32.5,0.0609,1982-2026
15.0,35.0,0.0106,1982-2026
15.0,37.5,0.0259,1982-2026
15.0,40.0,-0.0134,1982-2026
15.0,42.5,0.0561,1982-2026
15.0,45.0,0.0357,1982-2026
15.0,47.5,-0.0439,1982-2026
15.0,50.0,-0.0165,1982-2026
15.0,52.5,-0.04,1982-2026
15.0,55.0,-0.0156,1982-2026
15.0,57.5,0.0273,1982-2026
15.0,60.0,0.0064,1982-2026
15.0,62.5,0.003,1982-2026
15.0,65.0,-0.0219,1982-2026
15.0,67.5,-0.0661,1982-2026
15.0,70.0,-0.0718,1982-2026
15.0,72.5,-0.0701,1982-2026
15.0,75.0,-0.0244,1982-2026
15.0,77.5,-0.0266,1982-2026
15.0,80.0,-0.0667,1982-2026
15.0,82.5,-0.0933,1982-2026
15.0,85.0,-0.1,1982-2026
15.0,87.5,-0.069,1982-2026
15.0,90.0,-0.0406,1982-2026
15.0,92.5,-0.0466,1982-2026
15.0,95.0,-0.0758,1982-2026
15.0,97.5,-0.0707,1982-2026
15.0,100.0,-0.0652,1982-2026
15.0,102.5,-0.0104,1982-2026
15.0,105.0,0.0303,1982-2026
15.0,107.5,0.0437,1982-2026
15.0,110.0,0.0742,1982-2026
15.0,112.5,0.0742,1982-2026
15.0,115.0,0.0445,1982-2026
15.0,117.5,-0.008,1982-2026
15.0,120.0,-0.0188,1982-2026
15.0,122.5,-0.0038,1982-2026
15.0,125.0,0.0189,1982-2026
15.0,127.5,0.0309,1982-2026
15.0,130.0,0.0336,1982-2026
15.0,132.5,0.0452,1982-2026
15.0,135.0,0.0513,1982-2026
15.0,137.5,0.0558,1982-2026
15.0,140.0,0.0806,1982-2026
15.0,142.5,0.0644,1982-2026
15.0,145.0,0.063,1982-2026
15.0,147.5,0.0702,1982-2026
15.0,150.0,0.0597,1982-2026
15.0,152.5,0.0454,1982-2026
15.0,155.0,0.0421,1982-2026
15.0,157.5,0.0379,1982-2026
15.0,160.0,0.0291,1982-2026
15.0,162.5,0.0346,1982-2026
15.0,165.0,0.0218,1982-2026
15.0,167.5,0.0176,1982-2026
15.0,170.0,0.0036,1982-2026
15.0,172.5,-0.0021,1982-2026
15.0,175.0,-0.0101,1982-2026
15.0,177.5,-0.0062,1982-2026
15.0,180.0,-0.0094,1982-2026
15.0,-177.5,-0.011,1982-2026
15.0,-175.0,-0.0069,1982-2026
15.0,-172.5,-0.005,1982-2026
15.0,-170.0,0.0096,1982-2026
15.0,-167.5,0.0059,1982-2026
15.0,-165.0,0.0402,1982-2026
15.0,-162.5,0.058,1982-2026
15.0,-160.0,0.08,1982-2026
15.0,-157.5,0.0995,1982-2026
15.0,-155.0,0.1047,1982-2026
15.0,-152.5,0.1135,1982-2026
15.0,-150.0,0.0949,1982-2026
15.0,-147.5,0.1027,1982-2026
15.0,-145.0,0.0825,1982-2026
15.0,-142.5,0.0701,1982-2026
15.0,-140.0,0.0738,1982-2026
15.0,-137.5,0.0663,1982-2026
15.0,-135.0,0.0591,1982-2026
15.0,-132.5,0.0602,1982-2026
15.0,-130.0,0.0605,1982-2026
15.0,-127.5,0.0496,1982-2026
15.0,-125.0,0.0326,1982-2026
15.0,-122.5,0.0062,1982-2026
15.0,-120.0,0.0213,1982-2026
15.0,-117.5,0.0357,1982-2026
15.0,-115.0,0.0517,1982-2026
15.0,-112.5,0.0564,1982-2026
15.0,-110.0,0.0376,1982-2026
15.0,-107.5,0.003,1982-2026
15.0,-105.0,-0.0245,1982-2026
15.0,-102.5,-0.0335,1982-2026
15.0,-100.0,-0.0104,1982-2026
15.0,-97.5,-0.0181,1982-2026
15.0,-95.0,-0.0179,1982-2026
15.0,-92.5,-0.0014,1982-2026
15.0,-90.0,0.0181,1982-2026
15.0,-87.5,0.0174,1982-2026
15.0,-85.0,0.0117,1982-2026
15.0,-82.5,-0.0061,1982-2026
15.0,-80.0,-0.043,1982-2026
15.0,-77.5,-0.0373,1982-2026
15.0,-75.0,-0.0226,1982-2026
15.0,-72.5,-0.0271,1982-2026
15.0,-70.0,-0.0484,1982-2026
15.0,-67.5,-0.0663,1982-2026
15.0,-65.0,-0.1013,1982-2026
15.0,-62.5,-0.1248,1982-2026
15.0,-60.0,-0.1256,1982-2026
15.0,-57.5,-0.1009,1982-2026
15.0,-55.0,-0.1028,1982-2026
15.0,-52.5,-0.1007,1982-2026
15.0,-50.0,-0.1054,1982-2026
15.0,-47.5,-0.1107,1982-2026
15.0,-45.0,-0.1035,1982-2026
15.0,-42.5,-0.0975,1982-2026
15.0,-40.0,-0.0873,1982-2026
15.0,-37.5,-0.064,1982-2026
15.0,-35.0,-0.0576,1982-2026
15.0,-32.5,-0.047,1982-2026
15.0,-30.0,-0.0476,1982-2026
15.0,-27.5,-0.0424,1982-2026
15.0,-25.0,-0.034,1982-2026
15.0,-22.5,-0.0292,1982-2026
15.0,-20.0,-0.0446,1982-2026
15.0,-17.5,-0.0656,1982-2026
15.0,-15.0,-0.0014,1982-2026
15.0,-12.5,-0.0113,1982-2026
15.0,-10.0,-0.0162,1982-2026
15.0,-7.5,-0.0404,1982-2026
15.0,-5.0,-0.0496,1982-2026
15.0,-2.5,-0.0305,1982-2026
12.5,0.0,-0.0224,1982-2026
12.5,2.5,-0.0359,1982-2026
12.5,5.0,-0.0455,1982-2026
12.5,7.5,-0.0196,1982-2026
12.5,10.0,-0.0238,1982-2026
12.5,12.5,-0.0397,1982-2026
12.5,15.0,-0.0145,1982-2026
12.5,17.5,-0.0025,1982-2026
12.5,20.0,0.0175,1982-2026
12.5,22.5,0.0515,1982-2026
12.5,25.0,0.0553,1982-2026
12.5,27.5,0.0281,1982-2026
12.5,30.0,0.0188,1982-2026
12.5,32.5,0.0347,1982-2026
12.5,35.0,0.0651,1982-2026
12.5,37.5,0.0069,1982-2026
12.5,40.0,0.0162,1982-2026
12.5,42.5,0.047,1982-2026
12.5,45.0,0.0258,1982-2026
12.5,47.5,-0.0227,1982-2026
12.5,50.0,-0.0482,1982-2026
12.5,52.5,0.0307,1982-2026
12.5,55.0,0.0169,1982-2026
12.5,57.5,0.0287,1982-2026
12.5,60.0,0.0175,1982-2026
12.5,62.5,0.0106,1982-2026
12.5,65.0,0.0163,1982-2026
12.5,67.5,-0.0437,1982-2026
12.5,70.0,-0.0734,1982-2026
12.5,72.5,-0.0714,1982-2026
12.5,75.0,-0.0728,1982-2026
12.5,77.5,-0.0195,1982-2026
12.5,80.0,-0.02,1982-2026
12.5,82.5,-0.0274,1982-2026
12.5,85.0,-0.0225,1982-2026
12.5,87.5,0.0071,1982-2026
12.5,90.0,0.0104,1982-2026
12.5,92.5,-0.0231,1982-2026
12.5,95.0,-0.03,1982-2026
12.5,97.5,-0.0352,1982-2026
12.5,100.0,-0.0423,1982-2026
12.5,102.5,-0.0037,1982-2026
12.5,105.0,-0.0226,1982-2026
12.5,107.5,0.0382,1982-2026
12.5,110.0,0.0846,1982-2026
12.5,112.5,0.0206,1982-2026
12.5,115.0,-0.0108,1982-2026
12.5,117.5,-0.0377,1982-2026
12.5,120.0,-0.0079,1982-2026
12.5,122.5,-0.0282,1982-2026
12.5,125.0,-0.0093,1982-2026
12.5,127.5,0.0077,1982-2026
12.5,130.0,0.0203,1982-2026
12.5,132.5,0.0352,1982-2026
12.5,135.0,0.0374,1982-2026
12.5,137.5,0.0367,1982-2026
12.5,140.0,0.0553,1982-2026
12.5,142.5,0.0387,1982-2026
12.5,145.0,0.0581,1982-2026
12.5,147.5,0.0873,1982-2026
12.5,150.0,0.0745,1982-2026
12.5,152.5,0.069,1982-2026
12.5,155.0,0.0591,1982-2026
12.5,157.5,0.0646,1982-2026
12.5,160.0,0.0669,1982-2026
12.5,162.5,0.0705,1982-2026
12.5,165.0,0.0775,1982-2026
12.5,167.5,0.0762,1982-2026
12.5,170.0,0.0713,1982-2026
12.5,172.5,0.0784,1982-2026
12.5,175.0,0.0794,1982-2026
12.5,177.5,0.0768,1982-2026
12.5,180.0,0.0662,1982-2026
12.5,-177.5,0.0689,1982-2026
12.5,-175.0,0.0665,1982-2026
12.5,-172.5,0.0747,1982-2026
12.5,-170.0,0.0723,1982-2026
12.5,-167.5,0.066,1982-2026
12.5,-165.0,0.0753,1982-2026
12.5,-162.5,0.0872,1982-2026
12.5,-160.0,0.09,1982-2026
12.5,-157.5,0.1029,1982-2026
12.5,-155.0,0.101,1982-2026
12.5,-152.5,0.0799,1982-2026
12.5,-150.0,0.0845,1982-2026
12.5,-147.5,0.0897,1982-2026
12.5,-145.0,0.0975,1982-2026
12.5,-142.5,0.0953,1982-2026
12.5,-140.0,0.0843,1982-2026
12.5,-137.5,0.0535,1982-2026
12.5,-135.0,0.0366,1982-2026
12.5,-132.5,0.0379,1982-2026
12.5,-130.0,0.0454,1982-2026
12.5,-127.5,0.0503,1982-2026
12.5,-125.0,0.0425,1982-2026
12.5,-122.5,0.0398,1982-2026
12.5,-120.0,0.0662,1982-2026
12.5,-117.5,0.0793,1982-2026
12.5,-115.0,0.0684,1982-2026
12.5,-112.5,0.0684,1982-2026
12.5,-110.0,0.0466,1982-2026
12.5,-107.5,0.0328,1982-2026
12.5,-105.0,0.0372,1982-2026
12.5,-102.5,0.0247,1982-2026
12.5,-100.0,-0.017,1982-2026
12.5,-97.5,-0.0241,1982-2026
12.5,-95.0,0.0286,1982-2026
12.5,-92.5,-0.0211,1982-2026
12.5,-90.0,0.0109,1982-2026
12.5,-87.5,0.0345,1982-2026
12.5,-85.0,-0.0423,1982-2026
12.5,-82.5,-0.0311,1982-2026
12.5,-80.0,-0.0661,1982-2026
12.5,-77.5,-0.0536,1982-2026
12.5,-75.0,-0.0915,1982-2026
12.5,-72.5,-0.1171,1982-2026
12.5,-70.0,-0.0962,1982-2026
12.5,-67.5,-0.0773,1982-2026
12.5,-65.0,-0.114,1982-2026
12.5,-62.5,-0.084,1982-2026
12.5,-60.0,-0.0997,1982-2026
12.5,-57.5,-0.0902,1982-2026
12.5,-55.0,-0.0859,1982-2026
12.5,-52.5,-0.1017,1982-2026
12.5,-50.0,-0.1129,1982-2026
12.5,-47.5,-0.1168,1982-2026
12.5,-45.0,-0.1141,1982-2026
12.5,-42.5,-0.109,1982-2026
12.5,-40.0,-0.1116,1982-2026
12.5,-37.5,-0.0976,1982-2026
12.5,-35.0,-0.0959,1982-2026
12.5,-32.5,-0.0902,1982-2026
12.5,-30.0,-0.0788,1982-2026
12.5,-27.5,-0.0685,1982-2026
12.5,-25.0,-0.0266,1982-2026
12.5,-22.5,0.0083,1982-2026
12.5,-20.0,-0.0022,1982-2026
12.5,-17.5,0.0103,1982-2026
12.5,-15.0,0.0099,1982-2026
12.5,-12.5,0.0369,1982-2026
12.5,-10.0,0.0074,1982-2026
12.5,-7.5,-0.0137,1982-2026
12.5,-5.0,-0.0403,1982-2026
12.5,-2.5,-0.0399,1982-2026
10.0,0.0,-0.0061,1982-2026
10.0,2.5,-0.0033,1982-2026
10.0,5.0,-0.0363,1982-2026
10.0,7.5,-0.006,1982-2026
10.0,10.0,-0.0161,1982-2026
10.0,12.5,-0.0061,1982-2026
10.0,15.0,-0.006,1982-2026
10.0,17.5,0.0128,1982-2026
10.0,20.0,0.0353,1982-2026
10.0,22.5,0.0706,1982-2026
10.0,25.0,0.0606,1982-2026
10.0,27.5,0.0731,1982-2026
10.0,30.0,0.0689,1982-2026
10.0,32.5,0.0524,1982-2026
10.0,35.0,0.0027,1982-2026
10.0,37.5,0.0067,1982-2026
10.0,40.0,0.0235,1982-2026
10.0,42.5,0.0565,1982-2026
10.0,45.0,0.0076,1982-2026
10.0,47.5,0.0512,1982-2026
10.0,50.0,0.0216,1982-2026
10.0,52.5,0.0316,1982-2026
10.0,55.0,0.0432,1982-2026
10.0,57.5,0.0397,1982-2026
10.0,60.0,0.0286,1982-2026
10.0,62.5,0.0031,1982-2026
10.0,65.0,-0.0221,1982-2026
10.0,67.5,-0.0471,1982-2026
10.0,70.0,-0.0548,1982-2026
10.0,72.5,-0.0577,1982-2026
10.0,75.0,-0.0884,1982-2026
10.0,77.5,-0.0272,1982-2026
10.0,80.0,-0.0364,1982-2026
10.0,82.5,-0.0158,1982-2026
10.0,85.0,-0.0268,1982-2026
10.0,87.5,-0.0108,1982-2026
10.0,90.0,-0.0442,1982-2026
10.0,92.5,-0.0504,1982-2026
10.0,95.0,-0.0428,1982-2026
10.0,97.5,-0.0198,1982-2026
10.0,100.0,-0.0084,1982-2026
10.0,102.5,-0.0127,1982-2026
10.0,105.0,-0.0232,1982-2026
10.0,107.5,-0.0231,1982-2026
10.0,110.0,0.0373,1982-2026
10.0,112.5,-0.008,1982-2026
10.0,115.0,-0.0434,1982-2026
10.0,117.5,-0.0535,1982-2026
10.0,120.0,-0.0158,1982-2026
10.0,122.5,-0.0243,1982-2026
10.0,125.0,-0.0399,1982-2026
10.0,127.5,0.0006,1982-2026
10.0,130.0,0.0006,1982-2026
10.0,132.5,0.0134,1982-2026
10.0,135.0,0.0326,1982-2026
10.0,137.5,0.0384,1982-2026
10.0,140.0,0.052,1982-2026
10.0,142.5,0.0516,1982-2026
10.0,145.0,0.0636,1982-2026
10.0,147.5,0.0851,1982-2026
10.0,150.0,0.0925,1982-2026
10.0,152.5,0.104,1982-2026
10.0,155.0,0.1088,1982-2026
10.0,157.5,0.1226,1982-2026
10.0,160.0,0.1405,1982-2026
10.0,162.5,0.1406,1982-2026
10.0,165.0,0.1396,1982-2026
10.0,167.5,0.1442,1982-2026
10.0,170.0,0.1483,1982-2026
10.0,172.5,0.1452,1982-2026
10.0,175.0,0.1506,1982-2026
10.0,177.5,0.1411,1982-2026
10.0,180.0,0.1388,1982-2026
10.0,-177.5,0.1298,1982-2026
10.0,-175.0,0.1405,1982-2026
10.0,-172.5,0.1428,1982-2026
10.0,-170.0,0.1366,1982-2026
10.0,-167.5,0.1343,1982-2026
10.0,-165.0,0.1256,1982-2026
10.0,-162.5,0.1297,1982-2026
10.0,-160.0,0.1204,1982-2026
10.0,-157.5,0.0927,1982-2026
10.0,-155.0,0.1055,1982-2026
10.0,-152.5,0.0903,1982-2026
10.0,-150.0,0.0958,1982-2026
10.0,-147.5,0.0895,1982-2026
10.0,-145.0,0.0957,1982-2026
10.0,-142.5,0.0972,1982-2026
10.0,-140.0,0.0966,1982-2026
10.0,-137.5,0.0889,1982-2026
10.0,-135.0,0.0701,1982-2026
10.0,-132.5,0.0733,1982-2026
10.0,-130.0,0.0734,1982-2026
10.0,-127.5,0.0762,1982-2026
10.0,-125.0,0.0857,1982-2026
10.0,-122.5,0.1016,1982-2026
10.0,-120.0,0.1062,1982-2026
10.0,-117.5,0.113,1982-2026
10.0,-115.0,0.1011,1982-2026
10.0,-112.5,0.0877,1982-2026
10.0,-110.0,0.0819,1982-2026
10.0,-107.5,0.0801,1982-2026
10.0,-105.0,0.0836,1982-2026
10.0,-102.5,0.086,1982-2026
10.0,-100.0,0.0766,1982-2026
10.0,-97.5,0.0837,1982-2026
10.0,-95.0,0.0655,1982-2026
10.0,-92.5,0.0105,1982-2026
10.0,-90.0,-0.0555,1982-2026
10.0,-87.5,-0.1008,1982-2026
10.0,-85.0,0.0172,1982-2026
10.0,-82.5,-0.0533,1982-2026
10.0,-80.0,-0.0081,1982-2026
10.0,-77.5,0.0137,1982-2026
10.0,-75.0,0.0127,1982-2026
10.0,-72.5,-0.0206,1982-2026
10.0,-70.0,-0.0201,1982-2026
10.0,-67.5,0.0037,1982-2026
10.0,-65.0,0.0289,1982-2026
10.0,-62.5,-0.0342,1982-2026
10.0,-60.0,-0.0215,1982-2026
10.0,-57.5,-0.0545,1982-2026
10.0,-55.0,-0.0713,1982-2026
10.0,-52.5,-0.0742,1982-2026
10.0,-50.0,-0.0902,1982-2026
10.0,-47.5,-0.0896,1982-2026
10.0,-45.0,-0.1092,1982-2026
10.0,-42.5,-0.0946,1982-2026
10.0,-40.0,-0.0718,1982-2026
10.0,-37.5,-0.0436,1982-2026
10.0,-35.0,-0.0212,1982-2026
10.0,-32.5,0.0165,1982-2026
10.0,-30.0,0.0402,1982-2026
10.0,-27.5,0.0574,1982-2026
10.0,-25.0,0.0727,1982-2026
10.0,-22.5,0.0745,1982-2026
10.0,-20.0,0.055,1982-2026
10.0,-17.5,0.0366,1982-2026
10.0,-15.0,0.0403,1982-2026
10.0,-12.5,0.0009,1982-2026
10.0,-10.0,0.047,1982-2026
10.0,-7.5,0.0281,1982-2026
10.0,-5.0,-0.0045,1982-2026
10.0,-2.5,-0.0014,1982-2026
7.5,0.0,-0.0188,1982-2026
7.5,2.5,-0.017,1982-2026
7.5,5.0,-0.0368,1982-2026
7.5,7.5,-0.0175,1982-2026
7.5,10.0,0.0135,1982-2026
7.5,12.5,0.0094,1982-2026
7.5,15.0,0.0141,1982-2026
7.5,17.5,0.0266,1982-2026
7.5,20.0,0.0266,1982-2026
7.5,22.5,0.0592,1982-2026
7.5,25.0,0.0565,1982-2026
7.5,27.5,0.0556,1982-2026
7.5,30.0,0.0524,1982-2026
7.5,32.5,0.0428,1982-2026
7.5,35.0,0.013,1982-2026
7.5,37.5,-0.0059,1982-2026
7.5,40.0,0.0057,1982-2026
7.5,42.5,0.0348,1982-2026
7.5,45.0,0.0522,1982-2026
7.5,47.5,0.0402,1982-2026
7.5,50.0,0.0787,1982-2026
7.5,52.5,0.0716,1982-2026
7.5,55.0,0.031,1982-2026
7.5,57.5,0.0316,1982-2026
7.5,60.0,0.0231,1982-2026
7.5,62.5,-0.0146,1982-2026
7.5,65.0,-0.0421,1982-2026
7.5,67.5,-0.0639,1982-2026
7.5,70.0,-0.0676,1982-2026
7.5,72.5,-0.0616,1982-2026
7.5,75.0,-0.0612,1982-2026
7.5,77.5,-0.0407,1982-2026
7.5,80.0,-0.016,1982-2026
7.5,82.5,-0.0256,1982-2026
7.5,85.0,-0.0798,1982-2026
7.5,87.5,-0.083,1982-2026
7.5,90.0,-0.097,1982-2026
7.5,92.5,-0.0939,1982-2026
7.5,95.0,-0.0745,1982-2026
7.5,97.5,-0.0388,1982-2026
7.5,100.0,0.0008,1982-2026
7.5,102.5,-0.0168,1982-2026
7.5,105.0,-0.0168,1982-2026
7.5,107.5,-0.0059,1982-2026
7.5,110.0,-0.0143,1982-2026
7.5,112.5,-0.0578,1982-2026
7.5,115.0,-0.1192,1982-2026
7.5,117.5,-0.1156,1982-2026
7.5,120.0,-0.0611,1982-2026
7.5,122.5,-0.0309,1982-2026
7.5,125.0,-0.0507,1982-2026
7.5,127.5,-0.0983,1982-2026
7.5,130.0,-0.0602,1982-2026
7.5,132.5,-0.0481,1982-2026
7.5,135.0,-0.0199,1982-2026
7.5,137.5,-0.0032,1982-2026
7.5,140.0,0.0078,1982-2026
7.5,142.5,0.0329,1982-2026
7.5,145.0,0.0538,1982-2026
7.5,147.5,0.0758,1982-2026
7.5,150.0,0.0872,1982-2026
7.5,152.5,0.0947,1982-2026
7.5,155.0,0.1108,1982-2026
7.5,157.5,0.1211,1982-2026
7.5,160.0,0.1816,1982-2026
7.5,162.5,0.1834,1982-2026
7.5,165.0,0.1913,1982-2026
7.5,167.5,0.1895,1982-2026
7.5,170.0,0.1731,1982-2026
7.5,172.5,0.1791,1982-2026
7.5,175.0,0.1671,1982-2026
7.5,177.5,0.1695,1982-2026
7.5,180.0,0.1657,1982-2026
7.5,-177.5,0.1714,1982-2026
7.5,-175.0,0.1691,1982-2026
7.5,-172.5,0.1645,1982-2026
7.5,-170.0,0.1831,1982-2026
7.5,-167.5,0.1659,1982-2026
7.5,-165.0,0.1499,1982-2026
7.5,-162.5,0.1399,1982-2026
7.5,-160.0,0.1402,1982-2026
7.5,-157.5,0.1431,1982-2026
7.5,-155.0,0.1539,1982-2026
7.5,-152.5,0.1569,1982-2026
7.5,-150.0,0.1536,1982-2026
7.5,-147.5,0.1565,1982-2026
7.5,-145.0,0.1521,1982-2026
7.5,-142.5,0.1655,1982-2026
7.5,-140.0,0.1754,1982-2026
7.5,-137.5,0.1832,1982-2026
7.5,-135.0,0.1528,1982-2026
7.5,-132.5,0.1482,1982-2026
7.5,-130.0,0.148,1982-2026
7.5,-127.5,0.1477,1982-2026
7.5,-125.0,0.1396,1982-2026
7.5,-122.5,0.1424,1982-2026
7.5,-120.0,0.1419,1982-2026
7.5,-117.5,0.1554,1982-2026
7.5,-115.0,0.1619,1982-2026
7.5,-112.5,0.1462,1982-2026
7.5,-110.0,0.1511,1982-2026
7.5,-107.5,0.1754,1982-2026
7.5,-105.0,0.1829,1982-2026
7.5,-102.5,0.1631,1982-2026
7.5,-100.0,0.1482,1982-2026
7.5,-97.5,0.1475,1982-2026
7.5,-95.0,0.1525,1982-2026
7.5,-92.5,0.1197,1982-2026
7.5,-90.0,0.0959,1982-2026
7.5,-87.5,0.12,1982-2026
7.5,-85.0,0.1576,1982-2026
7.5,-82.5,0.0996,1982-2026
7.5,-80.0,-0.0184,1982-2026
7.5,-77.5,0.023,1982-2026
7.5,-75.0,0.0145,1982-2026
7.5,-72.5,0.0134,1982-2026
7.5,-70.0,-0.0384,1982-2026
7.5,-67.5,-0.0046,1982-2026
7.5,-65.0,0.0197,1982-2026
7.5,-62.5,-0.0758,1982-2026
7.5,-60.0,-0.0365,1982-2026
7.5,-57.5,-0.0622,1982-2026
7.5,-55.0,-0.0853,1982-2026
7.5,-52.5,-0.0636,1982-2026
7.5,-50.0,-0.0528,1982-2026
7.5,-47.5,-0.0636,1982-2026
7.5,-45.0,-0.0625,1982-2026
7.5,-42.5,-0.058,1982-2026
7.5,-40.0,-0.0333,1982-2026
7.5,-37.5,-0.0224,1982-2026
7.5,-35.0,0.0192,1982-2026
7.5,-32.5,0.0361,1982-2026
7.5,-30.0,0.0526,1982-2026
7.5,-27.5,0.0635,1982-2026
7.5,-25.0,0.0602,1982-2026
7.5,-22.5,0.0712,1982-2026
7.5,-20.0,0.0534,1982-2026
7.5,-17.5,0.0233,1982-2026
7.5,-15.0,0.048,1982-2026
7.5,-12.5,0.0208,1982-2026
7.5,-10.0,0.0281,1982-2026
7.5,-7.5,0.03,1982-2026
7.5,-5.0,0.0179,1982-2026
7.5,-2.5,-0.0139,1982-2026
5.0,0.0,0.0142,1982-2026
5.0,2.5,0.0104,1982-2026
5.0,5.0,0.0236,1982-2026
5.0,7.5,0.0171,1982-2026
5.0,10.0,0.0116,1982-2026
5.0,12.5,0.0092,1982-2026
5.0,15.0,0.0113,1982-2026
5.0,17.5,0.027,1982-2026
5.0,20.0,0.0082,1982-2026
5.0,22.5,0.0007,1982-2026
5.0,25.0,0.0043,1982-2026
5.0,27.5,0.0097,1982-2026
5.0,30.0,0.02,1982-2026
5.0,32.5,0.0524,1982-2026
5.0,35.0,-0.052,1982-2026
5.0,37.5,-0.0249,1982-2026
5.0,40.0,0.0594,1982-2026
5.0,42.5,0.0918,1982-2026
5.0,45.0,0.0487,1982-2026
5.0,47.5,0.0578,1982-2026
5.0,50.0,0.1001,1982-2026
5.0,52.5,0.0765,1982-2026
5.0,55.0,0.0373,1982-2026
5.0,57.5,0.0092,1982-2026
5.0,60.0,-0.0154,1982-2026
5.0,62.5,-0.0503,1982-2026
5.0,65.0,-0.0855,1982-2026
5.0,67.5,-0.093,1982-2026
5.0,70.0,-0.0919,1982-2026
5.0,72.5,-0.0804,1982-2026
5.0,75.0,-0.0745,1982-2026
5.0,77.5,-0.0357,1982-2026
5.0,80.0,-0.0495,1982-2026
5.0,82.5,-0.0158,1982-2026
5.0,85.0,-0.0367,1982-2026
5.0,87.5,-0.0466,1982-2026
5.0,90.0,-0.0613,1982-2026
5.0,92.5,-0.0461,1982-2026
5.0,95.0,-0.009,1982-2026
5.0,97.5,-0.0015,1982-2026
5.0,100.0,-0.0098,1982-2026
5.0,102.5,-0.0016,1982-2026
5.0,105.0,-0.0092,1982-2026
5.0,107.5,-0.0347,1982-2026
5.0,110.0,-0.0668,1982-2026
5.0,112.5,-0.1029,1982-2026
5.0,115.0,-0.0381,1982-2026
5.0,117.5,-0.0217,1982-2026
5.0,120.0,-0.0708,1982-2026
5.0,122.5,-0.1173,1982-2026
5.0,125.0,-0.1665,1982-2026
5.0,127.5,-0.1308,1982-2026
5.0,130.0,-0.1141,1982-2026
5.0,132.5,-0.1144,1982-2026
5.0,135.0,-0.1002,1982-2026
5.0,137.5,-0.0848,1982-2026
5.0,140.0,-0.0624,1982-2026
5.0,142.5,-0.0145,1982-2026
5.0,145.0,0.0193,1982-2026
5.0,147.5,0.0389,1982-2026
5.0,150.0,0.0391,1982-2026
5.0,152.5,0.0485,1982-2026
5.0,155.0,0.0667,1982-2026
5.0,157.5,0.0928,1982-2026
5.0,160.0,0.1124,1982-2026
5.0,162.5,0.1338,1982-2026
5.0,165.0,0.1643,1982-2026
5.0,167.5,0.1865,1982-2026
5.0,170.0,0.1885,1982-2026
5.0,172.5,0.2024,1982-2026
5.0,175.0,0.1904,1982-2026
5.0,177.5,0.1737,1982-2026
5.0,180.0,0.1753,1982-2026
5.0,-177.5,0.1666,1982-2026
5.0,-175.0,0.1655,1982-2026
5.0,-172.5,0.1831,1982-2026
5.0,-170.0,0.2021,1982-2026
5.0,-167.5,0.19,1982-2026
5.0,-165.0,0.1933,1982-2026
5.0,-162.5,0.1865,1982-2026
5.0,-160.0,0.1902,1982-2026
5.0,-157.5,0.1922,1982-2026
5.0,-155.0,0.1893,1982-2026
5.0,-152.5,0.1923,1982-2026
5.0,-150.0,0.1968,1982-2026
5.0,-147.5,0.1751,1982-2026
5.0,-145.0,0.1655,1982-2026
5.0,-142.5,0.1781,1982-2026
5.0,-140.0,0.1796,1982-2026
5.0,-137.5,0.1788,1982-2026
5.0,-135.0,0.1526,1982-2026
5.0,-132.5,0.1554,1982-2026
5.0,-130.0,0.1586,1982-2026
5.0,-127.5,0.1556,1982-2026
5.0,-125.0,0.1625,1982-2026
5.0,-122.5,0.1565,1982-2026
5.0,-120.0,0.1571,1982-2026
5.0,-117.5,0.1692,1982-2026
5.0,-115.0,0.1523,1982-2026
5.0,-112.5,0.1485,1982-2026
5.0,-110.0,0.1355,1982-2026
5.0,-107.5,0.1283,1982-2026
5.0,-105.0,0.134,1982-2026
5.0,-102.5,0.1321,1982-2026
5.0,-100.0,0.1297,1982-2026
5.0,-97.5,0.1422,1982-2026
5.0,-95.0,0.1652,1982-2026
5.0,-92.5,0.1487,1982-2026
5.0,-90.0,0.179,1982-2026
5.0,-87.5,0.2017,1982-2026
5.0,-85.0,0.2153,1982-2026
5.0,-82.5,0.1427,1982-2026
5.0,-80.0,0.0912,1982-2026
5.0,-77.5,0.0237,1982-2026
5.0,-75.0,0.0222,1982-2026
5.0,-72.5,-0.0084,1982-2026
5.0,-70.0,-0.0154,1982-2026
5.0,-67.5,0.0114,1982-2026
5.0,-65.0,-0.0085,1982-2026
5.0,-62.5,0.0082,1982-2026
5.0,-60.0,-0.0563,1982-2026
5.0,-57.5,-0.0396,1982-2026
5.0,-55.0,-0.0893,1982-2026
5.0,-52.5,-0.0602,1982-2026
5.0,-50.0,-0.0302,1982-2026
5.0,-47.5,-0.0492,1982-2026
5.0,-45.0,-0.0338,1982-2026
5.0,-42.5,-0.0286,1982-2026
5.0,-40.0,-0.0248,1982-2026
5.0,-37.5,-0.0114,1982-2026
5.0,-35.0,0.0013,1982-2026
5.0,-32.5,0.0127,1982-2026
5.0,-30.0,0.0218,1982-2026
5.0,-27.5,0.0247,1982-2026
5.0,-25.0,0.0284,1982-2026
5.0,-22.5,0.0238,1982-2026
5.0,-20.0,-0.0132,1982-2026
5.0,-17.5,0.0009,1982-2026
5.0,-15.0,0.0778,1982-2026
5.0,-12.5,0.0932,1982-2026
5.0,-10.0,0.067,1982-2026
5.0,-7.5,0.0193,1982-2026
5.0,-5.0,0.0346,1982-2026
5.0,-2.5,0.0354,1982-2026
2.5,0.0,0.0823,1982-2026
2.5,2.5,0.0512,1982-2026
2.5,5.0,0.0884,1982-2026
2.5,7.5,0.1086,1982-2026
2.5,10.0,0.0276,1982-2026
2.5,12.5,0.011,1982-2026
2.5,15.0,0.0097,1982-2026
2.5,17.5,0.0136,1982-2026
2.5,20.0,0.0221,1982-2026
2.5,22.5,0.0311,1982-2026
2.5,25.0,0.0366,1982-2026
2.5,27.5,0.0025,1982-2026
2.5,30.0,0.0101,1982-2026
2.5,32.5,0.0422,1982-2026
2.5,35.0,-0.0492,1982-2026
2.5,37.5,-0.009,1982-2026
2.5,40.0,0.1097,1982-2026
2.5,42.5,0.0487,1982-2026
2.5,45.0,0.0555,1982-2026
2.5,47.5,0.0691,1982-2026
2.5,50.0,0.077,1982-2026
2.5,52.5,0.0429,1982-2026
2.5,55.0,0.0258,1982-2026
2.5,57.5,-0.0031,1982-2026
2.5,60.0,-0.0221,1982-2026
2.5,62.5,-0.0527,1982-2026
2.5,65.0,-0.0593,1982-2026
2.5,67.5,-0.0689,1982-2026
2.5,70.0,-0.0693,1982-2026
2.5,72.5,-0.0665,1982-2026
2.5,75.0,-0.0579,1982-2026
2.5,77.5,-0.0484,1982-2026
2.5,80.0,-0.0405,1982-2026
2.5,82.5,-0.0168,1982-2026
2.5,85.0,0.0073,1982-2026
2.5,87.5,0.0191,1982-2026
2.5,90.0,0.0274,1982-2026
2.5,92.5,0.0617,1982-2026
2.5,95.0,0.076,1982-2026
2.5,97.5,0.0109,1982-2026
2.5,100.0,-0.0009,1982-2026
2.5,102.5,-0.031,1982-2026
2.5,105.0,-0.0457,1982-2026
2.5,107.5,-0.0269,1982-2026
2.5,110.0,-0.0227,1982-2026
2.5,112.5,0.0037,1982-2026
2.5,115.0,-0.0164,1982-2026
2.5,117.5,-0.0274,1982-2026
2.5,120.0,-0.1167,1982-2026
2.5,122.5,-0.1331,1982-2026
2.5,125.0,-0.1167,1982-2026
2.5,127.5,-0.1358,1982-2026
2.5,130.0,-0.1474,1982-2026
2.5,132.5,-0.1421,1982-2026
2.5,135.0,-0.126,1982-2026
2.5,137.5,-0.1192,1982-2026
2.5,140.0,-0.1019,1982-2026
2.5,142.5,-0.0689,1982-2026
2.5,145.0,-0.0362,1982-2026
2.5,147.5,-0.0254,1982-2026
2.5,150.0,-0.0062,1982-2026
2.5,152.5,0.0165,1982-2026
2.5,155.0,0.0371,1982-2026
2.5,157.5,0.068,1982-2026
2.5,160.0,0.0942,1982-2026
2.5,162.5,0.1211,1982-2026
2.5,165.0,0.1637,1982-2026
2.5,167.5,0.1849,1982-2026
2.5,170.0,0.2012,1982-2026
2.5,172.5,0.2263,1982-2026
2.5,175.0,0.2372,1982-2026
2.5,177.5,0.2362,1982-2026
2.5,180.0,0.2351,1982-2026
2.5,-177.5,0.2296,1982-2026
2.5,-175.0,0.231,1982-2026
2.5,-172.5,0.2442,1982-2026
2.5,-170.0,0.2583,1982-2026
2.5,-167.5,0.2624,1982-2026
2.5,-165.0,0.2734,1982-2026
2.5,-162.5,0.2539,1982-2026
2.5,-160.0,0.2561,1982-2026
2.5,-157.5,0.2443,1982-2026
2.5,-155.0,0.2627,1982-2026
2.5,-152.5,0.2382,1982-2026
2.5,-150.0,0.2161,1982-2026
2.5,-147.5,0.2027,1982-2026
2.5,-145.0,0.203,1982-2026
2.5,-142.5,0.205,1982-2026
2.5,-140.0,0.209,1982-2026
2.5,-137.5,0.1877,1982-2026
2.5,-135.0,0.1602,1982-2026
2.5,-132.5,0.1661,1982-2026
2.5,-130.0,0.1792,1982-2026
2.5,-127.5,0.1601,1982-2026
2.5,-125.0,0.1695,1982-2026
2.5,-122.5,0.1693,1982-2026
2.5,-120.0,0.161,1982-2026
2.5,-117.5,0.1617,1982-2026
2.5,-115.0,0.1667,1982-2026
2.5,-112.5,0.1564,1982-2026
2.5,-110.0,0.1457,1982-2026
2.5,-107.5,0.1346,1982-2026
2.5,-105.0,0.1339,1982-2026
2.5,-102.5,0.1228,1982-2026
2.5,-100.0,0.1209,1982-2026
2.5,-97.5,0.1338,1982-2026
2.5,-95.0,0.1518,1982-2026
2.5,-92.5,0.1399,1982-2026
2.5,-90.0,0.121,1982-2026
2.5,-87.5,0.1325,1982-2026
2.5,-85.0,0.1146,1982-2026
2.5,-82.5,0.0892,1982-2026
2.5,-80.0,0.0279,1982-2026
2.5,-77.5,0.0063,1982-2026
2.5,-75.0,-0.0072,1982-2026
2.5,-72.5,-0.0065,1982-2026
2.5,-70.0,-0.0185,1982-2026
2.5,-67.5,0.0116,1982-2026
2.5,-65.0,0.0139,1982-2026
2.5,-62.5,0.0555,1982-2026
2.5,-60.0,0.0069,1982-2026
2.5,-57.5,0.0084,1982-2026
2.5,-55.0,-0.0647,1982-2026
2.5,-52.5,-0.04,1982-2026
2.5,-50.0,0.0003,1982-2026
2.5,-47.5,-0.0222,1982-2026
2.5,-45.0,-0.006,1982-2026
2.5,-42.5,-0.0047,1982-2026
2.5,-40.0,0.0027,1982-2026
2.5,-37.5,-0.0055,1982-2026
2.5,-35.0,-0.013,1982-2026
2.5,-32.5,-0.0272,1982-2026
2.5,-30.0,-0.0352,1982-2026
2.5,-27.5,-0.0316,1982-2026
2.5,-25.0,-0.0408,1982-2026
2.5,-22.5,-0.0477,1982-2026
2.5,-20.0,-0.0275,1982-2026
2.5,-17.5,0.0284,1982-2026
2.5,-15.0,0.0646,1982-2026
2.5,-12.5,0.0942,1982-2026
2.5,-10.0,0.1054,1982-2026
2.5,-7.5,0.098,1982-2026
2.5,-5.0,0.0793,1982-2026
2.5,-2.5,0.0792,1982-2026
0.0,0.0,0.1127,1982-2026
0.0,2.5,0.1059,1982-2026
0.0,5.0,0.0925,1982-2026
0.0,7.5,0.079,1982-2026
0.0,10.0,0.0085,1982-2026
0.0,12.5,0.0259,1982-2026
0.0,15.0,0.0379,1982-2026
0.0,17.5,0.0307,1982-2026
0.0,20.0,0.0613,1982-2026
0.0,22.5,0.0512,1982-2026
0.0,25.0,0.0553,1982-2026
0.0,27.5,0.0317,1982-2026
0.0,30.0,-0.0332,1982-2026
0.0,32.5,0.066,1982-2026
0.0,35.0,-0.0037,1982-2026
0.0,37.5,-0.0248,1982-2026
0.0,40.0,0.0574,1982-2026
0.0,42.5,0.0484,1982-2026
0.0,45.0,0.0498,1982-2026
0.0,47.5,0.0359,1982-2026
0.0,50.0,0.0312,1982-2026
0.0,52.5,0.0367,1982-2026
0.0,55.0,0.0411,1982-2026
0.0,57.5,0.0327,1982-2026
0.0,60.0,0.0162,1982-2026
0.0,62.5,-0.018,1982-2026
0.0,65.0,-0.0368,1982-2026
0.0,67.5,-0.0373,1982-2026
0.0,70.0,-0.0429,1982-2026
0.0,72.5,-0.032,1982-2026
0.0,75.0,-0.0133,1982-2026
0.0,77.5,-0.0033,1982-2026
0.0,80.0,0.0167,1982-2026
0.0,82.5,0.0547,1982-2026
0.0,85.0,0.0849,1982-2026
0.0,87.5,0.1063,1982-2026
0.0,90.0,0.1114,1982-2026
0.0,92.5,0.13,1982-2026
0.0,95.0,0.1591,1982-2026
0.0,97.5,0.1259,1982-2026
0.0,100.0,-0.0061,1982-2026
0.0,102.5,-0.0002,1982-2026
0.0,105.0,-0.0061,1982-2026
0.0,107.5,0.0414,1982-2026
0.0,110.0,0.0042,1982-2026
0.0,112.5,-0.0001,1982-2026
0.0,115.0,-0.0019,1982-2026
0.0,117.5,-0.0702,1982-2026
0.0,120.0,-0.0086,1982-2026
0.0,122.5,-0.0521,1982-2026
0.0,125.0,-0.071,1982-2026
0.0,127.5,0.0155,1982-2026
0.0,130.0,-0.1133,1982-2026
0.0,132.5,-0.0532,1982-2026
0.0,135.0,-0.0328,1982-2026
0.0,137.5,-0.0462,1982-2026
0.0,140.0,-0.0472,1982-2026
0.0,142.5,-0.0571,1982-2026
0.0,145.0,-0.0539,1982-2026
0.0,147.5,-0.0344,1982-2026
0.0,150.0,-0.0213,1982-2026
0.0,152.5,-0.0176,1982-2026
0.0,155.0,0.0173,1982-2026
0.0,157.5,0.058,1982-2026
0.0,160.0,0.0972,1982-2026
0.0,162.5,0.145,1982-2026
0.0,165.0,0.1952,1982-2026
0.0,167.5,0.2178,1982-2026
0.0,170.0,0.2369,1982-2026
0.0,172.5,0.2659,1982-2026
0.0,175.0,0.2766,1982-2026
0.0,177.5,0.2817,1982-2026
0.0,180.0,0.2942,1982-2026
0.0,-177.5,0.2904,1982-2026
0.0,-175.0,0.2903,1982-2026
0.0,-172.5,0.3046,1982-2026
0.0,-170.0,0.3058,1982-2026
0.0,-167.5,0.2901,1982-2026
0.0,-165.0,0.2872,1982-2026
0.0,-162.5,0.2833,1982-2026
0.0,-160.0,0.2656,1982-2026
0.0,-157.5,0.2726,1982-2026
0.0,-155.0,0.272,1982-2026
0.0,-152.5,0.2747,1982-2026
0.0,-150.0,0.25,1982-2026
0.0,-147.5,0.2341,1982-2026
0.0,-145.0,0.2216,1982-2026
0.0,-142.5,0.2203,1982-2026
0.0,-140.0,0.2334,1982-2026
0.0,-137.5,0.1947,1982-2026
0.0,-135.0,0.1704,1982-2026
0.0,-132.5,0.2047,1982-2026
0.0,-130.0,0.1503,1982-2026
0.0,-127.5,0.1406,1982-2026
0.0,-125.0,0.1479,1982-2026
0.0,-122.5,0.1267,1982-2026
0.0,-120.0,0.1122,1982-2026
0.0,-117.5,0.1018,1982-2026
0.0,-115.0,0.0991,1982-2026
0.0,-112.5,0.0879,1982-2026
0.0,-110.0,0.1042,1982-2026
0.0,-107.5,0.0966,1982-2026
0.0,-105.0,0.0578,1982-2026
0.0,-102.5,0.0262,1982-2026
0.0,-100.0,0.021,1982-2026
0.0,-97.5,0.0177,1982-2026
0.0,-95.0,0.0358,1982-2026
0.0,-92.5,-0.0238,1982-2026
0.0,-90.0,0.0522,1982-2026
0.0,-87.5,0.067,1982-2026
0.0,-85.0,0.0735,1982-2026
0.0,-82.5,0.0167,1982-2026
0.0,-80.0,0.0393,1982-2026
0.0,-77.5,0.0012,1982-2026
0.0,-75.0,-0.0238,1982-2026
0.0,-72.5,-0.02,1982-2026
0.0,-70.0,-0.0229,1982-2026
0.0,-67.5,-0.0153,1982-2026
0.0,-65.0,0.0202,1982-2026
0.0,-62.5,0.0332,1982-2026
0.0,-60.0,0.0347,1982-2026
0.0,-57.5,0.0613,1982-2026
0.0,-55.0,-0.0141,1982-2026
0.0,-52.5,-0.0363,1982-2026
0.0,-50.0,-0.0239,1982-2026
0.0,-47.5,0.0248,1982-2026
0.0,-45.0,0.0324,1982-2026
0.0,-42.5,0.0229,1982-2026
0.0,-40.0,0.0224,1982-2026
0.0,-37.5,0.0085,1982-2026
0.0,-35.0,-0.0209,1982-2026
0.0,-32.5,-0.0443,1982-2026
0.0,-30.0,-0.048,1982-2026
0.0,-27.5,-0.0436,1982-2026
0.0,-25.0,-0.0385,1982-2026
0.0,-22.5,-0.0113,1982-2026
0.0,-20.0,0.0187,1982-2026
0.0,-17.5,0.0326,1982-2026
0.0,-15.0,0.0351,1982-2026
0.0,-12.5,0.0506,1982-2026
0.0,-10.0,0.0536,1982-2026
0.0,-7.5,0.0619,1982-2026
0.0,-5.0,0.0709,1982-2026
0.0,-2.5,0.0891,1982-2026
-2.5,0.0,0.0884,1982-2026
-2.5,2.5,0.0864,1982-2026
-2.5,5.0,0.0863,1982-2026
-2.5,7.5,0.0661,1982-2026
-2.5,10.0,-0.0087,1982-2026
-2.5,12.5,0.0042,1982-2026
-2.5,15.0,0.0174,1982-2026
-2.5,17.5,0.0114,1982-2026
-2.5,20.0,0.0523,1982-2026
-2.5,22.5,0.0387,1982-2026
-2.5,25.0,0.0352,1982-2026
-2.5,27.5,0.0196,1982-2026
-2.5,30.0,-0.0208,1982-2026
-2.5,32.5,-0.011,1982-2026
-2.5,35.0,-0.0765,1982-2026
-2.5,37.5,-0.0155,1982-2026
-2.5,40.0,0.0121,1982-2026
-2.5,42.5,0.0383,1982-2026
-2.5,45.0,0.0171,1982-2026
-2.5,47.5,-0.009,1982-2026
-2.5,50.0,0.0129,1982-2026
-2.5,52.5,0.0468,1982-2026
-2.5,55.0,0.0639,1982-2026
-2.5,57.5,0.0581,1982-2026
-2.5,60.0,0.0333,1982-2026
-2.5,62.5,0.0051,1982-2026
-2.5,65.0,-0.0195,1982-2026
-2.5,67.5,-0.0439,1982-2026
-2.5,70.0,-0.0613,1982-2026
-2.5,72.5,-0.0513,1982-2026
-2.5,75.0,-0.0292,1982-2026
-2.5,77.5,0.0084,1982-2026
-2.5,80.0,0.0387,1982-2026
-2.5,82.5,0.0758,1982-2026
-2.5,85.0,0.1085,1982-2026
-2.5,87.5,0.1297,1982-2026
-2.5,90.0,0.1496,1982-2026
-2.5,92.5,0.164,1982-2026
-2.5,95.0,0.1668,1982-2026
-2.5,97.5,0.1681,1982-2026
-2.5,100.0,0.0945,1982-2026
-2.5,102.5,-0.0017,1982-2026
-2.5,105.0,-0.001,1982-2026
-2.5,107.5,0.0352,1982-2026
-2.5,110.0,0.0677,1982-2026
-2.5,112.5,0.0205,1982-2026
-2.5,115.0,0.0136,1982-2026
-2.5,117.5,-0.0449,1982-2026
-2.5,120.0,0.0237,1982-2026
-2.5,122.5,-0.0088,1982-2026
-2.5,125.0,-0.0312,1982-2026
-2.5,127.5,0.0013,1982-2026
-2.5,130.0,0.0053,1982-2026
-2.5,132.5,0.0564,1982-2026
-2.5,135.0,-0.035,1982-2026
-2.5,137.5,-0.0002,1982-2026
-2.5,140.0,-0.003,1982-2026
-2.5,142.5,-0.0409,1982-2026
-2.5,145.0,-0.0915,1982-2026
-2.5,147.5,-0.091,1982-2026
-2.5,150.0,-0.026,1982-2026
-2.5,152.5,-0.0642,1982-2026
-2.5,155.0,-0.05,1982-2026
-2.5,157.5,0.0262,1982-2026
-2.5,160.0,0.0749,1982-2026
-2.5,162.5,0.1377,1982-2026
-2.5,165.0,0.1918,1982-2026
-2.5,167.5,0.217,1982-2026
-2.5,170.0,0.2397,1982-2026
-2.5,172.5,0.2582,1982-2026
-2.5,175.0,0.2643,1982-2026
-2.5,177.5,0.2692,1982-2026
-2.5,180.0,0.2932,1982-2026
-2.5,-177.5,0.2954,1982-2026
-2.5,-175.0,0.3034,1982-2026
-2.5,-172.5,0.312,1982-2026
-2.5,-170.0,0.3167,1982-2026
-2.5,-167.5,0.3043,1982-2026
-2.5,-165.0,0.2938,1982-2026
-2.5,-162.5,0.2913,1982-2026
-2.5,-160.0,0.2809,1982-2026
-2.5,-157.5,0.2793,1982-2026
-2.5,-155.0,0.2797,1982-2026
-2.5,-152.5,0.2829,1982-2026
-2.5,-150.0,0.2743,1982-2026
-2.5,-147.5,0.3071,1982-2026
-2.5,-145.0,0.2818,1982-2026
-2.5,-142.5,0.2909,1982-2026
-2.5,-140.0,0.2782,1982-2026
-2.5,-137.5,0.255,1982-2026
-2.5,-135.0,0.2286,1982-2026
-2.5,-132.5,0.2134,1982-2026
-2.5,-130.0,0.2183,1982-2026
-2.5,-127.5,0.2079,1982-2026
-2.5,-125.0,0.1948,1982-2026
-2.5,-122.5,0.1871,1982-2026
-2.5,-120.0,0.1787,1982-2026
-2.5,-117.5,0.1603,1982-2026
-2.5,-115.0,0.1505,1982-2026
-2.5,-112.5,0.1444,1982-2026
-2.5,-110.0,0.1268,1982-2026
-2.5,-107.5,0.1164,1982-2026
-2.5,-105.0,0.0747,1982-2026
-2.5,-102.5,0.0486,1982-2026
-2.5,-100.0,0.0321,1982-2026
-2.5,-97.5,0.0275,1982-2026
-2.5,-95.0,-0.0135,1982-2026
-2.5,-92.5,-0.0349,1982-2026
-2.5,-90.0,-0.0178,1982-2026
-2.5,-87.5,0.015,1982-2026
-2.5,-85.0,0.0012,1982-2026
-2.5,-82.5,0.0133,1982-2026
-2.5,-80.0,0.0136,1982-2026
-2.5,-77.5,-0.0098,1982-2026
-2.5,-75.0,-0.012,1982-2026
-2.5,-72.5,-0.0378,1982-2026
-2.5,-70.0,-0.0361,1982-2026
-2.5,-67.5,-0.0319,1982-2026
-2.5,-65.0,0.0116,1982-2026
-2.5,-62.5,0.0491,1982-2026
-2.5,-60.0,0.0362,1982-2026
-2.5,-57.5,0.0668,1982-2026
-2.5,-55.0,0.0538,1982-2026
-2.5,-52.5,0.0335,1982-2026
-2.5,-50.0,0.003,1982-2026
-2.5,-47.5,0.0345,1982-2026
-2.5,-45.0,0.0096,1982-2026
-2.5,-42.5,0.0025,1982-2026
-2.5,-40.0,0.0581,1982-2026
-2.5,-37.5,0.0661,1982-2026
-2.5,-35.0,0.0608,1982-2026
-2.5,-32.5,0.0261,1982-2026
-2.5,-30.0,0.0202,1982-2026
-2.5,-27.5,0.0289,1982-2026
-2.5,-25.0,0.0364,1982-2026
-2.5,-22.5,0.0542,1982-2026
-2.5,-20.0,0.0654,1982-2026
-2.5,-17.5,0.0824,1982-2026
-2.5,-15.0,0.0648,1982-2026
-2.5,-12.5,0.1274,1982-2026
-2.5,-10.0,0.0884,1982-2026
-2.5,-7.5,0.0789,1982-2026
-2.5,-5.0,0.0814,1982-2026
-2.5,-2.5,0.0938,1982-2026
-5.0,0.0,0.0717,1982-2026
-5.0,2.5,0.0736,1982-2026
-5.0,5.0,0.0697,1982-2026
-5.0,7.5,0.0782,1982-2026
-5.0,10.0,0.0199,1982-2026
-5.0,12.5,-0.0253,1982-2026
-5.0,15.0,-0.0216,1982-2026
-5.0,17.5,-0.0007,1982-2026
-5.0,20.0,-0.0061,1982-2026
-5.0,22.5,0.0036,1982-2026
-5.0,25.0,0.0439,1982-2026
-5.0,27.5,0.029,1982-2026
-5.0,30.0,-0.0052,1982-2026
-5.0,32.5,-0.019,1982-2026
-5.0,35.0,-0.0354,1982-2026
-5.0,37.5,-0.0214,1982-2026
-5.0,40.0,0.0357,1982-2026
-5.0,42.5,0.0153,1982-2026
-5.0,45.0,-0.0039,1982-2026
-5.0,47.5,-0.0181,1982-2026
-5.0,50.0,0.0176,1982-2026
-5.0,52.5,0.0462,1982-2026
-5.0,55.0,0.0419,1982-2026
-5.0,57.5,0.0457,1982-2026
-5.0,60.0,0.041,1982-2026
-5.0,62.5,0.0274,1982-2026
-5.0,65.0,0.0027,1982-2026
-5.0,67.5,-0.0119,1982-2026
-5.0,70.0,-0.0138,1982-2026
-5.0,72.5,-0.0077,1982-2026
-5.0,75.0,0.0199,1982-2026
-5.0,77.5,0.0607,1982-2026
-5.0,80.0,0.0767,1982-2026
-5.0,82.5,0.0926,1982-2026
-5.0,85.0,0.1247,1982-2026
-5.0,87.5,0.1563,1982-2026
-5.0,90.0,0.172,1982-2026
-5.0,92.5,0.1702,1982-2026
-5.0,95.0,0.1412,1982-2026
-5.0,97.5,0.1578,1982-2026
-5.0,100.0,0.1759,1982-2026
-5.0,102.5,0.1958,1982-2026
-5.0,105.0,0.0034,1982-2026
-5.0,107.5,0.0359,1982-2026
-5.0,110.0,0.0582,1982-2026
-5.0,112.5,0.0578,1982-2026
-5.0,115.0,0.012,1982-2026
-5.0,117.5,0.019,1982-2026
-5.0,120.0,0.0245,1982-2026
-5.0,122.5,-0.0025,1982-2026
-5.0,125.0,0.0344,1982-2026
-5.0,127.5,0.0721,1982-2026
-5.0,130.0,0.0986,1982-2026
-5.0,132.5,0.068,1982-2026
-5.0,135.0,0.0168,1982-2026
-5.0,137.5,0.0093,1982-2026
-5.0,140.0,-0.0063,1982-2026
-5.0,142.5,0.0031,1982-2026
-5.0,145.0,-0.015,1982-2026
-5.0,147.5,-0.133,1982-2026
-5.0,150.0,-0.0841,1982-2026
-5.0,152.5,-0.1464,1982-2026
-5.0,155.0,-0.0118,1982-2026
-5.0,157.5,-0.0143,1982-2026
-5.0,160.0,0.0194,1982-2026
-5.0,162.5,0.0545,1982-2026
-5.0,165.0,0.0927,1982-2026
-5.0,167.5,0.1309,1982-2026
-5.0,170.0,0.1585,1982-2026
-5.0,172.5,0.1759,1982-2026
-5.0,175.0,0.1899,1982-2026
-5.0,177.5,0.2144,1982-2026
-5.0,180.0,0.2121,1982-2026
-5.0,-177.5,0.2146,1982-2026
-5.0,-175.0,0.2207,1982-2026
-5.0,-172.5,0.2383,1982-2026
-5.0,-170.0,0.2487,1982-2026
-5.0,-167.5,0.2543,1982-2026
-5.0,-165.0,0.2587,1982-2026
-5.0,-162.5,0.254,1982-2026
-5.0,-160.0,0.2532,1982-2026
-5.0,-157.5,0.2577,1982-2026
-5.0,-155.0,0.2618,1982-2026
-5.0,-152.5,0.2708,1982-2026
-5.0,-150.0,0.2943,1982-2026
-5.0,-147.5,0.2904,1982-2026
-5.0,-145.0,0.3116,1982-2026
-5.0,-142.5,0.3234,1982-2026
-5.0,-140.0,0.3103,1982-2026
-5.0,-137.5,0.2977,1982-2026
-5.0,-135.0,0.2847,1982-2026
-5.0,-132.5,0.2714,1982-2026
-5.0,-130.0,0.2676,1982-2026
-5.0,-127.5,0.2525,1982-2026
-5.0,-125.0,0.2331,1982-2026
-5.0,-122.5,0.2142,1982-2026
-5.0,-120.0,0.2025,1982-2026
-5.0,-117.5,0.1854,1982-2026
-5.0,-115.0,0.1753,1982-2026
-5.0,-112.5,0.184,1982-2026
-5.0,-110.0,0.1519,1982-2026
-5.0,-107.5,0.1266,1982-2026
-5.0,-105.0,0.0951,1982-2026
-5.0,-102.5,0.0703,1982-2026
-5.0,-100.0,0.0578,1982-2026
-5.0,-97.5,0.0346,1982-2026
-5.0,-95.0,0.0305,1982-2026
-5.0,-92.5,0.0244,1982-2026
-5.0,-90.0,0.021,1982-2026
-5.0,-87.5,0.0176,1982-2026
-5.0,-85.0,-0.0165,1982-2026
-5.0,-82.5,-0.0478,1982-2026
-5.0,-80.0,-0.0015,1982-2026
-5.0,-77.5,0.0225,1982-2026
-5.0,-75.0,0.0218,1982-2026
-5.0,-72.5,-0.0052,1982-2026
-5.0,-70.0,-0.0276,1982-2026
-5.0,-67.5,-0.0183,1982-2026
-5.0,-65.0,0.0023,1982-2026
-5.0,-62.5,0.0207,1982-2026
-5.0,-60.0,0.0598,1982-2026
-5.0,-57.5,0.0228,1982-2026
-5.0,-55.0,0.0468,1982-2026
-5.0,-52.5,0.0696,1982-2026
-5.0,-50.0,0.0342,1982-2026
-5.0,-47.5,0.0299,1982-2026
-5.0,-45.0,0.055,1982-2026
-5.0,-42.5,0.0226,1982-2026
-5.0,-40.0,0.0101,1982-2026
-5.0,-37.5,-0.0258,1982-2026
-5.0,-35.0,0.1234,1982-2026
-5.0,-32.5,0.0888,1982-2026
-5.0,-30.0,0.0808,1982-2026
-5.0,-27.5,0.0696,1982-2026
-5.0,-25.0,0.0624,1982-2026
-5.0,-22.5,0.061,1982-2026
-5.0,-20.0,0.075,1982-2026
-5.0,-17.5,0.0782,1982-2026
-5.0,-15.0,0.0759,1982-2026
-5.0,-12.5,0.0714,1982-2026
-5.0,-10.0,0.0797,1982-2026
-5.0,-7.5,0.0749,1982-2026
-5.0,-5.0,0.075,1982-2026
-5.0,-2.5,0.067,1982-2026
-7.5,0.0,0.061,1982-2026
-7.5,2.5,0.0629,1982-2026
-7.5,5.0,0.0654,1982-2026
-7.5,7.5,0.0573,1982-2026
-7.5,10.0,0.0258,1982-2026
-7.5,12.5,-0.0593,1982-2026
-7.5,15.0,-0.0342,1982-2026
-7.5,17.5,0.0126,1982-2026
-7.5,20.0,0.0515,1982-2026
-7.5,22.5,0.0403,1982-2026
-7.5,25.0,0.0127,1982-2026
-7.5,27.5,0.0184,1982-2026
-7.5,30.0,-0.0161,1982-2026
-7.5,32.5,-0.0109,1982-2026
-7.5,35.0,-0.0163,1982-2026
-7.5,37.5,0.029,1982-2026
-7.5,40.0,0.0378,1982-2026
-7.5,42.5,-0.0073,1982-2026
-7.5,45.0,-0.0168,1982-2026
-7.5,47.5,0.0172,1982-2026
-7.5,50.0,0.0275,1982-2026
-7.5,52.5,0.0142,1982-2026
-7.5,55.0,0.0097,1982-2026
-7.5,57.5,0.0016,1982-2026
-7.5,60.0,0.0187,1982-2026
-7.5,62.5,0.0288,1982-2026
-7.5,65.0,0.0405,1982-2026
-7.5,67.5,0.0487,1982-2026
-7.5,70.0,0.0414,1982-2026
-7.5,72.5,0.0687,1982-2026
-7.5,75.0,0.1083,1982-2026
-7.5,77.5,0.1049,1982-2026
-7.5,80.0,0.1169,1982-2026
-7.5,82.5,0.1258,1982-2026
-7.5,85.0,0.1287,1982-2026
-7.5,87.5,0.1475,1982-2026
-7.5,90.0,0.1507,1982-2026
-7.5,92.5,0.1428,1982-2026
-7.5,95.0,0.1107,1982-2026
-7.5,97.5,0.1275,1982-2026
-7.5,100.0,0.1346,1982-2026
-7.5,102.5,0.1214,1982-2026
-7.5,105.0,0.0845,1982-2026
-7.5,107.5,0.0163,1982-2026
-7.5,110.0,0.0045,1982-2026
-7.5,112.5,0.0105,1982-2026
-7.5,115.0,-0.0114,1982-2026
-7.5,117.5,0.0393,1982-2026
-7.5,120.0,0.0872,1982-2026
-7.5,122.5,0.1066,1982-2026
-7.5,125.0,0.1334,1982-2026
-7.5,127.5,0.1337,1982-2026
-7.5,130.0,0.1353,1982-2026
-7.5,132.5,0.1324,1982-2026
-7.5,135.0,0.1128,1982-2026
-7.5,137.5,0.1268,1982-2026
-7.5,140.0,0.0285,1982-2026
-7.5,142.5,0.0104,1982-2026
-7.5,145.0,-0.0162,1982-2026
-7.5,147.5,-0.0317,1982-2026
-7.5,150.0,-0.0313,1982-2026
-7.5,152.5,-0.0203,1982-2026
-7.5,155.0,-0.0166,1982-2026
-7.5,157.5,0.0381,1982-2026
-7.5,160.0,0.0585,1982-2026
-7.5,162.5,0.0489,1982-2026
-7.5,165.0,0.0505,1982-2026
-7.5,167.5,0.0582,1982-2026
-7.5,170.0,0.069,1982-2026
-7.5,172.5,0.0901,1982-2026
-7.5,175.0,0.1086,1982-2026
-7.5,177.5,0.1302,1982-2026
-7.5,180.0,0.1326,1982-2026
-7.5,-177.5,0.1314,1982-2026
-7.5,-175.0,0.1321,1982-2026
-7.5,-172.5,0.1508,1982-2026
-7.5,-170.0,0.1617,1982-2026
-7.5,-167.5,0.1756,1982-2026
-7.5,-165.0,0.1929,1982-2026
-7.5,-162.5,0.1938,1982-2026
-7.5,-160.0,0.207,1982-2026
-7.5,-157.5,0.2251,1982-2026
-7.5,-155.0,0.2299,1982-2026
-7.5,-152.5,0.2426,1982-2026
-7.5,-150.0,0.2517,1982-2026
-7.5,-147.5,0.2623,1982-2026
-7.5,-145.0,0.2735,1982-2026
-7.5,-142.5,0.2854,1982-2026
-7.5,-140.0,0.3008,1982-2026
-7.5,-137.5,0.2694,1982-2026
-7.5,-135.0,0.272,1982-2026
-7.5,-132.5,0.2567,1982-2026
-7.5,-130.0,0.255,1982-2026
-7.5,-127.5,0.2474,1982-2026
-7.5,-125.0,0.2244,1982-2026
-7.5,-122.5,0.2143,1982-2026
-7.5,-120.0,0.2124,1982-2026
-7.5,-117.5,0.1809,1982-2026
-7.5,-115.0,0.1626,1982-2026
-7.5,-112.5,0.1591,1982-2026
-7.5,-110.0,0.1528,1982-2026
-7.5,-107.5,0.1333,1982-2026
-7.5,-105.0,0.1171,1982-2026
-7.5,-102.5,0.0922,1982-2026
-7.5,-100.0,0.073,1982-2026
-7.5,-97.5,0.065,1982-2026
-7.5,-95.0,0.0626,1982-2026
-7.5,-92.5,0.0516,1982-2026
-7.5,-90.0,0.0384,1982-2026
-7.5,-87.5,0.0301,1982-2026
-7.5,-85.0,0.0035,1982-2026
-7.5,-82.5,-0.032,1982-2026
-7.5,-80.0,-0.0321,1982-2026
-7.5,-77.5,0.0176,1982-2026
-7.5,-75.0,0.0319,1982-2026
-7.5,-72.5,0.0163,1982-2026
-7.5,-70.0,0.0129,1982-2026
-7.5,-67.5,-0.0002,1982-2026
-7.5,-65.0,-0.0017,1982-2026
-7.5,-62.5,0.0197,1982-2026
-7.5,-60.0,0.0437,1982-2026
-7.5,-57.5,0.0403,1982-2026
-7.5,-55.0,0.0569,1982-2026
-7.5,-52.5,0.0555,1982-2026
-7.5,-50.0,0.0314,1982-2026
-7.5,-47.5,0.0114,1982-2026
-7.5,-45.0,0.0196,1982-2026
-7.5,-42.5,0.0628,1982-2026
-7.5,-40.0,0.0614,1982-2026
-7.5,-37.5,0.0022,1982-2026
-7.5,-35.0,0.0312,1982-2026
-7.5,-32.5,0.0807,1982-2026
-7.5,-30.0,0.0731,1982-2026
-7.5,-27.5,0.0619,1982-2026
-7.5,-25.0,0.056,1982-2026
-7.5,-22.5,0.0457,1982-2026
-7.5,-20.0,0.0532,1982-2026
-7.5,-17.5,0.0456,1982-2026
-7.5,-15.0,0.0396,1982-2026
-7.5,-12.5,0.0402,1982-2026
-7.5,-10.0,0.0567,1982-2026
-7.5,-7.5,0.057,1982-2026
-7.5,-5.0,0.0627,1982-2026
-7.5,-2.5,0.0619,1982-2026
-10.0,0.0,0.055,1982-2026
-10.0,2.5,0.059,1982-2026
-10.0,5.0,0.0598,1982-2026
-10.0,7.5,0.046,1982-2026
-10.0,10.0,0.0097,1982-2026
-10.0,12.5,-0.0558,1982-2026
-10.0,15.0,-0.0195,1982-2026
-10.0,17.5,0.0471,1982-2026
-10.0,20.0,0.0224,1982-2026
-10.0,22.5,0.0071,1982-2026
-10.0,25.0,0.0028,1982-2026
-10.0,27.5,-0.0157,1982-2026
-10.0,30.0,-0.0156,1982-2026
-10.0,32.5,-0.0056,1982-2026
-10.0,35.0,-0.0215,1982-2026
-10.0,37.5,0.0147,1982-2026
-10.0,40.0,-0.008,1982-2026
-10.0,42.5,-0.0216,1982-2026
-10.0,45.0,-0.0641,1982-2026
-10.0,47.5,-0.0358,1982-2026
-10.0,50.0,0.0183,1982-2026
-10.0,52.5,0.0022,1982-2026
-10.0,55.0,-0.0325,1982-2026
-10.0,57.5,-0.0478,1982-2026
-10.0,60.0,-0.0351,1982-2026
-10.0,62.5,-0.0204,1982-2026
-10.0,65.0,-0.0013,1982-2026
-10.0,67.5,0.0087,1982-2026
-10.0,70.0,0.0336,1982-2026
-10.0,72.5,0.0493,1982-2026
-10.0,75.0,0.0618,1982-2026
-10.0,77.5,0.061,1982-2026
-10.0,80.0,0.0674,1982-2026
-10.0,82.5,0.0578,1982-2026
-10.0,85.0,0.0506,1982-2026
-10.0,87.5,0.0502,1982-2026
-10.0,90.0,0.0402,1982-2026
-10.0,92.5,0.0157,1982-2026
-10.0,95.0,0.0055,1982-2026
-10.0,97.5,0.0089,1982-2026
-10.0,100.0,0.0115,1982-2026
-10.0,102.5,0.0129,1982-2026
-10.0,105.0,0.009,1982-2026
-10.0,107.5,0.0158,1982-2026
-10.0,110.0,0.0252,1982-2026
-10.0,112.5,0.0165,1982-2026
-10.0,115.0,0.0262,1982-2026
-10.0,117.5,0.0649,1982-2026
-10.0,120.0,0.0191,1982-2026
-10.0,122.5,0.1037,1982-2026
-10.0,125.0,0.0324,1982-2026
-10.0,127.5,0.109,1982-2026
-10.0,130.0,0.1302,1982-2026
-10.0,132.5,0.1552,1982-2026
-10.0,135.0,0.1545,1982-2026
-10.0,137.5,0.1374,1982-2026
-10.0,140.0,0.1311,1982-2026
-10.0,142.5,0.1302,1982-2026
-10.0,145.0,0.1384,1982-2026
-10.0,147.5,0.0874,1982-2026
-10.0,150.0,0.0224,1982-2026
-10.0,152.5,0.0109,1982-2026
-10.0,155.0,0.0468,1982-2026
-10.0,157.5,0.0872,1982-2026
-10.0,160.0,0.057,1982-2026
-10.0,162.5,0.1176,1982-2026
-10.0,165.0,0.0948,1982-2026
-10.0,167.5,0.0625,1982-2026
-10.0,170.0,0.0582,1982-2026
-10.0,172.5,0.0576,1982-2026
-10.0,175.0,0.0708,1982-2026
-10.0,177.5,0.0806,1982-2026
-10.0,180.0,0.0791,1982-2026
-10.0,-177.5,0.0636,1982-2026
-10.0,-175.0,0.076,1982-2026
-10.0,-172.5,0.0891,1982-2026
-10.0,-170.0,0.1085,1982-2026
-10.0,-167.5,0.124,1982-2026
-10.0,-165.0,0.1409,1982-2026
-10.0,-162.5,0.1485,1982-2026
-10.0,-160.0,0.1572,1982-2026
-10.0,-157.5,0.1741,1982-2026
-10.0,-155.0,0.1962,1982-2026
-10.0,-152.5,0.1987,1982-2026
-10.0,-150.0,0.2126,1982-2026
-10.0,-147.5,0.2332,1982-2026
-10.0,-145.0,0.241,1982-2026
-10.0,-142.5,0.2386,1982-2026
-10.0,-140.0,0.255,1982-2026
-10.0,-137.5,0.2622,1982-2026
-10.0,-135.0,0.2443,1982-2026
-10.0,-132.5,0.2209,1982-2026
-10.0,-130.0,0.221,1982-2026
-10.0,-127.5,0.2235,1982-2026
-10.0,-125.0,0.207,1982-2026
-10.0,-122.5,0.1804,1982-2026
-10.0,-120.0,0.1661,1982-2026
-10.0,-117.5,0.1465,1982-2026
-10.0,-115.0,0.1357,1982-2026
-10.0,-112.5,0.1293,1982-2026
-10.0,-110.0,0.1201,1982-2026
-10.0,-107.5,0.1057,1982-2026
-10.0,-105.0,0.0994,1982-2026
-10.0,-102.5,0.0837,1982-2026
-10.0,-100.0,0.0732,1982-2026
-10.0,-97.5,0.0616,1982-2026
-10.0,-95.0,0.0689,1982-2026
-10.0,-92.5,0.0689,1982-2026
-10.0,-90.0,0.0704,1982-2026
-10.0,-87.5,0.0642,1982-2026
-10.0,-85.0,0.0422,1982-2026
-10.0,-82.5,0.0061,1982-2026
-10.0,-80.0,-0.071,1982-2026
-10.0,-77.5,0.003,1982-2026
-10.0,-75.0,0.0031,1982-2026
-10.0,-72.5,0.0096,1982-2026
-10.0,-70.0,0.0202,1982-2026
-10.0,-67.5,0.0206,1982-2026
-10.0,-65.0,0.0203,1982-2026
-10.0,-62.5,0.031,1982-2026
-10.0,-60.0,0.0394,1982-2026
-10.0,-57.5,0.0172,1982-2026
-10.0,-55.0,0.0308,1982-2026
-10.0,-52.5,0.0242,1982-2026
-10.0,-50.0,0.0301,1982-2026
-10.0,-47.5,0.0028,1982-2026
-10.0,-45.0,0.0232,1982-2026
-10.0,-42.5,0.0386,1982-2026
-10.0,-40.0,0.01,1982-2026
-10.0,-37.5,-0.0406,1982-2026
-10.0,-35.0,0.0566,1982-2026
-10.0,-32.5,0.0477,1982-2026
-10.0,-30.0,0.0444,1982-2026
-10.0,-27.5,0.031,1982-2026
-10.0,-25.0,0.0261,1982-2026
-10.0,-22.5,0.0229,1982-2026
-10.0,-20.0,0.0209,1982-2026
-10.0,-17.5,0.0198,1982-2026
-10.0,-15.0,0.0155,1982-2026
-10.0,-12.5,0.0147,1982-2026
-10.0,-10.0,0.021,1982-2026
-10.0,-7.5,0.0322,1982-2026
-10.0,-5.0,0.0389,1982-2026
-10.0,-2.5,0.0495,1982-2026
-12.5,0.0,0.0489,1982-2026
-12.5,2.5,0.0564,1982-2026
-12.5,5.0,0.0627,1982-2026
-12.5,7.5,0.0434,1982-2026
-12.5,10.0,-0.0177,1982-2026
-12.5,12.5,-0.0769,1982-2026
-12.5,15.0,0.0247,1982-2026
-12.5,17.5,0.0103,1982-2026
-12.5,20.0,0.0236,1982-2026
-12.5,22.5,0.0247,1982-2026
-12.5,25.0,0.0264,1982-2026
-12.5,27.5,0.011,1982-2026
-12.5,30.0,-0.0072,1982-2026
-12.5,32.5,-0.0088,1982-2026
-12.5,35.0,-0.0183,1982-2026
-12.5,37.5,0.0159,1982-2026
-12.5,40.0,0.0099,1982-2026
-12.5,42.5,-0.0303,1982-2026
-12.5,45.0,-0.0064,1982-2026
-12.5,47.5,-0.05,1982-2026
-12.5,50.0,0.0204,1982-2026
-12.5,52.5,0.0202,1982-2026
-12.5,55.0,0.0019,1982-2026
-12.5,57.5,-0.0043,1982-2026
-12.5,60.0,-0.0029,1982-2026
-12.5,62.5,-0.0075,1982-2026
-12.5,65.0,0.0116,1982-2026
-12.5,67.5,0.0185,1982-2026
-12.5,70.0,0.0185,1982-2026
-12.5,72.5,0.0414,1982-2026
-12.5,75.0,0.0395,1982-2026
-12.5,77.5,0.0419,1982-2026
-12.5,80.0,0.0453,1982-2026
-12.5,82.5,0.0421,1982-2026
-12.5,85.0,0.038,1982-2026
-12.5,87.5,0.0478,1982-2026
-12.5,90.0,0.036,1982-2026
-12.5,92.5,0.02,1982-2026
-12.5,95.0,0.0121,1982-2026
-12.5,97.5,-0.0202,1982-2026
-12.5,100.0,-0.0423,1982-2026
-12.5,102.5,-0.0622,1982-2026
-12.5,105.0,-0.0609,1982-2026
-12.5,107.5,-0.043,1982-2026
-12.5,110.0,-0.0101,1982-2026
-12.5,112.5,0.0197,1982-2026
-12.5,115.0,0.0421,1982-2026
-12.5,117.5,0.0434,1982-2026
-12.5,120.0,0.0404,1982-2026
-12.5,122.5,0.0454,1982-2026
-12.5,125.0,0.0443,1982-2026
-12.5,127.5,0.0476,1982-2026
-12.5,130.0,0.004,1982-2026
-12.5,132.5,0.0308,1982-2026
-12.5,135.0,0.0275,1982-2026
-12.5,137.5,0.0898,1982-2026
-12.5,140.0,0.1108,1982-2026
-12.5,142.5,0.0558,1982-2026
-12.5,145.0,0.1298,1982-2026
-12.5,147.5,0.1447,1982-2026
-12.5,150.0,0.1238,1982-2026
-12.5,152.5,0.0881,1982-2026
-12.5,155.0,0.0853,1982-2026
-12.5,157.5,0.0914,1982-2026
-12.5,160.0,0.0891,1982-2026
-12.5,162.5,0.1303,1982-2026
-12.5,165.0,0.1069,1982-2026
-12.5,167.5,0.0837,1982-2026
-12.5,170.0,0.0654,1982-2026
-12.5,172.5,0.0485,1982-2026
-12.5,175.0,0.04,1982-2026
-12.5,177.5,0.0415,1982-2026
-12.5,180.0,0.0343,1982-2026
-12.5,-177.5,0.0255,1982-2026
-12.5,-175.0,0.0404,1982-2026
-12.5,-172.5,0.0294,1982-2026
-12.5,-170.0,0.0878,1982-2026
-12.5,-167.5,0.095,1982-2026
-12.5,-165.0,0.1004,1982-2026
-12.5,-162.5,0.1118,1982-2026
-12.5,-160.0,0.1388,1982-2026
-12.5,-157.5,0.1468,1982-2026
-12.5,-155.0,0.1621,1982-2026
-12.5,-152.5,0.183,1982-2026
-12.5,-150.0,0.2002,1982-2026
-12.5,-147.5,0.2024,1982-2026
-12.5,-145.0,0.1997,1982-2026
-12.5,-142.5,0.2177,1982-2026
-12.5,-140.0,0.2262,1982-2026
-12.5,-137.5,0.2145,1982-2026
-12.5,-135.0,0.2014,1982-2026
-12.5,-132.5,0.1867,1982-2026
-12.5,-130.0,0.1852,1982-2026
-12.5,-127.5,0.1736,1982-2026
-12.5,-125.0,0.1618,1982-2026
-12.5,-122.5,0.1554,1982-2026
-12.5,-120.0,0.1463,1982-2026
-12.5,-117.5,0.1322,1982-2026
-12.5,-115.0,0.1201,1982-2026
-12.5,-112.5,0.0993,1982-2026
-12.5,-110.0,0.1062,1982-2026
-12.5,-107.5,0.1026,1982-2026
-12.5,-105.0,0.0923,1982-2026
-12.5,-102.5,0.086,1982-2026
-12.5,-100.0,0.0858,1982-2026
-12.5,-97.5,0.0823,1982-2026
-12.5,-95.0,0.0792,1982-2026
-12.5,-92.5,0.076,1982-2026
-12.5,-90.0,0.084,1982-2026
-12.5,-87.5,0.0788,1982-2026
-12.5,-85.0,0.07,1982-2026
-12.5,-82.5,0.0526,1982-2026
-12.5,-80.0,0.0039,1982-2026
-12.5,-77.5,-0.1166,1982-2026
-12.5,-75.0,0.0103,1982-2026
-12.5,-72.5,0.0131,1982-2026
-12.5,-70.0,0.0178,1982-2026
-12.5,-67.5,0.0106,1982-2026
-12.5,-65.0,0.0218,1982-2026
-12.5,-62.5,0.0327,1982-2026
-12.5,-60.0,0.0287,1982-2026
-12.5,-57.5,0.0225,1982-2026
-12.5,-55.0,0.0301,1982-2026
-12.5,-52.5,0.0291,1982-2026
-12.5,-50.0,0.0302,1982-2026
-12.5,-47.5,0.0344,1982-2026
-12.5,-45.0,0.0171,1982-2026
-12.5,-42.5,-0.008,1982-2026
-12.5,-40.0,-0.0001,1982-2026
-12.5,-37.5,0.0654,1982-2026
-12.5,-35.0,0.0405,1982-2026
-12.5,-32.5,0.0338,1982-2026
-12.5,-30.0,0.0354,1982-2026
-12.5,-27.5,0.0248,1982-2026
-12.5,-25.0,0.0241,1982-2026
-12.5,-22.5,0.0185,1982-2026
-12.5,-20.0,0.0272,1982-2026
-12.5,-17.5,0.0298,1982-2026
-12.5,-15.0,0.0212,1982-2026
-12.5,-12.5,0.0182,1982-2026
-12.5,-10.0,0.0202,1982-2026
-12.5,-7.5,0.0229,1982-2026
-12.5,-5.0,0.0257,1982-2026
-12.5,-2.5,0.0371,1982-2026
-15.0,0.0,0.0378,1982-2026
-15.0,2.5,0.0546,1982-2026
-15.0,5.0,0.0657,1982-2026
-15.0,7.5,0.0574,1982-2026
-15.0,10.0,0.004,1982-2026
-15.0,12.5,-0.0195,1982-2026
-15.0,15.0,0.0224,1982-2026
-15.0,17.5,0.0387,1982-2026
-15.0,20.0,0.04,1982-2026
-15.0,22.5,0.0489,1982-2026
-15.0,25.0,0.0394,1982-2026
-15.0,27.5,0.0167,1982-2026
-15.0,30.0,-0.0024,1982-2026
-15.0,32.5,0.0047,1982-2026
-15.0,35.0,0.0222,1982-2026
-15.0,37.5,0.0268,1982-2026
-15.0,40.0,0.0347,1982-2026
-15.0,42.5,-0.0104,1982-2026
-15.0,45.0,-0.043,1982-2026
-15.0,47.5,0.0216,1982-2026
-15.0,50.0,0.0183,1982-2026
-15.0,52.5,0.0298,1982-2026
-15.0,55.0,0.0094,1982-2026
-15.0,57.5,-0.0105,1982-2026
-15.0,60.0,-0.003,1982-2026
-15.0,62.5,0.0146,1982-2026
-15.0,65.0,0.008,1982-2026
-15.0,67.5,0.0093,1982-2026
-15.0,70.0,0.0138,1982-2026
-15.0,72.5,0.0199,1982-2026
-15.0,75.0,0.0255,1982-2026
-15.0,77.5,0.0225,1982-2026
-15.0,80.0,0.0289,1982-2026
-15.0,82.5,0.0304,1982-2026
-15.0,85.0,0.0325,1982-2026
-15.0,87.5,0.041,1982-2026
-15.0,90.0,0.0581,1982-2026
-15.0,92.5,0.0588,1982-2026
-15.0,95.0,0.0496,1982-2026
-15.0,97.5,0.0284,1982-2026
-15.0,100.0,0.0125,1982-2026
-15.0,102.5,-0.012,1982-2026
-15.0,105.0,-0.0245,1982-2026
-15.0,107.5,-0.0216,1982-2026
-15.0,110.0,-0.0147,1982-2026
-15.0,112.5,0.0105,1982-2026
-15.0,115.0,0.0262,1982-2026
-15.0,117.5,0.0242,1982-2026
-15.0,120.0,-0.0018,1982-2026
-15.0,122.5,-0.0058,1982-2026
-15.0,125.0,0.0275,1982-2026
-15.0,127.5,-0.0099,1982-2026
-15.0,130.0,-0.0245,1982-2026
-15.0,132.5,0.0157,1982-2026
-15.0,135.0,0.0075,1982-2026
-15.0,137.5,-0.01,1982-2026
-15.0,140.0,0.0306,1982-2026
-15.0,142.5,0.027,1982-2026
-15.0,145.0,0.0301,1982-2026
-15.0,147.5,0.0626,1982-2026
-15.0,150.0,0.0783,1982-2026
-15.0,152.5,0.0882,1982-2026
-15.0,155.0,0.0784,1982-2026
-15.0,157.5,0.0799,1982-2026
-15.0,160.0,0.0763,1982-2026
-15.0,162.5,0.0645,1982-2026
-15.0,165.0,0.0499,1982-2026
-15.0,167.5,0.0149,1982-2026
-15.0,170.0,0.02,1982-2026
-15.0,172.5,-0.0061,1982-2026
-15.0,175.0,-0.0232,1982-2026
-15.0,177.5,-0.0431,1982-2026
-15.0,180.0,-0.054,1982-2026
-15.0,-177.5,-0.0137,1982-2026
-15.0,-175.0,0.006,1982-2026
-15.0,-172.5,0.0212,1982-2026
-15.0,-170.0,0.0594,1982-2026
-15.0,-167.5,0.0561,1982-2026
-15.0,-165.0,0.0492,1982-2026
-15.0,-162.5,0.064,1982-2026
-15.0,-160.0,0.0773,1982-2026
-15.0,-157.5,0.0967,1982-2026
-15.0,-155.0,0.1251,1982-2026
-15.0,-152.5,0.1384,1982-2026
-15.0,-150.0,0.1653,1982-2026
-15.0,-147.5,0.1704,1982-2026
-15.0,-145.0,0.1826,1982-2026
-15.0,-142.5,0.1834,1982-2026
-15.0,-140.0,0.1721,1982-2026
-15.0,-137.5,0.1622,1982-2026
-15.0,-135.0,0.1477,1982-2026
-15.0,-132.5,0.1463,1982-2026
-15.0,-130.0,0.1346,1982-2026
-15.0,-127.5,0.1359,1982-2026
-15.0,-125.0,0.1384,1982-2026
-15.0,-122.5,0.1302,1982-2026
-15.0,-120.0,0.1198,1982-2026
-15.0,-117.5,0.1162,1982-2026
-15.0,-115.0,0.1135,1982-2026
-15.0,-112.5,0.1137,1982-2026
-15.0,-110.0,0.1102,1982-2026
-15.0,-107.5,0.1101,1982-2026
-15.0,-105.0,0.1133,1982-2026
-15.0,-102.5,0.1146,1982-2026
-15.0,-100.0,0.1151,1982-2026
-15.0,-97.5,0.1069,1982-2026
-15.0,-95.0,0.1052,1982-2026
-15.0,-92.5,0.1108,1982-2026
-15.0,-90.0,0.1035,1982-2026
-15.0,-87.5,0.1168,1982-2026
-15.0,-85.0,0.0977,1982-2026
-15.0,-82.5,0.0849,1982-2026
-15.0,-80.0,0.0747,1982-2026
-15.0,-77.5,0.04,1982-2026
-15.0,-75.0,-0.007,1982-2026
-15.0,-72.5,-0.0161,1982-2026
-15.0,-70.0,-0.0025,1982-2026
-15.0,-67.5,-0.0025,1982-2026
-15.0,-65.0,-0.0054,1982-2026
-15.0,-62.5,0.0172,1982-2026
-15.0,-60.0,0.0206,1982-2026
-15.0,-57.5,0.017,1982-2026
-15.0,-55.0,0.042,1982-2026
-15.0,-52.5,0.0337,1982-2026
-15.0,-50.0,0.0297,1982-2026
-15.0,-47.5,-0.0112,1982-2026
-15.0,-45.0,-0.0161,1982-2026
-15.0,-42.5,0.0124,1982-2026
-15.0,-40.0,0.0074,1982-2026
-15.0,-37.5,0.0878,1982-2026
-15.0,-35.0,0.0548,1982-2026
-15.0,-32.5,0.0473,1982-2026
-15.0,-30.0,0.0346,1982-2026
-15.0,-27.5,0.0414,1982-2026
-15.0,-25.0,0.0433,1982-2026
-15.0,-22.5,0.0446,1982-2026
-15.0,-20.0,0.0487,1982-2026
-15.0,-17.5,0.0534,1982-2026
-15.0,-15.0,0.0468,1982-2026
-15.0,-12.5,0.0447,1982-2026
-15.0,-10.0,0.0384,1982-2026
-15.0,-7.5,0.034,1982-2026
-15.0,-5.0,0.0273,1982-2026
-15.0,-2.5,0.0247,1982-2026
-17.5,0.0,0.044,1982-2026
-17.5,2.5,0.064,1982-2026
-17.5,5.0,0.0786,1982-2026
-17.5,7.5,0.0894,1982-2026
-17.5,10.0,0.08,1982-2026
-17.5,12.5,0.014,1982-2026
-17.5,15.0,0.0757,1982-2026
-17.5,17.5,0.0588,1982-2026
-17.5,20.0,0.0554,1982-2026
-17.5,22.5,0.0338,1982-2026
-17.5,25.0,0.0286,1982-2026
-17.5,27.5,0.0214,1982-2026
-17.5,30.0,0.0175,1982-2026
-17.5,32.5,0.0013,1982-2026
-17.5,35.0,0.0145,1982-2026
-17.5,37.5,0.0561,1982-2026
-17.5,40.0,0.0787,1982-2026
-17.5,42.5,0.0118,1982-2026
-17.5,45.0,-0.0131,1982-2026
-17.5,47.5,-0.0066,1982-2026
-17.5,50.0,0.0373,1982-2026
-17.5,52.5,-0.0162,1982-2026
-17.5,55.0,-0.0494,1982-2026
-17.5,57.5,-0.0492,1982-2026
-17.5,60.0,-0.0369,1982-2026
-17.5,62.5,-0.0189,1982-2026
-17.5,65.0,0.0098,1982-2026
-17.5,67.5,0.0115,1982-2026
-17.5,70.0,-0.0052,1982-2026
-17.5,72.5,-0.0138,1982-2026
-17.5,75.0,-0.0059,1982-2026
-17.5,77.5,0.0048,1982-2026
-17.5,80.0,0.0121,1982-2026
-17.5,82.5,0.0081,1982-2026
-17.5,85.0,0.0313,1982-2026
-17.5,87.5,0.0419,1982-2026
-17.5,90.0,0.0559,1982-2026
-17.5,92.5,0.0615,1982-2026
-17.5,95.0,0.0504,1982-2026
-17.5,97.5,0.0512,1982-2026
-17.5,100.0,0.0355,1982-2026
-17.5,102.5,0.0073,1982-2026
-17.5,105.0,0.0008,1982-2026
-17.5,107.5,-0.0026,1982-2026
-17.5,110.0,0.0094,1982-2026
-17.5,112.5,0.0031,1982-2026
-17.5,115.0,0.0136,1982-2026
-17.5,117.5,0.0297,1982-2026
-17.5,120.0,-0.0107,1982-2026
-17.5,122.5,-0.0232,1982-2026
-17.5,125.0,-0.0406,1982-2026
-17.5,127.5,0.0179,1982-2026
-17.5,130.0,0.0063,1982-2026
-17.5,132.5,0.0209,1982-2026
-17.5,135.0,-0.0296,1982-2026
-17.5,137.5,-0.0299,1982-2026
-17.5,140.0,-0.0315,1982-2026
-17.5,142.5,0.0032,1982-2026
-17.5,145.0,0.0276,1982-2026
-17.5,147.5,0.0483,1982-2026
-17.5,150.0,0.0574,1982-2026
-17.5,152.5,0.0554,1982-2026
-17.5,155.0,0.0551,1982-2026
-17.5,157.5,0.0687,1982-2026
-17.5,160.0,0.038,1982-2026
-17.5,162.5,0.015,1982-2026
-17.5,165.0,0.0064,1982-2026
-17.5,167.5,0.0085,1982-2026
-17.5,170.0,-0.0139,1982-2026
-17.5,172.5,-0.0503,1982-2026
-17.5,175.0,-0.0987,1982-2026
-17.5,177.5,0.013,1982-2026
-17.5,180.0,-0.1205,1982-2026
-17.5,-177.5,-0.0878,1982-2026
-17.5,-175.0,-0.0523,1982-2026
-17.5,-172.5,-0.0114,1982-2026
-17.5,-170.0,0.0509,1982-2026
-17.5,-167.5,0.0821,1982-2026
-17.5,-165.0,0.0993,1982-2026
-17.5,-162.5,0.0999,1982-2026
-17.5,-160.0,0.1041,1982-2026
-17.5,-157.5,0.1143,1982-2026
-17.5,-155.0,0.1237,1982-2026
-17.5,-152.5,0.1079,1982-2026
-17.5,-150.0,0.0845,1982-2026
-17.5,-147.5,0.169,1982-2026
-17.5,-145.0,0.165,1982-2026
-17.5,-142.5,0.1589,1982-2026
-17.5,-140.0,0.1435,1982-2026
-17.5,-137.5,0.1151,1982-2026
-17.5,-135.0,0.1157,1982-2026
-17.5,-132.5,0.1104,1982-2026
-17.5,-130.0,0.0983,1982-2026
-17.5,-127.5,0.0981,1982-2026
-17.5,-125.0,0.0975,1982-2026
-17.5,-122.5,0.1035,1982-2026
-17.5,-120.0,0.1082,1982-2026
-17.5,-117.5,0.1123,1982-2026
-17.5,-115.0,0.113,1982-2026
-17.5,-112.5,0.1159,1982-2026
-17.5,-110.0,0.1177,1982-2026
-17.5,-107.5,0.1291,1982-2026
-17.5,-105.0,0.1296,1982-2026
-17.5,-102.5,0.1257,1982-2026
-17.5,-100.0,0.1194,1982-2026
-17.5,-97.5,0.1026,1982-2026
-17.5,-95.0,0.1237,1982-2026
-17.5,-92.5,0.129,1982-2026
-17.5,-90.0,0.1268,1982-2026
-17.5,-87.5,0.1399,1982-2026
-17.5,-85.0,0.1475,1982-2026
-17.5,-82.5,0.1159,1982-2026
-17.5,-80.0,0.0887,1982-2026
-17.5,-77.5,0.0617,1982-2026
-17.5,-75.0,0.0315,1982-2026
-17.5,-72.5,-0.015,1982-2026
-17.5,-70.0,0.0118,1982-2026
-17.5,-67.5,0.0156,1982-2026
-17.5,-65.0,-0.0144,1982-2026
-17.5,-62.5,0.0002,1982-2026
-17.5,-60.0,0.0213,1982-2026
-17.5,-57.5,0.0283,1982-2026
-17.5,-55.0,0.0628,1982-2026
-17.5,-52.5,0.0162,1982-2026
-17.5,-50.0,-0.0214,1982-2026
-17.5,-47.5,-0.0668,1982-2026
-17.5,-45.0,-0.0075,1982-2026
-17.5,-42.5,0.0057,1982-2026
-17.5,-40.0,0.0358,1982-2026
-17.5,-37.5,0.0736,1982-2026
-17.5,-35.0,0.0444,1982-2026
-17.5,-32.5,0.0555,1982-2026
-17.5,-30.0,0.0625,1982-2026
-17.5,-27.5,0.0695,1982-2026
-17.5,-25.0,0.076,1982-2026
-17.5,-22.5,0.0846,1982-2026
-17.5,-20.0,0.0894,1982-2026
-17.5,-17.5,0.0829,1982-2026
-17.5,-15.0,0.0608,1982-2026
-17.5,-12.5,0.0614,1982-2026
-17.5,-10.0,0.0713,1982-2026
-17.5,-7.5,0.0576,1982-2026
-17.5,-5.0,0.0598,1982-2026
-17.5,-2.5,0.0486,1982-2026
-20.0,0.0,0.0723,1982-2026
-20.0,2.5,0.08,1982-2026
-20.0,5.0,0.0897,1982-2026
-20.0,7.5,0.098,1982-2026
-20.0,10.0,0.1059,1982-2026
-20.0,12.5,0.0784,1982-2026
-20.0,15.0,0.0517,1982-2026
-20.0,17.5,0.0797,1982-2026
-20.0,20.0,0.0525,1982-2026
-20.0,22.5,0.0435,1982-2026
-20.0,25.0,0.0072,1982-2026
-20.0,27.5,-0.0093,1982-2026
-20.0,30.0,-0.0408,1982-2026
-20.0,32.5,-0.0263,1982-2026
-20.0,35.0,0.0317,1982-2026
-20.0,37.5,0.0698,1982-2026
-20.0,40.0,0.0732,1982-2026
-20.0,42.5,0.1106,1982-2026
-20.0,45.0,0.0329,1982-2026
-20.0,47.5,0.0011,1982-2026
-20.0,50.0,0.0331,1982-2026
-20.0,52.5,-0.0304,1982-2026
-20.0,55.0,-0.0296,1982-2026
-20.0,57.5,-0.0568,1982-2026
-20.0,60.0,-0.0631,1982-2026
-20.0,62.5,-0.0375,1982-2026
-20.0,65.0,-0.0266,1982-2026
-20.0,67.5,-0.0315,1982-2026
-20.0,70.0,-0.0312,1982-2026
-20.0,72.5,-0.0281,1982-2026
-20.0,75.0,-0.0239,1982-2026
-20.0,77.5,-0.0098,1982-2026
-20.0,80.0,-0.0021,1982-2026
-20.0,82.5,0.0175,1982-2026
-20.0,85.0,0.0542,1982-2026
-20.0,87.5,0.0655,1982-2026
-20.0,90.0,0.0914,1982-2026
-20.0,92.5,0.0903,1982-2026
-20.0,95.0,0.0873,1982-2026
-20.0,97.5,0.0757,1982-2026
-20.0,100.0,0.0612,1982-2026
-20.0,102.5,0.0504,1982-2026
-20.0,105.0,0.0467,1982-2026
-20.0,107.5,0.0248,1982-2026
-20.0,110.0,0.0152,1982-2026
-20.0,112.5,0.0126,1982-2026
-20.0,115.0,0.0233,1982-2026
-20.0,117.5,0.0357,1982-2026
-20.0,120.0,0.0172,1982-2026
-20.0,122.5,-0.0032,1982-2026
-20.0,125.0,0.0099,1982-2026
-20.0,127.5,0.0519,1982-2026
-20.0,130.0,-0.0051,1982-2026
-20.0,132.5,-0.0095,1982-2026
-20.0,135.0,-0.0144,1982-2026
-20.0,137.5,0.0019,1982-2026
-20.0,140.0,-0.0113,1982-2026
-20.0,142.5,-0.0207,1982-2026
-20.0,145.0,0.0394,1982-2026
-20.0,147.5,0.0143,1982-2026
-20.0,150.0,0.1008,1982-2026
-20.0,152.5,0.0876,1982-2026
-20.0,155.0,0.0773,1982-2026
-20.0,157.5,0.0785,1982-2026
-20.0,160.0,0.0854,1982-2026
-20.0,162.5,0.0342,1982-2026
-20.0,165.0,-0.0055,1982-2026
-20.0,167.5,-0.0048,1982-2026
-20.0,170.0,-0.0109,1982-2026
-20.0,172.5,-0.0192,1982-2026
-20.0,175.0,-0.0199,1982-2026
-20.0,177.5,-0.0197,1982-2026
-20.0,180.0,-0.047,1982-2026
-20.0,-177.5,-0.0612,1982-2026
-20.0,-175.0,-0.033,1982-2026
-20.0,-172.5,-0.0091,1982-2026
-20.0,-170.0,0.0296,1982-2026
-20.0,-167.5,0.0685,1982-2026
-20.0,-165.0,0.1097,1982-2026
-20.0,-162.5,0.1175,1982-2026
-20.0,-160.0,0.1176,1982-2026
-20.0,-157.5,0.1228,1982-2026
-20.0,-155.0,0.1682,1982-2026
-20.0,-152.5,0.1947,1982-2026
-20.0,-150.0,0.2016,1982-2026
-20.0,-147.5,0.193,1982-2026
-20.0,-145.0,0.1846,1982-2026
-20.0,-142.5,0.1594,1982-2026
-20.0,-140.0,0.1456,1982-2026
-20.0,-137.5,0.1341,1982-2026
-20.0,-135.0,0.1337,1982-2026
-20.0,-132.5,0.1271,1982-2026
-20.0,-130.0,0.1148,1982-2026
-20.0,-127.5,0.104,1982-2026
-20.0,-125.0,0.1023,1982-2026
-20.0,-122.5,0.0973,1982-2026
-20.0,-120.0,0.1018,1982-2026
-20.0,-117.5,0.1054,1982-2026
-20.0,-115.0,0.1123,1982-2026
-20.0,-112.5,0.1208,1982-2026
-20.0,-110.0,0.1257,1982-2026
-20.0,-107.5,0.1316,1982-2026
-20.0,-105.0,0.1535,1982-2026
-20.0,-102.5,0.141,1982-2026
-20.0,-100.0,0.1374,1982-2026
-20.0,-97.5,0.1322,1982-2026
-20.0,-95.0,0.1306,1982-2026
-20.0,-92.5,0.1258,1982-2026
-20.0,-90.0,0.1238,1982-2026
-20.0,-87.5,0.12,1982-2026
-20.0,-85.0,0.1307,1982-2026
-20.0,-82.5,0.1207,1982-2026
-20.0,-80.0,0.0972,1982-2026
-20.0,-77.5,0.0697,1982-2026
-20.0,-75.0,0.0494,1982-2026
-20.0,-72.5,0.0095,1982-2026
-20.0,-70.0,-0.0201,1982-2026
-20.0,-67.5,-0.0118,1982-2026
-20.0,-65.0,0.0203,1982-2026
-20.0,-62.5,0.0459,1982-2026
-20.0,-60.0,0.0306,1982-2026
-20.0,-57.5,0.0307,1982-2026
-20.0,-55.0,0.0352,1982-2026
-20.0,-52.5,0.0135,1982-2026
-20.0,-50.0,-0.017,1982-2026
-20.0,-47.5,-0.05,1982-2026
-20.0,-45.0,-0.0413,1982-2026
-20.0,-42.5,-0.023,1982-2026
-20.0,-40.0,0.0235,1982-2026
-20.0,-37.5,0.0378,1982-2026
-20.0,-35.0,0.0444,1982-2026
-20.0,-32.5,0.057,1982-2026
-20.0,-30.0,0.0736,1982-2026
-20.0,-27.5,0.0894,1982-2026
-20.0,-25.0,0.0923,1982-2026
-20.0,-22.5,0.0969,1982-2026
-20.0,-20.0,0.0978,1982-2026
-20.0,-17.5,0.1062,1982-2026
-20.0,-15.0,0.1045,1982-2026
-20.0,-12.5,0.1288,1982-2026
-20.0,-10.0,0.0975,1982-2026
-20.0,-7.5,0.0899,1982-2026
-20.0,-5.0,0.0931,1982-2026
-20.0,-2.5,0.0827,1982-2026
-22.5,0.0,0.106,1982-2026
-22.5,2.5,0.1006,1982-2026
-22.5,5.0,0.1065,1982-2026
-22.5,7.5,0.1026,1982-2026
-22.5,10.0,0.1152,1982-2026
-22.5,12.5,0.1232,1982-2026
-22.5,15.0,0.0024,1982-2026
-22.5,17.5,0.0215,1982-2026
-22.5,20.0,0.0484,1982-2026
-22.5,22.5,0.0274,1982-2026
-22.5,25.0,0.0066,1982-2026
-22.5,27.5,-0.0316,1982-2026
-22.5,30.0,-0.0531,1982-2026
-22.5,32.5,-0.0254,1982-2026
-22.5,35.0,0.0097,1982-2026
-22.5,37.5,0.0529,1982-2026
-22.5,40.0,0.075,1982-2026
-22.5,42.5,0.1226,1982-2026
-22.5,45.0,-0.0041,1982-2026
-22.5,47.5,0.0146,1982-2026
-22.5,50.0,-0.0093,1982-2026
-22.5,52.5,-0.0168,1982-2026
-22.5,55.0,-0.0402,1982-2026
-22.5,57.5,-0.0495,1982-2026
-22.5,60.0,-0.0555,1982-2026
-22.5,62.5,-0.0431,1982-2026
-22.5,65.0,-0.0442,1982-2026
-22.5,67.5,-0.0566,1982-2026
-22.5,70.0,-0.0411,1982-2026
-22.5,72.5,-0.0141,1982-2026
-22.5,75.0,0.0128,1982-2026
-22.5,77.5,0.0194,1982-2026
-22.5,80.0,0.0286,1982-2026
-22.5,82.5,0.0428,1982-2026
-22.5,85.0,0.0673,1982-2026
-22.5,87.5,0.094,1982-2026
-22.5,90.0,0.1068,1982-2026
-22.5,92.5,0.1164,1982-2026
-22.5,95.0,0.122,1982-2026
-22.5,97.5,0.1107,1982-2026
-22.5,100.0,0.1033,1982-2026
-22.5,102.5,0.0944,1982-2026
-22.5,105.0,0.071,1982-2026
-22.5,107.5,0.0557,1982-2026
-22.5,110.0,0.0397,1982-2026
-22.5,112.5,0.0326,1982-2026
-22.5,115.0,0.0061,1982-2026
-22.5,117.5,-0.004,1982-2026
-22.5,120.0,0.0122,1982-2026
-22.5,122.5,0.0347,1982-2026
-22.5,125.0,0.0237,1982-2026
-22.5,127.5,0.0233,1982-2026
-22.5,130.0,0.0037,1982-2026
-22.5,132.5,-0.0197,1982-2026
-22.5,135.0,0.0248,1982-2026
-22.5,137.5,0.0057,1982-2026
-22.5,140.0,0.0198,1982-2026
-22.5,142.5,0.0347,1982-2026
-22.5,145.0,0.071,1982-2026
-22.5,147.5,0.0374,1982-2026
-22.5,150.0,0.0216,1982-2026
-22.5,152.5,0.0879,1982-2026
-22.5,155.0,0.0799,1982-2026
-22.5,157.5,0.0751,1982-2026
-22.5,160.0,0.0789,1982-2026
-22.5,162.5,0.0871,1982-2026
-22.5,165.0,0.0485,1982-2026
-22.5,167.5,0.0235,1982-2026
-22.5,170.0,-0.0032,1982-2026
-22.5,172.5,0.0142,1982-2026
-22.5,175.0,0.0145,1982-2026
-22.5,177.5,0.0044,1982-2026
-22.5,180.0,0.0134,1982-2026
-22.5,-177.5,0.0232,1982-2026
-22.5,-175.0,0.0291,1982-2026
-22.5,-172.5,0.0396,1982-2026
-22.5,-170.0,0.0503,1982-2026
-22.5,-167.5,0.0497,1982-2026
-22.5,-165.0,0.0791,1982-2026
-22.5,-162.5,0.0831,1982-2026
-22.5,-160.0,0.0788,1982-2026
-22.5,-157.5,0.0897,1982-2026
-22.5,-155.0,0.1114,1982-2026
-22.5,-152.5,0.1458,1982-2026
-22.5,-150.0,0.145,1982-2026
-22.5,-147.5,0.1369,1982-2026
-22.5,-145.0,0.148,1982-2026
-22.5,-142.5,0.1499,1982-2026
-22.5,-140.0,0.1412,1982-2026
-22.5,-137.5,0.1258,1982-2026
-22.5,-135.0,0.1166,1982-2026
-22.5,-132.5,0.1246,1982-2026
-22.5,-130.0,0.1074,1982-2026
-22.5,-127.5,0.0926,1982-2026
-22.5,-125.0,0.093,1982-2026
-22.5,-122.5,0.0949,1982-2026
-22.5,-120.0,0.0865,1982-2026
-22.5,-117.5,0.0861,1982-2026
-22.5,-115.0,0.0917,1982-2026
-22.5,-112.5,0.105,1982-2026
-22.5,-110.0,0.1133,1982-2026
-22.5,-107.5,0.1214,1982-2026
-22.5,-105.0,0.1317,1982-2026
-22.5,-102.5,0.1386,1982-2026
-22.5,-100.0,0.1412,1982-2026
-22.5,-97.5,0.1477,1982-2026
-22.5,-95.0,0.1323,1982-2026
-22.5,-92.5,0.1248,1982-2026
-22.5,-90.0,0.1249,1982-2026
-22.5,-87.5,0.1106,1982-2026
-22.5,-85.0,0.118,1982-2026
-22.5,-82.5,0.1226,1982-2026
-22.5,-80.0,0.0941,1982-2026
-22.5,-77.5,0.07,1982-2026
-22.5,-75.0,0.0457,1982-2026
-22.5,-72.5,0.0145,1982-2026
-22.5,-70.0,-0.004,1982-2026
-22.5,-67.5,0.0261,1982-2026
-22.5,-65.0,0.0008,1982-2026
-22.5,-62.5,0.0232,1982-2026
-22.5,-60.0,0.0004,1982-2026
-22.5,-57.5,0.0212,1982-2026
-22.5,-55.0,-0.0007,1982-2026
-22.5,-52.5,-0.0146,1982-2026
-22.5,-50.0,-0.0045,1982-2026
-22.5,-47.5,-0.0251,1982-2026
-22.5,-45.0,-0.0165,1982-2026
-22.5,-42.5,-0.0093,1982-2026
-22.5,-40.0,0.0046,1982-2026
-22.5,-37.5,0.0405,1982-2026
-22.5,-35.0,0.0557,1982-2026
-22.5,-32.5,0.0794,1982-2026
-22.5,-30.0,0.0778,1982-2026
-22.5,-27.5,0.087,1982-2026
-22.5,-25.0,0.0956,1982-2026
-22.5,-22.5,0.1038,1982-2026
-22.5,-20.0,0.1114,1982-2026
-22.5,-17.5,0.1154,1982-2026
-22.5,-15.0,0.1154,1982-2026
-22.5,-12.5,0.1289,1982-2026
-22.5,-10.0,0.135,1982-2026
-22.5,-7.5,0.1195,1982-2026
-22.5,-5.0,0.1161,1982-2026
-22.5,-2.5,0.1142,1982-2026
-25.0,0.0,0.121,1982-2026
-25.0,2.5,0.1051,1982-2026
-25.0,5.0,0.104,1982-2026
-25.0,7.5,0.093,1982-2026
-25.0,10.0,0.0955,1982-2026
-25.0,12.5,0.1028,1982-2026
-25.0,15.0,0.0263,1982-2026
-25.0,17.5,0.0119,1982-2026
-25.0,20.0,0.0139,1982-2026
-25.0,22.5,0.0552,1982-2026
-25.0,25.0,0.0151,1982-2026
-25.0,27.5,-0.0037,1982-2026
-25.0,30.0,-0.0117,1982-2026
-25.0,32.5,-0.0022,1982-2026
-25.0,35.0,0.0125,1982-2026
-25.0,37.5,0.0387,1982-2026
-25.0,40.0,0.0525,1982-2026
-25.0,42.5,0.0406,1982-2026
-25.0,45.0,0.0012,1982-2026
-25.0,47.5,-0.0245,1982-2026
-25.0,50.0,-0.0338,1982-2026
-25.0,52.5,-0.0422,1982-2026
-25.0,55.0,-0.038,1982-2026
-25.0,57.5,-0.04,1982-2026
-25.0,60.0,-0.0674,1982-2026
-25.0,62.5,-0.087,1982-2026
-25.0,65.0,-0.057,1982-2026
-25.0,67.5,-0.0428,1982-2026
-25.0,70.0,-0.0216,1982-2026
-25.0,72.5,0.0026,1982-2026
-25.0,75.0,0.0124,1982-2026
-25.0,77.5,0.0334,1982-2026
-25.0,80.0,0.0511,1982-2026
-25.0,82.5,0.0805,1982-2026
-25.0,85.0,0.0935,1982-2026
-25.0,87.5,0.1038,1982-2026
-25.0,90.0,0.1338,1982-2026
-25.0,92.5,0.148,1982-2026
-25.0,95.0,0.1399,1982-2026
-25.0,97.5,0.1268,1982-2026
-25.0,100.0,0.1271,1982-2026
-25.0,102.5,0.1205,1982-2026
-25.0,105.0,0.1016,1982-2026
-25.0,107.5,0.0817,1982-2026
-25.0,110.0,0.062,1982-2026
-25.0,112.5,0.029,1982-2026
-25.0,115.0,0.0139,1982-2026
-25.0,117.5,0.018,1982-2026
-25.0,120.0,0.0369,1982-2026
-25.0,122.5,0.0687,1982-2026
-25.0,125.0,0.0563,1982-2026
-25.0,127.5,-0.0006,1982-2026
-25.0,130.0,0.016,1982-2026
-25.0,132.5,0.0151,1982-2026
-25.0,135.0,0.0023,1982-2026
-25.0,137.5,0.007,1982-2026
-25.0,140.0,0.0004,1982-2026
-25.0,142.5,0.0073,1982-2026
-25.0,145.0,0.0144,1982-2026
-25.0,147.5,0.0271,1982-2026
-25.0,150.0,0.0074,1982-2026
-25.0,152.5,-0.0053,1982-2026
-25.0,155.0,0.0329,1982-2026
-25.0,157.5,0.0389,1982-2026
-25.0,160.0,0.039,1982-2026
-25.0,162.5,0.047,1982-2026
-25.0,165.0,0.0475,1982-2026
-25.0,167.5,0.0402,1982-2026
-25.0,170.0,0.0085,1982-2026
-25.0,172.5,-0.0138,1982-2026
-25.0,175.0,-0.026,1982-2026
-25.0,177.5,-0.0173,1982-2026
-25.0,180.0,-0.0058,1982-2026
-25.0,-177.5,0.0105,1982-2026
-25.0,-175.0,0.0176,1982-2026
-25.0,-172.5,0.0212,1982-2026
-25.0,-170.0,0.0245,1982-2026
-25.0,-167.5,0.0401,1982-2026
-25.0,-165.0,0.0434,1982-2026
-25.0,-162.5,0.0398,1982-2026
-25.0,-160.0,0.0317,1982-2026
-25.0,-157.5,0.0306,1982-2026
-25.0,-155.0,0.0141,1982-2026
-25.0,-152.5,0.034,1982-2026
-25.0,-150.0,0.0349,1982-2026
-25.0,-147.5,0.0327,1982-2026
-25.0,-145.0,0.0434,1982-2026
-25.0,-142.5,0.0578,1982-2026
-25.0,-140.0,0.0738,1982-2026
-25.0,-137.5,0.0726,1982-2026
-25.0,-135.0,0.0718,1982-2026
-25.0,-132.5,0.0769,1982-2026
-25.0,-130.0,0.0607,1982-2026
-25.0,-127.5,0.0678,1982-2026
-25.0,-125.0,0.0582,1982-2026
-25.0,-122.5,0.0653,1982-2026
-25.0,-120.0,0.0807,1982-2026
-25.0,-117.5,0.0783,1982-2026
-25.0,-115.0,0.0781,1982-2026
-25.0,-112.5,0.0936,1982-2026
-25.0,-110.0,0.0965,1982-2026
-25.0,-107.5,0.0988,1982-2026
-25.0,-105.0,0.1033,1982-2026
-25.0,-102.5,0.1079,1982-2026
-25.0,-100.0,0.1084,1982-2026
-25.0,-97.5,0.1098,1982-2026
-25.0,-95.0,0.116,1982-2026
-25.0,-92.5,0.1222,1982-2026
-25.0,-90.0,0.1186,1982-2026
-25.0,-87.5,0.1179,1982-2026
-25.0,-85.0,0.119,1982-2026
-25.0,-82.5,0.1045,1982-2026
-25.0,-80.0,0.0938,1982-2026
-25.0,-77.5,0.0559,1982-2026
-25.0,-75.0,0.0296,1982-2026
-25.0,-72.5,0.036,1982-2026
-25.0,-70.0,0.0156,1982-2026
-25.0,-67.5,0.0155,1982-2026
-25.0,-65.0,-0.0083,1982-2026
-25.0,-62.5,0.0488,1982-2026
-25.0,-60.0,0.0119,1982-2026
-25.0,-57.5,0.0206,1982-2026
-25.0,-55.0,0.0052,1982-2026
-25.0,-52.5,0.0184,1982-2026
-25.0,-50.0,-0.0124,1982-2026
-25.0,-47.5,-0.0181,1982-2026
-25.0,-45.0,-0.0027,1982-2026
-25.0,-42.5,0.0127,1982-2026
-25.0,-40.0,0.0384,1982-2026
-25.0,-37.5,0.0834,1982-2026
-25.0,-35.0,0.0926,1982-2026
-25.0,-32.5,0.0824,1982-2026
-25.0,-30.0,0.0829,1982-2026
-25.0,-27.5,0.0909,1982-2026
-25.0,-25.0,0.0955,1982-2026
-25.0,-22.5,0.0975,1982-2026
-25.0,-20.0,0.0942,1982-2026
-25.0,-17.5,0.0878,1982-2026
-25.0,-15.0,0.1072,1982-2026
-25.0,-12.5,0.1191,1982-2026
-25.0,-10.0,0.1311,1982-2026
-25.0,-7.5,0.1391,1982-2026
-25.0,-5.0,0.1281,1982-2026
-25.0,-2.5,0.1253,1982-2026
-27.5,0.0,0.1077,1982-2026
-27.5,2.5,0.1045,1982-2026
-27.5,5.0,0.0941,1982-2026
-27.5,7.5,0.0842,1982-2026
-27.5,10.0,0.094,1982-2026
-27.5,12.5,0.1003,1982-2026
-27.5,15.0,0.034,1982-2026
-27.5,17.5,-0.0115,1982-2026
-27.5,20.0,0.035,1982-2026
-27.5,22.5,0.0384,1982-2026
-27.5,25.0,0.0446,1982-2026
-27.5,27.5,-0.0404,1982-2026
-27.5,30.0,0.0055,1982-2026
-27.5,32.5,-0.0155,1982-2026
-27.5,35.0,-0.02,1982-2026
-27.5,37.5,-0.0075,1982-2026
-27.5,40.0,-0.0008,1982-2026
-27.5,42.5,-0.0085,1982-2026
-27.5,45.0,-0.0218,1982-2026
-27.5,47.5,-0.0307,1982-2026
-27.5,50.0,-0.0203,1982-2026
-27.5,52.5,-0.0273,1982-2026
-27.5,55.0,-0.0329,1982-2026
-27.5,57.5,-0.0419,1982-2026
-27.5,60.0,-0.0536,1982-2026
-27.5,62.5,-0.049,1982-2026
-27.5,65.0,-0.0387,1982-2026
-27.5,67.5,-0.0208,1982-2026
-27.5,70.0,0.015,1982-2026
-27.5,72.5,0.0273,1982-2026
-27.5,75.0,0.0322,1982-2026
-27.5,77.5,0.0425,1982-2026
-27.5,80.0,0.0679,1982-2026
-27.5,82.5,0.0835,1982-2026
-27.5,85.0,0.0927,1982-2026
-27.5,87.5,0.1068,1982-2026
-27.5,90.0,0.1135,1982-2026
-27.5,92.5,0.1246,1982-2026
-27.5,95.0,0.1313,1982-2026
-27.5,97.5,0.1285,1982-2026
-27.5,100.0,0.1252,1982-2026
-27.5,102.5,0.1266,1982-2026
-27.5,105.0,0.1109,1982-2026
-27.5,107.5,0.0951,1982-2026
-27.5,110.0,0.0655,1982-2026
-27.5,112.5,0.0501,1982-2026
-27.5,115.0,0.0182,1982-2026
-27.5,117.5,0.0267,1982-2026
-27.5,120.0,0.029,1982-2026
-27.5,122.5,0.0408,1982-2026
-27.5,125.0,0.0423,1982-2026
-27.5,127.5,0.0256,1982-2026
-27.5,130.0,0.0373,1982-2026
-27.5,132.5,0.0277,1982-2026
-27.5,135.0,0.0441,1982-2026
-27.5,137.5,0.0429,1982-2026
-27.5,140.0,0.0263,1982-2026
-27.5,142.5,-0.0112,1982-2026
-27.5,145.0,-0.0004,1982-2026
-27.5,147.5,0.027,1982-2026
-27.5,150.0,0.0131,1982-2026
-27.5,152.5,-0.0008,1982-2026
-27.5,155.0,-0.0015,1982-2026
-27.5,157.5,-0.0124,1982-2026
-27.5,160.0,-0.0019,1982-2026
-27.5,162.5,0.0061,1982-2026
-27.5,165.0,0.0031,1982-2026
-27.5,167.5,-0.0137,1982-2026
-27.5,170.0,-0.017,1982-2026
-27.5,172.5,-0.0077,1982-2026
-27.5,175.0,-0.0058,1982-2026
-27.5,177.5,-0.034,1982-2026
-27.5,180.0,-0.0371,1982-2026
-27.5,-177.5,-0.0297,1982-2026
-27.5,-175.0,-0.0089,1982-2026
-27.5,-172.5,-0.0194,1982-2026
-27.5,-170.0,-0.0096,1982-2026
-27.5,-167.5,-0.0163,1982-2026
-27.5,-165.0,-0.0046,1982-2026
-27.5,-162.5,0.0026,1982-2026
-27.5,-160.0,-0.0125,1982-2026
-27.5,-157.5,-0.0291,1982-2026
-27.5,-155.0,-0.0493,1982-2026
-27.5,-152.5,-0.054,1982-2026
-27.5,-150.0,-0.0487,1982-2026
-27.5,-147.5,-0.0589,1982-2026
-27.5,-145.0,-0.0584,1982-2026
-27.5,-142.5,-0.045,1982-2026
-27.5,-140.0,-0.0161,1982-2026
-27.5,-137.5,0.0161,1982-2026
-27.5,-135.0,0.0254,1982-2026
-27.5,-132.5,0.0206,1982-2026
-27.5,-130.0,0.0187,1982-2026
-27.5,-127.5,0.0325,1982-2026
-27.5,-125.0,0.0192,1982-2026
-27.5,-122.5,0.0253,1982-2026
-27.5,-120.0,0.0428,1982-2026
-27.5,-117.5,0.0515,1982-2026
-27.5,-115.0,0.0576,1982-2026
-27.5,-112.5,0.0602,1982-2026
-27.5,-110.0,0.0533,1982-2026
-27.5,-107.5,0.0529,1982-2026
-27.5,-105.0,0.0547,1982-2026
-27.5,-102.5,0.0445,1982-2026
-27.5,-100.0,0.0348,1982-2026
-27.5,-97.5,0.0471,1982-2026
-27.5,-95.0,0.0562,1982-2026
-27.5,-92.5,0.0546,1982-2026
-27.5,-90.0,0.0706,1982-2026
-27.5,-87.5,0.0894,1982-2026
-27.5,-85.0,0.0966,1982-2026
-27.5,-82.5,0.0981,1982-2026
-27.5,-80.0,0.0944,1982-2026
-27.5,-77.5,0.0779,1982-2026
-27.5,-75.0,0.0376,1982-2026
-27.5,-72.5,0.0381,1982-2026
-27.5,-70.0,-0.0138,1982-2026
-27.5,-67.5,-0.0148,1982-2026
-27.5,-65.0,-0.0058,1982-2026
-27.5,-62.5,0.0171,1982-2026
-27.5,-60.0,0.0287,1982-2026
-27.5,-57.5,0.0325,1982-2026
-27.5,-55.0,0.0185,1982-2026
-27.5,-52.5,-0.0022,1982-2026
-27.5,-50.0,0.0092,1982-2026
-27.5,-47.5,0.0405,1982-2026
-27.5,-45.0,0.0368,1982-2026
-27.5,-42.5,0.0585,1982-2026
-27.5,-40.0,0.0622,1982-2026
-27.5,-37.5,0.0781,1982-2026
-27.5,-35.0,0.0954,1982-2026
-27.5,-32.5,0.0741,1982-2026
-27.5,-30.0,0.079,1982-2026
-27.5,-27.5,0.0602,1982-2026
-27.5,-25.0,0.0554,1982-2026
-27.5,-22.5,0.0553,1982-2026
-27.5,-20.0,0.0677,1982-2026
-27.5,-17.5,0.0577,1982-2026
-27.5,-15.0,0.0648,1982-2026
-27.5,-12.5,0.0684,1982-2026
-27.5,-10.0,0.0888,1982-2026
-27.5,-7.5,0.1045,1982-2026
-27.5,-5.0,0.1183,1982-2026
-27.5,-2.5,0.1075,1982-2026
-30.0,0.0,0.0732,1982-2026
-30.0,2.5,0.0883,1982-2026
-30.0,5.0,0.0821,1982-2026
-30.0,7.5,0.0865,1982-2026
-30.0,10.0,0.0952,1982-2026
-30.0,12.5,0.0993,1982-2026
-30.0,15.0,0.0492,1982-2026
-30.0,17.5,0.0033,1982-2026
-30.0,20.0,0.0121,1982-2026
-30.0,22.5,0.0292,1982-2026
-30.0,25.0,0.04,1982-2026
-30.0,27.5,0.0126,1982-2026
-30.0,30.0,0.0005,1982-2026
-30.0,32.5,-0.0128,1982-2026
-30.0,35.0,0.0013,1982-2026
-30.0,37.5,-0.0119,1982-2026
-30.0,40.0,-0.0118,1982-2026
-30.0,42.5,-0.0313,1982-2026
-30.0,45.0,-0.0184,1982-2026
-30.0,47.5,-0.0228,1982-2026
-30.0,50.0,-0.0435,1982-2026
-30.0,52.5,-0.0432,1982-2026
-30.0,55.0,-0.037,1982-2026
-30.0,57.5,-0.0317,1982-2026
-30.0,60.0,-0.0214,1982-2026
-30.0,62.5,-0.0173,1982-2026
-30.0,65.0,-0.0098,1982-2026
-30.0,67.5,0.021,1982-2026
-30.0,70.0,0.0337,1982-2026
-30.0,72.5,0.0487,1982-2026
-30.0,75.0,0.0461,1982-2026
-30.0,77.5,0.0446,1982-2026
-30.0,80.0,0.04,1982-2026
-30.0,82.5,0.0499,1982-2026
-30.0,85.0,0.0526,1982-2026
-30.0,87.5,0.0572,1982-2026
-30.0,90.0,0.0599,1982-2026
-30.0,92.5,0.0786,1982-2026
-30.0,95.0,0.0761,1982-2026
-30.0,97.5,0.0793,1982-2026
-30.0,100.0,0.0953,1982-2026
-30.0,102.5,0.1006,1982-2026
-30.0,105.0,0.0977,1982-2026
-30.0,107.5,0.1057,1982-2026
-30.0,110.0,0.0924,1982-2026
-30.0,112.5,0.0647,1982-2026
-30.0,115.0,0.0093,1982-2026
-30.0,117.5,0.0097,1982-2026
-30.0,120.0,0.0205,1982-2026
-30.0,122.5,0.0194,1982-2026
-30.0,125.0,0.0202,1982-2026
-30.0,127.5,0.0421,1982-2026
-30.0,130.0,0.0269,1982-2026
-30.0,132.5,0.007,1982-2026
-30.0,135.0,0.0238,1982-2026
-30.0,137.5,0.0321,1982-2026
-30.0,140.0,0.0305,1982-2026
-30.0,142.5,0.011,1982-2026
-30.0,145.0,0.0032,1982-2026
-30.0,147.5,0.0225,1982-2026
-30.0,150.0,0.0277,1982-2026
-30.0,152.5,-0.0031,1982-2026
-30.0,155.0,0.0416,1982-2026
-30.0,157.5,0.0049,1982-2026
-30.0,160.0,0.0032,1982-2026
-30.0,162.5,-0.0041,1982-2026
-30.0,165.0,-0.0111,1982-2026
-30.0,167.5,-0.0099,1982-2026
-30.0,170.0,-0.0044,1982-2026
-30.0,172.5,-0.0034,1982-2026
-30.0,175.0,-0.0171,1982-2026
-30.0,177.5,-0.0314,1982-2026
-30.0,180.0,-0.01,1982-2026
-30.0,-177.5,-0.0017,1982-2026
-30.0,-175.0,0.0007,1982-2026
-30.0,-172.5,0.009,1982-2026
-30.0,-170.0,0.0027,1982-2026
-30.0,-167.5,-0.0214,1982-2026
-30.0,-165.0,-0.0554,1982-2026
-30.0,-162.5,-0.0857,1982-2026
-30.0,-160.0,-0.0802,1982-2026
-30.0,-157.5,-0.0864,1982-2026
-30.0,-155.0,-0.1,1982-2026
-30.0,-152.5,-0.1122,1982-2026
-30.0,-150.0,-0.1217,1982-2026
-30.0,-147.5,-0.119,1982-2026
-30.0,-145.0,-0.1096,1982-2026
-30.0,-142.5,-0.101,1982-2026
-30.0,-140.0,-0.0726,1982-2026
-30.0,-137.5,-0.0434,1982-2026
-30.0,-135.0,-0.0151,1982-2026
-30.0,-132.5,-0.0441,1982-2026
-30.0,-130.0,-0.0519,1982-2026
-30.0,-127.5,-0.0384,1982-2026
-30.0,-125.0,-0.0307,1982-2026
-30.0,-122.5,-0.0261,1982-2026
-30.0,-120.0,0.0,1982-2026
-30.0,-117.5,-0.0092,1982-2026
-30.0,-115.0,0.0049,1982-2026
-30.0,-112.5,0.012,1982-2026
-30.0,-110.0,0.0173,1982-2026
-30.0,-107.5,0.0104,1982-2026
-30.0,-105.0,-0.0047,1982-2026
-30.0,-102.5,-0.0172,1982-2026
-30.0,-100.0,-0.0272,1982-2026
-30.0,-97.5,-0.0285,1982-2026
-30.0,-95.0,-0.0244,1982-2026
-30.0,-92.5,-0.0109,1982-2026
-30.0,-90.0,0.0018,1982-2026
-30.0,-87.5,0.0438,1982-2026
-30.0,-85.0,0.0795,1982-2026
-30.0,-82.5,0.0911,1982-2026
-30.0,-80.0,0.0893,1982-2026
-30.0,-77.5,0.0959,1982-2026
-30.0,-75.0,0.0408,1982-2026
-30.0,-72.5,0.0021,1982-2026
-30.0,-70.0,0.016,1982-2026
-30.0,-67.5,0.0391,1982-2026
-30.0,-65.0,0.0603,1982-2026
-30.0,-62.5,0.0371,1982-2026
-30.0,-60.0,0.0472,1982-2026
-30.0,-57.5,0.0433,1982-2026
-30.0,-55.0,0.0469,1982-2026
-30.0,-52.5,0.0221,1982-2026
-30.0,-50.0,0.017,1982-2026
-30.0,-47.5,0.0221,1982-2026
-30.0,-45.0,0.0316,1982-2026
-30.0,-42.5,0.0358,1982-2026
-30.0,-40.0,0.0405,1982-2026
-30.0,-37.5,0.0376,1982-2026
-30.0,-35.0,0.0388,1982-2026
-30.0,-32.5,0.0469,1982-2026
-30.0,-30.0,0.0354,1982-2026
-30.0,-27.5,0.0383,1982-2026
-30.0,-25.0,0.0045,1982-2026
-30.0,-22.5,-0.0066,1982-2026
-30.0,-20.0,0.0032,1982-2026
-30.0,-17.5,-0.0098,1982-2026
-30.0,-15.0,-0.0331,1982-2026
-30.0,-12.5,-0.0275,1982-2026
-30.0,-10.0,-0.0252,1982-2026
-30.0,-7.5,-0.0118,1982-2026
-30.0,-5.0,0.0205,1982-2026
-30.0,-2.5,0.0546,1982-2026
-32.5,0.0,-0.0233,1982-2026
-32.5,2.5,0.0119,1982-2026
-32.5,5.0,0.0367,1982-2026
-32.5,7.5,0.0625,1982-2026
-32.5,10.0,0.0933,1982-2026
-32.5,12.5,0.1232,1982-2026
-32.5,15.0,0.1148,1982-2026
-32.5,17.5,0.0519,1982-2026
-32.5,20.0,0.0211,1982-2026
-32.5,22.5,0.0269,1982-2026
-32.5,25.0,0.0123,1982-2026
-32.5,27.5,0.0032,1982-2026
-32.5,30.0,0.0559,1982-2026
-32.5,32.5,0.0556,1982-2026
-32.5,35.0,0.0351,1982-2026
-32.5,37.5,0.0186,1982-2026
-32.5,40.0,-0.013,1982-2026
-32.5,42.5,-0.0173,1982-2026
-32.5,45.0,-0.0241,1982-2026
-32.5,47.5,-0.037,1982-2026
-32.5,50.0,-0.0435,1982-2026
-32.5,52.5,-0.0432,1982-2026
-32.5,55.0,-0.0456,1982-2026
-32.5,57.5,-0.0283,1982-2026
-32.5,60.0,-0.0088,1982-2026
-32.5,62.5,-0.0155,1982-2026
-32.5,65.0,-0.0138,1982-2026
-32.5,67.5,-0.0118,1982-2026
-32.5,70.0,0.014,1982-2026
-32.5,72.5,0.0138,1982-2026
-32.5,75.0,0.0021,1982-2026
-32.5,77.5,0.0043,1982-2026
-32.5,80.0,-0.0005,1982-2026
-32.5,82.5,-0.0056,1982-2026
-32.5,85.0,0.0161,1982-2026
-32.5,87.5,0.0029,1982-2026
-32.5,90.0,0.0092,1982-2026
-32.5,92.5,0.0116,1982-2026
-32.5,95.0,0.0083,1982-2026
-32.5,97.5,0.0274,1982-2026
-32.5,100.0,0.0556,1982-2026
-32.5,102.5,0.0726,1982-2026
-32.5,105.0,0.0774,1982-2026
-32.5,107.5,0.0851,1982-2026
-32.5,110.0,0.1012,1982-2026
-32.5,112.5,0.0999,1982-2026
-32.5,115.0,0.0355,1982-2026
-32.5,117.5,0.0297,1982-2026
-32.5,120.0,0.0301,1982-2026
-32.5,122.5,0.0171,1982-2026
-32.5,125.0,0.0093,1982-2026
-32.5,127.5,0.0151,1982-2026
-32.5,130.0,0.0277,1982-2026
-32.5,132.5,0.0191,1982-2026
-32.5,135.0,0.0072,1982-2026
-32.5,137.5,0.0494,1982-2026
-32.5,140.0,0.0276,1982-2026
-32.5,142.5,0.0302,1982-2026
-32.5,145.0,-0.0012,1982-2026
-32.5,147.5,0.0168,1982-2026
-32.5,150.0,0.0206,1982-2026
-32.5,152.5,0.0335,1982-2026
-32.5,155.0,0.0597,1982-2026
-32.5,157.5,0.0221,1982-2026
-32.5,160.0,0.0335,1982-2026
-32.5,162.5,0.0315,1982-2026
-32.5,165.0,0.0228,1982-2026
-32.5,167.5,0.0195,1982-2026
-32.5,170.0,0.0247,1982-2026
-32.5,172.5,0.0161,1982-2026
-32.5,175.0,-0.0027,1982-2026
-32.5,177.5,-0.006,1982-2026
-32.5,180.0,0.0112,1982-2026
-32.5,-177.5,0.0176,1982-2026
-32.5,-175.0,0.0269,1982-2026
-32.5,-172.5,0.0301,1982-2026
-32.5,-170.0,0.0166,1982-2026
-32.5,-167.5,-0.0071,1982-2026
-32.5,-165.0,-0.0573,1982-2026
-32.5,-162.5,-0.1005,1982-2026
-32.5,-160.0,-0.1203,1982-2026
-32.5,-157.5,-0.1234,1982-2026
-32.5,-155.0,-0.121,1982-2026
-32.5,-152.5,-0.1203,1982-2026
-32.5,-150.0,-0.1452,1982-2026
-32.5,-147.5,-0.1509,1982-2026
-32.5,-145.0,-0.1411,1982-2026
-32.5,-142.5,-0.137,1982-2026
-32.5,-140.0,-0.1181,1982-2026
-32.5,-137.5,-0.0995,1982-2026
-32.5,-135.0,-0.0733,1982-2026
-32.5,-132.5,-0.0658,1982-2026
-32.5,-130.0,-0.0734,1982-2026
-32.5,-127.5,-0.0632,1982-2026
-32.5,-125.0,-0.0502,1982-2026
-32.5,-122.5,-0.0678,1982-2026
-32.5,-120.0,-0.0394,1982-2026
-32.5,-117.5,-0.0417,1982-2026
-32.5,-115.0,-0.05,1982-2026
-32.5,-112.5,-0.054,1982-2026
-32.5,-110.0,-0.0465,1982-2026
-32.5,-107.5,-0.0351,1982-2026
-32.5,-105.0,-0.0273,1982-2026
-32.5,-102.5,-0.0246,1982-2026
-32.5,-100.0,-0.0223,1982-2026
-32.5,-97.5,-0.0207,1982-2026
-32.5,-95.0,-0.0139,1982-2026
-32.5,-92.5,-0.0029,1982-2026
-32.5,-90.0,0.0056,1982-2026
-32.5,-87.5,0.0372,1982-2026
-32.5,-85.0,0.0692,1982-2026
-32.5,-82.5,0.0718,1982-2026
-32.5,-80.0,0.0718,1982-2026
-32.5,-77.5,0.0656,1982-2026
-32.5,-75.0,0.0659,1982-2026
-32.5,-72.5,0.0194,1982-2026
-32.5,-70.0,0.0112,1982-2026
-32.5,-67.5,0.0319,1982-2026
-32.5,-65.0,0.0193,1982-2026
-32.5,-62.5,0.0418,1982-2026
-32.5,-60.0,0.0548,1982-2026
-32.5,-57.5,0.0348,1982-2026
-32.5,-55.0,0.0153,1982-2026
-32.5,-52.5,0.0206,1982-2026
-32.5,-50.0,0.0405,1982-2026
-32.5,-47.5,0.0376,1982-2026
-32.5,-45.0,0.0344,1982-2026
-32.5,-42.5,0.0198,1982-2026
-32.5,-40.0,0.0092,1982-2026
-32.5,-37.5,0.0123,1982-2026
-32.5,-35.0,0.0077,1982-2026
-32.5,-32.5,-0.0027,1982-2026
-32.5,-30.0,0.0084,1982-2026
-32.5,-27.5,0.0054,1982-2026
-32.5,-25.0,-0.0389,1982-2026
-32.5,-22.5,-0.0607,1982-2026
-32.5,-20.0,-0.0707,1982-2026
-32.5,-17.5,-0.072,1982-2026
-32.5,-15.0,-0.0851,1982-2026
-32.5,-12.5,-0.1172,1982-2026
-32.5,-10.0,-0.148,1982-2026
-32.5,-7.5,-0.1448,1982-2026
-32.5,-5.0,-0.1102,1982-2026
-32.5,-2.5,-0.077,1982-2026
-35.0,0.0,-0.0722,1982-2026
-35.0,2.5,-0.0559,1982-2026
-35.0,5.0,-0.0168,1982-2026
-35.0,7.5,0.025,1982-2026
-35.0,10.0,0.0675,1982-2026
-35.0,12.5,0.0854,1982-2026
-35.0,15.0,0.1037,1982-2026
-35.0,17.5,0.106,1982-2026
-35.0,20.0,0.0456,1982-2026
-35.0,22.5,0.0423,1982-2026
-35.0,25.0,0.0632,1982-2026
-35.0,27.5,0.0746,1982-2026
-35.0,30.0,0.0427,1982-2026
-35.0,32.5,-0.0096,1982-2026
-35.0,35.0,-0.0216,1982-2026
-35.0,37.5,-0.0082,1982-2026
-35.0,40.0,0.0063,1982-2026
-35.0,42.5,0.0028,1982-2026
-35.0,45.0,-0.0076,1982-2026
-35.0,47.5,-0.0004,1982-2026
-35.0,50.0,-0.0055,1982-2026
-35.0,52.5,0.0072,1982-2026
-35.0,55.0,0.0044,1982-2026
-35.0,57.5,0.0031,1982-2026
-35.0,60.0,-0.0059,1982-2026
-35.0,62.5,-0.0098,1982-2026
-35.0,65.0,-0.041,1982-2026
-35.0,67.5,-0.0369,1982-2026
-35.0,70.0,-0.0389,1982-2026
-35.0,72.5,-0.0603,1982-2026
-35.0,75.0,-0.077,1982-2026
-35.0,77.5,-0.0776,1982-2026
-35.0,80.0,-0.0703,1982-2026
-35.0,82.5,-0.0819,1982-2026
-35.0,85.0,-0.0622,1982-2026
-35.0,87.5,-0.0849,1982-2026
-35.0,90.0,-0.075,1982-2026
-35.0,92.5,-0.0837,1982-2026
-35.0,95.0,-0.0742,1982-2026
-35.0,97.5,-0.0724,1982-2026
-35.0,100.0,-0.0343,1982-2026
-35.0,102.5,0.0159,1982-2026
-35.0,105.0,0.0372,1982-2026
-35.0,107.5,0.0498,1982-2026
-35.0,110.0,0.0706,1982-2026
-35.0,112.5,0.0896,1982-2026
-35.0,115.0,0.1037,1982-2026
-35.0,117.5,0.051,1982-2026
-35.0,120.0,0.0485,1982-2026
-35.0,122.5,0.0567,1982-2026
-35.0,125.0,0.0236,1982-2026
-35.0,127.5,0.0276,1982-2026
-35.0,130.0,0.0317,1982-2026
-35.0,132.5,0.062,1982-2026
-35.0,135.0,0.0824,1982-2026
-35.0,137.5,0.0565,1982-2026
-35.0,140.0,0.0319,1982-2026
-35.0,142.5,0.0299,1982-2026
-35.0,145.0,-0.0024,1982-2026
-35.0,147.5,0.0183,1982-2026
-35.0,150.0,-0.0006,1982-2026
-35.0,152.5,0.0442,1982-2026
-35.0,155.0,0.0243,1982-2026
-35.0,157.5,0.0211,1982-2026
-35.0,160.0,0.0282,1982-2026
-35.0,162.5,0.0145,1982-2026
-35.0,165.0,0.0034,1982-2026
-35.0,167.5,-0.0045,1982-2026
-35.0,170.0,0.0121,1982-2026
-35.0,172.5,0.0171,1982-2026
-35.0,175.0,-0.023,1982-2026
-35.0,177.5,-0.0316,1982-2026
-35.0,180.0,-0.0174,1982-2026
-35.0,-177.5,-0.0223,1982-2026
-35.0,-175.0,-0.0229,1982-2026
-35.0,-172.5,-0.0149,1982-2026
-35.0,-170.0,-0.0267,1982-2026
-35.0,-167.5,-0.0511,1982-2026
-35.0,-165.0,-0.0879,1982-2026
-35.0,-162.5,-0.1089,1982-2026
-35.0,-160.0,-0.1205,1982-2026
-35.0,-157.5,-0.1467,1982-2026
-35.0,-155.0,-0.1558,1982-2026
-35.0,-152.5,-0.1529,1982-2026
-35.0,-150.0,-0.1567,1982-2026
-35.0,-147.5,-0.1634,1982-2026
-35.0,-145.0,-0.1476,1982-2026
-35.0,-142.5,-0.1469,1982-2026
-35.0,-140.0,-0.1418,1982-2026
-35.0,-137.5,-0.1186,1982-2026
-35.0,-135.0,-0.0883,1982-2026
-35.0,-132.5,-0.0585,1982-2026
-35.0,-130.0,-0.042,1982-2026
-35.0,-127.5,-0.025,1982-2026
-35.0,-125.0,-0.0131,1982-2026
-35.0,-122.5,-0.0073,1982-2026
-35.0,-120.0,-0.0144,1982-2026
-35.0,-117.5,-0.0159,1982-2026
-35.0,-115.0,-0.0299,1982-2026
-35.0,-112.5,-0.0157,1982-2026
-35.0,-110.0,-0.0011,1982-2026
-35.0,-107.5,0.0337,1982-2026
-35.0,-105.0,0.0179,1982-2026
-35.0,-102.5,0.0277,1982-2026
-35.0,-100.0,0.0229,1982-2026
-35.0,-97.5,0.0056,1982-2026
-35.0,-95.0,0.0317,1982-2026
-35.0,-92.5,0.0434,1982-2026
-35.0,-90.0,0.0479,1982-2026
-35.0,-87.5,0.0505,1982-2026
-35.0,-85.0,0.067,1982-2026
-35.0,-82.5,0.0665,1982-2026
-35.0,-80.0,0.0635,1982-2026
-35.0,-77.5,0.0529,1982-2026
-35.0,-75.0,0.047,1982-2026
-35.0,-72.5,0.032,1982-2026
-35.0,-70.0,-0.0229,1982-2026
-35.0,-67.5,0.0076,1982-2026
-35.0,-65.0,0.051,1982-2026
-35.0,-62.5,0.0494,1982-2026
-35.0,-60.0,0.0328,1982-2026
-35.0,-57.5,0.0426,1982-2026
-35.0,-55.0,0.0519,1982-2026
-35.0,-52.5,0.0405,1982-2026
-35.0,-50.0,0.0142,1982-2026
-35.0,-47.5,0.0336,1982-2026
-35.0,-45.0,0.0367,1982-2026
-35.0,-42.5,0.0185,1982-2026
-35.0,-40.0,-0.0021,1982-2026
-35.0,-37.5,-0.0096,1982-2026
-35.0,-35.0,-0.0367,1982-2026
-35.0,-32.5,-0.0427,1982-2026
-35.0,-30.0,-0.0576,1982-2026
-35.0,-27.5,-0.0631,1982-2026
-35.0,-25.0,-0.0705,1982-2026
-35.0,-22.5,-0.0798,1982-2026
-35.0,-20.0,-0.0898,1982-2026
-35.0,-17.5,-0.0922,1982-2026
-35.0,-15.0,-0.0992,1982-2026
-35.0,-12.5,-0.1238,1982-2026
-35.0,-10.0,-0.1466,1982-2026
-35.0,-7.5,-0.1254,1982-2026
-35.0,-5.0,-0.1409,1982-2026
-35.0,-2.5,-0.1166,1982-2026
-37.5,0.0,-0.0395,1982-2026
-37.5,2.5,-0.0234,1982-2026
-37.5,5.0,-0.0393,1982-2026
-37.5,7.5,0.0051,1982-2026
-37.5,10.0,0.048,1982-2026
-37.5,12.5,0.021,1982-2026
-37.5,15.0,0.0362,1982-2026
-37.5,17.5,0.045,1982-2026
-37.5,20.0,0.0376,1982-2026
-37.5,22.5,0.008,1982-2026
-37.5,25.0,-0.0229,1982-2026
-37.5,27.5,0.002,1982-2026
-37.5,30.0,-0.0192,1982-2026
-37.5,32.5,-0.0161,1982-2026
-37.5,35.0,-0.0093,1982-2026
-37.5,37.5,-0.0183,1982-2026
-37.5,40.0,-0.0255,1982-2026
-37.5,42.5,0.0071,1982-2026
-37.5,45.0,0.0075,1982-2026
-37.5,47.5,-0.0057,1982-2026
-37.5,50.0,0.0041,1982-2026
-37.5,52.5,-0.012,1982-2026
-37.5,55.0,-0.0288,1982-2026
-37.5,57.5,-0.0466,1982-2026
-37.5,60.0,-0.0489,1982-2026
-37.5,62.5,-0.0514,1982-2026
-37.5,65.0,-0.07,1982-2026
-37.5,67.5,-0.0737,1982-2026
-37.5,70.0,-0.0785,1982-2026
-37.5,72.5,-0.0874,1982-2026
-37.5,75.0,-0.0992,1982-2026
-37.5,77.5,-0.0876,1982-2026
-37.5,80.0,-0.1096,1982-2026
-37.5,82.5,-0.1134,1982-2026
-37.5,85.0,-0.1037,1982-2026
-37.5,87.5,-0.1026,1982-2026
-37.5,90.0,-0.1022,1982-2026
-37.5,92.5,-0.0959,1982-2026
-37.5,95.0,-0.0815,1982-2026
-37.5,97.5,-0.0501,1982-2026
-37.5,100.0,-0.0379,1982-2026
-37.5,102.5,-0.0312,1982-2026
-37.5,105.0,-0.0134,1982-2026
-37.5,107.5,0.0067,1982-2026
-37.5,110.0,0.0012,1982-2026
-37.5,112.5,0.0383,1982-2026
-37.5,115.0,0.0314,1982-2026
-37.5,117.5,0.0037,1982-2026
-37.5,120.0,-0.0144,1982-2026
-37.5,122.5,-0.0251,1982-2026
-37.5,125.0,-0.0091,1982-2026
-37.5,127.5,0.0097,1982-2026
-37.5,130.0,0.032,1982-2026
-37.5,132.5,0.0605,1982-2026
-37.5,135.0,0.0829,1982-2026
-37.5,137.5,0.0979,1982-2026
-37.5,140.0,0.0709,1982-2026
-37.5,142.5,0.024,1982-2026
-37.5,145.0,0.0183,1982-2026
-37.5,147.5,-0.006,1982-2026
-37.5,150.0,-0.0295,1982-2026
-37.5,152.5,-0.0107,1982-2026
-37.5,155.0,-0.0128,1982-2026
-37.5,157.5,0.0119,1982-2026
-37.5,160.0,0.0153,1982-2026
-37.5,162.5,0.0069,1982-2026
-37.5,165.0,-0.0047,1982-2026
-37.5,167.5,-0.0185,1982-2026
-37.5,170.0,-0.0153,1982-2026
-37.5,172.5,-0.0401,1982-2026
-37.5,175.0,-0.0609,1982-2026
-37.5,177.5,-0.0844,1982-2026
-37.5,180.0,-0.0766,1982-2026
-37.5,-177.5,-0.0503,1982-2026
-37.5,-175.0,-0.0544,1982-2026
-37.5,-172.5,-0.0716,1982-2026
-37.5,-170.0,-0.0957,1982-2026
-37.5,-167.5,-0.1252,1982-2026
-37.5,-165.0,-0.1374,1982-2026
-37.5,-162.5,-0.1489,1982-2026
-37.5,-160.0,-0.2024,1982-2026
-37.5,-157.5,-0.1971,1982-2026
-37.5,-155.0,-0.1827,1982-2026
-37.5,-152.5,-0.1741,1982-2026
-37.5,-150.0,-0.1763,1982-2026
-37.5,-147.5,-0.1616,1982-2026
-37.5,-145.0,-0.1372,1982-2026
-37.5,-142.5,-0.0994,1982-2026
-37.5,-140.0,-0.0674,1982-2026
-37.5,-137.5,-0.034,1982-2026
-37.5,-135.0,-0.0052,1982-2026
-37.5,-132.5,0.014,1982-2026
-37.5,-130.0,0.0196,1982-2026
-37.5,-127.5,0.0183,1982-2026
-37.5,-125.0,0.0312,1982-2026
-37.5,-122.5,0.0335,1982-2026
-37.5,-120.0,0.0285,1982-2026
-37.5,-117.5,0.0339,1982-2026
-37.5,-115.0,0.0326,1982-2026
-37.5,-112.5,0.0579,1982-2026
-37.5,-110.0,0.0771,1982-2026
-37.5,-107.5,0.0955,1982-2026
-37.5,-105.0,0.1163,1982-2026
-37.5,-102.5,0.0814,1982-2026
-37.5,-100.0,0.0932,1982-2026
-37.5,-97.5,0.0717,1982-2026
-37.5,-95.0,0.0611,1982-2026
-37.5,-92.5,0.0554,1982-2026
-37.5,-90.0,0.0562,1982-2026
-37.5,-87.5,0.0704,1982-2026
-37.5,-85.0,0.0667,1982-2026
-37.5,-82.5,0.0705,1982-2026
-37.5,-80.0,0.0936,1982-2026
-37.5,-77.5,0.0673,1982-2026
-37.5,-75.0,0.0299,1982-2026
-37.5,-72.5,0.0026,1982-2026
-37.5,-70.0,-0.0241,1982-2026
-37.5,-67.5,0.0095,1982-2026
-37.5,-65.0,0.0018,1982-2026
-37.5,-62.5,0.0175,1982-2026
-37.5,-60.0,0.0117,1982-2026
-37.5,-57.5,0.0201,1982-2026
-37.5,-55.0,0.042,1982-2026
-37.5,-52.5,0.0285,1982-2026
-37.5,-50.0,-0.0096,1982-2026
-37.5,-47.5,0.0011,1982-2026
-37.5,-45.0,-0.0031,1982-2026
-37.5,-42.5,-0.0165,1982-2026
-37.5,-40.0,-0.0445,1982-2026
-37.5,-37.5,-0.0793,1982-2026
-37.5,-35.0,-0.0861,1982-2026
-37.5,-32.5,-0.0979,1982-2026
-37.5,-30.0,-0.1068,1982-2026
-37.5,-27.5,-0.1116,1982-2026
-37.5,-25.0,-0.114,1982-2026
-37.5,-22.5,-0.1229,1982-2026
-37.5,-20.0,-0.1226,1982-2026
-37.5,-17.5,-0.1084,1982-2026
-37.5,-15.0,-0.0722,1982-2026
-37.5,-12.5,-0.0496,1982-2026
-37.5,-10.0,-0.0524,1982-2026
-37.5,-7.5,-0.0669,1982-2026
-37.5,-5.0,-0.0595,1982-2026
-37.5,-2.5,-0.0504,1982-2026
-40.0,0.0,0.0103,1982-2026
-40.0,2.5,-0.0049,1982-2026
-40.0,5.0,0.0017,1982-2026
-40.0,7.5,0.0077,1982-2026
-40.0,10.0,0.0291,1982-2026
-40.0,12.5,0.0635,1982-2026
-40.0,15.0,0.0529,1982-2026
-40.0,17.5,-0.004,1982-2026
-40.0,20.0,-0.0118,1982-2026
-40.0,22.5,-0.0332,1982-2026
-40.0,25.0,0.0292,1982-2026
-40.0,27.5,-0.0304,1982-2026
-40.0,30.0,0.0545,1982-2026
-40.0,32.5,0.0017,1982-2026
-40.0,35.0,0.0096,1982-2026
-40.0,37.5,0.0083,1982-2026
-40.0,40.0,0.0145,1982-2026
-40.0,42.5,0.0493,1982-2026
-40.0,45.0,-0.0007,1982-2026
-40.0,47.5,-0.0236,1982-2026
-40.0,50.0,-0.0189,1982-2026
-40.0,52.5,-0.0416,1982-2026
-40.0,55.0,-0.0444,1982-2026
-40.0,57.5,-0.0809,1982-2026
-40.0,60.0,-0.0763,1982-2026
-40.0,62.5,-0.087,1982-2026
-40.0,65.0,-0.0939,1982-2026
-40.0,67.5,-0.1019,1982-2026
-40.0,70.0,-0.1172,1982-2026
-40.0,72.5,-0.111,1982-2026
-40.0,75.0,-0.0989,1982-2026
-40.0,77.5,-0.1077,1982-2026
-40.0,80.0,-0.106,1982-2026
-40.0,82.5,-0.0887,1982-2026
-40.0,85.0,-0.1016,1982-2026
-40.0,87.5,-0.0734,1982-2026
-40.0,90.0,-0.0493,1982-2026
-40.0,92.5,-0.0627,1982-2026
-40.0,95.0,-0.0609,1982-2026
-40.0,97.5,-0.0341,1982-2026
-40.0,100.0,-0.0163,1982-2026
-40.0,102.5,-0.0163,1982-2026
-40.0,105.0,-0.008,1982-2026
-40.0,107.5,-0.0152,1982-2026
-40.0,110.0,-0.0086,1982-2026
-40.0,112.5,0.0099,1982-2026
-40.0,115.0,0.0112,1982-2026
-40.0,117.5,0.0022,1982-2026
-40.0,120.0,-0.0046,1982-2026
-40.0,122.5,0.0175,1982-2026
-40.0,125.0,0.025,1982-2026
-40.0,127.5,0.0375,1982-2026
-40.0,130.0,0.0575,1982-2026
-40.0,132.5,0.0413,1982-2026
-40.0,135.0,0.0458,1982-2026
-40.0,137.5,0.0713,1982-2026
-40.0,140.0,0.0909,1982-2026
-40.0,142.5,0.0892,1982-2026
-40.0,145.0,0.0408,1982-2026
-40.0,147.5,0.0566,1982-2026
-40.0,150.0,0.0664,1982-2026
-40.0,152.5,0.025,1982-2026
-40.0,155.0,-0.0064,1982-2026
-40.0,157.5,-0.0063,1982-2026
-40.0,160.0,-0.005,1982-2026
-40.0,162.5,-0.0087,1982-2026
-40.0,165.0,-0.0295,1982-2026
-40.0,167.5,-0.0465,1982-2026
-40.0,170.0,-0.0398,1982-2026
-40.0,172.5,-0.0358,1982-2026
-40.0,175.0,-0.0585,1982-2026
-40.0,177.5,-0.0539,1982-2026
-40.0,180.0,-0.0837,1982-2026
-40.0,-177.5,-0.0719,1982-2026
-40.0,-175.0,-0.072,1982-2026
-40.0,-172.5,-0.0826,1982-2026
-40.0,-170.0,-0.1107,1982-2026
-40.0,-167.5,-0.1312,1982-2026
-40.0,-165.0,-0.1512,1982-2026
-40.0,-162.5,-0.1803,1982-2026
-40.0,-160.0,-0.2105,1982-2026
-40.0,-157.5,-0.2169,1982-2026
-40.0,-155.0,-0.1945,1982-2026
-40.0,-152.5,-0.1624,1982-2026
-40.0,-150.0,-0.1405,1982-2026
-40.0,-147.5,-0.1173,1982-2026
-40.0,-145.0,-0.075,1982-2026
-40.0,-142.5,-0.0359,1982-2026
-40.0,-140.0,-0.0078,1982-2026
-40.0,-137.5,0.0331,1982-2026
-40.0,-135.0,0.0557,1982-2026
-40.0,-132.5,0.0719,1982-2026
-40.0,-130.0,0.0701,1982-2026
-40.0,-127.5,0.0714,1982-2026
-40.0,-125.0,0.0687,1982-2026
-40.0,-122.5,0.0753,1982-2026
-40.0,-120.0,0.0881,1982-2026
-40.0,-117.5,0.0952,1982-2026
-40.0,-115.0,0.1172,1982-2026
-40.0,-112.5,0.1208,1982-2026
-40.0,-110.0,0.1478,1982-2026
-40.0,-107.5,0.1629,1982-2026
-40.0,-105.0,0.1384,1982-2026
-40.0,-102.5,0.1453,1982-2026
-40.0,-100.0,0.1173,1982-2026
-40.0,-97.5,0.108,1982-2026
-40.0,-95.0,0.0879,1982-2026
-40.0,-92.5,0.0901,1982-2026
-40.0,-90.0,0.0998,1982-2026
-40.0,-87.5,0.1047,1982-2026
-40.0,-85.0,0.0928,1982-2026
-40.0,-82.5,0.0917,1982-2026
-40.0,-80.0,0.0885,1982-2026
-40.0,-77.5,0.0798,1982-2026
-40.0,-75.0,0.0344,1982-2026
-40.0,-72.5,-0.0125,1982-2026
-40.0,-70.0,0.0065,1982-2026
-40.0,-67.5,-0.0023,1982-2026
-40.0,-65.0,-0.0035,1982-2026
-40.0,-62.5,-0.0023,1982-2026
-40.0,-60.0,-0.0001,1982-2026
-40.0,-57.5,0.0051,1982-2026
-40.0,-55.0,0.0058,1982-2026
-40.0,-52.5,-0.0331,1982-2026
-40.0,-50.0,-0.0281,1982-2026
-40.0,-47.5,-0.0617,1982-2026
-40.0,-45.0,-0.0695,1982-2026
-40.0,-42.5,-0.0871,1982-2026
-40.0,-40.0,-0.0854,1982-2026
-40.0,-37.5,-0.1118,1982-2026
-40.0,-35.0,-0.1563,1982-2026
-40.0,-32.5,-0.1343,1982-2026
-40.0,-30.0,-0.1483,1982-2026
-40.0,-27.5,-0.1298,1982-2026
-40.0,-25.0,-0.1279,1982-2026
-40.0,-22.5,-0.1113,1982-2026
-40.0,-20.0,-0.0939,1982-2026
-40.0,-17.5,-0.0987,1982-2026
-40.0,-15.0,-0.0615,1982-2026
-40.0,-12.5,-0.0245,1982-2026
-40.0,-10.0,0.0189,1982-2026
-40.0,-7.5,0.0398,1982-2026
-40.0,-5.0,0.0311,1982-2026
-40.0,-2.5,0.0167,1982-2026
-42.5,0.0,0.0437,1982-2026
-42.5,2.5,0.041,1982-2026
-42.5,5.0,0.0365,1982-2026
-42.5,7.5,0.0232,1982-2026
-42.5,10.0,0.0305,1982-2026
-42.5,12.5,0.023,1982-2026
-42.5,15.0,0.0581,1982-2026
-42.5,17.5,-0.0163,1982-2026
-42.5,20.0,0.0017,1982-2026
-42.5,22.5,0.0101,1982-2026
-42.5,25.0,0.0029,1982-2026
-42.5,27.5,-0.0104,1982-2026
-42.5,30.0,0.0256,1982-2026
-42.5,32.5,0.0188,1982-2026
-42.5,35.0,0.0059,1982-2026
-42.5,37.5,0.0231,1982-2026
-42.5,40.0,0.0358,1982-2026
-42.5,42.5,0.018,1982-2026
-42.5,45.0,-0.0122,1982-2026
-42.5,47.5,-0.0096,1982-2026
-42.5,50.0,-0.0283,1982-2026
-42.5,52.5,-0.035,1982-2026
-42.5,55.0,-0.0584,1982-2026
-42.5,57.5,-0.0987,1982-2026
-42.5,60.0,-0.0956,1982-2026
-42.5,62.5,-0.0728,1982-2026
-42.5,65.0,-0.0896,1982-2026
-42.5,67.5,-0.1237,1982-2026
-42.5,70.0,-0.0877,1982-2026
-42.5,72.5,-0.0877,1982-2026
-42.5,75.0,-0.0984,1982-2026
-42.5,77.5,-0.1003,1982-2026
-42.5,80.0,-0.1122,1982-2026
-42.5,82.5,-0.0854,1982-2026
-42.5,85.0,-0.0523,1982-2026
-42.5,87.5,-0.0576,1982-2026
-42.5,90.0,-0.0187,1982-2026
-42.5,92.5,-0.0359,1982-2026
-42.5,95.0,-0.0142,1982-2026
-42.5,97.5,-0.0053,1982-2026
-42.5,100.0,0.0146,1982-2026
-42.5,102.5,0.0139,1982-2026
-42.5,105.0,0.0223,1982-2026
-42.5,107.5,0.0265,1982-2026
-42.5,110.0,0.0341,1982-2026
-42.5,112.5,0.041,1982-2026
-42.5,115.0,0.0361,1982-2026
-42.5,117.5,0.0404,1982-2026
-42.5,120.0,0.0461,1982-2026
-42.5,122.5,0.0531,1982-2026
-42.5,125.0,0.0776,1982-2026
-42.5,127.5,0.0878,1982-2026
-42.5,130.0,0.0977,1982-2026
-42.5,132.5,0.1024,1982-2026
-42.5,135.0,0.0826,1982-2026
-42.5,137.5,0.0806,1982-2026
-42.5,140.0,0.084,1982-2026
-42.5,142.5,0.0747,1982-2026
-42.5,145.0,0.0525,1982-2026
-42.5,147.5,0.0004,1982-2026
-42.5,150.0,0.0109,1982-2026
-42.5,152.5,-0.0039,1982-2026
-42.5,155.0,-0.0437,1982-2026
-42.5,157.5,-0.0248,1982-2026
-42.5,160.0,-0.0138,1982-2026
-42.5,162.5,-0.017,1982-2026
-42.5,165.0,-0.0279,1982-2026
-42.5,167.5,-0.0516,1982-2026
-42.5,170.0,-0.0436,1982-2026
-42.5,172.5,-0.018,1982-2026
-42.5,175.0,0.004,1982-2026
-42.5,177.5,-0.0796,1982-2026
-42.5,180.0,-0.1047,1982-2026
-42.5,-177.5,-0.0978,1982-2026
-42.5,-175.0,-0.094,1982-2026
-42.5,-172.5,-0.0986,1982-2026
-42.5,-170.0,-0.1088,1982-2026
-42.5,-167.5,-0.104,1982-2026
-42.5,-165.0,-0.1191,1982-2026
-42.5,-162.5,-0.1449,1982-2026
-42.5,-160.0,-0.1497,1982-2026
-42.5,-157.5,-0.1389,1982-2026
-42.5,-155.0,-0.1252,1982-2026
-42.5,-152.5,-0.0901,1982-2026
-42.5,-150.0,-0.0592,1982-2026
-42.5,-147.5,-0.0494,1982-2026
-42.5,-145.0,-0.0011,1982-2026
-42.5,-142.5,0.0351,1982-2026
-42.5,-140.0,0.0535,1982-2026
-42.5,-137.5,0.0749,1982-2026
-42.5,-135.0,0.0735,1982-2026
-42.5,-132.5,0.0897,1982-2026
-42.5,-130.0,0.0996,1982-2026
-42.5,-127.5,0.0974,1982-2026
-42.5,-125.0,0.1056,1982-2026
-42.5,-122.5,0.1049,1982-2026
-42.5,-120.0,0.1235,1982-2026
-42.5,-117.5,0.1642,1982-2026
-42.5,-115.0,0.1653,1982-2026
-42.5,-112.5,0.1644,1982-2026
-42.5,-110.0,0.1731,1982-2026
-42.5,-107.5,0.1779,1982-2026
-42.5,-105.0,0.1812,1982-2026
-42.5,-102.5,0.1767,1982-2026
-42.5,-100.0,0.1571,1982-2026
-42.5,-97.5,0.1441,1982-2026
-42.5,-95.0,0.1326,1982-2026
-42.5,-92.5,0.1287,1982-2026
-42.5,-90.0,0.1235,1982-2026
-42.5,-87.5,0.1148,1982-2026
-42.5,-85.0,0.113,1982-2026
-42.5,-82.5,0.0888,1982-2026
-42.5,-80.0,0.0769,1982-2026
-42.5,-77.5,0.0705,1982-2026
-42.5,-75.0,0.025,1982-2026
-42.5,-72.5,-0.0091,1982-2026
-42.5,-70.0,0.024,1982-2026
-42.5,-67.5,0.0195,1982-2026
-42.5,-65.0,0.0072,1982-2026
-42.5,-62.5,0.0258,1982-2026
-42.5,-60.0,-0.0022,1982-2026
-42.5,-57.5,-0.0037,1982-2026
-42.5,-55.0,0.0485,1982-2026
-42.5,-52.5,-0.0208,1982-2026
-42.5,-50.0,-0.0279,1982-2026
-42.5,-47.5,-0.1017,1982-2026
-42.5,-45.0,-0.0994,1982-2026
-42.5,-42.5,-0.1055,1982-2026
-42.5,-40.0,-0.1252,1982-2026
-42.5,-37.5,-0.124,1982-2026
-42.5,-35.0,-0.1676,1982-2026
-42.5,-32.5,-0.1247,1982-2026
-42.5,-30.0,-0.1332,1982-2026
-42.5,-27.5,-0.1308,1982-2026
-42.5,-25.0,-0.0973,1982-2026
-42.5,-22.5,-0.0874,1982-2026
-42.5,-20.0,-0.0886,1982-2026
-42.5,-17.5,-0.09,1982-2026
-42.5,-15.0,-0.0761,1982-2026
-42.5,-12.5,-0.0304,1982-2026
-42.5,-10.0,-0.0138,1982-2026
-42.5,-7.5,0.0383,1982-2026
-42.5,-5.0,0.026,1982-2026
-42.5,-2.5,0.0457,1982-2026
-45.0,0.0,0.0149,1982-2026
-45.0,2.5,0.0352,1982-2026
-45.0,5.0,0.0489,1982-2026
-45.0,7.5,0.0406,1982-2026
-45.0,10.0,0.0079,1982-2026
-45.0,12.5,0.0088,1982-2026
-45.0,15.0,0.012,1982-2026
-45.0,17.5,-0.0141,1982-2026
-45.0,20.0,-0.0311,1982-2026
-45.0,22.5,0.0014,1982-2026
-45.0,25.0,-0.0264,1982-2026
-45.0,27.5,0.0089,1982-2026
-45.0,30.0,0.0295,1982-2026
-45.0,32.5,0.0311,1982-2026
-45.0,35.0,0.0405,1982-2026
-45.0,37.5,0.0286,1982-2026
-45.0,40.0,0.0356,1982-2026
-45.0,42.5,0.0306,1982-2026
-45.0,45.0,0.0132,1982-2026
-45.0,47.5,-0.024,1982-2026
-45.0,50.0,0.0019,1982-2026
-45.0,52.5,-0.0229,1982-2026
-45.0,55.0,-0.0572,1982-2026
-45.0,57.5,-0.0771,1982-2026
-45.0,60.0,-0.1131,1982-2026
-45.0,62.5,-0.1181,1982-2026
-45.0,65.0,-0.1621,1982-2026
-45.0,67.5,-0.0917,1982-2026
-45.0,70.0,-0.056,1982-2026
-45.0,72.5,-0.0766,1982-2026
-45.0,75.0,-0.0535,1982-2026
-45.0,77.5,-0.1125,1982-2026
-45.0,80.0,-0.0782,1982-2026
-45.0,82.5,-0.0794,1982-2026
-45.0,85.0,-0.0493,1982-2026
-45.0,87.5,-0.0033,1982-2026
-45.0,90.0,0.0054,1982-2026
-45.0,92.5,0.025,1982-2026
-45.0,95.0,0.012,1982-2026
-45.0,97.5,0.0403,1982-2026
-45.0,100.0,0.06,1982-2026
-45.0,102.5,0.049,1982-2026
-45.0,105.0,0.0767,1982-2026
-45.0,107.5,0.0395,1982-2026
-45.0,110.0,0.0731,1982-2026
-45.0,112.5,0.0594,1982-2026
-45.0,115.0,0.0558,1982-2026
-45.0,117.5,0.065,1982-2026
-45.0,120.0,0.0783,1982-2026
-45.0,122.5,0.0782,1982-2026
-45.0,125.0,0.0904,1982-2026
-45.0,127.5,0.1071,1982-2026
-45.0,130.0,0.1247,1982-2026
-45.0,132.5,0.1409,1982-2026
-45.0,135.0,0.1403,1982-2026
-45.0,137.5,0.1372,1982-2026
-45.0,140.0,0.1397,1982-2026
-45.0,142.5,0.1474,1982-2026
-45.0,145.0,0.1447,1982-2026
-45.0,147.5,0.1213,1982-2026
-45.0,150.0,0.0948,1982-2026
-45.0,152.5,0.0194,1982-2026
-45.0,155.0,0.0084,1982-2026
-45.0,157.5,0.011,1982-2026
-45.0,160.0,0.0043,1982-2026
-45.0,162.5,0.0047,1982-2026
-45.0,165.0,-0.003,1982-2026
-45.0,167.5,0.0205,1982-2026
-45.0,170.0,-0.0028,1982-2026
-45.0,172.5,-0.0445,1982-2026
-45.0,175.0,-0.0945,1982-2026
-45.0,177.5,-0.1191,1982-2026
-45.0,180.0,-0.121,1982-2026
-45.0,-177.5,-0.1085,1982-2026
-45.0,-175.0,-0.0805,1982-2026
-45.0,-172.5,-0.084,1982-2026
-45.0,-170.0,-0.0831,1982-2026
-45.0,-167.5,-0.0722,1982-2026
-45.0,-165.0,-0.0701,1982-2026
-45.0,-162.5,-0.0597,1982-2026
-45.0,-160.0,-0.0675,1982-2026
-45.0,-157.5,-0.0535,1982-2026
-45.0,-155.0,-0.0317,1982-2026
-45.0,-152.5,0.0034,1982-2026
-45.0,-150.0,0.0272,1982-2026
-45.0,-147.5,0.0503,1982-2026
-45.0,-145.0,0.0821,1982-2026
-45.0,-142.5,0.0838,1982-2026
-45.0,-140.0,0.089,1982-2026
-45.0,-137.5,0.0755,1982-2026
-45.0,-135.0,0.0827,1982-2026
-45.0,-132.5,0.0957,1982-2026
-45.0,-130.0,0.117,1982-2026
-45.0,-127.5,0.1248,1982-2026
-45.0,-125.0,0.1163,1982-2026
-45.0,-122.5,0.1331,1982-2026
-45.0,-120.0,0.1557,1982-2026
-45.0,-117.5,0.1848,1982-2026
-45.0,-115.0,0.2056,1982-2026
-45.0,-112.5,0.2143,1982-2026
-45.0,-110.0,0.2233,1982-2026
-45.0,-107.5,0.2258,1982-2026
-45.0,-105.0,0.2244,1982-2026
-45.0,-102.5,0.2138,1982-2026
-45.0,-100.0,0.2096,1982-2026
-45.0,-97.5,0.2096,1982-2026
-45.0,-95.0,0.1995,1982-2026
-45.0,-92.5,0.1706,1982-2026
-45.0,-90.0,0.1475,1982-2026
-45.0,-87.5,0.136,1982-2026
-45.0,-85.0,0.117,1982-2026
-45.0,-82.5,0.0862,1982-2026
-45.0,-80.0,0.0674,1982-2026
-45.0,-77.5,0.0563,1982-2026
-45.0,-75.0,0.0312,1982-2026
-45.0,-72.5,0.0174,1982-2026
-45.0,-70.0,0.0617,1982-2026
-45.0,-67.5,0.0595,1982-2026
-45.0,-65.0,0.0424,1982-2026
-45.0,-62.5,0.0515,1982-2026
-45.0,-60.0,0.0377,1982-2026
-45.0,-57.5,0.0346,1982-2026
-45.0,-55.0,0.0184,1982-2026
-45.0,-52.5,-0.0174,1982-2026
-45.0,-50.0,-0.0471,1982-2026
-45.0,-47.5,-0.0899,1982-2026
-45.0,-45.0,-0.0925,1982-2026
-45.0,-42.5,-0.0905,1982-2026
-45.0,-40.0,-0.0881,1982-2026
-45.0,-37.5,-0.0905,1982-2026
-45.0,-35.0,-0.0912,1982-2026
-45.0,-32.5,-0.086,1982-2026
-45.0,-30.0,-0.1012,1982-2026
-45.0,-27.5,-0.0921,1982-2026
-45.0,-25.0,-0.0869,1982-2026
-45.0,-22.5,-0.0657,1982-2026
-45.0,-20.0,-0.0745,1982-2026
-45.0,-17.5,-0.0461,1982-2026
-45.0,-15.0,-0.0404,1982-2026
-45.0,-12.5,-0.0299,1982-2026
-45.0,-10.0,-0.0414,1982-2026
-45.0,-7.5,-0.0374,1982-2026
-45.0,-5.0,-0.0206,1982-2026
-45.0,-2.5,-0.0031,1982-2026
-47.5,0.0,-0.0095,1982-2026
-47.5,2.5,-0.0062,1982-2026
-47.5,5.0,0.0069,1982-2026
-47.5,7.5,0.0102,1982-2026
-47.5,10.0,0.0149,1982-2026
-47.5,12.5,0.0088,1982-2026
-47.5,15.0,0.0222,1982-2026
-47.5,17.5,0.0281,1982-2026
-47.5,20.0,0.0322,1982-2026
-47.5,22.5,0.0232,1982-2026
-47.5,25.0,0.0336,1982-2026
-47.5,27.5,0.0338,1982-2026
-47.5,30.0,0.063,1982-2026
-47.5,32.5,0.0129,1982-2026
-47.5,35.0,0.0203,1982-2026
-47.5,37.5,-0.0042,1982-2026
-47.5,40.0,0.0136,1982-2026
-47.5,42.5,-0.0006,1982-2026
-47.5,45.0,-0.019,1982-2026
-47.5,47.5,-0.0205,1982-2026
-47.5,50.0,-0.01,1982-2026
-47.5,52.5,-0.0174,1982-2026
-47.5,55.0,-0.0223,1982-2026
-47.5,57.5,-0.0319,1982-2026
-47.5,60.0,-0.052,1982-2026
-47.5,62.5,-0.0741,1982-2026
-47.5,65.0,-0.0844,1982-2026
-47.5,67.5,-0.0586,1982-2026
-47.5,70.0,-0.0479,1982-2026
-47.5,72.5,-0.0225,1982-2026
-47.5,75.0,-0.0313,1982-2026
-47.5,77.5,-0.0765,1982-2026
-47.5,80.0,-0.0531,1982-2026
-47.5,82.5,-0.011,1982-2026
-47.5,85.0,-0.0166,1982-2026
-47.5,87.5,0.0085,1982-2026
-47.5,90.0,0.025,1982-2026
-47.5,92.5,0.0396,1982-2026
-47.5,95.0,0.0014,1982-2026
-47.5,97.5,0.0391,1982-2026
-47.5,100.0,0.0274,1982-2026
-47.5,102.5,0.0404,1982-2026
-47.5,105.0,0.0337,1982-2026
-47.5,107.5,0.0586,1982-2026
-47.5,110.0,0.0657,1982-2026
-47.5,112.5,0.0785,1982-2026
-47.5,115.0,0.082,1982-2026
-47.5,117.5,0.0903,1982-2026
-47.5,120.0,0.1021,1982-2026
-47.5,122.5,0.0856,1982-2026
-47.5,125.0,0.1058,1982-2026
-47.5,127.5,0.117,1982-2026
-47.5,130.0,0.1349,1982-2026
-47.5,132.5,0.156,1982-2026
-47.5,135.0,0.1836,1982-2026
-47.5,137.5,0.1765,1982-2026
-47.5,140.0,0.1752,1982-2026
-47.5,142.5,0.1778,1982-2026
-47.5,145.0,0.1838,1982-2026
-47.5,147.5,0.1689,1982-2026
-47.5,150.0,0.1484,1982-2026
-47.5,152.5,0.1213,1982-2026
-47.5,155.0,0.1113,1982-2026
-47.5,157.5,0.0905,1982-2026
-47.5,160.0,0.0736,1982-2026
-47.5,162.5,0.0507,1982-2026
-47.5,165.0,0.0653,1982-2026
-47.5,167.5,0.058,1982-2026
-47.5,170.0,-0.0598,1982-2026
-47.5,172.5,-0.053,1982-2026
-47.5,175.0,-0.0654,1982-2026
-47.5,177.5,-0.0544,1982-2026
-47.5,180.0,-0.0552,1982-2026
-47.5,-177.5,-0.022,1982-2026
-47.5,-175.0,-0.024,1982-2026
-47.5,-172.5,-0.0368,1982-2026
-47.5,-170.0,-0.0424,1982-2026
-47.5,-167.5,-0.0375,1982-2026
-47.5,-165.0,-0.0274,1982-2026
-47.5,-162.5,0.0005,1982-2026
-47.5,-160.0,0.0061,1982-2026
-47.5,-157.5,0.0316,1982-2026
-47.5,-155.0,0.0543,1982-2026
-47.5,-152.5,0.0802,1982-2026
-47.5,-150.0,0.0919,1982-2026
-47.5,-147.5,0.1207,1982-2026
-47.5,-145.0,0.1352,1982-2026
-47.5,-142.5,0.1478,1982-2026
-47.5,-140.0,0.1474,1982-2026
-47.5,-137.5,0.1375,1982-2026
-47.5,-135.0,0.1185,1982-2026
-47.5,-132.5,0.1257,1982-2026
-47.5,-130.0,0.1261,1982-2026
-47.5,-127.5,0.1323,1982-2026
-47.5,-125.0,0.1418,1982-2026
-47.5,-122.5,0.1569,1982-2026
-47.5,-120.0,0.1695,1982-2026
-47.5,-117.5,0.1969,1982-2026
-47.5,-115.0,0.2101,1982-2026
-47.5,-112.5,0.2502,1982-2026
-47.5,-110.0,0.253,1982-2026
-47.5,-107.5,0.2517,1982-2026
-47.5,-105.0,0.2477,1982-2026
-47.5,-102.5,0.2424,1982-2026
-47.5,-100.0,0.2405,1982-2026
-47.5,-97.5,0.2336,1982-2026
-47.5,-95.0,0.2236,1982-2026
-47.5,-92.5,0.1861,1982-2026
-47.5,-90.0,0.1615,1982-2026
-47.5,-87.5,0.1396,1982-2026
-47.5,-85.0,0.1198,1982-2026
-47.5,-82.5,0.1058,1982-2026
-47.5,-80.0,0.0719,1982-2026
-47.5,-77.5,0.0464,1982-2026
-47.5,-75.0,0.0591,1982-2026
-47.5,-72.5,0.0165,1982-2026
-47.5,-70.0,0.0722,1982-2026
-47.5,-67.5,0.0499,1982-2026
-47.5,-65.0,0.0405,1982-2026
-47.5,-62.5,0.0358,1982-2026
-47.5,-60.0,0.0378,1982-2026
-47.5,-57.5,0.0344,1982-2026
-47.5,-55.0,0.023,1982-2026
-47.5,-52.5,0.0365,1982-2026
-47.5,-50.0,-0.0057,1982-2026
-47.5,-47.5,-0.0279,1982-2026
-47.5,-45.0,-0.0261,1982-2026
-47.5,-42.5,-0.0403,1982-2026
-47.5,-40.0,-0.0372,1982-2026
-47.5,-37.5,-0.0457,1982-2026
-47.5,-35.0,-0.0478,1982-2026
-47.5,-32.5,-0.0411,1982-2026
-47.5,-30.0,-0.0234,1982-2026
-47.5,-27.5,-0.0268,1982-2026
-47.5,-25.0,-0.0389,1982-2026
-47.5,-22.5,-0.0324,1982-2026
-47.5,-20.0,-0.0081,1982-2026
-47.5,-17.5,-0.0128,1982-2026
-47.5,-15.0,-0.0204,1982-2026
-47.5,-12.5,-0.0341,1982-2026
-47.5,-10.0,-0.0491,1982-2026
-47.5,-7.5,-0.0207,1982-2026
-47.5,-5.0,-0.0025,1982-2026
-47.5,-2.5,0.0233,1982-2026
-50.0,0.0,0.0176,1982-2026
-50.0,2.5,0.0037,1982-2026
-50.0,5.0,0.0228,1982-2026
-50.0,7.5,0.0291,1982-2026
-50.0,10.0,0.0455,1982-2026
-50.0,12.5,0.0488,1982-2026
-50.0,15.0,0.0793,1982-2026
-50.0,17.5,0.066,1982-2026
-50.0,20.0,0.0687,1982-2026
-50.0,22.5,0.0708,1982-2026
-50.0,25.0,0.0563,1982-2026
-50.0,27.5,0.0513,1982-2026
-50.0,30.0,0.0691,1982-2026
-50.0,32.5,0.0249,1982-2026
-50.0,35.0,0.0369,1982-2026
-50.0,37.5,0.0274,1982-2026
-50.0,40.0,0.0296,1982-2026
-50.0,42.5,0.0096,1982-2026
-50.0,45.0,0.0054,1982-2026
-50.0,47.5,0.0228,1982-2026
-50.0,50.0,0.0103,1982-2026
-50.0,52.5,0.013,1982-2026
-50.0,55.0,-0.001,1982-2026
-50.0,57.5,-0.0135,1982-2026
-50.0,60.0,-0.012,1982-2026
-50.0,62.5,-0.018,1982-2026
-50.0,65.0,-0.0036,1982-2026
-50.0,67.5,-0.0061,1982-2026
-50.0,70.0,-0.0011,1982-2026
-50.0,72.5,-0.0015,1982-2026
-50.0,75.0,-0.0092,1982-2026
-50.0,77.5,-0.017,1982-2026
-50.0,80.0,0.025,1982-2026
-50.0,82.5,0.0183,1982-2026
-50.0,85.0,0.0501,1982-2026
-50.0,87.5,0.0309,1982-2026
-50.0,90.0,0.0713,1982-2026
-50.0,92.5,0.034,1982-2026
-50.0,95.0,0.0224,1982-2026
-50.0,97.5,0.0221,1982-2026
-50.0,100.0,0.0419,1982-2026
-50.0,102.5,0.0395,1982-2026
-50.0,105.0,0.0359,1982-2026
-50.0,107.5,0.0335,1982-2026
-50.0,110.0,0.0545,1982-2026
-50.0,112.5,0.0558,1982-2026
-50.0,115.0,0.0754,1982-2026
-50.0,117.5,0.1339,1982-2026
-50.0,120.0,0.1267,1982-2026
-50.0,122.5,0.1287,1982-2026
-50.0,125.0,0.1419,1982-2026
-50.0,127.5,0.1277,1982-2026
-50.0,130.0,0.1209,1982-2026
-50.0,132.5,0.1345,1982-2026
-50.0,135.0,0.1788,1982-2026
-50.0,137.5,0.2001,1982-2026
-50.0,140.0,0.2195,1982-2026
-50.0,142.5,0.2131,1982-2026
-50.0,145.0,0.2096,1982-2026
-50.0,147.5,0.1905,1982-2026
-50.0,150.0,0.1692,1982-2026
-50.0,152.5,0.163,1982-2026
-50.0,155.0,0.1837,1982-2026
-50.0,157.5,0.1692,1982-2026
-50.0,160.0,0.1571,1982-2026
-50.0,162.5,0.119,1982-2026
-50.0,165.0,0.112,1982-2026
-50.0,167.5,0.1019,1982-2026
-50.0,170.0,0.1017,1982-2026
-50.0,172.5,0.0698,1982-2026
-50.0,175.0,0.0357,1982-2026
-50.0,177.5,0.0337,1982-2026
-50.0,180.0,0.0421,1982-2026
-50.0,-177.5,0.0506,1982-2026
-50.0,-175.0,0.0466,1982-2026
-50.0,-172.5,0.0301,1982-2026
-50.0,-170.0,0.0301,1982-2026
-50.0,-167.5,0.0366,1982-2026
-50.0,-165.0,0.0371,1982-2026
-50.0,-162.5,0.0413,1982-2026
-50.0,-160.0,0.05,1982-2026
-50.0,-157.5,0.1218,1982-2026
-50.0,-155.0,0.108,1982-2026
-50.0,-152.5,0.1228,1982-2026
-50.0,-150.0,0.1303,1982-2026
-50.0,-147.5,0.1362,1982-2026
-50.0,-145.0,0.154,1982-2026
-50.0,-142.5,0.1416,1982-2026
-50.0,-140.0,0.1509,1982-2026
-50.0,-137.5,0.1506,1982-2026
-50.0,-135.0,0.1486,1982-2026
-50.0,-132.5,0.1557,1982-2026
-50.0,-130.0,0.1574,1982-2026
-50.0,-127.5,0.1553,1982-2026
-50.0,-125.0,0.1575,1982-2026
-50.0,-122.5,0.1724,1982-2026
-50.0,-120.0,0.1914,1982-2026
-50.0,-117.5,0.1791,1982-2026
-50.0,-115.0,0.206,1982-2026
-50.0,-112.5,0.2367,1982-2026
-50.0,-110.0,0.2361,1982-2026
-50.0,-107.5,0.2452,1982-2026
-50.0,-105.0,0.2433,1982-2026
-50.0,-102.5,0.2397,1982-2026
-50.0,-100.0,0.2291,1982-2026
-50.0,-97.5,0.2194,1982-2026
-50.0,-95.0,0.2024,1982-2026
-50.0,-92.5,0.1885,1982-2026
-50.0,-90.0,0.1684,1982-2026
-50.0,-87.5,0.1524,1982-2026
-50.0,-85.0,0.1435,1982-2026
-50.0,-82.5,0.1316,1982-2026
-50.0,-80.0,0.1132,1982-2026
-50.0,-77.5,0.1163,1982-2026
-50.0,-75.0,0.0684,1982-2026
-50.0,-72.5,0.0321,1982-2026
-50.0,-70.0,0.0619,1982-2026
-50.0,-67.5,0.0259,1982-2026
-50.0,-65.0,0.0027,1982-2026
-50.0,-62.5,-0.019,1982-2026
-50.0,-60.0,0.0076,1982-2026
-50.0,-57.5,0.0183,1982-2026
-50.0,-55.0,0.0466,1982-2026
-50.0,-52.5,0.067,1982-2026
-50.0,-50.0,0.05,1982-2026
-50.0,-47.5,0.0499,1982-2026
-50.0,-45.0,0.0465,1982-2026
-50.0,-42.5,0.0457,1982-2026
-50.0,-40.0,0.0367,1982-2026
-50.0,-37.5,0.0593,1982-2026
-50.0,-35.0,0.0545,1982-2026
-50.0,-32.5,0.0493,1982-2026
-50.0,-30.0,0.0703,1982-2026
-50.0,-27.5,0.0683,1982-2026
-50.0,-25.0,0.0835,1982-2026
-50.0,-22.5,0.0671,1982-2026
-50.0,-20.0,0.0637,1982-2026
-50.0,-17.5,0.0614,1982-2026
-50.0,-15.0,0.056,1982-2026
-50.0,-12.5,0.0379,1982-2026
-50.0,-10.0,0.0366,1982-2026
-50.0,-7.5,0.0173,1982-2026
-50.0,-5.0,0.0225,1982-2026
-50.0,-2.5,0.0159,1982-2026
-52.5,0.0,0.0769,1982-2026
-52.5,2.5,0.0554,1982-2026
-52.5,5.0,0.088,1982-2026
-52.5,7.5,0.1005,1982-2026
-52.5,10.0,0.0876,1982-2026
-52.5,12.5,0.0864,1982-2026
-52.5,15.0,0.1003,1982-2026
-52.5,17.5,0.1022,1982-2026
-52.5,20.0,0.1093,1982-2026
-52.5,22.5,0.1039,1982-2026
-52.5,25.0,0.0978,1982-2026
-52.5,27.5,0.1048,1982-2026
-52.5,30.0,0.1018,1982-2026
-52.5,32.5,0.083,1982-2026
-52.5,35.0,0.0715,1982-2026
-52.5,37.5,0.072,1982-2026
-52.5,40.0,0.0615,1982-2026
-52.5,42.5,0.065,1982-2026
-52.5,45.0,0.0618,1982-2026
-52.5,47.5,0.0819,1982-2026
-52.5,50.0,0.0459,1982-2026
-52.5,52.5,0.0334,1982-2026
-52.5,55.0,0.0102,1982-2026
-52.5,57.5,0.0234,1982-2026
-52.5,60.0,0.0287,1982-2026
-52.5,62.5,0.0238,1982-2026
-52.5,65.0,0.0358,1982-2026
-52.5,67.5,0.042,1982-2026
-52.5,70.0,0.0424,1982-2026
-52.5,72.5,0.0443,1982-2026
-52.5,75.0,0.0388,1982-2026
-52.5,77.5,0.0477,1982-2026
-52.5,80.0,0.0542,1982-2026
-52.5,82.5,0.0831,1982-2026
-52.5,85.0,0.1188,1982-2026
-52.5,87.5,0.0944,1982-2026
-52.5,90.0,0.0794,1982-2026
-52.5,92.5,0.0831,1982-2026
-52.5,95.0,0.0609,1982-2026
-52.5,97.5,0.0534,1982-2026
-52.5,100.0,0.0495,1982-2026
-52.5,102.5,0.0396,1982-2026
-52.5,105.0,0.0383,1982-2026
-52.5,107.5,0.0452,1982-2026
-52.5,110.0,0.0657,1982-2026
-52.5,112.5,0.061,1982-2026
-52.5,115.0,0.0686,1982-2026
-52.5,117.5,0.0814,1982-2026
-52.5,120.0,0.1071,1982-2026
-52.5,122.5,0.1268,1982-2026
-52.5,125.0,0.1435,1982-2026
-52.5,127.5,0.1305,1982-2026
-52.5,130.0,0.1398,1982-2026
-52.5,132.5,0.1395,1982-2026
-52.5,135.0,0.1512,1982-2026
-52.5,137.5,0.1389,1982-2026
-52.5,140.0,0.1589,1982-2026
-52.5,142.5,0.188,1982-2026
-52.5,145.0,0.1525,1982-2026
-52.5,147.5,0.1881,1982-2026
-52.5,150.0,0.2004,1982-2026
-52.5,152.5,0.1631,1982-2026
-52.5,155.0,0.2005,1982-2026
-52.5,157.5,0.1872,1982-2026
-52.5,160.0,0.2046,1982-2026
-52.5,162.5,0.1779,1982-2026
-52.5,165.0,0.1523,1982-2026
-52.5,167.5,0.1511,1982-2026
-52.5,170.0,0.1324,1982-2026
-52.5,172.5,0.1179,1982-2026
-52.5,175.0,0.12,1982-2026
-52.5,177.5,0.1088,1982-2026
-52.5,180.0,0.1041,1982-2026
-52.5,-177.5,0.0971,1982-2026
-52.5,-175.0,0.1158,1982-2026
-52.5,-172.5,0.0704,1982-2026
-52.5,-170.0,0.0771,1982-2026
-52.5,-167.5,0.0964,1982-2026
-52.5,-165.0,0.1025,1982-2026
-52.5,-162.5,0.0984,1982-2026
-52.5,-160.0,0.0887,1982-2026
-52.5,-157.5,0.1526,1982-2026
-52.5,-155.0,0.1675,1982-2026
-52.5,-152.5,0.1704,1982-2026
-52.5,-150.0,0.1607,1982-2026
-52.5,-147.5,0.1132,1982-2026
-52.5,-145.0,0.1131,1982-2026
-52.5,-142.5,0.1493,1982-2026
-52.5,-140.0,0.1132,1982-2026
-52.5,-137.5,0.1251,1982-2026
-52.5,-135.0,0.1425,1982-2026
-52.5,-132.5,0.1609,1982-2026
-52.5,-130.0,0.1533,1982-2026
-52.5,-127.5,0.1583,1982-2026
-52.5,-125.0,0.1578,1982-2026
-52.5,-122.5,0.1642,1982-2026
-52.5,-120.0,0.1689,1982-2026
-52.5,-117.5,0.1758,1982-2026
-52.5,-115.0,0.2025,1982-2026
-52.5,-112.5,0.2268,1982-2026
-52.5,-110.0,0.1966,1982-2026
-52.5,-107.5,0.2095,1982-2026
-52.5,-105.0,0.2148,1982-2026
-52.5,-102.5,0.2121,1982-2026
-52.5,-100.0,0.2134,1982-2026
-52.5,-97.5,0.191,1982-2026
-52.5,-95.0,0.1974,1982-2026
-52.5,-92.5,0.1793,1982-2026
-52.5,-90.0,0.1558,1982-2026
-52.5,-87.5,0.1437,1982-2026
-52.5,-85.0,0.139,1982-2026
-52.5,-82.5,0.1286,1982-2026
-52.5,-80.0,0.1371,1982-2026
-52.5,-77.5,0.1232,1982-2026
-52.5,-75.0,0.1745,1982-2026
-52.5,-72.5,0.0554,1982-2026
-52.5,-70.0,0.0901,1982-2026
-52.5,-67.5,0.023,1982-2026
-52.5,-65.0,0.004,1982-2026
-52.5,-62.5,0.0131,1982-2026
-52.5,-60.0,0.0521,1982-2026
-52.5,-57.5,0.0683,1982-2026
-52.5,-55.0,0.0929,1982-2026
-52.5,-52.5,0.1132,1982-2026
-52.5,-50.0,0.1117,1982-2026
-52.5,-47.5,0.1059,1982-2026
-52.5,-45.0,0.1144,1982-2026
-52.5,-42.5,0.1119,1982-2026
-52.5,-40.0,0.1358,1982-2026
-52.5,-37.5,0.1345,1982-2026
-52.5,-35.0,0.1538,1982-2026
-52.5,-32.5,0.1528,1982-2026
-52.5,-30.0,0.15,1982-2026
-52.5,-27.5,0.1625,1982-2026
-52.5,-25.0,0.1372,1982-2026
-52.5,-22.5,0.1554,1982-2026
-52.5,-20.0,0.1447,1982-2026
-52.5,-17.5,0.121,1982-2026
-52.5,-15.0,0.11,1982-2026
-52.5,-12.5,0.1037,1982-2026
-52.5,-10.0,0.11,1982-2026
-52.5,-7.5,0.106,1982-2026
-52.5,-5.0,0.0934,1982-2026
-52.5,-2.5,0.079,1982-2026
-55.0,0.0,0.1086,1982-2026
-55.0,2.5,0.1167,1982-2026
-55.0,5.0,0.1422,1982-2026
-55.0,7.5,0.1468,1982-2026
-55.0,10.0,0.1497,1982-2026
-55.0,12.5,0.1448,1982-2026
-55.0,15.0,0.1405,1982-2026
-55.0,17.5,0.135,1982-2026
-55.0,20.0,0.1324,1982-2026
-55.0,22.5,0.1257,1982-2026
-55.0,25.0,0.1295,1982-2026
-55.0,27.5,0.1402,1982-2026
-55.0,30.0,0.1233,1982-2026
-55.0,32.5,0.1065,1982-2026
-55.0,35.0,0.1038,1982-2026
-55.0,37.5,0.1019,1982-2026
-55.0,40.0,0.0958,1982-2026
-55.0,42.5,0.0856,1982-2026
-55.0,45.0,0.0832,1982-2026
-55.0,47.5,0.0942,1982-2026
-55.0,50.0,0.0803,1982-2026
-55.0,52.5,0.0698,1982-2026
-55.0,55.0,0.0736,1982-2026
-55.0,57.5,0.0692,1982-2026
-55.0,60.0,0.078,1982-2026
-55.0,62.5,0.0992,1982-2026
-55.0,65.0,0.1041,1982-2026
-55.0,67.5,0.1014,1982-2026
-55.0,70.0,0.101,1982-2026
-55.0,72.5,0.1044,1982-2026
-55.0,75.0,0.1086,1982-2026
-55.0,77.5,0.1025,1982-2026
-55.0,80.0,0.1112,1982-2026
-55.0,82.5,0.13,1982-2026
-55.0,85.0,0.1529,1982-2026
-55.0,87.5,0.132,1982-2026
-55.0,90.0,0.102,1982-2026
-55.0,92.5,0.0918,1982-2026
-55.0,95.0,0.1027,1982-2026
-55.0,97.5,0.0922,1982-2026
-55.0,100.0,0.0661,1982-2026
-55.0,102.5,0.0592,1982-2026
-55.0,105.0,0.0754,1982-2026
-55.0,107.5,0.0652,1982-2026
-55.0,110.0,0.0558,1982-2026
-55.0,112.5,0.0779,1982-2026
-55.0,115.0,0.083,1982-2026
-55.0,117.5,0.0808,1982-2026
-55.0,120.0,0.0822,1982-2026
-55.0,122.5,0.084,1982-2026
-55.0,125.0,0.0833,1982-2026
-55.0,127.5,0.0936,1982-2026
-55.0,130.0,0.092,1982-2026
-55.0,132.5,0.0987,1982-2026
-55.0,135.0,0.1128,1982-2026
-55.0,137.5,0.1121,1982-2026
-55.0,140.0,0.1231,1982-2026
-55.0,142.5,0.1345,1982-2026
-55.0,145.0,0.1464,1982-2026
-55.0,147.5,0.1483,1982-2026
-55.0,150.0,0.1756,1982-2026
-55.0,152.5,0.1458,1982-2026
-55.0,155.0,0.1708,1982-2026
-55.0,157.5,0.1833,1982-2026
-55.0,160.0,0.1573,1982-2026
-55.0,162.5,0.1381,1982-2026
-55.0,165.0,0.1428,1982-2026
-55.0,167.5,0.1483,1982-2026
-55.0,170.0,0.1575,1982-2026
-55.0,172.5,0.1733,1982-2026
-55.0,175.0,0.1672,1982-2026
-55.0,177.5,0.1513,1982-2026
-55.0,180.0,0.1582,1982-2026
-55.0,-177.5,0.1491,1982-2026
-55.0,-175.0,0.1089,1982-2026
-55.0,-172.5,0.122,1982-2026
-55.0,-170.0,0.1369,1982-2026
-55.0,-167.5,0.1378,1982-2026
-55.0,-165.0,0.1592,1982-2026
-55.0,-162.5,0.1575,1982-2026
-55.0,-160.0,0.1319,1982-2026
-55.0,-157.5,0.1583,1982-2026
-55.0,-155.0,0.147,1982-2026
-55.0,-152.5,0.1263,1982-2026
-55.0,-150.0,0.1336,1982-2026
-55.0,-147.5,0.1349,1982-2026
-55.0,-145.0,0.1547,1982-2026
-55.0,-142.5,0.125,1982-2026
-55.0,-140.0,0.1313,1982-2026
-55.0,-137.5,0.138,1982-2026
-55.0,-135.0,0.1358,1982-2026
-55.0,-132.5,0.1345,1982-2026
-55.0,-130.0,0.1292,1982-2026
-55.0,-127.5,0.1218,1982-2026
-55.0,-125.0,0.1427,1982-2026
-55.0,-122.5,0.1321,1982-2026
-55.0,-120.0,0.1328,1982-2026
-55.0,-117.5,0.148,1982-2026
-55.0,-115.0,0.1612,1982-2026
-55.0,-112.5,0.1656,1982-2026
-55.0,-110.0,0.168,1982-2026
-55.0,-107.5,0.1704,1982-2026
-55.0,-105.0,0.1789,1982-2026
-55.0,-102.5,0.1615,1982-2026
-55.0,-100.0,0.1513,1982-2026
-55.0,-97.5,0.1561,1982-2026
-55.0,-95.0,0.1617,1982-2026
-55.0,-92.5,0.164,1982-2026
-55.0,-90.0,0.16,1982-2026
-55.0,-87.5,0.1407,1982-2026
-55.0,-85.0,0.1281,1982-2026
-55.0,-82.5,0.1213,1982-2026
-55.0,-80.0,0.1269,1982-2026
-55.0,-77.5,0.1333,1982-2026
-55.0,-75.0,0.1303,1982-2026
-55.0,-72.5,0.1852,1982-2026
-55.0,-70.0,0.0815,1982-2026
-55.0,-67.5,0.0309,1982-2026
-55.0,-65.0,0.0504,1982-2026
-55.0,-62.5,0.0621,1982-2026
-55.0,-60.0,0.11,1982-2026
-55.0,-57.5,0.1201,1982-2026
-55.0,-55.0,0.1128,1982-2026
-55.0,-52.5,0.1286,1982-2026
-55.0,-50.0,0.1279,1982-2026
-55.0,-47.5,0.1265,1982-2026
-55.0,-45.0,0.1179,1982-2026
-55.0,-42.5,0.149,1982-2026
-55.0,-40.0,0.1627,1982-2026
-55.0,-37.5,0.1776,1982-2026
-55.0,-35.0,0.1635,1982-2026
-55.0,-32.5,0.1821,1982-2026
-55.0,-30.0,0.1822,1982-2026
-55.0,-27.5,0.1844,1982-2026
-55.0,-25.0,0.1911,1982-2026
-55.0,-22.5,0.1723,1982-2026
-55.0,-20.0,0.1646,1982-2026
-55.0,-17.5,0.1483,1982-2026
-55.0,-15.0,0.1332,1982-2026
-55.0,-12.5,0.1276,1982-2026
-55.0,-10.0,0.1248,1982-2026
-55.0,-7.5,0.1091,1982-2026
-55.0,-5.0,0.1121,1982-2026
-55.0,-2.5,0.0999,1982-2026
-57.5,0.0,0.135,1982-2026
-57.5,2.5,0.1509,1982-2026
-57.5,5.0,0.1532,1982-2026
-57.5,7.5,0.1601,1982-2026
-57.5,10.0,0.1625,1982-2026
-57.5,12.5,0.1708,1982-2026
-57.5,15.0,0.1724,1982-2026
-57.5,17.5,0.1606,1982-2026
-57.5,20.0,0.1586,1982-2026
-57.5,22.5,0.1574,1982-2026
-57.5,25.0,0.1434,1982-2026
-57.5,27.5,0.1362,1982-2026
-57.5,30.0,0.1258,1982-2026
-57.5,32.5,0.1244,1982-2026
-57.5,35.0,0.1133,1982-2026
-57.5,37.5,0.1012,1982-2026
-57.5,40.0,0.0875,1982-2026
-57.5,42.5,0.0856,1982-2026
-57.5,45.0,0.0802,1982-2026
-57.5,47.5,0.0899,1982-2026
-57.5,50.0,0.092,1982-2026
-57.5,52.5,0.0957,1982-2026
-57.5,55.0,0.1004,1982-2026
-57.5,57.5,0.1164,1982-2026
-57.5,60.0,0.1227,1982-2026
-57.5,62.5,0.1267,1982-2026
-57.5,65.0,0.1186,1982-2026
-57.5,67.5,0.1229,1982-2026
-57.5,70.0,0.1161,1982-2026
-57.5,72.5,0.1085,1982-2026
-57.5,75.0,0.1171,1982-2026
-57.5,77.5,0.1399,1982-2026
-57.5,80.0,0.1481,1982-2026
-57.5,82.5,0.1551,1982-2026
-57.5,85.0,0.1649,1982-2026
-57.5,87.5,0.1378,1982-2026
-57.5,90.0,0.1231,1982-2026
-57.5,92.5,0.1116,1982-2026
-57.5,95.0,0.1038,1982-2026
-57.5,97.5,0.0886,1982-2026
-57.5,100.0,0.0743,1982-2026
-57.5,102.5,0.0813,1982-2026
-57.5,105.0,0.0868,1982-2026
-57.5,107.5,0.0653,1982-2026
-57.5,110.0,0.0644,1982-2026
-57.5,112.5,0.0523,1982-2026
-57.5,115.0,0.0545,1982-2026
-57.5,117.5,0.0478,1982-2026
-57.5,120.0,0.0482,1982-2026
-57.5,122.5,0.0425,1982-2026
-57.5,125.0,0.029,1982-2026
-57.5,127.5,0.0346,1982-2026
-57.5,130.0,0.0245,1982-2026
-57.5,132.5,0.0391,1982-2026
-57.5,135.0,0.0502,1982-2026
-57.5,137.5,0.0669,1982-2026
-57.5,140.0,0.0658,1982-2026
-57.5,142.5,0.1012,1982-2026
-57.5,145.0,0.117,1982-2026
-57.5,147.5,0.1216,1982-2026
-57.5,150.0,0.1528,1982-2026
-57.5,152.5,0.1355,1982-2026
-57.5,155.0,0.1169,1982-2026
-57.5,157.5,0.1309,1982-2026
-57.5,160.0,0.1256,1982-2026
-57.5,162.5,0.1395,1982-2026
-57.5,165.0,0.1731,1982-2026
-57.5,167.5,0.188,1982-2026
-57.5,170.0,0.1681,1982-2026
-57.5,172.5,0.1625,1982-2026
-57.5,175.0,0.1844,1982-2026
-57.5,177.5,0.1414,1982-2026
-57.5,180.0,0.1413,1982-2026
-57.5,-177.5,0.1475,1982-2026
-57.5,-175.0,0.1493,1982-2026
-57.5,-172.5,0.1514,1982-2026
-57.5,-170.0,0.1404,1982-2026
-57.5,-167.5,0.1415,1982-2026
-57.5,-165.0,0.161,1982-2026
-57.5,-162.5,0.1626,1982-2026
-57.5,-160.0,0.1692,1982-2026
-57.5,-157.5,0.1592,1982-2026
-57.5,-155.0,0.1811,1982-2026
-57.5,-152.5,0.1814,1982-2026
-57.5,-150.0,0.1919,1982-2026
-57.5,-147.5,0.2013,1982-2026
-57.5,-145.0,0.2017,1982-2026
-57.5,-142.5,0.1764,1982-2026
-57.5,-140.0,0.1494,1982-2026
-57.5,-137.5,0.1417,1982-2026
-57.5,-135.0,0.1329,1982-2026
-57.5,-132.5,0.1231,1982-2026
-57.5,-130.0,0.1138,1982-2026
-57.5,-127.5,0.0961,1982-2026
-57.5,-125.0,0.0944,1982-2026
-57.5,-122.5,0.0999,1982-2026
-57.5,-120.0,0.0949,1982-2026
-57.5,-117.5,0.1117,1982-2026
-57.5,-115.0,0.1051,1982-2026
-57.5,-112.5,0.1148,1982-2026
-57.5,-110.0,0.1476,1982-2026
-57.5,-107.5,0.1564,1982-2026
-57.5,-105.0,0.1652,1982-2026
-57.5,-102.5,0.1486,1982-2026
-57.5,-100.0,0.155,1982-2026
-57.5,-97.5,0.1719,1982-2026
-57.5,-95.0,0.1464,1982-2026
-57.5,-92.5,0.1436,1982-2026
-57.5,-90.0,0.1594,1982-2026
-57.5,-87.5,0.1453,1982-2026
-57.5,-85.0,0.1493,1982-2026
-57.5,-82.5,0.1395,1982-2026
-57.5,-80.0,0.1282,1982-2026
-57.5,-77.5,0.1406,1982-2026
-57.5,-75.0,0.1371,1982-2026
-57.5,-72.5,0.1481,1982-2026
-57.5,-70.0,0.1698,1982-2026
-57.5,-67.5,0.1574,1982-2026
-57.5,-65.0,0.1311,1982-2026
-57.5,-62.5,0.13,1982-2026
-57.5,-60.0,0.0956,1982-2026
-57.5,-57.5,0.1149,1982-2026
-57.5,-55.0,0.0996,1982-2026
-57.5,-52.5,0.1084,1982-2026
-57.5,-50.0,0.0943,1982-2026
-57.5,-47.5,0.1116,1982-2026
-57.5,-45.0,0.1165,1982-2026
-57.5,-42.5,0.1262,1982-2026
-57.5,-40.0,0.1323,1982-2026
-57.5,-37.5,0.1201,1982-2026
-57.5,-35.0,0.1405,1982-2026
-57.5,-32.5,0.136,1982-2026
-57.5,-30.0,0.1339,1982-2026
-57.5,-27.5,0.1376,1982-2026
-57.5,-25.0,0.1513,1982-2026
-57.5,-22.5,0.1457,1982-2026
-57.5,-20.0,0.1218,1982-2026
-57.5,-17.5,0.1177,1982-2026
-57.5,-15.0,0.1121,1982-2026
-57.5,-12.5,0.11,1982-2026
-57.5,-10.0,0.1096,1982-2026
-57.5,-7.5,0.1151,1982-2026
-57.5,-5.0,0.1225,1982-2026
-57.5,-2.5,0.1323,1982-2026
-60.0,0.0,0.153,1982-2026
-60.0,2.5,0.1455,1982-2026
-60.0,5.0,0.1347,1982-2026
-60.0,7.5,0.1303,1982-2026
-60.0,10.0,0.1269,1982-2026
-60.0,12.5,0.1267,1982-2026
-60.0,15.0,0.1286,1982-2026
-60.0,17.5,0.1252,1982-2026
-60.0,20.0,0.1243,1982-2026
-60.0,22.5,0.1211,1982-2026
-60.0,25.0,0.1117,1982-2026
-60.0,27.5,0.1038,1982-2026
-60.0,30.0,0.1174,1982-2026
-60.0,32.5,0.1161,1982-2026
-60.0,35.0,0.0874,1982-2026
-60.0,37.5,0.083,1982-2026
-60.0,40.0,0.0723,1982-2026
-60.0,42.5,0.0805,1982-2026
-60.0,45.0,0.0847,1982-2026
-60.0,47.5,0.0922,1982-2026
-60.0,50.0,0.101,1982-2026
-60.0,52.5,0.1204,1982-2026
-60.0,55.0,0.1341,1982-2026
-60.0,57.5,0.1525,1982-2026
-60.0,60.0,0.1522,1982-2026
-60.0,62.5,0.1533,1982-2026
-60.0,65.0,0.1547,1982-2026
-60.0,67.5,0.1548,1982-2026
-60.0,70.0,0.155,1982-2026
-60.0,72.5,0.1667,1982-2026
-60.0,75.0,0.1715,1982-2026
-60.0,77.5,0.1642,1982-2026
-60.0,80.0,0.1469,1982-2026
-60.0,82.5,0.148,1982-2026
-60.0,85.0,0.131,1982-2026
-60.0,87.5,0.1567,1982-2026
-60.0,90.0,0.1347,1982-2026
-60.0,92.5,0.1272,1982-2026
-60.0,95.0,0.1208,1982-2026
-60.0,97.5,0.1167,1982-2026
-60.0,100.0,0.1258,1982-2026
-60.0,102.5,0.1347,1982-2026
-60.0,105.0,0.1271,1982-2026
-60.0,107.5,0.1024,1982-2026
-60.0,110.0,0.0891,1982-2026
-60.0,112.5,0.0953,1982-2026
-60.0,115.0,0.0542,1982-2026
-60.0,117.5,0.0283,1982-2026
-60.0,120.0,-0.002,1982-2026
-60.0,122.5,-0.0058,1982-2026
-60.0,125.0,-0.0106,1982-2026
-60.0,127.5,-0.0083,1982-2026
-60.0,130.0,0.0007,1982-2026
-60.0,132.5,0.0029,1982-2026
-60.0,135.0,-0.0003,1982-2026
-60.0,137.5,0.0133,1982-2026
-60.0,140.0,0.0303,1982-2026
-60.0,142.5,0.04,1982-2026
-60.0,145.0,0.0792,1982-2026
-60.0,147.5,0.0746,1982-2026
-60.0,150.0,0.0821,1982-2026
-60.0,152.5,0.1041,1982-2026
-60.0,155.0,0.1117,1982-2026
-60.0,157.5,0.1052,1982-2026
-60.0,160.0,0.0961,1982-2026
-60.0,162.5,0.1153,1982-2026
-60.0,165.0,0.1197,1982-2026
-60.0,167.5,0.102,1982-2026
-60.0,170.0,0.0941,1982-2026
-60.0,172.5,0.1232,1982-2026
-60.0,175.0,0.1135,1982-2026
-60.0,177.5,0.1335,1982-2026
-60.0,180.0,0.1376,1982-2026
-60.0,-177.5,0.1161,1982-2026
-60.0,-175.0,0.1207,1982-2026
-60.0,-172.5,0.1264,1982-2026
-60.0,-170.0,0.1417,1982-2026
-60.0,-167.5,0.1564,1982-2026
-60.0,-165.0,0.1548,1982-2026
-60.0,-162.5,0.1707,1982-2026
-60.0,-160.0,0.1879,1982-2026
-60.0,-157.5,0.1956,1982-2026
-60.0,-155.0,0.2081,1982-2026
-60.0,-152.5,0.2185,1982-2026
-60.0,-150.0,0.2239,1982-2026
-60.0,-147.5,0.2207,1982-2026
-60.0,-145.0,0.1967,1982-2026
-60.0,-142.5,0.188,1982-2026
-60.0,-140.0,0.176,1982-2026
-60.0,-137.5,0.1706,1982-2026
-60.0,-135.0,0.1543,1982-2026
-60.0,-132.5,0.1437,1982-2026
-60.0,-130.0,0.1239,1982-2026
-60.0,-127.5,0.1182,1982-2026
-60.0,-125.0,0.1032,1982-2026
-60.0,-122.5,0.0846,1982-2026
-60.0,-120.0,0.0637,1982-2026
-60.0,-117.5,0.0735,1982-2026
-60.0,-115.0,0.0633,1982-2026
-60.0,-112.5,0.0773,1982-2026
-60.0,-110.0,0.0861,1982-2026
-60.0,-107.5,0.1026,1982-2026
-60.0,-105.0,0.1266,1982-2026
-60.0,-102.5,0.1419,1982-2026
-60.0,-100.0,0.1508,1982-2026
-60.0,-97.5,0.1634,1982-2026
-60.0,-95.0,0.1516,1982-2026
-60.0,-92.5,0.1522,1982-2026
-60.0,-90.0,0.1502,1982-2026
-60.0,-87.5,0.1654,1982-2026
-60.0,-85.0,0.1499,1982-2026
-60.0,-82.5,0.1468,1982-2026
-60.0,-80.0,0.1531,1982-2026
-60.0,-77.5,0.153,1982-2026
-60.0,-75.0,0.147,1982-2026
-60.0,-72.5,0.1394,1982-2026
-60.0,-70.0,0.1204,1982-2026
-60.0,-67.5,0.1181,1982-2026
-60.0,-65.0,0.0993,1982-2026
-60.0,-62.5,0.1136,1982-2026
-60.0,-60.0,0.1126,1982-2026
-60.0,-57.5,0.1198,1982-2026
-60.0,-55.0,0.1006,1982-2026
-60.0,-52.5,0.107,1982-2026
-60.0,-50.0,0.0992,1982-2026
-60.0,-47.5,0.108,1982-2026
-60.0,-45.0,0.1025,1982-2026
-60.0,-42.5,0.0996,1982-2026
-60.0,-40.0,0.0769,1982-2026
-60.0,-37.5,0.0876,1982-2026
-60.0,-35.0,0.0838,1982-2026
-60.0,-32.5,0.0918,1982-2026
-60.0,-30.0,0.1109,1982-2026
-60.0,-27.5,0.1272,1982-2026
-60.0,-25.0,0.1434,1982-2026
-60.0,-22.5,0.1474,1982-2026
-60.0,-20.0,0.1439,1982-2026
-60.0,-17.5,0.1515,1982-2026
-60.0,-15.0,0.1517,1982-2026
-60.0,-12.5,0.1479,1982-2026
-60.0,-10.0,0.1403,1982-2026
-60.0,-7.5,0.1441,1982-2026
-60.0,-5.0,0.1484,1982-2026
-60.0,-2.5,0.1547,1982-2026
-62.5,0.0,0.118,1982-2026
-62.5,2.5,0.1129,1982-2026
-62.5,5.0,0.1049,1982-2026
-62.5,7.5,0.0911,1982-2026
-62.5,10.0,0.0706,1982-2026
-62.5,12.5,0.0596,1982-2026
-62.5,15.0,0.0556,1982-2026
-62.5,17.5,0.0586,1982-2026
-62.5,20.0,0.0515,1982-2026
-62.5,22.5,0.0488,1982-2026
-62.5,25.0,0.0442,1982-2026
-62.5,27.5,0.0348,1982-2026
-62.5,30.0,0.0216,1982-2026
-62.5,32.5,0.003,1982-2026
-62.5,35.0,-0.0064,1982-2026
-62.5,37.5,-0.0132,1982-2026
-62.5,40.0,-0.022,1982-2026
-62.5,42.5,-0.0283,1982-2026
-62.5,45.0,-0.0228,1982-2026
-62.5,47.5,-0.0243,1982-2026
-62.5,50.0,-0.0219,1982-2026
-62.5,52.5,-0.0188,1982-2026
-62.5,55.0,-0.0097,1982-2026
-62.5,57.5,-0.0006,1982-2026
-62.5,60.0,0.0196,1982-2026
-62.5,62.5,0.0399,1982-2026
-62.5,65.0,0.0577,1982-2026
-62.5,67.5,0.0755,1982-2026
-62.5,70.0,0.087,1982-2026
-62.5,72.5,0.1037,1982-2026
-62.5,75.0,0.1133,1982-2026
-62.5,77.5,0.1126,1982-2026
-62.5,80.0,0.1128,1982-2026
-62.5,82.5,0.1003,1982-2026
-62.5,85.0,0.0866,1982-2026
-62.5,87.5,0.0815,1982-2026
-62.5,90.0,0.074,1982-2026
-62.5,92.5,0.0643,1982-2026
-62.5,95.0,0.053,1982-2026
-62.5,97.5,0.0394,1982-2026
-62.5,100.0,0.033,1982-2026
-62.5,102.5,0.013,1982-2026
-62.5,105.0,0.0084,1982-2026
-62.5,107.5,0.0284,1982-2026
-62.5,110.0,0.0461,1982-2026
-62.5,112.5,0.0591,1982-2026
-62.5,115.0,0.0656,1982-2026
-62.5,117.5,0.059,1982-2026
-62.5,120.0,0.0384,1982-2026
-62.5,122.5,0.0158,1982-2026
-62.5,125.0,0.0104,1982-2026
-62.5,127.5,-0.0034,1982-2026
-62.5,130.0,-0.0137,1982-2026
-62.5,132.5,-0.0197,1982-2026
-62.5,135.0,-0.0106,1982-2026
-62.5,137.5,-0.0003,1982-2026
-62.5,140.0,0.0057,1982-2026
-62.5,142.5,0.017,1982-2026
-62.5,145.0,0.0205,1982-2026
-62.5,147.5,0.021,1982-2026
-62.5,150.0,0.0232,1982-2026
-62.5,152.5,0.0219,1982-2026
-62.5,155.0,0.0209,1982-2026
-62.5,157.5,0.0121,1982-2026
-62.5,160.0,0.0185,1982-2026
-62.5,162.5,0.0305,1982-2026
-62.5,165.0,0.0356,1982-2026
-62.5,167.5,0.0423,1982-2026
-62.5,170.0,0.0432,1982-2026
-62.5,172.5,0.0679,1982-2026
-62.5,175.0,0.0828,1982-2026
-62.5,177.5,0.0796,1982-2026
-62.5,180.0,0.0933,1982-2026
-62.5,-177.5,0.1225,1982-2026
-62.5,-175.0,0.1222,1982-2026
-62.5,-172.5,0.1305,1982-2026
-62.5,-170.0,0.1416,1982-2026
-62.5,-167.5,0.1629,1982-2026
-62.5,-165.0,0.186,1982-2026
-62.5,-162.5,0.2031,1982-2026
-62.5,-160.0,0.2172,1982-2026
-62.5,-157.5,0.2169,1982-2026
-62.5,-155.0,0.2071,1982-2026
-62.5,-152.5,0.2054,1982-2026
-62.5,-150.0,0.2026,1982-2026
-62.5,-147.5,0.1877,1982-2026
-62.5,-145.0,0.1782,1982-2026
-62.5,-142.5,0.1651,1982-2026
-62.5,-140.0,0.1535,1982-2026
-62.5,-137.5,0.1512,1982-2026
-62.5,-135.0,0.1446,1982-2026
-62.5,-132.5,0.1353,1982-2026
-62.5,-130.0,0.1206,1982-2026
-62.5,-127.5,0.1037,1982-2026
-62.5,-125.0,0.0897,1982-2026
-62.5,-122.5,0.0703,1982-2026
-62.5,-120.0,0.0778,1982-2026
-62.5,-117.5,0.0771,1982-2026
-62.5,-115.0,0.0848,1982-2026
-62.5,-112.5,0.0793,1982-2026
-62.5,-110.0,0.0997,1982-2026
-62.5,-107.5,0.0997,1982-2026
-62.5,-105.0,0.0866,1982-2026
-62.5,-102.5,0.0954,1982-2026
-62.5,-100.0,0.1073,1982-2026
-62.5,-97.5,0.1205,1982-2026
-62.5,-95.0,0.1262,1982-2026
-62.5,-92.5,0.1374,1982-2026
-62.5,-90.0,0.1365,1982-2026
-62.5,-87.5,0.1413,1982-2026
-62.5,-85.0,0.1519,1982-2026
-62.5,-82.5,0.1348,1982-2026
-62.5,-80.0,0.1363,1982-2026
-62.5,-77.5,0.136,1982-2026
-62.5,-75.0,0.1218,1982-2026
-62.5,-72.5,0.1027,1982-2026
-62.5,-70.0,0.0852,1982-2026
-62.5,-67.5,0.0667,1982-2026
-62.5,-65.0,0.0612,1982-2026
-62.5,-62.5,0.0575,1982-2026
-62.5,-60.0,0.0695,1982-2026
-62.5,-57.5,0.0215,1982-2026
-62.5,-55.0,0.0202,1982-2026
-62.5,-52.5,0.0487,1982-2026
-62.5,-50.0,0.0776,1982-2026
-62.5,-47.5,0.0888,1982-2026
-62.5,-45.0,0.085,1982-2026
-62.5,-42.5,0.0872,1982-2026
-62.5,-40.0,0.0946,1982-2026
-62.5,-37.5,0.0899,1982-2026
-62.5,-35.0,0.0886,1982-2026
-62.5,-32.5,0.093,1982-2026
-62.5,-30.0,0.1,1982-2026
-62.5,-27.5,0.1202,1982-2026
-62.5,-25.0,0.131,1982-2026
-62.5,-22.5,0.1412,1982-2026
-62.5,-20.0,0.1456,1982-2026
-62.5,-17.5,0.1505,1982-2026
-62.5,-15.0,0.1503,1982-2026
-62.5,-12.5,0.1372,1982-2026
-62.5,-10.0,0.125,1982-2026
-62.5,-7.5,0.1214,1982-2026
-62.5,-5.0,0.1151,1982-2026
-62.5,-2.5,0.1129,1982-2026
-65.0,0.0,0.0418,1982-2026
-65.0,2.5,0.0499,1982-2026
-65.0,5.0,0.0501,1982-2026
-65.0,7.5,0.0398,1982-2026
-65.0,10.0,0.0214,1982-2026
-65.0,12.5,0.0053,1982-2026
-65.0,15.0,0.0036,1982-2026
-65.0,17.5,0.0015,1982-2026
-65.0,20.0,-0.0034,1982-2026
-65.0,22.5,-0.0134,1982-2026
-65.0,25.0,-0.0315,1982-2026
-65.0,27.5,-0.0414,1982-2026
-65.0,30.0,-0.0468,1982-2026
-65.0,32.5,-0.0476,1982-2026
-65.0,35.0,-0.0486,1982-2026
-65.0,37.5,-0.0526,1982-2026
-65.0,40.0,-0.0449,1982-2026
-65.0,42.5,-0.0339,1982-2026
-65.0,45.0,0.0072,1982-2026
-65.0,47.5,0.0605,1982-2026
-65.0,50.0,0.0628,1982-2026
-65.0,52.5,0.0401,1982-2026
-65.0,55.0,0.018,1982-2026
-65.0,57.5,-0.0252,1982-2026
-65.0,60.0,-0.0399,1982-2026
-65.0,62.5,-0.047,1982-2026
-65.0,65.0,-0.0507,1982-2026
-65.0,67.5,-0.0684,1982-2026
-65.0,70.0,-0.0729,1982-2026
-65.0,72.5,-0.0773,1982-2026
-65.0,75.0,-0.0859,1982-2026
-65.0,77.5,-0.082,1982-2026
-65.0,80.0,-0.0653,1982-2026
-65.0,82.5,-0.0687,1982-2026
-65.0,85.0,-0.0824,1982-2026
-65.0,87.5,-0.1027,1982-2026
-65.0,90.0,-0.1268,1982-2026
-65.0,92.5,-0.1445,1982-2026
-65.0,95.0,-0.1416,1982-2026
-65.0,97.5,-0.1947,1982-2026
-65.0,100.0,-0.1939,1982-2026
-65.0,102.5,-0.1923,1982-2026
-65.0,105.0,-0.1885,1982-2026
-65.0,107.5,-0.1911,1982-2026
-65.0,110.0,-0.2053,1982-2026
-65.0,112.5,-0.1843,1982-2026
-65.0,115.0,-0.1119,1982-2026
-65.0,117.5,-0.1177,1982-2026
-65.0,120.0,-0.1364,1982-2026
-65.0,122.5,-0.1235,1982-2026
-65.0,125.0,-0.1032,1982-2026
-65.0,127.5,-0.0995,1982-2026
-65.0,130.0,-0.0918,1982-2026
-65.0,132.5,-0.0796,1982-2026
-65.0,135.0,-0.0432,1982-2026
-65.0,137.5,-0.0246,1982-2026
-65.0,140.0,0.0078,1982-2026
-65.0,142.5,0.0441,1982-2026
-65.0,145.0,0.06,1982-2026
-65.0,147.5,0.0514,1982-2026
-65.0,150.0,0.0254,1982-2026
-65.0,152.5,-0.0035,1982-2026
-65.0,155.0,-0.0301,1982-2026
-65.0,157.5,-0.0304,1982-2026
-65.0,160.0,-0.0284,1982-2026
-65.0,162.5,-0.0094,1982-2026
-65.0,165.0,-0.0018,1982-2026
-65.0,167.5,0.0067,1982-2026
-65.0,170.0,0.0155,1982-2026
-65.0,172.5,0.0336,1982-2026
-65.0,175.0,0.0458,1982-2026
-65.0,177.5,0.0507,1982-2026
-65.0,180.0,0.0493,1982-2026
-65.0,-177.5,0.0546,1982-2026
-65.0,-175.0,0.0788,1982-2026
-65.0,-172.5,0.1003,1982-2026
-65.0,-170.0,0.1193,1982-2026
-65.0,-167.5,0.1458,1982-2026
-65.0,-165.0,0.1693,1982-2026
-65.0,-162.5,0.1837,1982-2026
-65.0,-160.0,0.1837,1982-2026
-65.0,-157.5,0.1775,1982-2026
-65.0,-155.0,0.1726,1982-2026
-65.0,-152.5,0.1576,1982-2026
-65.0,-150.0,0.1399,1982-2026
-65.0,-147.5,0.1203,1982-2026
-65.0,-145.0,0.1078,1982-2026
-65.0,-142.5,0.1017,1982-2026
-65.0,-140.0,0.1047,1982-2026
-65.0,-137.5,0.1026,1982-2026
-65.0,-135.0,0.1105,1982-2026
-65.0,-132.5,0.1089,1982-2026
-65.0,-130.0,0.0986,1982-2026
-65.0,-127.5,0.1074,1982-2026
-65.0,-125.0,0.11,1982-2026
-65.0,-122.5,0.1085,1982-2026
-65.0,-120.0,0.1062,1982-2026
-65.0,-117.5,0.103,1982-2026
-65.0,-115.0,0.1115,1982-2026
-65.0,-112.5,0.126,1982-2026
-65.0,-110.0,0.1287,1982-2026
-65.0,-107.5,0.1077,1982-2026
-65.0,-105.0,0.089,1982-2026
-65.0,-102.5,0.0891,1982-2026
-65.0,-100.0,0.0782,1982-2026
-65.0,-97.5,0.0795,1982-2026
-65.0,-95.0,0.0696,1982-2026
-65.0,-92.5,0.07,1982-2026
-65.0,-90.0,0.0828,1982-2026
-65.0,-87.5,0.081,1982-2026
-65.0,-85.0,0.0669,1982-2026
-65.0,-82.5,0.0721,1982-2026
-65.0,-80.0,0.0596,1982-2026
-65.0,-77.5,0.0418,1982-2026
-65.0,-75.0,0.0267,1982-2026
-65.0,-72.5,0.015,1982-2026
-65.0,-70.0,-0.0068,1982-2026
-65.0,-67.5,-0.0033,1982-2026
-65.0,-65.0,0.0489,1982-2026
-65.0,-62.5,-0.0062,1982-2026
-65.0,-60.0,-0.1003,1982-2026
-65.0,-57.5,-0.066,1982-2026
-65.0,-55.0,0.0142,1982-2026
-65.0,-52.5,0.0433,1982-2026
-65.0,-50.0,0.0493,1982-2026
-65.0,-47.5,0.0595,1982-2026
-65.0,-45.0,0.0703,1982-2026
-65.0,-42.5,0.0677,1982-2026
-65.0,-40.0,0.058,1982-2026
-65.0,-37.5,0.0532,1982-2026
-65.0,-35.0,0.0461,1982-2026
-65.0,-32.5,0.051,1982-2026
-65.0,-30.0,0.0615,1982-2026
-65.0,-27.5,0.0596,1982-2026
-65.0,-25.0,0.0514,1982-2026
-65.0,-22.5,0.0417,1982-2026
-65.0,-20.0,0.0399,1982-2026
-65.0,-17.5,0.0433,1982-2026
-65.0,-15.0,0.0548,1982-2026
-65.0,-12.5,0.0643,1982-2026
-65.0,-10.0,0.0657,1982-2026
-65.0,-7.5,0.0701,1982-2026
-65.0,-5.0,0.0656,1982-2026
-65.0,-2.5,0.0534,1982-2026
-67.5,0.0,-0.0275,1982-2026
-67.5,2.5,-0.0139,1982-2026
-67.5,5.0,-0.0067,1982-2026
-67.5,7.5,-0.0078,1982-2026
-67.5,10.0,-0.0146,1982-2026
-67.5,12.5,-0.0249,1982-2026
-67.5,15.0,-0.0231,1982-2026
-67.5,17.5,-0.0175,1982-2026
-67.5,20.0,-0.0245,1982-2026
-67.5,22.5,-0.0235,1982-2026
-67.5,25.0,-0.0092,1982-2026
-67.5,27.5,0.0054,1982-2026
-67.5,30.0,0.0245,1982-2026
-67.5,32.5,0.0325,1982-2026
-67.5,35.0,0.046,1982-2026
-67.5,37.5,0.0802,1982-2026
-67.5,40.0,0.1039,1982-2026
-67.5,42.5,0.0904,1982-2026
-67.5,45.0,0.0482,1982-2026
-67.5,47.5,0.0118,1982-2026
-67.5,50.0,0.1224,1982-2026
-67.5,52.5,0.1062,1982-2026
-67.5,55.0,-0.029,1982-2026
-67.5,57.5,0.0491,1982-2026
-67.5,60.0,-0.0086,1982-2026
-67.5,62.5,0.0161,1982-2026
-67.5,65.0,0.0181,1982-2026
-67.5,67.5,0.0396,1982-2026
-67.5,70.0,-0.0085,1982-2026
-67.5,72.5,-0.1199,1982-2026
-67.5,75.0,-0.0716,1982-2026
-67.5,77.5,0.0308,1982-2026
-67.5,80.0,0.1075,1982-2026
-67.5,82.5,-0.0143,1982-2026
-67.5,85.0,-0.0176,1982-2026
-67.5,87.5,-0.0207,1982-2026
-67.5,90.0,-0.0288,1982-2026
-67.5,92.5,-0.028,1982-2026
-67.5,95.0,-0.0179,1982-2026
-67.5,97.5,-0.0203,1982-2026
-67.5,100.0,-0.0546,1982-2026
-67.5,102.5,-0.0572,1982-2026
-67.5,105.0,-0.0346,1982-2026
-67.5,107.5,-0.048,1982-2026
-67.5,110.0,-0.0673,1982-2026
-67.5,112.5,-0.0552,1982-2026
-67.5,115.0,-0.0782,1982-2026
-67.5,117.5,-0.0662,1982-2026
-67.5,120.0,-0.0826,1982-2026
-67.5,122.5,-0.0651,1982-2026
-67.5,125.0,-0.025,1982-2026
-67.5,127.5,-0.04,1982-2026
-67.5,130.0,-0.0472,1982-2026
-67.5,132.5,0.0091,1982-2026
-67.5,135.0,0.0085,1982-2026
-67.5,137.5,0.0203,1982-2026
-67.5,140.0,0.014,1982-2026
-67.5,142.5,-0.0136,1982-2026
-67.5,145.0,-0.0483,1982-2026
-67.5,147.5,-0.0296,1982-2026
-67.5,150.0,-0.0284,1982-2026
-67.5,152.5,-0.0523,1982-2026
-67.5,155.0,-0.056,1982-2026
-67.5,157.5,-0.0414,1982-2026
-67.5,160.0,-0.0314,1982-2026
-67.5,162.5,-0.0382,1982-2026
-67.5,165.0,-0.0613,1982-2026
-67.5,167.5,-0.0718,1982-2026
-67.5,170.0,-0.0845,1982-2026
-67.5,172.5,-0.0909,1982-2026
-67.5,175.0,-0.08,1982-2026
-67.5,177.5,-0.0586,1982-2026
-67.5,180.0,-0.0305,1982-2026
-67.5,-177.5,-0.0079,1982-2026
-67.5,-175.0,0.0112,1982-2026
-67.5,-172.5,0.0216,1982-2026
-67.5,-170.0,0.028,1982-2026
-67.5,-167.5,0.0455,1982-2026
-67.5,-165.0,0.0635,1982-2026
-67.5,-162.5,0.0897,1982-2026
-67.5,-160.0,0.1018,1982-2026
-67.5,-157.5,0.1087,1982-2026
-67.5,-155.0,0.1107,1982-2026
-67.5,-152.5,0.1082,1982-2026
-67.5,-150.0,0.1036,1982-2026
-67.5,-147.5,0.0957,1982-2026
-67.5,-145.0,0.0872,1982-2026
-67.5,-142.5,0.0855,1982-2026
-67.5,-140.0,0.0906,1982-2026
-67.5,-137.5,0.0896,1982-2026
-67.5,-135.0,0.0948,1982-2026
-67.5,-132.5,0.1076,1982-2026
-67.5,-130.0,0.1182,1982-2026
-67.5,-127.5,0.1266,1982-2026
-67.5,-125.0,0.1284,1982-2026
-67.5,-122.5,0.1249,1982-2026
-67.5,-120.0,0.1135,1982-2026
-67.5,-117.5,0.1061,1982-2026
-67.5,-115.0,0.095,1982-2026
-67.5,-112.5,0.0827,1982-2026
-67.5,-110.0,0.072,1982-2026
-67.5,-107.5,0.0561,1982-2026
-67.5,-105.0,0.0439,1982-2026
-67.5,-102.5,0.0341,1982-2026
-67.5,-100.0,0.013,1982-2026
-67.5,-97.5,-0.0011,1982-2026
-67.5,-95.0,-0.013,1982-2026
-67.5,-92.5,-0.0226,1982-2026
-67.5,-90.0,-0.0283,1982-2026
-67.5,-87.5,-0.0157,1982-2026
-67.5,-85.0,-0.0097,1982-2026
-67.5,-82.5,-0.0102,1982-2026
-67.5,-80.0,-0.0141,1982-2026
-67.5,-77.5,-0.0189,1982-2026
-67.5,-75.0,-0.022,1982-2026
-67.5,-72.5,-0.0217,1982-2026
-67.5,-70.0,0.0774,1982-2026
-67.5,-67.5,0.0419,1982-2026
-67.5,-65.0,-0.02,1982-2026
-67.5,-62.5,-0.1036,1982-2026
-67.5,-60.0,-0.1225,1982-2026
-67.5,-57.5,-0.079,1982-2026
-67.5,-55.0,-0.0493,1982-2026
-67.5,-52.5,-0.0313,1982-2026
-67.5,-50.0,-0.0252,1982-2026
-67.5,-47.5,-0.0165,1982-2026
-67.5,-45.0,-0.0154,1982-2026
-67.5,-42.5,-0.0152,1982-2026
-67.5,-40.0,-0.008,1982-2026
-67.5,-37.5,0.0065,1982-2026
-67.5,-35.0,0.0183,1982-2026
-67.5,-32.5,0.0308,1982-2026
-67.5,-30.0,0.0416,1982-2026
-67.5,-27.5,0.0459,1982-2026
-67.5,-25.0,0.0316,1982-2026
-67.5,-22.5,0.0138,1982-2026
-67.5,-20.0,-0.0004,1982-2026
-67.5,-17.5,-0.0078,1982-2026
-67.5,-15.0,-0.0138,1982-2026
-67.5,-12.5,-0.0235,1982-2026
-67.5,-10.0,-0.0387,1982-2026
-67.5,-7.5,-0.0568,1982-2026
-67.5,-5.0,-0.0599,1982-2026
-67.5,-2.5,-0.0471,1982-2026
-70.0,0.0,-0.0487,1982-2026
-70.0,2.5,-0.0679,1982-2026
-70.0,5.0,-0.0756,1982-2026
-70.0,7.5,-0.0646,1982-2026
-70.0,10.0,-0.0405,1982-2026
-70.0,12.5,-0.0302,1982-2026
-70.0,15.0,-0.0222,1982-2026
-70.0,17.5,0.0019,1982-2026
-70.0,20.0,-0.0238,1982-2026
-70.0,22.5,-0.0245,1982-2026
-70.0,25.0,-0.036,1982-2026
-70.0,27.5,0.0088,1982-2026
-70.0,30.0,0.042,1982-2026
-70.0,32.5,0.0547,1982-2026
-70.0,35.0,0.0398,1982-2026
-70.0,37.5,-0.0061,1982-2026
-70.0,40.0,0.0712,1982-2026
-70.0,42.5,0.092,1982-2026
-70.0,45.0,0.1137,1982-2026
-70.0,47.5,0.1,1982-2026
-70.0,50.0,0.0756,1982-2026
-70.0,52.5,0.0974,1982-2026
-70.0,55.0,0.0932,1982-2026
-70.0,57.5,0.0443,1982-2026
-70.0,60.0,0.0107,1982-2026
-70.0,62.5,-0.0225,1982-2026
-70.0,65.0,-0.0363,1982-2026
-70.0,67.5,-0.0529,1982-2026
-70.0,70.0,-0.0077,1982-2026
-70.0,72.5,-0.0936,1982-2026
-70.0,75.0,-0.0075,1982-2026
-70.0,77.5,0.0248,1982-2026
-70.0,80.0,0.0446,1982-2026
-70.0,82.5,0.0451,1982-2026
-70.0,85.0,0.0397,1982-2026
-70.0,87.5,0.0372,1982-2026
-70.0,90.0,0.0465,1982-2026
-70.0,92.5,0.058,1982-2026
-70.0,95.0,0.0634,1982-2026
-70.0,97.5,0.0521,1982-2026
-70.0,100.0,0.0397,1982-2026
-70.0,102.5,0.0472,1982-2026
-70.0,105.0,0.0525,1982-2026
-70.0,107.5,0.0423,1982-2026
-70.0,110.0,0.0489,1982-2026
-70.0,112.5,0.046,1982-2026
-70.0,115.0,0.0449,1982-2026
-70.0,117.5,0.039,1982-2026
-70.0,120.0,0.0345,1982-2026
-70.0,122.5,0.0421,1982-2026
-70.0,125.0,0.0548,1982-2026
-70.0,127.5,0.0507,1982-2026
-70.0,130.0,0.0516,1982-2026
-70.0,132.5,0.0583,1982-2026
-70.0,135.0,0.0314,1982-2026
-70.0,137.5,0.0325,1982-2026
-70.0,140.0,0.002,1982-2026
-70.0,142.5,-0.0221,1982-2026
-70.0,145.0,-0.0257,1982-2026
-70.0,147.5,-0.0147,1982-2026
-70.0,150.0,-0.0083,1982-2026
-70.0,152.5,0.0076,1982-2026
-70.0,155.0,0.0035,1982-2026
-70.0,157.5,-0.0296,1982-2026
-70.0,160.0,-0.0517,1982-2026
-70.0,162.5,-0.0818,1982-2026
-70.0,165.0,-0.0985,1982-2026
-70.0,167.5,-0.1192,1982-2026
-70.0,170.0,-0.1687,1982-2026
-70.0,172.5,-0.1673,1982-2026
-70.0,175.0,-0.1345,1982-2026
-70.0,177.5,-0.0928,1982-2026
-70.0,180.0,-0.0504,1982-2026
-70.0,-177.5,-0.0378,1982-2026
-70.0,-175.0,-0.0195,1982-2026
-70.0,-172.5,0.0027,1982-2026
-70.0,-170.0,0.0211,1982-2026
-70.0,-167.5,0.0353,1982-2026
-70.0,-165.0,0.048,1982-2026
-70.0,-162.5,0.0576,1982-2026
-70.0,-160.0,0.0667,1982-2026
-70.0,-157.5,0.068,1982-2026
-70.0,-155.0,0.0784,1982-2026
-70.0,-152.5,0.0823,1982-2026
-70.0,-150.0,0.0787,1982-2026
-70.0,-147.5,0.0712,1982-2026
-70.0,-145.0,0.0727,1982-2026
-70.0,-142.5,0.0682,1982-2026
-70.0,-140.0,0.0551,1982-2026
-70.0,-137.5,0.0411,1982-2026
-70.0,-135.0,0.0282,1982-2026
-70.0,-132.5,0.0178,1982-2026
-70.0,-130.0,0.0126,1982-2026
-70.0,-127.5,0.0105,1982-2026
-70.0,-125.0,0.0053,1982-2026
-70.0,-122.5,-0.0008,1982-2026
-70.0,-120.0,-0.0135,1982-2026
-70.0,-117.5,-0.0237,1982-2026
-70.0,-115.0,-0.0346,1982-2026
-70.0,-112.5,-0.0474,1982-2026
-70.0,-110.0,-0.0603,1982-2026
-70.0,-107.5,-0.0717,1982-2026
-70.0,-105.0,-0.086,1982-2026
-70.0,-102.5,-0.0862,1982-2026
-70.0,-100.0,-0.0833,1982-2026
-70.0,-97.5,-0.0751,1982-2026
-70.0,-95.0,-0.0663,1982-2026
-70.0,-92.5,-0.0601,1982-2026
-70.0,-90.0,-0.0576,1982-2026
-70.0,-87.5,-0.0488,1982-2026
-70.0,-85.0,-0.0412,1982-2026
-70.0,-82.5,-0.0472,1982-2026
-70.0,-80.0,-0.0264,1982-2026
-70.0,-77.5,0.0087,1982-2026
-70.0,-75.0,0.0544,1982-2026
-70.0,-72.5,0.0457,1982-2026
-70.0,-70.0,-0.0306,1982-2026
-70.0,-67.5,0.0215,1982-2026
-70.0,-65.0,0.0254,1982-2026
-70.0,-62.5,-0.042,1982-2026
-70.0,-60.0,-0.0673,1982-2026
-70.0,-57.5,-0.0749,1982-2026
-70.0,-55.0,-0.0552,1982-2026
-70.0,-52.5,-0.036,1982-2026
-70.0,-50.0,-0.0358,1982-2026
-70.0,-47.5,-0.0341,1982-2026
-70.0,-45.0,-0.0271,1982-2026
-70.0,-42.5,-0.0129,1982-2026
-70.0,-40.0,-0.0057,1982-2026
-70.0,-37.5,0.0135,1982-2026
-70.0,-35.0,0.0251,1982-2026
-70.0,-32.5,0.0298,1982-2026
-70.0,-30.0,0.0267,1982-2026
-70.0,-27.5,0.0107,1982-2026
-70.0,-25.0,-0.0162,1982-2026
-70.0,-22.5,-0.033,1982-2026
-70.0,-20.0,-0.0375,1982-2026
-70.0,-17.5,-0.0346,1982-2026
-70.0,-15.0,-0.0423,1982-2026
-70.0,-12.5,-0.0553,1982-2026
-70.0,-10.0,-0.0688,1982-2026
-70.0,-7.5,-0.0787,1982-2026
-70.0,-5.0,-0.075,1982-2026
-70.0,-2.5,-0.088,1982-2026
-72.5,0.0,-0.0078,1982-2026
-72.5,2.5,0.0724,1982-2026
-72.5,5.0,0.1291,1982-2026
-72.5,7.5,0.0827,1982-2026
-72.5,10.0,0.1009,1982-2026
-72.5,12.5,0.132,1982-2026
-72.5,15.0,0.0473,1982-2026
-72.5,17.5,0.0585,1982-2026
-72.5,20.0,0.0386,1982-2026
-72.5,22.5,0.0865,1982-2026
-72.5,25.0,0.1431,1982-2026
-72.5,27.5,-0.0262,1982-2026
-72.5,30.0,0.0336,1982-2026
-72.5,32.5,0.068,1982-2026
-72.5,35.0,0.092,1982-2026
-72.5,37.5,0.0976,1982-2026
-72.5,40.0,0.0849,1982-2026
-72.5,42.5,0.0826,1982-2026
-72.5,45.0,0.0912,1982-2026
-72.5,47.5,0.1045,1982-2026
-72.5,50.0,0.1166,1982-2026
-72.5,52.5,0.0784,1982-2026
-72.5,55.0,0.0035,1982-2026
-72.5,57.5,-0.0428,1982-2026
-72.5,60.0,-0.0935,1982-2026
-72.5,62.5,-0.1036,1982-2026
-72.5,65.0,-0.1445,1982-2026
-72.5,67.5,-0.1023,1982-2026
-72.5,70.0,-0.027,1982-2026
-72.5,72.5,-0.0195,1982-2026
-72.5,75.0,0.0157,1982-2026
-72.5,77.5,0.0541,1982-2026
-72.5,80.0,0.0651,1982-2026
-72.5,82.5,0.063,1982-2026
-72.5,85.0,0.0592,1982-2026
-72.5,87.5,0.061,1982-2026
-72.5,90.0,0.0732,1982-2026
-72.5,92.5,0.0909,1982-2026
-72.5,95.0,0.0984,1982-2026
-72.5,97.5,0.0973,1982-2026
-72.5,100.0,0.0912,1982-2026
-72.5,102.5,0.0762,1982-2026
-72.5,105.0,0.0613,1982-2026
-72.5,107.5,0.0699,1982-2026
-72.5,110.0,0.0839,1982-2026
-72.5,112.5,0.0885,1982-2026
-72.5,115.0,0.0889,1982-2026
-72.5,117.5,0.0856,1982-2026
-72.5,120.0,0.0821,1982-2026
-72.5,122.5,0.0787,1982-2026
-72.5,125.0,0.0798,1982-2026
-72.5,127.5,0.0731,1982-2026
-72.5,130.0,0.0493,1982-2026
-72.5,132.5,0.0107,1982-2026
-72.5,135.0,-0.0027,1982-2026
-72.5,137.5,-0.003,1982-2026
-72.5,140.0,-0.0023,1982-2026
-72.5,142.5,-0.0051,1982-2026
-72.5,145.0,-0.0017,1982-2026
-72.5,147.5,-0.0004,1982-2026
-72.5,150.0,-0.0006,1982-2026
-72.5,152.5,-0.001,1982-2026
-72.5,155.0,0.0027,1982-2026
-72.5,157.5,0.0158,1982-2026
-72.5,160.0,-0.005,1982-2026
-72.5,162.5,-0.0603,1982-2026
-72.5,165.0,-0.0427,1982-2026
-72.5,167.5,-0.0253,1982-2026
-72.5,170.0,-0.0896,1982-2026
-72.5,172.5,-0.1974,1982-2026
-72.5,175.0,-0.1457,1982-2026
-72.5,177.5,-0.0907,1982-2026
-72.5,180.0,-0.0492,1982-2026
-72.5,-177.5,-0.0185,1982-2026
-72.5,-175.0,-0.0053,1982-2026
-72.5,-172.5,0.0066,1982-2026
-72.5,-170.0,0.0177,1982-2026
-72.5,-167.5,0.0217,1982-2026
-72.5,-165.0,0.0238,1982-2026
-72.5,-162.5,0.0299,1982-2026
-72.5,-160.0,0.0352,1982-2026
-72.5,-157.5,0.0386,1982-2026
-72.5,-155.0,0.0394,1982-2026
-72.5,-152.5,0.0353,1982-2026
-72.5,-150.0,0.0307,1982-2026
-72.5,-147.5,0.0281,1982-2026
-72.5,-145.0,0.023,1982-2026
-72.5,-142.5,0.0157,1982-2026
-72.5,-140.0,0.0078,1982-2026
-72.5,-137.5,-0.0057,1982-2026
-72.5,-135.0,-0.0332,1982-2026
-72.5,-132.5,-0.0511,1982-2026
-72.5,-130.0,-0.0521,1982-2026
-72.5,-127.5,-0.049,1982-2026
-72.5,-125.0,-0.0523,1982-2026
-72.5,-122.5,-0.0526,1982-2026
-72.5,-120.0,-0.0409,1982-2026
-72.5,-117.5,-0.0242,1982-2026
-72.5,-115.0,-0.0074,1982-2026
-72.5,-112.5,0.0006,1982-2026
-72.5,-110.0,-0.011,1982-2026
-72.5,-107.5,-0.0057,1982-2026
-72.5,-105.0,0.0204,1982-2026
-72.5,-102.5,0.0201,1982-2026
-72.5,-100.0,0.0227,1982-2026
-72.5,-97.5,0.0101,1982-2026
-72.5,-95.0,0.0457,1982-2026
-72.5,-92.5,0.0852,1982-2026
-72.5,-90.0,0.0893,1982-2026
-72.5,-87.5,0.0875,1982-2026
-72.5,-85.0,0.0723,1982-2026
-72.5,-82.5,0.0651,1982-2026
-72.5,-80.0,0.0587,1982-2026
-72.5,-77.5,-0.0359,1982-2026
-72.5,-75.0,0.004,1982-2026
-72.5,-72.5,0.0366,1982-2026
-72.5,-70.0,0.0417,1982-2026
-72.5,-67.5,0.0787,1982-2026
-72.5,-65.0,-0.0037,1982-2026
-72.5,-62.5,-0.0475,1982-2026
-72.5,-60.0,-0.0407,1982-2026
-72.5,-57.5,-0.041,1982-2026
-72.5,-55.0,-0.0557,1982-2026
-72.5,-52.5,-0.0436,1982-2026
-72.5,-50.0,-0.0429,1982-2026
-72.5,-47.5,-0.0459,1982-2026
-72.5,-45.0,-0.038,1982-2026
-72.5,-42.5,-0.0287,1982-2026
-72.5,-40.0,-0.025,1982-2026
-72.5,-37.5,-0.0165,1982-2026
-72.5,-35.0,-0.0141,1982-2026
-72.5,-32.5,-0.0186,1982-2026
-72.5,-30.0,-0.0229,1982-2026
-72.5,-27.5,-0.0206,1982-2026
-72.5,-25.0,-0.0106,1982-2026
-72.5,-22.5,0.015,1982-2026
-72.5,-20.0,0.0496,1982-2026
-72.5,-17.5,0.0478,1982-2026
-72.5,-15.0,0.046,1982-2026
-72.5,-12.5,0.0787,1982-2026
-72.5,-10.0,0.0582,1982-2026
-72.5,-7.5,0.0582,1982-2026
-72.5,-5.0,0.0173,1982-2026
-72.5,-2.5,-0.1042,1982-2026
-75.0,0.0,0.0859,1982-2026
-75.0,2.5,0.0678,1982-2026
-75.0,5.0,0.0642,1982-2026
-75.0,7.5,0.0662,1982-2026
-75.0,10.0,0.0752,1982-2026
-75.0,12.5,0.0966,1982-2026
-75.0,15.0,0.1131,1982-2026
-75.0,17.5,0.1275,1982-2026
-75.0,20.0,0.133,1982-2026
-75.0,22.5,0.1432,1982-2026
-75.0,25.0,0.1348,1982-2026
-75.0,27.5,0.1045,1982-2026
-75.0,30.0,0.0764,1982-2026
-75.0,32.5,0.0783,1982-2026
-75.0,35.0,0.0956,1982-2026
-75.0,37.5,0.1102,1982-2026
-75.0,40.0,0.1144,1982-2026
-75.0,42.5,0.106,1982-2026
-75.0,45.0,0.0906,1982-2026
-75.0,47.5,0.0622,1982-2026
-75.0,50.0,0.0296,1982-2026
-75.0,52.5,-0.0244,1982-2026
-75.0,55.0,-0.0464,1982-2026
-75.0,57.5,-0.0371,1982-2026
-75.0,60.0,-0.0411,1982-2026
-75.0,62.5,-0.0457,1982-2026
-75.0,65.0,-0.0303,1982-2026
-75.0,67.5,0.0108,1982-2026
-75.0,70.0,0.0282,1982-2026
-75.0,72.5,0.0379,1982-2026
-75.0,75.0,0.0466,1982-2026
-75.0,77.5,0.0529,1982-2026
-75.0,80.0,0.0516,1982-2026
-75.0,82.5,0.0525,1982-2026
-75.0,85.0,0.0469,1982-2026
-75.0,87.5,0.0377,1982-2026
-75.0,90.0,0.0331,1982-2026
-75.0,92.5,0.0591,1982-2026
-75.0,95.0,0.116,1982-2026
-75.0,97.5,0.0937,1982-2026
-75.0,100.0,0.0773,1982-2026
-75.0,102.5,0.0685,1982-2026
-75.0,105.0,0.0668,1982-2026
-75.0,107.5,0.069,1982-2026
-75.0,110.0,0.0716,1982-2026
-75.0,112.5,0.0771,1982-2026
-75.0,115.0,0.082,1982-2026
-75.0,117.5,0.0918,1982-2026
-75.0,120.0,0.1016,1982-2026
-75.0,122.5,0.1137,1982-2026
-75.0,125.0,0.0644,1982-2026
-75.0,127.5,0.0324,1982-2026
-75.0,130.0,0.0194,1982-2026
-75.0,132.5,0.0176,1982-2026
-75.0,135.0,0.0085,1982-2026
-75.0,137.5,0.0033,1982-2026
-75.0,140.0,0.0018,1982-2026
-75.0,142.5,-0.0026,1982-2026
-75.0,145.0,-0.0045,1982-2026
-75.0,147.5,-0.0031,1982-2026
-75.0,150.0,0.0013,1982-2026
-75.0,152.5,0.005,1982-2026
-75.0,155.0,0.0073,1982-2026
-75.0,157.5,0.0129,1982-2026
-75.0,160.0,-0.0189,1982-2026
-75.0,162.5,-0.0247,1982-2026
-75.0,165.0,0.0494,1982-2026
-75.0,167.5,-0.0236,1982-2026
-75.0,170.0,-0.04,1982-2026
-75.0,172.5,-0.0508,1982-2026
-75.0,175.0,-0.0498,1982-2026
-75.0,177.5,-0.0319,1982-2026
-75.0,180.0,-0.0048,1982-2026
-75.0,-177.5,0.0106,1982-2026
-75.0,-175.0,0.0352,1982-2026
-75.0,-172.5,0.0447,1982-2026
-75.0,-170.0,0.0414,1982-2026
-75.0,-167.5,0.0354,1982-2026
-75.0,-165.0,0.03,1982-2026
-75.0,-162.5,0.0191,1982-2026
-75.0,-160.0,0.0088,1982-2026
-75.0,-157.5,0.0007,1982-2026
-75.0,-155.0,-0.012,1982-2026
-75.0,-152.5,-0.0148,1982-2026
-75.0,-150.0,-0.0112,1982-2026
-75.0,-147.5,-0.0222,1982-2026
-75.0,-145.0,-0.0371,1982-2026
-75.0,-142.5,-0.054,1982-2026
-75.0,-140.0,-0.0399,1982-2026
-75.0,-137.5,-0.0384,1982-2026
-75.0,-135.0,-0.0196,1982-2026
-75.0,-132.5,-0.0289,1982-2026
-75.0,-130.0,-0.0195,1982-2026
-75.0,-127.5,0.0078,1982-2026
-75.0,-125.0,0.0292,1982-2026
-75.0,-122.5,0.0367,1982-2026
-75.0,-120.0,0.0465,1982-2026
-75.0,-117.5,0.0682,1982-2026
-75.0,-115.0,0.047,1982-2026
-75.0,-112.5,0.0439,1982-2026
-75.0,-110.0,0.0816,1982-2026
-75.0,-107.5,0.1139,1982-2026
-75.0,-105.0,0.1585,1982-2026
-75.0,-102.5,0.1442,1982-2026
-75.0,-100.0,0.135,1982-2026
-75.0,-97.5,0.145,1982-2026
-75.0,-95.0,0.1646,1982-2026
-75.0,-92.5,0.1638,1982-2026
-75.0,-90.0,0.183,1982-2026
-75.0,-87.5,0.1871,1982-2026
-75.0,-85.0,0.0741,1982-2026
-75.0,-82.5,0.0245,1982-2026
-75.0,-80.0,-0.0054,1982-2026
-75.0,-77.5,-0.0212,1982-2026
-75.0,-75.0,-0.0408,1982-2026
-75.0,-72.5,0.0101,1982-2026
-75.0,-70.0,0.0152,1982-2026
-75.0,-67.5,-0.0464,1982-2026
-75.0,-65.0,-0.0237,1982-2026
-75.0,-62.5,-0.0259,1982-2026
-75.0,-60.0,-0.0736,1982-2026
-75.0,-57.5,-0.0748,1982-2026
-75.0,-55.0,-0.0584,1982-2026
-75.0,-52.5,-0.0546,1982-2026
-75.0,-50.0,-0.0551,1982-2026
-75.0,-47.5,-0.0558,1982-2026
-75.0,-45.0,-0.0485,1982-2026
-75.0,-42.5,-0.0352,1982-2026
-75.0,-40.0,-0.0199,1982-2026
-75.0,-37.5,-0.0219,1982-2026
-75.0,-35.0,-0.011,1982-2026
-75.0,-32.5,0.0197,1982-2026
-75.0,-30.0,0.0556,1982-2026
-75.0,-27.5,0.1019,1982-2026
-75.0,-25.0,0.0943,1982-2026
-75.0,-22.5,0.0916,1982-2026
-75.0,-20.0,0.0886,1982-2026
-75.0,-17.5,0.0151,1982-2026
-75.0,-15.0,0.0334,1982-2026
-75.0,-12.5,0.0237,1982-2026
-75.0,-10.0,0.0847,1982-2026
-75.0,-7.5,0.0938,1982-2026
-75.0,-5.0,0.0962,1982-2026
-75.0,-2.5,0.0956,1982-2026
-77.5,0.0,0.0504,1982-2026
-77.5,2.5,0.0526,1982-2026
-77.5,5.0,0.0527,1982-2026
-77.5,7.5,0.0532,1982-2026
-77.5,10.0,0.0524,1982-2026
-77.5,12.5,0.0525,1982-2026
-77.5,15.0,0.0515,1982-2026
-77.5,17.5,0.0521,1982-2026
-77.5,20.0,0.0519,1982-2026
-77.5,22.5,0.0498,1982-2026
-77.5,25.0,0.0471,1982-2026
-77.5,27.5,0.0468,1982-2026
-77.5,30.0,0.0497,1982-2026
-77.5,32.5,0.0473,1982-2026
-77.5,35.0,0.0593,1982-2026
-77.5,37.5,0.0778,1982-2026
-77.5,40.0,0.0472,1982-2026
-77.5,42.5,-0.0269,1982-2026
-77.5,45.0,-0.0429,1982-2026
-77.5,47.5,-0.0279,1982-2026
-77.5,50.0,-0.0198,1982-2026
-77.5,52.5,-0.0148,1982-2026
-77.5,55.0,-0.0016,1982-2026
-77.5,57.5,0.0008,1982-2026
-77.5,60.0,0.0263,1982-2026
-77.5,62.5,0.0356,1982-2026
-77.5,65.0,0.0177,1982-2026
-77.5,67.5,0.001,1982-2026
-77.5,70.0,-0.0139,1982-2026
-77.5,72.5,-0.0176,1982-2026
-77.5,75.0,0.0019,1982-2026
-77.5,77.5,0.0248,1982-2026
-77.5,80.0,0.0271,1982-2026
-77.5,82.5,0.0139,1982-2026
-77.5,85.0,0.0037,1982-2026
-77.5,87.5,-0.006,1982-2026
-77.5,90.0,-0.0197,1982-2026
-77.5,92.5,-0.0141,1982-2026
-77.5,95.0,0.0534,1982-2026
-77.5,97.5,0.0615,1982-2026
-77.5,100.0,0.0621,1982-2026
-77.5,102.5,0.0662,1982-2026
-77.5,105.0,0.0778,1982-2026
-77.5,107.5,0.0676,1982-2026
-77.5,110.0,0.0657,1982-2026
-77.5,112.5,0.0623,1982-2026
-77.5,115.0,0.0601,1982-2026
-77.5,117.5,0.0559,1982-2026
-77.5,120.0,0.0493,1982-2026
-77.5,122.5,0.0471,1982-2026
-77.5,125.0,0.0381,1982-2026
-77.5,127.5,0.0126,1982-2026
-77.5,130.0,0.0128,1982-2026
-77.5,132.5,0.0125,1982-2026
-77.5,135.0,0.0161,1982-2026
-77.5,137.5,0.012,1982-2026
-77.5,140.0,0.0086,1982-2026
-77.5,142.5,0.01,1982-2026
-77.5,145.0,0.0083,1982-2026
-77.5,147.5,0.0057,1982-2026
-77.5,150.0,0.0035,1982-2026
-77.5,152.5,0.0077,1982-2026
-77.5,155.0,0.012,1982-2026
-77.5,157.5,0.0231,1982-2026
-77.5,160.0,-0.0013,1982-2026
-77.5,162.5,0.0084,1982-2026
-77.5,165.0,0.0279,1982-2026
-77.5,167.5,0.0099,1982-2026
-77.5,170.0,0.0122,1982-2026
-77.5,172.5,-0.006,1982-2026
-77.5,175.0,0.0038,1982-2026
-77.5,177.5,0.0289,1982-2026
-77.5,180.0,0.0399,1982-2026
-77.5,-177.5,0.0399,1982-2026
-77.5,-175.0,0.0357,1982-2026
-77.5,-172.5,0.0351,1982-2026
-77.5,-170.0,0.021,1982-2026
-77.5,-167.5,0.005,1982-2026
-77.5,-165.0,-0.0036,1982-2026
-77.5,-162.5,-0.0109,1982-2026
-77.5,-160.0,-0.0049,1982-2026
-77.5,-157.5,-0.0349,1982-2026
-77.5,-155.0,-0.0231,1982-2026
-77.5,-152.5,-0.0023,1982-2026
-77.5,-150.0,0.0219,1982-2026
-77.5,-147.5,0.0103,1982-2026
-77.5,-145.0,0.0014,1982-2026
-77.5,-142.5,-0.0286,1982-2026
-77.5,-140.0,-0.0714,1982-2026
-77.5,-137.5,-0.0688,1982-2026
-77.5,-135.0,-0.0591,1982-2026
-77.5,-132.5,-0.0544,1982-2026
-77.5,-130.0,-0.0512,1982-2026
-77.5,-127.5,-0.0548,1982-2026
-77.5,-125.0,0.0044,1982-2026
-77.5,-122.5,-0.0206,1982-2026
-77.5,-120.0,-0.0174,1982-2026
-77.5,-117.5,0.0567,1982-2026
-77.5,-115.0,0.0695,1982-2026
-77.5,-112.5,0.0636,1982-2026
-77.5,-110.0,0.0796,1982-2026
-77.5,-107.5,0.0948,1982-2026
-77.5,-105.0,0.1015,1982-2026
-77.5,-102.5,0.113,1982-2026
-77.5,-100.0,0.1123,1982-2026
-77.5,-97.5,0.0956,1982-2026
-77.5,-95.0,0.0749,1982-2026
-77.5,-92.5,0.0505,1982-2026
-77.5,-90.0,0.0448,1982-2026
-77.5,-87.5,0.0655,1982-2026
-77.5,-85.0,0.0036,1982-2026
-77.5,-82.5,-0.0674,1982-2026
-77.5,-80.0,-0.0546,1982-2026
-77.5,-77.5,-0.0186,1982-2026
-77.5,-75.0,-0.004,1982-2026
-77.5,-72.5,-0.0132,1982-2026
-77.5,-70.0,-0.0525,1982-2026
-77.5,-67.5,-0.0639,1982-2026
-77.5,-65.0,-0.0654,1982-2026
-77.5,-62.5,-0.0555,1982-2026
-77.5,-60.0,-0.0414,1982-2026
-77.5,-57.5,-0.0237,1982-2026
-77.5,-55.0,-0.0184,1982-2026
-77.5,-52.5,-0.0147,1982-2026
-77.5,-50.0,-0.0235,1982-2026
-77.5,-47.5,0.0024,1982-2026
-77.5,-45.0,-0.0401,1982-2026
-77.5,-42.5,-0.0507,1982-2026
-77.5,-40.0,-0.0574,1982-2026
-77.5,-37.5,-0.0471,1982-2026
-77.5,-35.0,0.0179,1982-2026
-77.5,-32.5,-0.0554,1982-2026
-77.5,-30.0,-0.0387,1982-2026
-77.5,-27.5,-0.0358,1982-2026
-77.5,-25.0,-0.0416,1982-2026
-77.5,-22.5,-0.0494,1982-2026
-77.5,-20.0,-0.0358,1982-2026
-77.5,-17.5,-0.0078,1982-2026
-77.5,-15.0,0.0038,1982-2026
-77.5,-12.5,0.018,1982-2026
-77.5,-10.0,0.0301,1982-2026
-77.5,-7.5,0.0367,1982-2026
-77.5,-5.0,0.0431,1982-2026
-77.5,-2.5,0.0483,1982-2026
-80.0,0.0,0.0337,1982-2026
-80.0,2.5,0.0423,1982-2026
-80.0,5.0,0.0543,1982-2026
-80.0,7.5,0.0626,1982-2026
-80.0,10.0,0.0704,1982-2026
-80.0,12.5,0.0729,1982-2026
-80.0,15.0,0.0749,1982-2026
-80.0,17.5,0.0763,1982-2026
-80.0,20.0,0.0753,1982-2026
-80.0,22.5,0.0729,1982-2026
-80.0,25.0,0.0699,1982-2026
-80.0,27.5,0.0666,1982-2026
-80.0,30.0,0.0635,1982-2026
-80.0,32.5,0.0613,1982-2026
-80.0,35.0,0.0569,1982-2026
-80.0,37.5,0.0499,1982-2026
-80.0,40.0,0.0441,1982-2026
-80.0,42.5,0.0419,1982-2026
-80.0,45.0,0.0433,1982-2026
-80.0,47.5,0.0454,1982-2026
-80.0,50.0,0.0148,1982-2026
-80.0,52.5,-0.0104,1982-2026
-80.0,55.0,-0.0218,1982-2026
-80.0,57.5,-0.0214,1982-2026
-80.0,60.0,-0.0185,1982-2026
-80.0,62.5,-0.0161,1982-2026
-80.0,65.0,-0.0114,1982-2026
-80.0,67.5,-0.0072,1982-2026
-80.0,70.0,-0.0058,1982-2026
-80.0,72.5,-0.0075,1982-2026
-80.0,75.0,-0.0149,1982-2026
-80.0,77.5,0.0051,1982-2026
-80.0,80.0,0.0144,1982-2026
-80.0,82.5,0.006,1982-2026
-80.0,85.0,0.0102,1982-2026
-80.0,87.5,0.025,1982-2026
-80.0,90.0,0.0451,1982-2026
-80.0,92.5,0.0468,1982-2026
-80.0,95.0,0.0413,1982-2026
-80.0,97.5,0.0396,1982-2026
-80.0,100.0,0.0388,1982-2026
-80.0,102.5,0.0437,1982-2026
-80.0,105.0,0.0528,1982-2026
-80.0,107.5,0.0616,1982-2026
-80.0,110.0,0.0647,1982-2026
-80.0,112.5,0.0585,1982-2026
-80.0,115.0,0.0533,1982-2026
-80.0,117.5,0.0549,1982-2026
-80.0,120.0,0.0566,1982-2026
-80.0,122.5,0.0616,1982-2026
-80.0,125.0,0.065,1982-2026
-80.0,127.5,0.0504,1982-2026
-80.0,130.0,0.0363,1982-2026
-80.0,132.5,0.0327,1982-2026
-80.0,135.0,0.0323,1982-2026
-80.0,137.5,0.0257,1982-2026
-80.0,140.0,0.0196,1982-2026
-80.0,142.5,0.0129,1982-2026
-80.0,145.0,-0.0032,1982-2026
-80.0,147.5,-0.029,1982-2026
-80.0,150.0,-0.0359,1982-2026
-80.0,152.5,-0.034,1982-2026
-80.0,155.0,-0.0104,1982-2026
-80.0,157.5,-0.0327,1982-2026
-80.0,160.0,0.0198,1982-2026
-80.0,162.5,0.0061,1982-2026
-80.0,165.0,-0.0031,1982-2026
-80.0,167.5,-0.0001,1982-2026
-80.0,170.0,0.0169,1982-2026
-80.0,172.5,0.037,1982-2026
-80.0,175.0,0.0504,1982-2026
-80.0,177.5,0.0625,1982-2026
-80.0,180.0,0.0635,1982-2026
-80.0,-177.5,0.057,1982-2026
-80.0,-175.0,0.0483,1982-2026
-80.0,-172.5,0.0288,1982-2026
-80.0,-170.0,0.0088,1982-2026
-80.0,-167.5,-0.0124,1982-2026
-80.0,-165.0,-0.0328,1982-2026
-80.0,-162.5,-0.0399,1982-2026
-80.0,-160.0,-0.0376,1982-2026
-80.0,-157.5,-0.0489,1982-2026
-80.0,-155.0,-0.057,1982-2026
-80.0,-152.5,-0.0554,1982-2026
-80.0,-150.0,-0.0446,1982-2026
-80.0,-147.5,-0.0165,1982-2026
-80.0,-145.0,-0.0226,1982-2026
-80.0,-142.5,-0.0307,1982-2026
-80.0,-140.0,-0.0244,1982-2026
-80.0,-137.5,-0.0055,1982-2026
-80.0,-135.0,0.0,1982-2026
-80.0,-132.5,0.0143,1982-2026
-80.0,-130.0,0.0333,1982-2026
-80.0,-127.5,0.0552,1982-2026
-80.0,-125.0,0.0655,1982-2026
-80.0,-122.5,0.0612,1982-2026
-80.0,-120.0,0.0518,1982-2026
-80.0,-117.5,0.0603,1982-2026
-80.0,-115.0,0.065,1982-2026
-80.0,-112.5,0.0708,1982-2026
-80.0,-110.0,0.0881,1982-2026
-80.0,-107.5,0.1002,1982-2026
-80.0,-105.0,0.1062,1982-2026
-80.0,-102.5,0.0927,1982-2026
-80.0,-100.0,0.0746,1982-2026
-80.0,-97.5,0.0654,1982-2026
-80.0,-95.0,0.0594,1982-2026
-80.0,-92.5,-0.0271,1982-2026
-80.0,-90.0,-0.0932,1982-2026
-80.0,-87.5,-0.0694,1982-2026
-80.0,-85.0,-0.0481,1982-2026
-80.0,-82.5,-0.023,1982-2026
-80.0,-80.0,-0.0123,1982-2026
-80.0,-77.5,-0.016,1982-2026
-80.0,-75.0,-0.0097,1982-2026
-80.0,-72.5,-0.0159,1982-2026
-80.0,-70.0,-0.0159,1982-2026
-80.0,-67.5,-0.02,1982-2026
-80.0,-65.0,-0.021,1982-2026
-80.0,-62.5,-0.0299,1982-2026
-80.0,-60.0,-0.0299,1982-2026
-80.0,-57.5,-0.0288,1982-2026
-80.0,-55.0,-0.0317,1982-2026
-80.0,-52.5,-0.0404,1982-2026
-80.0,-50.0,-0.0714,1982-2026
-80.0,-47.5,-0.0571,1982-2026
-80.0,-45.0,-0.033,1982-2026
-80.0,-42.5,-0.0293,1982-2026
-80.0,-40.0,-0.0353,1982-2026
-80.0,-37.5,-0.0575,1982-2026
-80.0,-35.0,-0.0744,1982-2026
-80.0,-32.5,-0.0661,1982-2026
-80.0,-30.0,-0.0715,1982-2026
-80.0,-27.5,-0.077,1982-2026
-80.0,-25.0,-0.0852,1982-2026
-80.0,-22.5,-0.0851,1982-2026
-80.0,-20.0,-0.0952,1982-2026
-80.0,-17.5,-0.069,1982-2026
-80.0,-15.0,-0.0411,1982-2026
-80.0,-12.5,-0.0184,1982-2026
-80.0,-10.0,0.0006,1982-2026
-80.0,-7.5,0.0118,1982-2026
-80.0,-5.0,0.024,1982-2026
-80.0,-2.5,0.0305,1982-2026
-82.5,0.0,-0.0329,1982-2026
-82.5,2.5,-0.027,1982-2026
-82.5,5.0,-0.0133,1982-2026
-82.5,7.5,0.0074,1982-2026
-82.5,10.0,0.0233,1982-2026
-82.5,12.5,0.0391,1982-2026
-82.5,15.0,0.047,1982-2026
-82.5,17.5,0.0527,1982-2026
-82.5,20.0,0.0577,1982-2026
-82.5,22.5,0.0586,1982-2026
-82.5,25.0,0.057,1982-2026
-82.5,27.5,0.0488,1982-2026
-82.5,30.0,0.0509,1982-2026
-82.5,32.5,0.0555,1982-2026
-82.5,35.0,0.0518,1982-2026
-82.5,37.5,0.0509,1982-2026
-82.5,40.0,0.0553,1982-2026
-82.5,42.5,0.0543,1982-2026
-82.5,45.0,0.0483,1982-2026
-82.5,47.5,0.0405,1982-2026
-82.5,50.0,0.035,1982-2026
-82.5,52.5,0.0326,1982-2026
-82.5,55.0,0.03,1982-2026
-82.5,57.5,0.0271,1982-2026
-82.5,60.0,0.0258,1982-2026
-82.5,62.5,0.033,1982-2026
-82.5,65.0,0.0395,1982-2026
-82.5,67.5,0.047,1982-2026
-82.5,70.0,0.0525,1982-2026
-82.5,72.5,0.0561,1982-2026
-82.5,75.0,0.0535,1982-2026
-82.5,77.5,0.0491,1982-2026
-82.5,80.0,0.046,1982-2026
-82.5,82.5,0.0458,1982-2026
-82.5,85.0,0.0465,1982-2026
-82.5,87.5,0.0479,1982-2026
-82.5,90.0,0.0485,1982-2026
-82.5,92.5,0.0483,1982-2026
-82.5,95.0,0.0484,1982-2026
-82.5,97.5,0.0495,1982-2026
-82.5,100.0,0.0523,1982-2026
-82.5,102.5,0.0558,1982-2026
-82.5,105.0,0.0622,1982-2026
-82.5,107.5,0.0627,1982-2026
-82.5,110.0,0.0562,1982-2026
-82.5,112.5,0.065,1982-2026
-82.5,115.0,0.0818,1982-2026
-82.5,117.5,0.0787,1982-2026
-82.5,120.0,0.0712,1982-2026
-82.5,122.5,0.0707,1982-2026
-82.5,125.0,0.0726,1982-2026
-82.5,127.5,0.0768,1982-2026
-82.5,130.0,0.0813,1982-2026
-82.5,132.5,0.0821,1982-2026
-82.5,135.0,0.0822,1982-2026
-82.5,137.5,0.0852,1982-2026
-82.5,140.0,0.0847,1982-2026
-82.5,142.5,0.0816,1982-2026
-82.5,145.0,0.0737,1982-2026
-82.5,147.5,0.0677,1982-2026
-82.5,150.0,0.0724,1982-2026
-82.5,152.5,0.076,1982-2026
-82.5,155.0,0.0194,1982-2026
-82.5,157.5,-0.0154,1982-2026
-82.5,160.0,-0.0105,1982-2026
-82.5,162.5,0.004,1982-2026
-82.5,165.0,0.024,1982-2026
-82.5,167.5,0.039,1982-2026
-82.5,170.0,-0.0191,1982-2026
-82.5,172.5,0.0404,1982-2026
-82.5,175.0,0.0727,1982-2026
-82.5,177.5,0.0941,1982-2026
-82.5,180.0,0.1095,1982-2026
-82.5,-177.5,0.11,1982-2026
-82.5,-175.0,0.1071,1982-2026
-82.5,-172.5,0.0981,1982-2026
-82.5,-170.0,0.085,1982-2026
-82.5,-167.5,0.072,1982-2026
-82.5,-165.0,0.0578,1982-2026
-82.5,-162.5,0.0412,1982-2026
-82.5,-160.0,0.0249,1982-2026
-82.5,-157.5,0.0172,1982-2026
-82.5,-155.0,0.011,1982-2026
-82.5,-152.5,0.0004,1982-2026
-82.5,-150.0,-0.003,1982-2026
-82.5,-147.5,0.0107,1982-2026
-82.5,-145.0,0.0199,1982-2026
-82.5,-142.5,0.019,1982-2026
-82.5,-140.0,0.0265,1982-2026
-82.5,-137.5,0.0409,1982-2026
-82.5,-135.0,0.0511,1982-2026
-82.5,-132.5,0.0565,1982-2026
-82.5,-130.0,0.0642,1982-2026
-82.5,-127.5,0.0718,1982-2026
-82.5,-125.0,0.0782,1982-2026
-82.5,-122.5,0.0787,1982-2026
-82.5,-120.0,0.0692,1982-2026
-82.5,-117.5,0.0671,1982-2026
-82.5,-115.0,0.0642,1982-2026
-82.5,-112.5,0.0609,1982-2026
-82.5,-110.0,0.06,1982-2026
-82.5,-107.5,0.0635,1982-2026
-82.5,-105.0,0.0612,1982-2026
-82.5,-102.5,-0.0071,1982-2026
-82.5,-100.0,-0.0632,1982-2026
-82.5,-97.5,-0.0899,1982-2026
-82.5,-95.0,-0.1135,1982-2026
-82.5,-92.5,-0.0876,1982-2026
-82.5,-90.0,-0.0586,1982-2026
-82.5,-87.5,-0.0432,1982-2026
-82.5,-85.0,-0.0314,1982-2026
-82.5,-82.5,-0.0269,1982-2026
-82.5,-80.0,-0.0235,1982-2026
-82.5,-77.5,-0.018,1982-2026
-82.5,-75.0,-0.0121,1982-2026
-82.5,-72.5,-0.0053,1982-2026
-82.5,-70.0,-0.001,1982-2026
-82.5,-67.5,0.0,1982-2026
-82.5,-65.0,0.0095,1982-2026
-82.5,-62.5,0.0349,1982-2026
-82.5,-60.0,0.0257,1982-2026
-82.5,-57.5,0.0136,1982-2026
-82.5,-55.0,0.0251,1982-2026
-82.5,-52.5,0.0055,1982-2026
-82.5,-50.0,-0.0077,1982-2026
-82.5,-47.5,-0.0044,1982-2026
-82.5,-45.0,0.004,1982-2026
-82.5,-42.5,-0.0418,1982-2026
-82.5,-40.0,-0.0685,1982-2026
-82.5,-37.5,-0.0768,1982-2026
-82.5,-35.0,-0.0756,1982-2026
-82.5,-32.5,-0.0743,1982-2026
-82.5,-30.0,-0.0744,1982-2026
-82.5,-27.5,-0.072,1982-2026
-82.5,-25.0,-0.067,1982-2026
-82.5,-22.5,-0.0577,1982-2026
-82.5,-20.0,-0.0579,1982-2026
-82.5,-17.5,-0.0635,1982-2026
-82.5,-15.0,-0.0616,1982-2026
-82.5,-12.5,-0.0501,1982-2026
-82.5,-10.0,-0.0412,1982-2026
-82.5,-7.5,-0.0363,1982-2026
-82.5,-5.0,-0.0355,1982-2026
-82.5,-2.5,-0.0353,1982-2026
-85.0,0.0,0.0059,1982-2026
-85.0,2.5,0.008,1982-2026
-85.0,5.0,0.011,1982-2026
-85.0,7.5,0.0137,1982-2026
-85.0,10.0,0.0164,1982-2026
-85.0,12.5,0.0205,1982-2026
-85.0,15.0,0.0267,1982-2026
-85.0,17.5,0.0331,1982-2026
-85.0,20.0,0.0393,1982-2026
-85.0,22.5,0.0437,1982-2026
-85.0,25.0,0.0463,1982-2026
-85.0,27.5,0.0477,1982-2026
-85.0,30.0,0.0488,1982-2026
-85.0,32.5,0.0514,1982-2026
-85.0,35.0,0.0545,1982-2026
-85.0,37.5,0.0599,1982-2026
-85.0,40.0,0.0658,1982-2026
-85.0,42.5,0.0704,1982-2026
-85.0,45.0,0.076,1982-2026
-85.0,47.5,0.0826,1982-2026
-85.0,50.0,0.085,1982-2026
-85.0,52.5,0.0852,1982-2026
-85.0,55.0,0.0845,1982-2026
-85.0,57.5,0.0841,1982-2026
-85.0,60.0,0.0851,1982-2026
-85.0,62.5,0.0865,1982-2026
-85.0,65.0,0.0881,1982-2026
-85.0,67.5,0.0893,1982-2026
-85.0,70.0,0.0894,1982-2026
-85.0,72.5,0.0888,1982-2026
-85.0,75.0,0.0875,1982-2026
-85.0,77.5,0.0859,1982-2026
-85.0,80.0,0.0851,1982-2026
-85.0,82.5,0.0845,1982-2026
-85.0,85.0,0.0846,1982-2026
-85.0,87.5,0.0854,1982-2026
-85.0,90.0,0.0848,1982-2026
-85.0,92.5,0.0839,1982-2026
-85.0,95.0,0.0832,1982-2026
-85.0,97.5,0.0834,1982-2026
-85.0,100.0,0.084,1982-2026
-85.0,102.5,0.084,1982-2026
-85.0,105.0,0.0834,1982-2026
-85.0,107.5,0.0845,1982-2026
-85.0,110.0,0.087,1982-2026
-85.0,112.5,0.0892,1982-2026
-85.0,115.0,0.0919,1982-2026
-85.0,117.5,0.096,1982-2026
-85.0,120.0,0.1016,1982-2026
-85.0,122.5,0.1068,1982-2026
-85.0,125.0,0.1128,1982-2026
-85.0,127.5,0.1163,1982-2026
-85.0,130.0,0.1193,1982-2026
-85.0,132.5,0.1241,1982-2026
-85.0,135.0,0.1286,1982-2026
-85.0,137.5,0.1339,1982-2026
-85.0,140.0,0.1352,1982-2026
-85.0,142.5,0.1377,1982-2026
-85.0,145.0,0.1423,1982-2026
-85.0,147.5,0.148,1982-2026
-85.0,150.0,0.1492,1982-2026
-85.0,152.5,0.1558,1982-2026
-85.0,155.0,0.1512,1982-2026
-85.0,157.5,0.1515,1982-2026
-85.0,160.0,0.1137,1982-2026
-85.0,162.5,0.0213,1982-2026
-85.0,165.0,-0.0145,1982-2026
-85.0,167.5,0.0092,1982-2026
-85.0,170.0,0.0094,1982-2026
-85.0,172.5,0.009,1982-2026
-85.0,175.0,0.0285,1982-2026
-85.0,177.5,0.0306,1982-2026
-85.0,180.0,0.0187,1982-2026
-85.0,-177.5,0.0133,1982-2026
-85.0,-175.0,0.0031,1982-2026
-85.0,-172.5,0.0008,1982-2026
-85.0,-170.0,-0.0005,1982-2026
-85.0,-167.5,0.0306,1982-2026
-85.0,-165.0,0.0638,1982-2026
-85.0,-162.5,0.104,1982-2026
-85.0,-160.0,0.126,1982-2026
-85.0,-157.5,0.1303,1982-2026
-85.0,-155.0,0.1326,1982-2026
-85.0,-152.5,0.13,1982-2026
-85.0,-150.0,0.1244,1982-2026
-85.0,-147.5,0.1343,1982-2026
-85.0,-145.0,0.1299,1982-2026
-85.0,-142.5,0.1245,1982-2026
-85.0,-140.0,0.1194,1982-2026
-85.0,-137.5,0.1126,1982-2026
-85.0,-135.0,0.1105,1982-2026
-85.0,-132.5,0.1138,1982-2026
-85.0,-130.0,0.1144,1982-2026
-85.0,-127.5,0.108,1982-2026
-85.0,-125.0,0.0922,1982-2026
-85.0,-122.5,0.0739,1982-2026
-85.0,-120.0,0.0668,1982-2026
-85.0,-117.5,0.0602,1982-2026
-85.0,-115.0,0.0573,1982-2026
-85.0,-112.5,0.0584,1982-2026
-85.0,-110.0,0.0577,1982-2026
-85.0,-107.5,0.0526,1982-2026
-85.0,-105.0,0.046,1982-2026
-85.0,-102.5,0.0354,1982-2026
-85.0,-100.0,0.012,1982-2026
-85.0,-97.5,-0.0081,1982-2026
-85.0,-95.0,-0.0096,1982-2026
-85.0,-92.5,-0.0146,1982-2026
-85.0,-90.0,-0.018,1982-2026
-85.0,-87.5,-0.009,1982-2026
-85.0,-85.0,-0.0152,1982-2026
-85.0,-82.5,-0.0218,1982-2026
-85.0,-80.0,-0.0219,1982-2026
-85.0,-77.5,-0.0154,1982-2026
-85.0,-75.0,-0.0046,1982-2026
-85.0,-72.5,0.0043,1982-2026
-85.0,-70.0,0.0,1982-2026
-85.0,-67.5,-0.0072,1982-2026
-85.0,-65.0,-0.0106,1982-2026
-85.0,-62.5,-0.0106,1982-2026
-85.0,-60.0,-0.017,1982-2026
-85.0,-57.5,-0.0211,1982-2026
-85.0,-55.0,-0.0204,1982-2026
-85.0,-52.5,-0.0175,1982-2026
-85.0,-50.0,-0.0151,1982-2026
-85.0,-47.5,-0.0149,1982-2026
-85.0,-45.0,-0.0158,1982-2026
-85.0,-42.5,-0.0175,1982-2026
-85.0,-40.0,-0.0184,1982-2026
-85.0,-37.5,-0.0191,1982-2026
-85.0,-35.0,-0.0188,1982-2026
-85.0,-32.5,-0.0158,1982-2026
-85.0,-30.0,-0.012,1982-2026
-85.0,-27.5,-0.0118,1982-2026
-85.0,-25.0,-0.0129,1982-2026
-85.0,-22.5,-0.0139,1982-2026
-85.0,-20.0,-0.0132,1982-2026
-85.0,-17.5,-0.0103,1982-2026
-85.0,-15.0,-0.0062,1982-2026
-85.0,-12.5,-0.0023,1982-2026
-85.0,-10.0,-0.0011,1982-2026
-85.0,-7.5,0.0002,1982-2026
-85.0,-5.0,0.0021,1982-2026
-85.0,-2.5,0.0038,1982-2026
-87.5,0.0,0.0322,1982-2026
-87.5,2.5,0.0337,1982-2026
-87.5,5.0,0.0354,1982-2026
-87.5,7.5,0.0391,1982-2026
-87.5,10.0,0.0435,1982-2026
-87.5,12.5,0.0488,1982-2026
-87.5,15.0,0.0542,1982-2026
-87.5,17.5,0.0577,1982-2026
-87.5,20.0,0.0616,1982-2026
-87.5,22.5,0.0625,1982-2026
-87.5,25.0,0.0634,1982-2026
-87.5,27.5,0.0624,1982-2026
-87.5,30.0,0.0622,1982-2026
-87.5,32.5,0.0622,1982-2026
-87.5,35.0,0.0616,1982-2026
-87.5,37.5,0.0637,1982-2026
-87.5,40.0,0.0659,1982-2026
-87.5,42.5,0.0713,1982-2026
-87.5,45.0,0.0789,1982-2026
-87.5,47.5,0.0867,1982-2026
-87.5,50.0,0.0937,1982-2026
-87.5,52.5,0.0982,1982-2026
-87.5,55.0,0.1028,1982-2026
-87.5,57.5,0.1053,1982-2026
-87.5,60.0,0.1076,1982-2026
-87.5,62.5,0.1088,1982-2026
-87.5,65.0,0.1101,1982-2026
-87.5,67.5,0.111,1982-2026
-87.5,70.0,0.1118,1982-2026
-87.5,72.5,0.1116,1982-2026
-87.5,75.0,0.1115,1982-2026
-87.5,77.5,0.111,1982-2026
-87.5,80.0,0.1108,1982-2026
-87.5,82.5,0.1107,1982-2026
-87.5,85.0,0.1106,1982-2026
-87.5,87.5,0.1103,1982-2026
-87.5,90.0,0.1103,1982-2026
-87.5,92.5,0.1103,1982-2026
-87.5,95.0,0.1101,1982-2026
-87.5,97.5,0.1087,1982-2026
-87.5,100.0,0.1075,1982-2026
-87.5,102.5,0.1061,1982-2026
-87.5,105.0,0.1049,1982-2026
-87.5,107.5,0.1046,1982-2026
-87.5,110.0,0.1047,1982-2026
-87.5,112.5,0.1039,1982-2026
-87.5,115.0,0.1037,1982-2026
-87.5,117.5,0.1023,1982-2026
-87.5,120.0,0.1017,1982-2026
-87.5,122.5,0.1019,1982-2026
-87.5,125.0,0.1023,1982-2026
-87.5,127.5,0.1053,1982-2026
-87.5,130.0,0.1081,1982-2026
-87.5,132.5,0.1121,1982-2026
-87.5,135.0,0.1162,1982-2026
-87.5,137.5,0.1189,1982-2026
-87.5,140.0,0.121,1982-2026
-87.5,142.5,0.1214,1982-2026
-87.5,145.0,0.1227,1982-2026
-87.5,147.5,0.1241,1982-2026
-87.5,150.0,0.1262,1982-2026
-87.5,152.5,0.1288,1982-2026
-87.5,155.0,0.1317,1982-2026
-87.5,157.5,0.1359,1982-2026
-87.5,160.0,0.1402,1982-2026
-87.5,162.5,0.1424,1982-2026
-87.5,165.0,0.1455,1982-2026
-87.5,167.5,0.1467,1982-2026
-87.5,170.0,0.1483,1982-2026
-87.5,172.5,0.1494,1982-2026
-87.5,175.0,0.1498,1982-2026
-87.5,177.5,0.1494,1982-2026
-87.5,180.0,0.1491,1982-2026
-87.5,-177.5,0.1451,1982-2026
-87.5,-175.0,0.1404,1982-2026
-87.5,-172.5,0.1342,1982-2026
-87.5,-170.0,0.1269,1982-2026
-87.5,-167.5,0.1227,1982-2026
-87.5,-165.0,0.1192,1982-2026
-87.5,-162.5,0.115,1982-2026
-87.5,-160.0,0.1116,1982-2026
-87.5,-157.5,0.1034,1982-2026
-87.5,-155.0,0.0929,1982-2026
-87.5,-152.5,0.0849,1982-2026
-87.5,-150.0,0.0775,1982-2026
-87.5,-147.5,0.0795,1982-2026
-87.5,-145.0,0.0792,1982-2026
-87.5,-142.5,0.0807,1982-2026
-87.5,-140.0,0.0828,1982-2026
-87.5,-137.5,0.0797,1982-2026
-87.5,-135.0,0.0773,1982-2026
-87.5,-132.5,0.0747,1982-2026
-87.5,-130.0,0.0709,1982-2026
-87.5,-127.5,0.067,1982-2026
-87.5,-125.0,0.0631,1982-2026
-87.5,-122.5,0.0561,1982-2026
-87.5,-120.0,0.0495,1982-2026
-87.5,-117.5,0.0441,1982-2026
-87.5,-115.0,0.0381,1982-2026
-87.5,-112.5,0.0313,1982-2026
-87.5,-110.0,0.0242,1982-2026
-87.5,-107.5,0.0171,1982-2026
-87.5,-105.0,0.0096,1982-2026
-87.5,-102.5,0.0043,1982-2026
-87.5,-100.0,-0.0016,1982-2026
-87.5,-97.5,-0.0034,1982-2026
-87.5,-95.0,-0.0048,1982-2026
-87.5,-92.5,-0.0029,1982-2026
-87.5,-90.0,-0.0012,1982-2026
-87.5,-87.5,0.0011,1982-2026
-87.5,-85.0,0.0029,1982-2026
-87.5,-82.5,0.005,1982-2026
-87.5,-80.0,0.0072,1982-2026
-87.5,-77.5,0.0089,1982-2026
-87.5,-75.0,0.011,1982-2026
-87.5,-72.5,0.0117,1982-2026
-87.5,-70.0,0.0119,1982-2026
-87.5,-67.5,0.01,1982-2026
-87.5,-65.0,0.0081,1982-2026
-87.5,-62.5,0.0048,1982-2026
-87.5,-60.0,0.0017,1982-2026
-87.5,-57.5,-0.0007,1982-2026
-87.5,-55.0,-0.003,1982-2026
-87.5,-52.5,-0.0042,1982-2026
-87.5,-50.0,-0.0049,1982-2026
-87.5,-47.5,-0.0031,1982-2026
-87.5,-45.0,-0.0016,1982-2026
-87.5,-42.5,0.0019,1982-2026
-87.5,-40.0,0.0059,1982-2026
-87.5,-37.5,0.0081,1982-2026
-87.5,-35.0,0.0101,1982-2026
-87.5,-32.5,0.0095,1982-2026
-87.5,-30.0,0.0087,1982-2026
-87.5,-27.5,0.0083,1982-2026
-87.5,-25.0,0.008,1982-2026
-87.5,-22.5,0.0092,1982-2026
-87.5,-20.0,0.0105,1982-2026
-87.5,-17.5,0.0132,1982-2026
-87.5,-15.0,0.0161,1982-2026
-87.5,-12.5,0.0196,1982-2026
-87.5,-10.0,0.0233,1982-2026
-87.5,-7.5,0.0263,1982-2026
-87.5,-5.0,0.0292,1982-2026
-87.5,-2.5,0.0307,1982-2026
-90.0,0.0,0.3583,1982-2026
-90.0,2.5,0.3583,1982-2026
-90.0,5.0,0.3583,1982-2026
-90.0,7.5,0.3583,1982-2026
-90.0,10.0,0.3583,1982-2026
-90.0,12.5,0.3583,1982-2026
-90.0,15.0,0.3583,1982-2026
-90.0,17.5,0.3583,1982-2026
-90.0,20.0,0.3583,1982-2026
-90.0,22.5,0.3583,1982-2026
-90.0,25.0,0.3583,1982-2026
-90.0,27.5,0.3583,1982-2026
-90.0,30.0,0.3583,1982-2026
-90.0,32.5,0.3583,1982-2026
-90.0,35.0,0.3583,1982-2026
-90.0,37.5,0.3583,1982-2026
-90.0,40.0,0.3583,1982-2026
-90.0,42.5,0.3583,1982-2026
-90.0,45.0,0.3583,1982-2026
-90.0,47.5,0.3583,1982-2026
-90.0,50.0,0.3583,1982-2026
-90.0,52.5,0.3583,1982-2026
-90.0,55.0,0.3583,1982-2026
-90.0,57.5,0.3583,1982-2026
-90.0,60.0,0.3583,1982-2026
-90.0,62.5,0.3583,1982-2026
-90.0,65.0,0.3583,1982-2026
-90.0,67.5,0.3583,1982-2026
-90.0,70.0,0.3583,1982-2026
-90.0,72.5,0.3583,1982-2026
-90.0,75.0,0.3583,1982-2026
-90.0,77.5,0.3583,1982-2026
-90.0,80.0,0.3583,1982-2026
-90.0,82.5,0.3583,1982-2026
-90.0,85.0,0.3583,1982-2026
-90.0,87.5,0.3583,1982-2026
-90.0,90.0,0.3583,1982-2026
-90.0,92.5,0.3583,1982-2026
-90.0,95.0,0.3583,1982-2026
-90.0,97.5,0.3583,1982-2026
-90.0,100.0,0.3583,1982-2026
-90.0,102.5,0.3583,1982-2026
-90.0,105.0,0.3583,1982-2026
-90.0,107.5,0.3583,1982-2026
-90.0,110.0,0.3583,1982-2026
-90.0,112.5,0.3583,1982-2026
-90.0,115.0,0.3583,1982-2026
-90.0,117.5,0.3583,1982-2026
-90.0,120.0,0.3583,1982-2026
-90.0,122.5,0.3583,1982-2026
-90.0,125.0,0.3583,1982-2026
-90.0,127.5,0.3583,1982-2026
-90.0,130.0,0.3583,1982-2026
-90.0,132.5,0.3583,1982-2026
-90.0,135.0,0.3583,1982-2026
-90.0,137.5,0.3583,1982-2026
-90.0,140.0,0.3583,1982-2026
-90.0,142.5,0.3583,1982-2026
-90.0,145.0,0.3583,1982-2026
-90.0,147.5,0.3583,1982-2026
-90.0,150.0,0.3583,1982-2026
-90.0,152.5,0.3583,1982-2026
-90.0,155.0,0.3583,1982-2026
-90.0,157.5,0.3583,1982-2026
-90.0,160.0,0.3583,1982-2026
-90.0,162.5,0.3583,1982-2026
-90.0,165.0,0.3583,1982-2026
-90.0,167.5,0.3583,1982-2026
-90.0,170.0,0.3583,1982-2026
-90.0,172.5,0.3583,1982-2026
-90.0,175.0,0.3583,1982-2026
-90.0,177.5,0.3583,1982-2026
-90.0,180.0,0.3583,1982-2026
-90.0,-177.5,0.3583,1982-2026
-90.0,-175.0,0.3583,1982-2026
-90.0,-172.5,0.3583,1982-2026
-90.0,-170.0,0.3583,1982-2026
-90.0,-167.5,0.3583,1982-2026
-90.0,-165.0,0.3583,1982-2026
-90.0,-162.5,0.3583,1982-2026
-90.0,-160.0,0.3583,1982-2026
-90.0,-157.5,0.3583,1982-2026
-90.0,-155.0,0.3583,1982-2026
-90.0,-152.5,0.3583,1982-2026
-90.0,-150.0,0.3583,1982-2026
-90.0,-147.5,0.3583,1982-2026
-90.0,-145.0,0.3583,1982-2026
-90.0,-142.5,0.3583,1982-2026
-90.0,-140.0,0.3583,1982-2026
-90.0,-137.5,0.3583,1982-2026
-90.0,-135.0,0.3583,1982-2026
-90.0,-132.5,0.3583,1982-2026
-90.0,-130.0,0.3583,1982-2026
-90.0,-127.5,0.3583,1982-2026
-90.0,-125.0,0.3583,1982-2026
-90.0,-122.5,0.3583,1982-2026
-90.0,-120.0,0.3583,1982-2026
-90.0,-117.5,0.3583,1982-2026
-90.0,-115.0,0.3583,1982-2026
-90.0,-112.5,0.3583,1982-2026
-90.0,-110.0,0.3583,1982-2026
-90.0,-107.5,0.3583,1982-2026
-90.0,-105.0,0.3583,1982-2026
-90.0,-102.5,0.3583,1982-2026
-90.0,-100.0,0.3583,1982-2026
-90.0,-97.5,0.3583,1982-2026
-90.0,-95.0,0.3583,1982-2026
-90.0,-92.5,0.3583,1982-2026
-90.0,-90.0,0.3583,1982-2026
-90.0,-87.5,0.3583,1982-2026
-90.0,-85.0,0.3583,1982-2026
-90.0,-82.5,0.3583,1982-2026
-90.0,-80.0,0.3583,1982-2026
-90.0,-77.5,0.3583,1982-2026
-90.0,-75.0,0.3583,1982-2026
-90.0,-72.5,0.3583,1982-2026
-90.0,-70.0,0.3583,1982-2026
-90.0,-67.5,0.3583,1982-2026
-90.0,-65.0,0.3583,1982-2026
-90.0,-62.5,0.3583,1982-2026
-90.0,-60.0,0.3583,1982-2026
-90.0,-57.5,0.3583,1982-2026
-90.0,-55.0,0.3583,1982-2026
-90.0,-52.5,0.3583,1982-2026
-90.0,-50.0,0.3583,1982-2026
-90.0,-47.5,0.3583,1982-2026
-90.0,-45.0,0.3583,1982-2026
-90.0,-42.5,0.3583,1982-2026
-90.0,-40.0,0.3583,1982-2026
-90.0,-37.5,0.3583,1982-2026
-90.0,-35.0,0.3583,1982-2026
-90.0,-32.5,0.3583,1982-2026
-90.0,-30.0,0.3583,1982-2026
-90.0,-27.5,0.3583,1982-2026
-90.0,-25.0,0.3583,1982-2026
-90.0,-22.5,0.3583,1982-2026
-90.0,-20.0,0.3583,1982-2026
-90.0,-17.5,0.3583,1982-2026
-90.0,-15.0,0.3583,1982-2026
-90.0,-12.5,0.3583,1982-2026
-90.0,-10.0,0.3583,1982-2026
-90.0,-7.5,0.3583,1982-2026
-90.0,-5.0,0.3583,1982-2026
-90.0,-2.5,0.3583,1982-2026
