lat,lon,lead_month,forecast_date,anom,init_year,init_month
14.5,-89.5,1,2026-11,1.1912,2026,10
14.5,-88.5,1,2026-11,1.1995,2026,10
14.5,-87.5,1,2026-11,1.251,2026,10
14.5,-86.5,1,2026-11,1.1699,2026,10
14.5,-85.5,1,2026-11,1.0522,2026,10
14.5,-84.5,1,2026-11,0.99,2026,10
14.5,-83.5,1,2026-11,0.978,2026,10
14.5,-82.5,1,2026-11,0.8882,2026,10
14.5,-81.5,1,2026-11,0.8704,2026,10
14.5,-80.5,1,2026-11,0.887,2026,10
14.5,-79.5,1,2026-11,0.8918,2026,10
14.5,-78.5,1,2026-11,0.8777,2026,10
14.5,-77.5,1,2026-11,0.8699,2026,10
14.5,-76.5,1,2026-11,0.8645,2026,10
14.5,-75.5,1,2026-11,0.8674,2026,10
14.5,-74.5,1,2026-11,0.8882,2026,10
14.5,-73.5,1,2026-11,0.9089,2026,10
14.5,-72.5,1,2026-11,0.938,2026,10
14.5,-71.5,1,2026-11,0.9353,2026,10
14.5,-70.5,1,2026-11,0.9292,2026,10
14.5,-69.5,1,2026-11,0.9146,2026,10
14.5,-68.5,1,2026-11,0.8901,2026,10
14.5,-67.5,1,2026-11,0.8613,2026,10
14.5,-66.5,1,2026-11,0.8303,2026,10
14.5,-65.5,1,2026-11,0.8203,2026,10
14.5,-64.5,1,2026-11,0.8247,2026,10
14.5,-63.5,1,2026-11,0.8193,2026,10
14.5,-62.5,1,2026-11,0.7976,2026,10
14.5,-61.5,1,2026-11,0.783,2026,10
14.5,-60.5,1,2026-11,0.7693,2026,10
14.5,-59.5,1,2026-11,0.7412,2026,10
14.5,-58.5,1,2026-11,0.7251,2026,10
14.5,-57.5,1,2026-11,0.7104,2026,10
14.5,-56.5,1,2026-11,0.7134,2026,10
14.5,-55.5,1,2026-11,0.7144,2026,10
14.5,-54.5,1,2026-11,0.7029,2026,10
14.5,-53.5,1,2026-11,0.678,2026,10
14.5,-52.5,1,2026-11,0.6724,2026,10
14.5,-51.5,1,2026-11,0.6697,2026,10
14.5,-50.5,1,2026-11,0.6667,2026,10
14.5,-49.5,1,2026-11,0.6672,2026,10
14.5,-48.5,1,2026-11,0.6545,2026,10
14.5,-47.5,1,2026-11,0.6428,2026,10
14.5,-46.5,1,2026-11,0.6509,2026,10
14.5,-45.5,1,2026-11,0.665,2026,10
14.5,-44.5,1,2026-11,0.6802,2026,10
14.5,-43.5,1,2026-11,0.6807,2026,10
14.5,-42.5,1,2026-11,0.6643,2026,10
14.5,-41.5,1,2026-11,0.6709,2026,10
14.5,-40.5,1,2026-11,0.686,2026,10
14.5,-39.5,1,2026-11,0.6956,2026,10
14.5,-38.5,1,2026-11,0.7026,2026,10
14.5,-37.5,1,2026-11,0.7061,2026,10
14.5,-36.5,1,2026-11,0.7083,2026,10
14.5,-35.5,1,2026-11,0.6997,2026,10
14.5,-34.5,1,2026-11,0.6956,2026,10
14.5,-33.5,1,2026-11,0.6958,2026,10
14.5,-32.5,1,2026-11,0.7141,2026,10
14.5,-31.5,1,2026-11,0.7488,2026,10
14.5,-30.5,1,2026-11,0.7712,2026,10
13.5,-89.5,1,2026-11,1.2349,2026,10
13.5,-88.5,1,2026-11,1.2295,2026,10
13.5,-87.5,1,2026-11,1.2725,2026,10
13.5,-86.5,1,2026-11,1.2227,2026,10
13.5,-85.5,1,2026-11,1.0054,2026,10
13.5,-84.5,1,2026-11,0.9963,2026,10
13.5,-83.5,1,2026-11,0.9827,2026,10
13.5,-82.5,1,2026-11,0.9114,2026,10
13.5,-81.5,1,2026-11,0.9038,2026,10
13.5,-80.5,1,2026-11,0.9246,2026,10
13.5,-79.5,1,2026-11,0.9255,2026,10
13.5,-78.5,1,2026-11,0.9263,2026,10
13.5,-77.5,1,2026-11,0.9109,2026,10
13.5,-76.5,1,2026-11,0.8987,2026,10
13.5,-75.5,1,2026-11,0.9009,2026,10
13.5,-74.5,1,2026-11,0.9023,2026,10
13.5,-73.5,1,2026-11,0.8904,2026,10
13.5,-72.5,1,2026-11,0.8462,2026,10
13.5,-71.5,1,2026-11,0.814,2026,10
13.5,-70.5,1,2026-11,0.8555,2026,10
13.5,-69.5,1,2026-11,0.8862,2026,10
13.5,-68.5,1,2026-11,0.8772,2026,10
13.5,-67.5,1,2026-11,0.8442,2026,10
13.5,-66.5,1,2026-11,0.8013,2026,10
13.5,-65.5,1,2026-11,0.7703,2026,10
13.5,-64.5,1,2026-11,0.772,2026,10
13.5,-63.5,1,2026-11,0.8154,2026,10
13.5,-62.5,1,2026-11,0.8254,2026,10
13.5,-61.5,1,2026-11,0.8118,2026,10
13.5,-60.5,1,2026-11,0.7966,2026,10
13.5,-59.5,1,2026-11,0.7771,2026,10
13.5,-58.5,1,2026-11,0.7561,2026,10
13.5,-57.5,1,2026-11,0.7351,2026,10
13.5,-56.5,1,2026-11,0.7329,2026,10
13.5,-55.5,1,2026-11,0.739,2026,10
13.5,-54.5,1,2026-11,0.7256,2026,10
13.5,-53.5,1,2026-11,0.7029,2026,10
13.5,-52.5,1,2026-11,0.6956,2026,10
13.5,-51.5,1,2026-11,0.6963,2026,10
13.5,-50.5,1,2026-11,0.6895,2026,10
13.5,-49.5,1,2026-11,0.689,2026,10
13.5,-48.5,1,2026-11,0.6851,2026,10
13.5,-47.5,1,2026-11,0.6606,2026,10
13.5,-46.5,1,2026-11,0.6501,2026,10
13.5,-45.5,1,2026-11,0.6667,2026,10
13.5,-44.5,1,2026-11,0.6868,2026,10
13.5,-43.5,1,2026-11,0.6885,2026,10
13.5,-42.5,1,2026-11,0.6755,2026,10
13.5,-41.5,1,2026-11,0.6738,2026,10
13.5,-40.5,1,2026-11,0.6882,2026,10
13.5,-39.5,1,2026-11,0.7083,2026,10
13.5,-38.5,1,2026-11,0.72,2026,10
13.5,-37.5,1,2026-11,0.7185,2026,10
13.5,-36.5,1,2026-11,0.7117,2026,10
13.5,-35.5,1,2026-11,0.6931,2026,10
13.5,-34.5,1,2026-11,0.6672,2026,10
13.5,-33.5,1,2026-11,0.6479,2026,10
13.5,-32.5,1,2026-11,0.6472,2026,10
13.5,-31.5,1,2026-11,0.6494,2026,10
13.5,-30.5,1,2026-11,0.6521,2026,10
12.5,-89.5,1,2026-11,1.2402,2026,10
12.5,-88.5,1,2026-11,1.2954,2026,10
12.5,-87.5,1,2026-11,1.3904,2026,10
12.5,-86.5,1,2026-11,1.4712,2026,10
12.5,-85.5,1,2026-11,1.2114,2026,10
12.5,-84.5,1,2026-11,1.0615,2026,10
12.5,-83.5,1,2026-11,1.0098,2026,10
12.5,-82.5,1,2026-11,0.9397,2026,10
12.5,-81.5,1,2026-11,0.958,2026,10
12.5,-80.5,1,2026-11,0.9661,2026,10
12.5,-79.5,1,2026-11,0.9768,2026,10
12.5,-78.5,1,2026-11,0.9893,2026,10
12.5,-77.5,1,2026-11,0.998,2026,10
12.5,-76.5,1,2026-11,1.0,2026,10
12.5,-75.5,1,2026-11,0.9683,2026,10
12.5,-74.5,1,2026-11,0.9805,2026,10
12.5,-73.5,1,2026-11,0.9507,2026,10
12.5,-72.5,1,2026-11,0.9102,2026,10
12.5,-71.5,1,2026-11,0.9424,2026,10
12.5,-70.5,1,2026-11,0.7271,2026,10
12.5,-69.5,1,2026-11,0.7986,2026,10
12.5,-68.5,1,2026-11,0.8271,2026,10
12.5,-67.5,1,2026-11,0.8254,2026,10
12.5,-66.5,1,2026-11,0.8101,2026,10
12.5,-65.5,1,2026-11,0.7515,2026,10
12.5,-64.5,1,2026-11,0.6885,2026,10
12.5,-63.5,1,2026-11,0.7131,2026,10
12.5,-62.5,1,2026-11,0.8372,2026,10
12.5,-61.5,1,2026-11,0.8403,2026,10
12.5,-60.5,1,2026-11,0.8389,2026,10
12.5,-59.5,1,2026-11,0.8298,2026,10
12.5,-58.5,1,2026-11,0.8066,2026,10
12.5,-57.5,1,2026-11,0.802,2026,10
12.5,-56.5,1,2026-11,0.7996,2026,10
12.5,-55.5,1,2026-11,0.7874,2026,10
12.5,-54.5,1,2026-11,0.7642,2026,10
12.5,-53.5,1,2026-11,0.7546,2026,10
12.5,-52.5,1,2026-11,0.7546,2026,10
12.5,-51.5,1,2026-11,0.7354,2026,10
12.5,-50.5,1,2026-11,0.7385,2026,10
12.5,-49.5,1,2026-11,0.749,2026,10
12.5,-48.5,1,2026-11,0.739,2026,10
12.5,-47.5,1,2026-11,0.7036,2026,10
12.5,-46.5,1,2026-11,0.6775,2026,10
12.5,-45.5,1,2026-11,0.6899,2026,10
12.5,-44.5,1,2026-11,0.7129,2026,10
12.5,-43.5,1,2026-11,0.7214,2026,10
12.5,-42.5,1,2026-11,0.7124,2026,10
12.5,-41.5,1,2026-11,0.7166,2026,10
12.5,-40.5,1,2026-11,0.7307,2026,10
12.5,-39.5,1,2026-11,0.7393,2026,10
12.5,-38.5,1,2026-11,0.7471,2026,10
12.5,-37.5,1,2026-11,0.7507,2026,10
12.5,-36.5,1,2026-11,0.7358,2026,10
12.5,-35.5,1,2026-11,0.6855,2026,10
12.5,-34.5,1,2026-11,0.6587,2026,10
12.5,-33.5,1,2026-11,0.6345,2026,10
12.5,-32.5,1,2026-11,0.613,2026,10
12.5,-31.5,1,2026-11,0.5955,2026,10
12.5,-30.5,1,2026-11,0.5811,2026,10
11.5,-89.5,1,2026-11,1.3877,2026,10
11.5,-88.5,1,2026-11,1.4229,2026,10
11.5,-87.5,1,2026-11,1.4729,2026,10
11.5,-86.5,1,2026-11,1.5225,2026,10
11.5,-85.5,1,2026-11,1.3694,2026,10
11.5,-84.5,1,2026-11,1.1545,2026,10
11.5,-83.5,1,2026-11,1.0012,2026,10
11.5,-82.5,1,2026-11,0.98,2026,10
11.5,-81.5,1,2026-11,0.9934,2026,10
11.5,-80.5,1,2026-11,1.0081,2026,10
11.5,-79.5,1,2026-11,1.0271,2026,10
11.5,-78.5,1,2026-11,1.0557,2026,10
11.5,-77.5,1,2026-11,1.0864,2026,10
11.5,-76.5,1,2026-11,1.105,2026,10
11.5,-75.5,1,2026-11,1.1106,2026,10
11.5,-74.5,1,2026-11,0.9963,2026,10
11.5,-73.5,1,2026-11,1.0999,2026,10
11.5,-72.5,1,2026-11,1.5989,2026,10
11.5,-71.5,1,2026-11,1.135,2026,10
11.5,-70.5,1,2026-11,1.2122,2026,10
11.5,-69.5,1,2026-11,1.2039,2026,10
11.5,-68.5,1,2026-11,1.0051,2026,10
11.5,-67.5,1,2026-11,0.7942,2026,10
11.5,-66.5,1,2026-11,0.7939,2026,10
11.5,-65.5,1,2026-11,0.7231,2026,10
11.5,-64.5,1,2026-11,0.5625,2026,10
11.5,-63.5,1,2026-11,0.4905,2026,10
11.5,-62.5,1,2026-11,0.7837,2026,10
11.5,-61.5,1,2026-11,0.866,2026,10
11.5,-60.5,1,2026-11,0.8904,2026,10
11.5,-59.5,1,2026-11,0.8994,2026,10
11.5,-58.5,1,2026-11,0.8879,2026,10
11.5,-57.5,1,2026-11,0.8711,2026,10
11.5,-56.5,1,2026-11,0.8606,2026,10
11.5,-55.5,1,2026-11,0.8413,2026,10
11.5,-54.5,1,2026-11,0.8125,2026,10
11.5,-53.5,1,2026-11,0.8059,2026,10
11.5,-52.5,1,2026-11,0.8027,2026,10
11.5,-51.5,1,2026-11,0.7922,2026,10
11.5,-50.5,1,2026-11,0.8005,2026,10
11.5,-49.5,1,2026-11,0.8071,2026,10
11.5,-48.5,1,2026-11,0.7878,2026,10
11.5,-47.5,1,2026-11,0.7683,2026,10
11.5,-46.5,1,2026-11,0.7449,2026,10
11.5,-45.5,1,2026-11,0.7346,2026,10
11.5,-44.5,1,2026-11,0.7683,2026,10
11.5,-43.5,1,2026-11,0.782,2026,10
11.5,-42.5,1,2026-11,0.7664,2026,10
11.5,-41.5,1,2026-11,0.761,2026,10
11.5,-40.5,1,2026-11,0.7717,2026,10
11.5,-39.5,1,2026-11,0.7678,2026,10
11.5,-38.5,1,2026-11,0.7671,2026,10
11.5,-37.5,1,2026-11,0.77,2026,10
11.5,-36.5,1,2026-11,0.76,2026,10
11.5,-35.5,1,2026-11,0.728,2026,10
11.5,-34.5,1,2026-11,0.7097,2026,10
11.5,-33.5,1,2026-11,0.6768,2026,10
11.5,-32.5,1,2026-11,0.6453,2026,10
11.5,-31.5,1,2026-11,0.6123,2026,10
11.5,-30.5,1,2026-11,0.5771,2026,10
10.5,-89.5,1,2026-11,1.5203,2026,10
10.5,-88.5,1,2026-11,1.562,2026,10
10.5,-87.5,1,2026-11,1.5698,2026,10
10.5,-86.5,1,2026-11,1.5686,2026,10
10.5,-85.5,1,2026-11,1.4304,2026,10
10.5,-84.5,1,2026-11,1.1821,2026,10
10.5,-83.5,1,2026-11,1.0652,2026,10
10.5,-82.5,1,2026-11,1.0129,2026,10
10.5,-81.5,1,2026-11,1.022,2026,10
10.5,-80.5,1,2026-11,1.0481,2026,10
10.5,-79.5,1,2026-11,1.0659,2026,10
10.5,-78.5,1,2026-11,1.0996,2026,10
10.5,-77.5,1,2026-11,1.1484,2026,10
10.5,-76.5,1,2026-11,1.2026,2026,10
10.5,-75.5,1,2026-11,1.2773,2026,10
10.5,-74.5,1,2026-11,1.3916,2026,10
10.5,-73.5,1,2026-11,1.2439,2026,10
10.5,-72.5,1,2026-11,1.3455,2026,10
10.5,-71.5,1,2026-11,1.2534,2026,10
10.5,-70.5,1,2026-11,1.2153,2026,10
10.5,-69.5,1,2026-11,1.6465,2026,10
10.5,-68.5,1,2026-11,1.3567,2026,10
10.5,-67.5,1,2026-11,1.1138,2026,10
10.5,-66.5,1,2026-11,1.0774,2026,10
10.5,-65.5,1,2026-11,0.7607,2026,10
10.5,-64.5,1,2026-11,0.7151,2026,10
10.5,-63.5,1,2026-11,0.8782,2026,10
10.5,-62.5,1,2026-11,1.001,2026,10
10.5,-61.5,1,2026-11,1.105,2026,10
10.5,-60.5,1,2026-11,0.9575,2026,10
10.5,-59.5,1,2026-11,0.958,2026,10
10.5,-58.5,1,2026-11,0.9265,2026,10
10.5,-57.5,1,2026-11,0.8972,2026,10
10.5,-56.5,1,2026-11,0.8928,2026,10
10.5,-55.5,1,2026-11,0.873,2026,10
10.5,-54.5,1,2026-11,0.8538,2026,10
10.5,-53.5,1,2026-11,0.8398,2026,10
10.5,-52.5,1,2026-11,0.8335,2026,10
10.5,-51.5,1,2026-11,0.8328,2026,10
10.5,-50.5,1,2026-11,0.8318,2026,10
10.5,-49.5,1,2026-11,0.8394,2026,10
10.5,-48.5,1,2026-11,0.8503,2026,10
10.5,-47.5,1,2026-11,0.8528,2026,10
10.5,-46.5,1,2026-11,0.8372,2026,10
10.5,-45.5,1,2026-11,0.8115,2026,10
10.5,-44.5,1,2026-11,0.8201,2026,10
10.5,-43.5,1,2026-11,0.833,2026,10
10.5,-42.5,1,2026-11,0.8184,2026,10
10.5,-41.5,1,2026-11,0.802,2026,10
10.5,-40.5,1,2026-11,0.7942,2026,10
10.5,-39.5,1,2026-11,0.7886,2026,10
10.5,-38.5,1,2026-11,0.7791,2026,10
10.5,-37.5,1,2026-11,0.7737,2026,10
10.5,-36.5,1,2026-11,0.7725,2026,10
10.5,-35.5,1,2026-11,0.7605,2026,10
10.5,-34.5,1,2026-11,0.7466,2026,10
10.5,-33.5,1,2026-11,0.7271,2026,10
10.5,-32.5,1,2026-11,0.6926,2026,10
10.5,-31.5,1,2026-11,0.6467,2026,10
10.5,-30.5,1,2026-11,0.604,2026,10
9.5,-89.5,1,2026-11,1.6028,2026,10
9.5,-88.5,1,2026-11,1.6448,2026,10
9.5,-87.5,1,2026-11,1.6494,2026,10
9.5,-86.5,1,2026-11,1.6306,2026,10
9.5,-85.5,1,2026-11,1.5947,2026,10
9.5,-84.5,1,2026-11,1.5378,2026,10
9.5,-83.5,1,2026-11,1.0942,2026,10
9.5,-82.5,1,2026-11,0.9819,2026,10
9.5,-81.5,1,2026-11,0.99,2026,10
9.5,-80.5,1,2026-11,1.0522,2026,10
9.5,-79.5,1,2026-11,1.1729,2026,10
9.5,-78.5,1,2026-11,1.1428,2026,10
9.5,-77.5,1,2026-11,1.1064,2026,10
9.5,-76.5,1,2026-11,1.207,2026,10
9.5,-75.5,1,2026-11,1.3408,2026,10
9.5,-74.5,1,2026-11,1.4753,2026,10
9.5,-73.5,1,2026-11,1.6992,2026,10
9.5,-72.5,1,2026-11,1.1672,2026,10
9.5,-71.5,1,2026-11,0.8574,2026,10
9.5,-70.5,1,2026-11,1.1755,2026,10
9.5,-69.5,1,2026-11,1.4333,2026,10
9.5,-68.5,1,2026-11,1.6838,2026,10
9.5,-67.5,1,2026-11,2.125,2026,10
9.5,-66.5,1,2026-11,2.3755,2026,10
9.5,-65.5,1,2026-11,2.1155,2026,10
9.5,-64.5,1,2026-11,2.0813,2026,10
9.5,-63.5,1,2026-11,1.6289,2026,10
9.5,-62.5,1,2026-11,1.2783,2026,10
9.5,-61.5,1,2026-11,1.103,2026,10
9.5,-60.5,1,2026-11,0.979,2026,10
9.5,-59.5,1,2026-11,0.988,2026,10
9.5,-58.5,1,2026-11,0.9612,2026,10
9.5,-57.5,1,2026-11,0.9424,2026,10
9.5,-56.5,1,2026-11,0.9248,2026,10
9.5,-55.5,1,2026-11,0.9092,2026,10
9.5,-54.5,1,2026-11,0.8579,2026,10
9.5,-53.5,1,2026-11,0.8413,2026,10
9.5,-52.5,1,2026-11,0.8311,2026,10
9.5,-51.5,1,2026-11,0.8127,2026,10
9.5,-50.5,1,2026-11,0.833,2026,10
9.5,-49.5,1,2026-11,0.8765,2026,10
9.5,-48.5,1,2026-11,0.9041,2026,10
9.5,-47.5,1,2026-11,0.916,2026,10
9.5,-46.5,1,2026-11,0.9104,2026,10
9.5,-45.5,1,2026-11,0.897,2026,10
9.5,-44.5,1,2026-11,0.8926,2026,10
9.5,-43.5,1,2026-11,0.8977,2026,10
9.5,-42.5,1,2026-11,0.8921,2026,10
9.5,-41.5,1,2026-11,0.8611,2026,10
9.5,-40.5,1,2026-11,0.8398,2026,10
9.5,-39.5,1,2026-11,0.8455,2026,10
9.5,-38.5,1,2026-11,0.8416,2026,10
9.5,-37.5,1,2026-11,0.8105,2026,10
9.5,-36.5,1,2026-11,0.7925,2026,10
9.5,-35.5,1,2026-11,0.7861,2026,10
9.5,-34.5,1,2026-11,0.7747,2026,10
9.5,-33.5,1,2026-11,0.7578,2026,10
9.5,-32.5,1,2026-11,0.7354,2026,10
9.5,-31.5,1,2026-11,0.698,2026,10
9.5,-30.5,1,2026-11,0.6643,2026,10
8.5,-89.5,1,2026-11,1.6531,2026,10
8.5,-88.5,1,2026-11,1.6934,2026,10
8.5,-87.5,1,2026-11,1.6982,2026,10
8.5,-86.5,1,2026-11,1.6997,2026,10
8.5,-85.5,1,2026-11,1.6809,2026,10
8.5,-84.5,1,2026-11,1.6499,2026,10
8.5,-83.5,1,2026-11,1.6096,2026,10
8.5,-82.5,1,2026-11,1.4075,2026,10
8.5,-81.5,1,2026-11,1.3064,2026,10
8.5,-80.5,1,2026-11,1.3035,2026,10
8.5,-79.5,1,2026-11,1.3767,2026,10
8.5,-78.5,1,2026-11,1.4329,2026,10
8.5,-77.5,1,2026-11,1.2676,2026,10
8.5,-76.5,1,2026-11,1.2314,2026,10
8.5,-75.5,1,2026-11,1.2058,2026,10
8.5,-74.5,1,2026-11,1.2773,2026,10
8.5,-73.5,1,2026-11,1.3938,2026,10
8.5,-72.5,1,2026-11,1.0239,2026,10
8.5,-71.5,1,2026-11,1.2004,2026,10
8.5,-70.5,1,2026-11,1.2705,2026,10
8.5,-69.5,1,2026-11,1.5305,2026,10
8.5,-68.5,1,2026-11,1.6074,2026,10
8.5,-67.5,1,2026-11,1.9851,2026,10
8.5,-66.5,1,2026-11,2.6067,2026,10
8.5,-65.5,1,2026-11,2.584,2026,10
8.5,-64.5,1,2026-11,2.4971,2026,10
8.5,-63.5,1,2026-11,1.551,2026,10
8.5,-62.5,1,2026-11,1.2463,2026,10
8.5,-61.5,1,2026-11,1.0486,2026,10
8.5,-60.5,1,2026-11,1.1189,2026,10
8.5,-59.5,1,2026-11,1.051,2026,10
8.5,-58.5,1,2026-11,0.9514,2026,10
8.5,-57.5,1,2026-11,0.9473,2026,10
8.5,-56.5,1,2026-11,0.9236,2026,10
8.5,-55.5,1,2026-11,0.9099,2026,10
8.5,-54.5,1,2026-11,0.8074,2026,10
8.5,-53.5,1,2026-11,0.7908,2026,10
8.5,-52.5,1,2026-11,0.7976,2026,10
8.5,-51.5,1,2026-11,0.7996,2026,10
8.5,-50.5,1,2026-11,0.8201,2026,10
8.5,-49.5,1,2026-11,0.8835,2026,10
8.5,-48.5,1,2026-11,0.9585,2026,10
8.5,-47.5,1,2026-11,0.9893,2026,10
8.5,-46.5,1,2026-11,0.9929,2026,10
8.5,-45.5,1,2026-11,0.9795,2026,10
8.5,-44.5,1,2026-11,0.9658,2026,10
8.5,-43.5,1,2026-11,0.9541,2026,10
8.5,-42.5,1,2026-11,0.9553,2026,10
8.5,-41.5,1,2026-11,0.9509,2026,10
8.5,-40.5,1,2026-11,0.9331,2026,10
8.5,-39.5,1,2026-11,0.9167,2026,10
8.5,-38.5,1,2026-11,0.8955,2026,10
8.5,-37.5,1,2026-11,0.8708,2026,10
8.5,-36.5,1,2026-11,0.8525,2026,10
8.5,-35.5,1,2026-11,0.8401,2026,10
8.5,-34.5,1,2026-11,0.8372,2026,10
8.5,-33.5,1,2026-11,0.812,2026,10
8.5,-32.5,1,2026-11,0.7856,2026,10
8.5,-31.5,1,2026-11,0.7705,2026,10
8.5,-30.5,1,2026-11,0.7615,2026,10
7.5,-89.5,1,2026-11,1.7031,2026,10
7.5,-88.5,1,2026-11,1.7412,2026,10
7.5,-87.5,1,2026-11,1.7598,2026,10
7.5,-86.5,1,2026-11,1.75,2026,10
7.5,-85.5,1,2026-11,1.752,2026,10
7.5,-84.5,1,2026-11,1.7239,2026,10
7.5,-83.5,1,2026-11,1.7314,2026,10
7.5,-82.5,1,2026-11,1.7014,2026,10
7.5,-81.5,1,2026-11,1.6621,2026,10
7.5,-80.5,1,2026-11,1.48,2026,10
7.5,-79.5,1,2026-11,1.4265,2026,10
7.5,-78.5,1,2026-11,1.498,2026,10
7.5,-77.5,1,2026-11,1.3772,2026,10
7.5,-76.5,1,2026-11,1.2988,2026,10
7.5,-75.5,1,2026-11,1.1968,2026,10
7.5,-74.5,1,2026-11,1.2466,2026,10
7.5,-73.5,1,2026-11,1.2646,2026,10
7.5,-72.5,1,2026-11,1.1426,2026,10
7.5,-71.5,1,2026-11,1.3484,2026,10
7.5,-70.5,1,2026-11,1.5562,2026,10
7.5,-69.5,1,2026-11,1.5759,2026,10
7.5,-68.5,1,2026-11,1.615,2026,10
7.5,-67.5,1,2026-11,1.8184,2026,10
7.5,-66.5,1,2026-11,1.8782,2026,10
7.5,-65.5,1,2026-11,1.6938,2026,10
7.5,-64.5,1,2026-11,1.8552,2026,10
7.5,-63.5,1,2026-11,1.832,2026,10
7.5,-62.5,1,2026-11,1.6479,2026,10
7.5,-61.5,1,2026-11,1.4832,2026,10
7.5,-60.5,1,2026-11,1.0967,2026,10
7.5,-59.5,1,2026-11,1.239,2026,10
7.5,-58.5,1,2026-11,1.0442,2026,10
7.5,-57.5,1,2026-11,0.7346,2026,10
7.5,-56.5,1,2026-11,0.7463,2026,10
7.5,-55.5,1,2026-11,0.7087,2026,10
7.5,-54.5,1,2026-11,0.6345,2026,10
7.5,-53.5,1,2026-11,0.6865,2026,10
7.5,-52.5,1,2026-11,0.7605,2026,10
7.5,-51.5,1,2026-11,0.822,2026,10
7.5,-50.5,1,2026-11,0.864,2026,10
7.5,-49.5,1,2026-11,0.9106,2026,10
7.5,-48.5,1,2026-11,0.9954,2026,10
7.5,-47.5,1,2026-11,1.0327,2026,10
7.5,-46.5,1,2026-11,1.0337,2026,10
7.5,-45.5,1,2026-11,1.0166,2026,10
7.5,-44.5,1,2026-11,0.9939,2026,10
7.5,-43.5,1,2026-11,0.9934,2026,10
7.5,-42.5,1,2026-11,1.0115,2026,10
7.5,-41.5,1,2026-11,1.02,2026,10
7.5,-40.5,1,2026-11,1.0105,2026,10
7.5,-39.5,1,2026-11,0.9934,2026,10
7.5,-38.5,1,2026-11,0.9692,2026,10
7.5,-37.5,1,2026-11,0.9412,2026,10
7.5,-36.5,1,2026-11,0.9158,2026,10
7.5,-35.5,1,2026-11,0.9048,2026,10
7.5,-34.5,1,2026-11,0.9011,2026,10
7.5,-33.5,1,2026-11,0.8904,2026,10
7.5,-32.5,1,2026-11,0.865,2026,10
7.5,-31.5,1,2026-11,0.8552,2026,10
7.5,-30.5,1,2026-11,0.8501,2026,10
6.5,-89.5,1,2026-11,1.7266,2026,10
6.5,-88.5,1,2026-11,1.7605,2026,10
6.5,-87.5,1,2026-11,1.7769,2026,10
6.5,-86.5,1,2026-11,1.7839,2026,10
6.5,-85.5,1,2026-11,1.7737,2026,10
6.5,-84.5,1,2026-11,1.7891,2026,10
6.5,-83.5,1,2026-11,1.7617,2026,10
6.5,-82.5,1,2026-11,1.7297,2026,10
6.5,-81.5,1,2026-11,1.7095,2026,10
6.5,-80.5,1,2026-11,1.6565,2026,10
6.5,-79.5,1,2026-11,1.5835,2026,10
6.5,-78.5,1,2026-11,1.4924,2026,10
6.5,-77.5,1,2026-11,1.4922,2026,10
6.5,-76.5,1,2026-11,1.3325,2026,10
6.5,-75.5,1,2026-11,1.2095,2026,10
6.5,-74.5,1,2026-11,1.2095,2026,10
6.5,-73.5,1,2026-11,1.231,2026,10
6.5,-72.5,1,2026-11,0.9988,2026,10
6.5,-71.5,1,2026-11,1.3201,2026,10
6.5,-70.5,1,2026-11,1.4536,2026,10
6.5,-69.5,1,2026-11,1.4858,2026,10
6.5,-68.5,1,2026-11,1.5825,2026,10
6.5,-67.5,1,2026-11,1.6187,2026,10
6.5,-66.5,1,2026-11,1.6128,2026,10
6.5,-65.5,1,2026-11,1.551,2026,10
6.5,-64.5,1,2026-11,1.7151,2026,10
6.5,-63.5,1,2026-11,1.7109,2026,10
6.5,-62.5,1,2026-11,1.155,2026,10
6.5,-61.5,1,2026-11,1.3259,2026,10
6.5,-60.5,1,2026-11,1.103,2026,10
6.5,-59.5,1,2026-11,1.3147,2026,10
6.5,-58.5,1,2026-11,1.5193,2026,10
6.5,-57.5,1,2026-11,1.0654,2026,10
6.5,-56.5,1,2026-11,0.4431,2026,10
6.5,-55.5,1,2026-11,0.343,2026,10
6.5,-54.5,1,2026-11,0.3848,2026,10
6.5,-53.5,1,2026-11,0.5107,2026,10
6.5,-52.5,1,2026-11,0.6711,2026,10
6.5,-51.5,1,2026-11,0.7798,2026,10
6.5,-50.5,1,2026-11,0.8582,2026,10
6.5,-49.5,1,2026-11,0.9189,2026,10
6.5,-48.5,1,2026-11,0.9895,2026,10
6.5,-47.5,1,2026-11,1.0381,2026,10
6.5,-46.5,1,2026-11,1.0122,2026,10
6.5,-45.5,1,2026-11,0.9839,2026,10
6.5,-44.5,1,2026-11,0.9688,2026,10
6.5,-43.5,1,2026-11,0.9729,2026,10
6.5,-42.5,1,2026-11,1.0122,2026,10
6.5,-41.5,1,2026-11,1.0505,2026,10
6.5,-40.5,1,2026-11,1.0605,2026,10
6.5,-39.5,1,2026-11,1.0408,2026,10
6.5,-38.5,1,2026-11,1.0134,2026,10
6.5,-37.5,1,2026-11,0.9771,2026,10
6.5,-36.5,1,2026-11,0.9561,2026,10
6.5,-35.5,1,2026-11,0.9531,2026,10
6.5,-34.5,1,2026-11,0.9514,2026,10
6.5,-33.5,1,2026-11,0.9487,2026,10
6.5,-32.5,1,2026-11,0.9487,2026,10
6.5,-31.5,1,2026-11,0.9473,2026,10
6.5,-30.5,1,2026-11,0.9238,2026,10
5.5,-89.5,1,2026-11,1.7224,2026,10
5.5,-88.5,1,2026-11,1.741,2026,10
5.5,-87.5,1,2026-11,1.7485,2026,10
5.5,-86.5,1,2026-11,1.7593,2026,10
5.5,-85.5,1,2026-11,1.7676,2026,10
5.5,-84.5,1,2026-11,1.7795,2026,10
5.5,-83.5,1,2026-11,1.7681,2026,10
5.5,-82.5,1,2026-11,1.7573,2026,10
5.5,-81.5,1,2026-11,1.7253,2026,10
5.5,-80.5,1,2026-11,1.6914,2026,10
5.5,-79.5,1,2026-11,1.6414,2026,10
5.5,-78.5,1,2026-11,1.5669,2026,10
5.5,-77.5,1,2026-11,1.5464,2026,10
5.5,-76.5,1,2026-11,1.3811,2026,10
5.5,-75.5,1,2026-11,1.2214,2026,10
5.5,-74.5,1,2026-11,1.2122,2026,10
5.5,-73.5,1,2026-11,1.2229,2026,10
5.5,-72.5,1,2026-11,1.322,2026,10
5.5,-71.5,1,2026-11,1.4678,2026,10
5.5,-70.5,1,2026-11,1.4014,2026,10
5.5,-69.5,1,2026-11,1.4326,2026,10
5.5,-68.5,1,2026-11,1.4509,2026,10
5.5,-67.5,1,2026-11,1.4802,2026,10
5.5,-66.5,1,2026-11,1.6208,2026,10
5.5,-65.5,1,2026-11,1.6399,2026,10
5.5,-64.5,1,2026-11,1.512,2026,10
5.5,-63.5,1,2026-11,1.6155,2026,10
5.5,-62.5,1,2026-11,1.271,2026,10
5.5,-61.5,1,2026-11,0.9609,2026,10
5.5,-60.5,1,2026-11,1.2083,2026,10
5.5,-59.5,1,2026-11,1.4194,2026,10
5.5,-58.5,1,2026-11,2.1167,2026,10
5.5,-57.5,1,2026-11,2.322,2026,10
5.5,-56.5,1,2026-11,1.9629,2026,10
5.5,-55.5,1,2026-11,1.6526,2026,10
5.5,-54.5,1,2026-11,1.5325,2026,10
5.5,-53.5,1,2026-11,1.2212,2026,10
5.5,-52.5,1,2026-11,0.7441,2026,10
5.5,-51.5,1,2026-11,0.6963,2026,10
5.5,-50.5,1,2026-11,0.7605,2026,10
5.5,-49.5,1,2026-11,0.8416,2026,10
5.5,-48.5,1,2026-11,0.9133,2026,10
5.5,-47.5,1,2026-11,0.9517,2026,10
5.5,-46.5,1,2026-11,0.9292,2026,10
5.5,-45.5,1,2026-11,0.8716,2026,10
5.5,-44.5,1,2026-11,0.876,2026,10
5.5,-43.5,1,2026-11,0.9082,2026,10
5.5,-42.5,1,2026-11,0.9441,2026,10
5.5,-41.5,1,2026-11,0.9941,2026,10
5.5,-40.5,1,2026-11,1.0332,2026,10
5.5,-39.5,1,2026-11,1.0173,2026,10
5.5,-38.5,1,2026-11,0.9839,2026,10
5.5,-37.5,1,2026-11,0.9658,2026,10
5.5,-36.5,1,2026-11,0.9587,2026,10
5.5,-35.5,1,2026-11,0.9617,2026,10
5.5,-34.5,1,2026-11,0.9668,2026,10
5.5,-33.5,1,2026-11,0.9841,2026,10
5.5,-32.5,1,2026-11,1.009,2026,10
5.5,-31.5,1,2026-11,0.999,2026,10
5.5,-30.5,1,2026-11,0.9541,2026,10
4.5,-89.5,1,2026-11,1.7485,2026,10
4.5,-88.5,1,2026-11,1.7568,2026,10
4.5,-87.5,1,2026-11,1.7632,2026,10
4.5,-86.5,1,2026-11,1.751,2026,10
4.5,-85.5,1,2026-11,1.7622,2026,10
4.5,-84.5,1,2026-11,1.7666,2026,10
4.5,-83.5,1,2026-11,1.7751,2026,10
4.5,-82.5,1,2026-11,1.7659,2026,10
4.5,-81.5,1,2026-11,1.731,2026,10
4.5,-80.5,1,2026-11,1.6746,2026,10
4.5,-79.5,1,2026-11,1.6255,2026,10
4.5,-78.5,1,2026-11,1.6147,2026,10
4.5,-77.5,1,2026-11,1.5869,2026,10
4.5,-76.5,1,2026-11,1.4182,2026,10
4.5,-75.5,1,2026-11,1.3704,2026,10
4.5,-74.5,1,2026-11,1.353,2026,10
4.5,-73.5,1,2026-11,1.3159,2026,10
4.5,-72.5,1,2026-11,1.4502,2026,10
4.5,-71.5,1,2026-11,1.3989,2026,10
4.5,-70.5,1,2026-11,1.3865,2026,10
4.5,-69.5,1,2026-11,1.4126,2026,10
4.5,-68.5,1,2026-11,1.4324,2026,10
4.5,-67.5,1,2026-11,1.5068,2026,10
4.5,-66.5,1,2026-11,1.6333,2026,10
4.5,-65.5,1,2026-11,1.5901,2026,10
4.5,-64.5,1,2026-11,1.4431,2026,10
4.5,-63.5,1,2026-11,1.687,2026,10
4.5,-62.5,1,2026-11,2.0186,2026,10
4.5,-61.5,1,2026-11,2.4312,2026,10
4.5,-60.5,1,2026-11,2.9951,2026,10
4.5,-59.5,1,2026-11,2.5029,2026,10
4.5,-58.5,1,2026-11,2.8704,2026,10
4.5,-57.5,1,2026-11,3.186,2026,10
4.5,-56.5,1,2026-11,2.4131,2026,10
4.5,-55.5,1,2026-11,2.0679,2026,10
4.5,-54.5,1,2026-11,1.8948,2026,10
4.5,-53.5,1,2026-11,1.7334,2026,10
4.5,-52.5,1,2026-11,1.5598,2026,10
4.5,-51.5,1,2026-11,0.9666,2026,10
4.5,-50.5,1,2026-11,0.7097,2026,10
4.5,-49.5,1,2026-11,0.7451,2026,10
4.5,-48.5,1,2026-11,0.7986,2026,10
4.5,-47.5,1,2026-11,0.8281,2026,10
4.5,-46.5,1,2026-11,0.8525,2026,10
4.5,-45.5,1,2026-11,0.865,2026,10
4.5,-44.5,1,2026-11,0.8728,2026,10
4.5,-43.5,1,2026-11,0.8875,2026,10
4.5,-42.5,1,2026-11,0.9021,2026,10
4.5,-41.5,1,2026-11,0.9172,2026,10
4.5,-40.5,1,2026-11,0.9395,2026,10
4.5,-39.5,1,2026-11,0.948,2026,10
4.5,-38.5,1,2026-11,0.9375,2026,10
4.5,-37.5,1,2026-11,0.9348,2026,10
4.5,-36.5,1,2026-11,0.9463,2026,10
4.5,-35.5,1,2026-11,0.9473,2026,10
4.5,-34.5,1,2026-11,0.9502,2026,10
4.5,-33.5,1,2026-11,0.9788,2026,10
4.5,-32.5,1,2026-11,1.0173,2026,10
4.5,-31.5,1,2026-11,0.9941,2026,10
4.5,-30.5,1,2026-11,0.9333,2026,10
3.5,-89.5,1,2026-11,1.9985,2026,10
3.5,-88.5,1,2026-11,1.9878,2026,10
3.5,-87.5,1,2026-11,1.9629,2026,10
3.5,-86.5,1,2026-11,1.9341,2026,10
3.5,-85.5,1,2026-11,1.9065,2026,10
3.5,-84.5,1,2026-11,1.8735,2026,10
3.5,-83.5,1,2026-11,1.8542,2026,10
3.5,-82.5,1,2026-11,1.8176,2026,10
3.5,-81.5,1,2026-11,1.7593,2026,10
3.5,-80.5,1,2026-11,1.687,2026,10
3.5,-79.5,1,2026-11,1.5996,2026,10
3.5,-78.5,1,2026-11,1.5349,2026,10
3.5,-77.5,1,2026-11,1.5867,2026,10
3.5,-76.5,1,2026-11,1.2747,2026,10
3.5,-75.5,1,2026-11,1.6736,2026,10
3.5,-74.5,1,2026-11,1.3755,2026,10
3.5,-73.5,1,2026-11,1.5371,2026,10
3.5,-72.5,1,2026-11,1.3909,2026,10
3.5,-71.5,1,2026-11,1.3718,2026,10
3.5,-70.5,1,2026-11,1.3555,2026,10
3.5,-69.5,1,2026-11,1.3564,2026,10
3.5,-68.5,1,2026-11,1.4343,2026,10
3.5,-67.5,1,2026-11,1.5325,2026,10
3.5,-66.5,1,2026-11,1.5356,2026,10
3.5,-65.5,1,2026-11,1.5815,2026,10
3.5,-64.5,1,2026-11,1.5933,2026,10
3.5,-63.5,1,2026-11,1.8,2026,10
3.5,-62.5,1,2026-11,2.4226,2026,10
3.5,-61.5,1,2026-11,3.1372,2026,10
3.5,-60.5,1,2026-11,3.981,2026,10
3.5,-59.5,1,2026-11,3.6426,2026,10
3.5,-58.5,1,2026-11,3.5281,2026,10
3.5,-57.5,1,2026-11,3.396,2026,10
3.5,-56.5,1,2026-11,2.4983,2026,10
3.5,-55.5,1,2026-11,2.0894,2026,10
3.5,-54.5,1,2026-11,1.7507,2026,10
3.5,-53.5,1,2026-11,1.6187,2026,10
3.5,-52.5,1,2026-11,1.6907,2026,10
3.5,-51.5,1,2026-11,1.4595,2026,10
3.5,-50.5,1,2026-11,0.7017,2026,10
3.5,-49.5,1,2026-11,0.6807,2026,10
3.5,-48.5,1,2026-11,0.7295,2026,10
3.5,-47.5,1,2026-11,0.7556,2026,10
3.5,-46.5,1,2026-11,0.7874,2026,10
3.5,-45.5,1,2026-11,0.8201,2026,10
3.5,-44.5,1,2026-11,0.8269,2026,10
3.5,-43.5,1,2026-11,0.8286,2026,10
3.5,-42.5,1,2026-11,0.8225,2026,10
3.5,-41.5,1,2026-11,0.8193,2026,10
3.5,-40.5,1,2026-11,0.822,2026,10
3.5,-39.5,1,2026-11,0.8179,2026,10
3.5,-38.5,1,2026-11,0.8086,2026,10
3.5,-37.5,1,2026-11,0.8137,2026,10
3.5,-36.5,1,2026-11,0.8308,2026,10
3.5,-35.5,1,2026-11,0.844,2026,10
3.5,-34.5,1,2026-11,0.8657,2026,10
3.5,-33.5,1,2026-11,0.9053,2026,10
3.5,-32.5,1,2026-11,0.9246,2026,10
3.5,-31.5,1,2026-11,0.8843,2026,10
3.5,-30.5,1,2026-11,0.845,2026,10
2.5,-89.5,1,2026-11,2.5959,2026,10
2.5,-88.5,1,2026-11,2.5359,2026,10
2.5,-87.5,1,2026-11,2.4441,2026,10
2.5,-86.5,1,2026-11,2.3542,2026,10
2.5,-85.5,1,2026-11,2.2668,2026,10
2.5,-84.5,1,2026-11,2.2009,2026,10
2.5,-83.5,1,2026-11,2.125,2026,10
2.5,-82.5,1,2026-11,2.0261,2026,10
2.5,-81.5,1,2026-11,1.9136,2026,10
2.5,-80.5,1,2026-11,1.7935,2026,10
2.5,-79.5,1,2026-11,1.5894,2026,10
2.5,-78.5,1,2026-11,1.4717,2026,10
2.5,-77.5,1,2026-11,1.4355,2026,10
2.5,-76.5,1,2026-11,1.1919,2026,10
2.5,-75.5,1,2026-11,1.5542,2026,10
2.5,-74.5,1,2026-11,1.5635,2026,10
2.5,-73.5,1,2026-11,1.4795,2026,10
2.5,-72.5,1,2026-11,1.3838,2026,10
2.5,-71.5,1,2026-11,1.3457,2026,10
2.5,-70.5,1,2026-11,1.3323,2026,10
2.5,-69.5,1,2026-11,1.3523,2026,10
2.5,-68.5,1,2026-11,1.4541,2026,10
2.5,-67.5,1,2026-11,1.5173,2026,10
2.5,-66.5,1,2026-11,1.4968,2026,10
2.5,-65.5,1,2026-11,1.4519,2026,10
2.5,-64.5,1,2026-11,1.5693,2026,10
2.5,-63.5,1,2026-11,1.7896,2026,10
2.5,-62.5,1,2026-11,2.3567,2026,10
2.5,-61.5,1,2026-11,2.6897,2026,10
2.5,-60.5,1,2026-11,3.355,2026,10
2.5,-59.5,1,2026-11,3.8379,2026,10
2.5,-58.5,1,2026-11,3.6035,2026,10
2.5,-57.5,1,2026-11,3.364,2026,10
2.5,-56.5,1,2026-11,2.752,2026,10
2.5,-55.5,1,2026-11,1.9812,2026,10
2.5,-54.5,1,2026-11,1.5828,2026,10
2.5,-53.5,1,2026-11,1.4414,2026,10
2.5,-52.5,1,2026-11,1.6394,2026,10
2.5,-51.5,1,2026-11,1.5669,2026,10
2.5,-50.5,1,2026-11,0.7454,2026,10
2.5,-49.5,1,2026-11,0.6155,2026,10
2.5,-48.5,1,2026-11,0.6477,2026,10
2.5,-47.5,1,2026-11,0.6807,2026,10
2.5,-46.5,1,2026-11,0.698,2026,10
2.5,-45.5,1,2026-11,0.717,2026,10
2.5,-44.5,1,2026-11,0.7202,2026,10
2.5,-43.5,1,2026-11,0.7109,2026,10
2.5,-42.5,1,2026-11,0.6919,2026,10
2.5,-41.5,1,2026-11,0.6675,2026,10
2.5,-40.5,1,2026-11,0.6406,2026,10
2.5,-39.5,1,2026-11,0.6162,2026,10
2.5,-38.5,1,2026-11,0.6113,2026,10
2.5,-37.5,1,2026-11,0.6167,2026,10
2.5,-36.5,1,2026-11,0.6299,2026,10
2.5,-35.5,1,2026-11,0.6558,2026,10
2.5,-34.5,1,2026-11,0.6963,2026,10
2.5,-33.5,1,2026-11,0.7209,2026,10
2.5,-32.5,1,2026-11,0.7244,2026,10
2.5,-31.5,1,2026-11,0.7183,2026,10
2.5,-30.5,1,2026-11,0.7104,2026,10
1.5,-89.5,1,2026-11,3.4353,2026,10
1.5,-88.5,1,2026-11,3.2913,2026,10
1.5,-87.5,1,2026-11,3.1355,2026,10
1.5,-86.5,1,2026-11,2.9956,2026,10
1.5,-85.5,1,2026-11,2.8879,2026,10
1.5,-84.5,1,2026-11,2.7971,2026,10
1.5,-83.5,1,2026-11,2.6846,2026,10
1.5,-82.5,1,2026-11,2.5376,2026,10
1.5,-81.5,1,2026-11,2.3181,2026,10
1.5,-80.5,1,2026-11,2.032,2026,10
1.5,-79.5,1,2026-11,1.6841,2026,10
1.5,-78.5,1,2026-11,1.4321,2026,10
1.5,-77.5,1,2026-11,1.3132,2026,10
1.5,-76.5,1,2026-11,1.385,2026,10
1.5,-75.5,1,2026-11,1.5381,2026,10
1.5,-74.5,1,2026-11,1.4631,2026,10
1.5,-73.5,1,2026-11,1.4248,2026,10
1.5,-72.5,1,2026-11,1.3486,2026,10
1.5,-71.5,1,2026-11,1.344,2026,10
1.5,-70.5,1,2026-11,1.333,2026,10
1.5,-69.5,1,2026-11,1.3772,2026,10
1.5,-68.5,1,2026-11,1.436,2026,10
1.5,-67.5,1,2026-11,1.4849,2026,10
1.5,-66.5,1,2026-11,1.4126,2026,10
1.5,-65.5,1,2026-11,1.4517,2026,10
1.5,-64.5,1,2026-11,1.6501,2026,10
1.5,-63.5,1,2026-11,1.7654,2026,10
1.5,-62.5,1,2026-11,2.1191,2026,10
1.5,-61.5,1,2026-11,2.5291,2026,10
1.5,-60.5,1,2026-11,3.3396,2026,10
1.5,-59.5,1,2026-11,3.7275,2026,10
1.5,-58.5,1,2026-11,3.1082,2026,10
1.5,-57.5,1,2026-11,3.0471,2026,10
1.5,-56.5,1,2026-11,3.1821,2026,10
1.5,-55.5,1,2026-11,2.2888,2026,10
1.5,-54.5,1,2026-11,1.7112,2026,10
1.5,-53.5,1,2026-11,1.4663,2026,10
1.5,-52.5,1,2026-11,1.647,2026,10
1.5,-51.5,1,2026-11,1.7761,2026,10
1.5,-50.5,1,2026-11,1.2705,2026,10
1.5,-49.5,1,2026-11,0.5811,2026,10
1.5,-48.5,1,2026-11,0.5571,2026,10
1.5,-47.5,1,2026-11,0.5967,2026,10
1.5,-46.5,1,2026-11,0.6172,2026,10
1.5,-45.5,1,2026-11,0.6111,2026,10
1.5,-44.5,1,2026-11,0.6064,2026,10
1.5,-43.5,1,2026-11,0.5884,2026,10
1.5,-42.5,1,2026-11,0.5605,2026,10
1.5,-41.5,1,2026-11,0.5293,2026,10
1.5,-40.5,1,2026-11,0.4885,2026,10
1.5,-39.5,1,2026-11,0.4465,2026,10
1.5,-38.5,1,2026-11,0.4282,2026,10
1.5,-37.5,1,2026-11,0.4324,2026,10
1.5,-36.5,1,2026-11,0.4509,2026,10
1.5,-35.5,1,2026-11,0.4751,2026,10
1.5,-34.5,1,2026-11,0.512,2026,10
1.5,-33.5,1,2026-11,0.5515,2026,10
1.5,-32.5,1,2026-11,0.5791,2026,10
1.5,-31.5,1,2026-11,0.6143,2026,10
1.5,-30.5,1,2026-11,0.6426,2026,10
0.5,-89.5,1,2026-11,4.1858,2026,10
0.5,-88.5,1,2026-11,4.0039,2026,10
0.5,-87.5,1,2026-11,3.8706,2026,10
0.5,-86.5,1,2026-11,3.8008,2026,10
0.5,-85.5,1,2026-11,3.7561,2026,10
0.5,-84.5,1,2026-11,3.6492,2026,10
0.5,-83.5,1,2026-11,3.4946,2026,10
0.5,-82.5,1,2026-11,3.2737,2026,10
0.5,-81.5,1,2026-11,2.9788,2026,10
0.5,-80.5,1,2026-11,2.4688,2026,10
0.5,-79.5,1,2026-11,1.8374,2026,10
0.5,-78.5,1,2026-11,1.2246,2026,10
0.5,-77.5,1,2026-11,1.0361,2026,10
0.5,-76.5,1,2026-11,1.4067,2026,10
0.5,-75.5,1,2026-11,1.4348,2026,10
0.5,-74.5,1,2026-11,1.3962,2026,10
0.5,-73.5,1,2026-11,1.3435,2026,10
0.5,-72.5,1,2026-11,1.3508,2026,10
0.5,-71.5,1,2026-11,1.3499,2026,10
0.5,-70.5,1,2026-11,1.3484,2026,10
0.5,-69.5,1,2026-11,1.3667,2026,10
0.5,-68.5,1,2026-11,1.4192,2026,10
0.5,-67.5,1,2026-11,1.4573,2026,10
0.5,-66.5,1,2026-11,1.468,2026,10
0.5,-65.5,1,2026-11,1.6511,2026,10
0.5,-64.5,1,2026-11,1.7275,2026,10
0.5,-63.5,1,2026-11,1.71,2026,10
0.5,-62.5,1,2026-11,1.8535,2026,10
0.5,-61.5,1,2026-11,2.2173,2026,10
0.5,-60.5,1,2026-11,2.9414,2026,10
0.5,-59.5,1,2026-11,3.7898,2026,10
0.5,-58.5,1,2026-11,4.1477,2026,10
0.5,-57.5,1,2026-11,4.1038,2026,10
0.5,-56.5,1,2026-11,3.8381,2026,10
0.5,-55.5,1,2026-11,2.863,2026,10
0.5,-54.5,1,2026-11,2.199,2026,10
0.5,-53.5,1,2026-11,1.9751,2026,10
0.5,-52.5,1,2026-11,1.7507,2026,10
0.5,-51.5,1,2026-11,1.644,2026,10
0.5,-50.5,1,2026-11,1.0613,2026,10
0.5,-49.5,1,2026-11,0.5242,2026,10
0.5,-48.5,1,2026-11,0.4954,2026,10
0.5,-47.5,1,2026-11,0.5088,2026,10
0.5,-46.5,1,2026-11,0.5168,2026,10
0.5,-45.5,1,2026-11,0.5208,2026,10
0.5,-44.5,1,2026-11,0.5193,2026,10
0.5,-43.5,1,2026-11,0.5007,2026,10
0.5,-42.5,1,2026-11,0.4763,2026,10
0.5,-41.5,1,2026-11,0.4478,2026,10
0.5,-40.5,1,2026-11,0.4238,2026,10
0.5,-39.5,1,2026-11,0.3994,2026,10
0.5,-38.5,1,2026-11,0.3728,2026,10
0.5,-37.5,1,2026-11,0.3806,2026,10
0.5,-36.5,1,2026-11,0.3975,2026,10
0.5,-35.5,1,2026-11,0.4248,2026,10
0.5,-34.5,1,2026-11,0.4551,2026,10
0.5,-33.5,1,2026-11,0.4814,2026,10
0.5,-32.5,1,2026-11,0.5103,2026,10
0.5,-31.5,1,2026-11,0.5459,2026,10
0.5,-30.5,1,2026-11,0.5825,2026,10
-0.5,-89.5,1,2026-11,4.6956,2026,10
-0.5,-88.5,1,2026-11,4.6345,2026,10
-0.5,-87.5,1,2026-11,4.6133,2026,10
-0.5,-86.5,1,2026-11,4.668,2026,10
-0.5,-85.5,1,2026-11,4.73,2026,10
-0.5,-84.5,1,2026-11,4.7036,2026,10
-0.5,-83.5,1,2026-11,4.5251,2026,10
-0.5,-82.5,1,2026-11,4.1895,2026,10
-0.5,-81.5,1,2026-11,3.7725,2026,10
-0.5,-80.5,1,2026-11,2.7964,2026,10
-0.5,-79.5,1,2026-11,1.959,2026,10
-0.5,-78.5,1,2026-11,1.104,2026,10
-0.5,-77.5,1,2026-11,1.2275,2026,10
-0.5,-76.5,1,2026-11,1.4678,2026,10
-0.5,-75.5,1,2026-11,1.3999,2026,10
-0.5,-74.5,1,2026-11,1.3579,2026,10
-0.5,-73.5,1,2026-11,1.3296,2026,10
-0.5,-72.5,1,2026-11,1.3386,2026,10
-0.5,-71.5,1,2026-11,1.3403,2026,10
-0.5,-70.5,1,2026-11,1.3416,2026,10
-0.5,-69.5,1,2026-11,1.3547,2026,10
-0.5,-68.5,1,2026-11,1.4436,2026,10
-0.5,-67.5,1,2026-11,1.5164,2026,10
-0.5,-66.5,1,2026-11,1.5713,2026,10
-0.5,-65.5,1,2026-11,1.6494,2026,10
-0.5,-64.5,1,2026-11,1.6743,2026,10
-0.5,-63.5,1,2026-11,1.5938,2026,10
-0.5,-62.5,1,2026-11,1.7634,2026,10
-0.5,-61.5,1,2026-11,2.0583,2026,10
-0.5,-60.5,1,2026-11,2.7454,2026,10
-0.5,-59.5,1,2026-11,3.6187,2026,10
-0.5,-58.5,1,2026-11,4.3679,2026,10
-0.5,-57.5,1,2026-11,4.5437,2026,10
-0.5,-56.5,1,2026-11,4.3708,2026,10
-0.5,-55.5,1,2026-11,3.5654,2026,10
-0.5,-54.5,1,2026-11,2.8081,2026,10
-0.5,-53.5,1,2026-11,2.5659,2026,10
-0.5,-52.5,1,2026-11,2.178,2026,10
-0.5,-51.5,1,2026-11,1.6323,2026,10
-0.5,-50.5,1,2026-11,1.3762,2026,10
-0.5,-49.5,1,2026-11,1.1072,2026,10
-0.5,-48.5,1,2026-11,0.6648,2026,10
-0.5,-47.5,1,2026-11,0.6941,2026,10
-0.5,-46.5,1,2026-11,0.5286,2026,10
-0.5,-45.5,1,2026-11,0.4834,2026,10
-0.5,-44.5,1,2026-11,0.4746,2026,10
-0.5,-43.5,1,2026-11,0.458,2026,10
-0.5,-42.5,1,2026-11,0.4414,2026,10
-0.5,-41.5,1,2026-11,0.4189,2026,10
-0.5,-40.5,1,2026-11,0.4048,2026,10
-0.5,-39.5,1,2026-11,0.3928,2026,10
-0.5,-38.5,1,2026-11,0.3855,2026,10
-0.5,-37.5,1,2026-11,0.3865,2026,10
-0.5,-36.5,1,2026-11,0.3999,2026,10
-0.5,-35.5,1,2026-11,0.4124,2026,10
-0.5,-34.5,1,2026-11,0.4302,2026,10
-0.5,-33.5,1,2026-11,0.4512,2026,10
-0.5,-32.5,1,2026-11,0.4724,2026,10
-0.5,-31.5,1,2026-11,0.4897,2026,10
-0.5,-30.5,1,2026-11,0.5078,2026,10
-1.5,-89.5,1,2026-11,4.9709,2026,10
-1.5,-88.5,1,2026-11,5.022,2026,10
-1.5,-87.5,1,2026-11,5.1309,2026,10
-1.5,-86.5,1,2026-11,5.2749,2026,10
-1.5,-85.5,1,2026-11,5.4263,2026,10
-1.5,-84.5,1,2026-11,5.4932,2026,10
-1.5,-83.5,1,2026-11,5.4348,2026,10
-1.5,-82.5,1,2026-11,5.1118,2026,10
-1.5,-81.5,1,2026-11,4.3748,2026,10
-1.5,-80.5,1,2026-11,2.8879,2026,10
-1.5,-79.5,1,2026-11,2.0591,2026,10
-1.5,-78.5,1,2026-11,0.894,2026,10
-1.5,-77.5,1,2026-11,1.2136,2026,10
-1.5,-76.5,1,2026-11,1.5408,2026,10
-1.5,-75.5,1,2026-11,1.4609,2026,10
-1.5,-74.5,1,2026-11,1.3977,2026,10
-1.5,-73.5,1,2026-11,1.3665,2026,10
-1.5,-72.5,1,2026-11,1.3647,2026,10
-1.5,-71.5,1,2026-11,1.3518,2026,10
-1.5,-70.5,1,2026-11,1.3545,2026,10
-1.5,-69.5,1,2026-11,1.3811,2026,10
-1.5,-68.5,1,2026-11,1.4541,2026,10
-1.5,-67.5,1,2026-11,1.5444,2026,10
-1.5,-66.5,1,2026-11,1.5811,2026,10
-1.5,-65.5,1,2026-11,1.5986,2026,10
-1.5,-64.5,1,2026-11,1.6775,2026,10
-1.5,-63.5,1,2026-11,1.7065,2026,10
-1.5,-62.5,1,2026-11,1.7766,2026,10
-1.5,-61.5,1,2026-11,2.0032,2026,10
-1.5,-60.5,1,2026-11,2.6794,2026,10
-1.5,-59.5,1,2026-11,3.2998,2026,10
-1.5,-58.5,1,2026-11,4.415,2026,10
-1.5,-57.5,1,2026-11,4.644,2026,10
-1.5,-56.5,1,2026-11,4.3074,2026,10
-1.5,-55.5,1,2026-11,3.9814,2026,10
-1.5,-54.5,1,2026-11,3.5762,2026,10
-1.5,-53.5,1,2026-11,2.8965,2026,10
-1.5,-52.5,1,2026-11,2.4009,2026,10
-1.5,-51.5,1,2026-11,2.2244,2026,10
-1.5,-50.5,1,2026-11,1.9497,2026,10
-1.5,-49.5,1,2026-11,1.4824,2026,10
-1.5,-48.5,1,2026-11,1.4026,2026,10
-1.5,-47.5,1,2026-11,1.8096,2026,10
-1.5,-46.5,1,2026-11,1.5183,2026,10
-1.5,-45.5,1,2026-11,0.9675,2026,10
-1.5,-44.5,1,2026-11,0.5383,2026,10
-1.5,-43.5,1,2026-11,0.48,2026,10
-1.5,-42.5,1,2026-11,0.467,2026,10
-1.5,-41.5,1,2026-11,0.4695,2026,10
-1.5,-40.5,1,2026-11,0.4683,2026,10
-1.5,-39.5,1,2026-11,0.4314,2026,10
-1.5,-38.5,1,2026-11,0.4089,2026,10
-1.5,-37.5,1,2026-11,0.3933,2026,10
-1.5,-36.5,1,2026-11,0.396,2026,10
-1.5,-35.5,1,2026-11,0.407,2026,10
-1.5,-34.5,1,2026-11,0.4199,2026,10
-1.5,-33.5,1,2026-11,0.4331,2026,10
-1.5,-32.5,1,2026-11,0.446,2026,10
-1.5,-31.5,1,2026-11,0.4531,2026,10
-1.5,-30.5,1,2026-11,0.4763,2026,10
-2.5,-89.5,1,2026-11,5.0244,2026,10
-2.5,-88.5,1,2026-11,5.1113,2026,10
-2.5,-87.5,1,2026-11,5.3015,2026,10
-2.5,-86.5,1,2026-11,5.5178,2026,10
-2.5,-85.5,1,2026-11,5.7163,2026,10
-2.5,-84.5,1,2026-11,5.8252,2026,10
-2.5,-83.5,1,2026-11,5.9238,2026,10
-2.5,-82.5,1,2026-11,5.7717,2026,10
-2.5,-81.5,1,2026-11,5.0718,2026,10
-2.5,-80.5,1,2026-11,3.5312,2026,10
-2.5,-79.5,1,2026-11,2.0469,2026,10
-2.5,-78.5,1,2026-11,0.988,2026,10
-2.5,-77.5,1,2026-11,1.2993,2026,10
-2.5,-76.5,1,2026-11,1.5374,2026,10
-2.5,-75.5,1,2026-11,1.4697,2026,10
-2.5,-74.5,1,2026-11,1.4521,2026,10
-2.5,-73.5,1,2026-11,1.4199,2026,10
-2.5,-72.5,1,2026-11,1.3909,2026,10
-2.5,-71.5,1,2026-11,1.3855,2026,10
-2.5,-70.5,1,2026-11,1.3594,2026,10
-2.5,-69.5,1,2026-11,1.4011,2026,10
-2.5,-68.5,1,2026-11,1.4846,2026,10
-2.5,-67.5,1,2026-11,1.5583,2026,10
-2.5,-66.5,1,2026-11,1.6108,2026,10
-2.5,-65.5,1,2026-11,1.6245,2026,10
-2.5,-64.5,1,2026-11,1.7004,2026,10
-2.5,-63.5,1,2026-11,1.7881,2026,10
-2.5,-62.5,1,2026-11,1.9204,2026,10
-2.5,-61.5,1,2026-11,2.0571,2026,10
-2.5,-60.5,1,2026-11,2.7053,2026,10
-2.5,-59.5,1,2026-11,3.5,2026,10
-2.5,-58.5,1,2026-11,3.7612,2026,10
-2.5,-57.5,1,2026-11,3.6133,2026,10
-2.5,-56.5,1,2026-11,3.938,2026,10
-2.5,-55.5,1,2026-11,3.4602,2026,10
-2.5,-54.5,1,2026-11,3.1743,2026,10
-2.5,-53.5,1,2026-11,3.416,2026,10
-2.5,-52.5,1,2026-11,2.9607,2026,10
-2.5,-51.5,1,2026-11,2.8286,2026,10
-2.5,-50.5,1,2026-11,2.3459,2026,10
-2.5,-49.5,1,2026-11,1.9719,2026,10
-2.5,-48.5,1,2026-11,2.2849,2026,10
-2.5,-47.5,1,2026-11,2.4465,2026,10
-2.5,-46.5,1,2026-11,2.2583,2026,10
-2.5,-45.5,1,2026-11,1.6187,2026,10
-2.5,-44.5,1,2026-11,0.7437,2026,10
-2.5,-43.5,1,2026-11,0.4797,2026,10
-2.5,-42.5,1,2026-11,0.4956,2026,10
-2.5,-41.5,1,2026-11,0.5503,2026,10
-2.5,-40.5,1,2026-11,0.5686,2026,10
-2.5,-39.5,1,2026-11,0.5986,2026,10
-2.5,-38.5,1,2026-11,0.5195,2026,10
-2.5,-37.5,1,2026-11,0.4636,2026,10
-2.5,-36.5,1,2026-11,0.4434,2026,10
-2.5,-35.5,1,2026-11,0.4417,2026,10
-2.5,-34.5,1,2026-11,0.4468,2026,10
-2.5,-33.5,1,2026-11,0.4495,2026,10
-2.5,-32.5,1,2026-11,0.4551,2026,10
-2.5,-31.5,1,2026-11,0.4709,2026,10
-2.5,-30.5,1,2026-11,0.4932,2026,10
-3.5,-89.5,1,2026-11,4.8389,2026,10
-3.5,-88.5,1,2026-11,4.9612,2026,10
-3.5,-87.5,1,2026-11,5.1714,2026,10
-3.5,-86.5,1,2026-11,5.4175,2026,10
-3.5,-85.5,1,2026-11,5.6528,2026,10
-3.5,-84.5,1,2026-11,5.7759,2026,10
-3.5,-83.5,1,2026-11,5.9631,2026,10
-3.5,-82.5,1,2026-11,6.0054,2026,10
-3.5,-81.5,1,2026-11,5.3936,2026,10
-3.5,-80.5,1,2026-11,3.4644,2026,10
-3.5,-79.5,1,2026-11,1.302,2026,10
-3.5,-78.5,1,2026-11,1.1375,2026,10
-3.5,-77.5,1,2026-11,1.5645,2026,10
-3.5,-76.5,1,2026-11,1.5449,2026,10
-3.5,-75.5,1,2026-11,1.5027,2026,10
-3.5,-74.5,1,2026-11,1.4949,2026,10
-3.5,-73.5,1,2026-11,1.4822,2026,10
-3.5,-72.5,1,2026-11,1.4353,2026,10
-3.5,-71.5,1,2026-11,1.3989,2026,10
-3.5,-70.5,1,2026-11,1.3865,2026,10
-3.5,-69.5,1,2026-11,1.4399,2026,10
-3.5,-68.5,1,2026-11,1.5022,2026,10
-3.5,-67.5,1,2026-11,1.5571,2026,10
-3.5,-66.5,1,2026-11,1.6187,2026,10
-3.5,-65.5,1,2026-11,1.6904,2026,10
-3.5,-64.5,1,2026-11,1.7385,2026,10
-3.5,-63.5,1,2026-11,1.812,2026,10
-3.5,-62.5,1,2026-11,1.9138,2026,10
-3.5,-61.5,1,2026-11,2.02,2026,10
-3.5,-60.5,1,2026-11,2.2932,2026,10
-3.5,-59.5,1,2026-11,2.7913,2026,10
-3.5,-58.5,1,2026-11,3.1697,2026,10
-3.5,-57.5,1,2026-11,3.54,2026,10
-3.5,-56.5,1,2026-11,4.2356,2026,10
-3.5,-55.5,1,2026-11,4.0288,2026,10
-3.5,-54.5,1,2026-11,4.4419,2026,10
-3.5,-53.5,1,2026-11,4.0891,2026,10
-3.5,-52.5,1,2026-11,3.4844,2026,10
-3.5,-51.5,1,2026-11,3.2043,2026,10
-3.5,-50.5,1,2026-11,2.8447,2026,10
-3.5,-49.5,1,2026-11,2.4463,2026,10
-3.5,-48.5,1,2026-11,2.3669,2026,10
-3.5,-47.5,1,2026-11,2.3545,2026,10
-3.5,-46.5,1,2026-11,2.364,2026,10
-3.5,-45.5,1,2026-11,1.7798,2026,10
-3.5,-44.5,1,2026-11,0.9187,2026,10
-3.5,-43.5,1,2026-11,0.4915,2026,10
-3.5,-42.5,1,2026-11,0.4321,2026,10
-3.5,-41.5,1,2026-11,0.6121,2026,10
-3.5,-40.5,1,2026-11,0.4958,2026,10
-3.5,-39.5,1,2026-11,0.5405,2026,10
-3.5,-38.5,1,2026-11,0.6328,2026,10
-3.5,-37.5,1,2026-11,0.6008,2026,10
-3.5,-36.5,1,2026-11,0.5491,2026,10
-3.5,-35.5,1,2026-11,0.53,2026,10
-3.5,-34.5,1,2026-11,0.5198,2026,10
-3.5,-33.5,1,2026-11,0.5159,2026,10
-3.5,-32.5,1,2026-11,0.5149,2026,10
-3.5,-31.5,1,2026-11,0.5151,2026,10
-3.5,-30.5,1,2026-11,0.5293,2026,10
-4.5,-89.5,1,2026-11,4.5852,2026,10
-4.5,-88.5,1,2026-11,4.7366,2026,10
-4.5,-87.5,1,2026-11,4.9463,2026,10
-4.5,-86.5,1,2026-11,5.1748,2026,10
-4.5,-85.5,1,2026-11,5.4314,2026,10
-4.5,-84.5,1,2026-11,5.6775,2026,10
-4.5,-83.5,1,2026-11,5.9392,2026,10
-4.5,-82.5,1,2026-11,6.1382,2026,10
-4.5,-81.5,1,2026-11,5.8027,2026,10
-4.5,-80.5,1,2026-11,3.1082,2026,10
-4.5,-79.5,1,2026-11,0.9331,2026,10
-4.5,-78.5,1,2026-11,1.2534,2026,10
-4.5,-77.5,1,2026-11,1.6084,2026,10
-4.5,-76.5,1,2026-11,1.5847,2026,10
-4.5,-75.5,1,2026-11,1.5608,2026,10
-4.5,-74.5,1,2026-11,1.5452,2026,10
-4.5,-73.5,1,2026-11,1.541,2026,10
-4.5,-72.5,1,2026-11,1.5051,2026,10
-4.5,-71.5,1,2026-11,1.4539,2026,10
-4.5,-70.5,1,2026-11,1.449,2026,10
-4.5,-69.5,1,2026-11,1.5007,2026,10
-4.5,-68.5,1,2026-11,1.5571,2026,10
-4.5,-67.5,1,2026-11,1.5969,2026,10
-4.5,-66.5,1,2026-11,1.645,2026,10
-4.5,-65.5,1,2026-11,1.7437,2026,10
-4.5,-64.5,1,2026-11,1.8665,2026,10
-4.5,-63.5,1,2026-11,1.9231,2026,10
-4.5,-62.5,1,2026-11,1.9875,2026,10
-4.5,-61.5,1,2026-11,2.1296,2026,10
-4.5,-60.5,1,2026-11,2.314,2026,10
-4.5,-59.5,1,2026-11,2.6133,2026,10
-4.5,-58.5,1,2026-11,3.105,2026,10
-4.5,-57.5,1,2026-11,3.6995,2026,10
-4.5,-56.5,1,2026-11,4.0576,2026,10
-4.5,-55.5,1,2026-11,4.3865,2026,10
-4.5,-54.5,1,2026-11,4.4116,2026,10
-4.5,-53.5,1,2026-11,4.0305,2026,10
-4.5,-52.5,1,2026-11,3.5259,2026,10
-4.5,-51.5,1,2026-11,3.4055,2026,10
-4.5,-50.5,1,2026-11,3.072,2026,10
-4.5,-49.5,1,2026-11,2.5369,2026,10
-4.5,-48.5,1,2026-11,2.7998,2026,10
-4.5,-47.5,1,2026-11,2.5298,2026,10
-4.5,-46.5,1,2026-11,2.2007,2026,10
-4.5,-45.5,1,2026-11,1.7405,2026,10
-4.5,-44.5,1,2026-11,1.1345,2026,10
-4.5,-43.5,1,2026-11,0.6499,2026,10
-4.5,-42.5,1,2026-11,0.688,2026,10
-4.5,-41.5,1,2026-11,0.908,2026,10
-4.5,-40.5,1,2026-11,0.696,2026,10
-4.5,-39.5,1,2026-11,0.6704,2026,10
-4.5,-38.5,1,2026-11,0.5012,2026,10
-4.5,-37.5,1,2026-11,0.6448,2026,10
-4.5,-36.5,1,2026-11,0.6807,2026,10
-4.5,-35.5,1,2026-11,0.6675,2026,10
-4.5,-34.5,1,2026-11,0.6226,2026,10
-4.5,-33.5,1,2026-11,0.6038,2026,10
-4.5,-32.5,1,2026-11,0.594,2026,10
-4.5,-31.5,1,2026-11,0.582,2026,10
-4.5,-30.5,1,2026-11,0.5691,2026,10
-5.5,-89.5,1,2026-11,4.4006,2026,10
-5.5,-88.5,1,2026-11,4.5149,2026,10
-5.5,-87.5,1,2026-11,4.6733,2026,10
-5.5,-86.5,1,2026-11,4.8733,2026,10
-5.5,-85.5,1,2026-11,5.1243,2026,10
-5.5,-84.5,1,2026-11,5.4727,2026,10
-5.5,-83.5,1,2026-11,5.8203,2026,10
-5.5,-82.5,1,2026-11,6.2068,2026,10
-5.5,-81.5,1,2026-11,6.4204,2026,10
-5.5,-80.5,1,2026-11,5.2373,2026,10
-5.5,-79.5,1,2026-11,1.2876,2026,10
-5.5,-78.5,1,2026-11,1.4624,2026,10
-5.5,-77.5,1,2026-11,1.2573,2026,10
-5.5,-76.5,1,2026-11,1.6431,2026,10
-5.5,-75.5,1,2026-11,1.6501,2026,10
-5.5,-74.5,1,2026-11,1.6023,2026,10
-5.5,-73.5,1,2026-11,1.6006,2026,10
-5.5,-72.5,1,2026-11,1.6121,2026,10
-5.5,-71.5,1,2026-11,1.6272,2026,10
-5.5,-70.5,1,2026-11,1.5549,2026,10
-5.5,-69.5,1,2026-11,1.5193,2026,10
-5.5,-68.5,1,2026-11,1.6018,2026,10
-5.5,-67.5,1,2026-11,1.7029,2026,10
-5.5,-66.5,1,2026-11,1.7351,2026,10
-5.5,-65.5,1,2026-11,1.7634,2026,10
-5.5,-64.5,1,2026-11,1.8367,2026,10
-5.5,-63.5,1,2026-11,1.9985,2026,10
-5.5,-62.5,1,2026-11,2.0632,2026,10
-5.5,-61.5,1,2026-11,2.1572,2026,10
-5.5,-60.5,1,2026-11,2.3733,2026,10
-5.5,-59.5,1,2026-11,2.5996,2026,10
-5.5,-58.5,1,2026-11,3.0168,2026,10
-5.5,-57.5,1,2026-11,3.3181,2026,10
-5.5,-56.5,1,2026-11,3.8591,2026,10
-5.5,-55.5,1,2026-11,4.2104,2026,10
-5.5,-54.5,1,2026-11,4.1323,2026,10
-5.5,-53.5,1,2026-11,3.9346,2026,10
-5.5,-52.5,1,2026-11,3.551,2026,10
-5.5,-51.5,1,2026-11,3.4729,2026,10
-5.5,-50.5,1,2026-11,3.1802,2026,10
-5.5,-49.5,1,2026-11,3.0796,2026,10
-5.5,-48.5,1,2026-11,3.1812,2026,10
-5.5,-47.5,1,2026-11,2.9275,2026,10
-5.5,-46.5,1,2026-11,1.8247,2026,10
-5.5,-45.5,1,2026-11,0.9917,2026,10
-5.5,-44.5,1,2026-11,0.855,2026,10
-5.5,-43.5,1,2026-11,0.8354,2026,10
-5.5,-42.5,1,2026-11,1.1509,2026,10
-5.5,-41.5,1,2026-11,1.1274,2026,10
-5.5,-40.5,1,2026-11,0.853,2026,10
-5.5,-39.5,1,2026-11,0.6653,2026,10
-5.5,-38.5,1,2026-11,0.6497,2026,10
-5.5,-37.5,1,2026-11,0.6204,2026,10
-5.5,-36.5,1,2026-11,0.7905,2026,10
-5.5,-35.5,1,2026-11,0.7927,2026,10
-5.5,-34.5,1,2026-11,0.7378,2026,10
-5.5,-33.5,1,2026-11,0.7234,2026,10
-5.5,-32.5,1,2026-11,0.718,2026,10
-5.5,-31.5,1,2026-11,0.7065,2026,10
-5.5,-30.5,1,2026-11,0.6714,2026,10
-6.5,-89.5,1,2026-11,4.2354,2026,10
-6.5,-88.5,1,2026-11,4.3159,2026,10
-6.5,-87.5,1,2026-11,4.4126,2026,10
-6.5,-86.5,1,2026-11,4.5791,2026,10
-6.5,-85.5,1,2026-11,4.7739,2026,10
-6.5,-84.5,1,2026-11,5.0898,2026,10
-6.5,-83.5,1,2026-11,5.5588,2026,10
-6.5,-82.5,1,2026-11,6.1177,2026,10
-6.5,-81.5,1,2026-11,6.4919,2026,10
-6.5,-80.5,1,2026-11,6.2092,2026,10
-6.5,-79.5,1,2026-11,3.0808,2026,10
-6.5,-78.5,1,2026-11,0.844,2026,10
-6.5,-77.5,1,2026-11,0.949,2026,10
-6.5,-76.5,1,2026-11,1.6113,2026,10
-6.5,-75.5,1,2026-11,1.7844,2026,10
-6.5,-74.5,1,2026-11,1.7024,2026,10
-6.5,-73.5,1,2026-11,1.6658,2026,10
-6.5,-72.5,1,2026-11,1.7065,2026,10
-6.5,-71.5,1,2026-11,1.7971,2026,10
-6.5,-70.5,1,2026-11,1.7139,2026,10
-6.5,-69.5,1,2026-11,1.6753,2026,10
-6.5,-68.5,1,2026-11,1.7141,2026,10
-6.5,-67.5,1,2026-11,1.823,2026,10
-6.5,-66.5,1,2026-11,1.8418,2026,10
-6.5,-65.5,1,2026-11,1.8479,2026,10
-6.5,-64.5,1,2026-11,1.8972,2026,10
-6.5,-63.5,1,2026-11,2.0232,2026,10
-6.5,-62.5,1,2026-11,2.0391,2026,10
-6.5,-61.5,1,2026-11,2.1963,2026,10
-6.5,-60.5,1,2026-11,2.3762,2026,10
-6.5,-59.5,1,2026-11,2.6599,2026,10
-6.5,-58.5,1,2026-11,2.7542,2026,10
-6.5,-57.5,1,2026-11,2.9998,2026,10
-6.5,-56.5,1,2026-11,3.4436,2026,10
-6.5,-55.5,1,2026-11,3.7019,2026,10
-6.5,-54.5,1,2026-11,3.6216,2026,10
-6.5,-53.5,1,2026-11,3.6035,2026,10
-6.5,-52.5,1,2026-11,3.3403,2026,10
-6.5,-51.5,1,2026-11,3.4111,2026,10
-6.5,-50.5,1,2026-11,3.0085,2026,10
-6.5,-49.5,1,2026-11,3.3184,2026,10
-6.5,-48.5,1,2026-11,3.3259,2026,10
-6.5,-47.5,1,2026-11,3.02,2026,10
-6.5,-46.5,1,2026-11,1.9504,2026,10
-6.5,-45.5,1,2026-11,1.4365,2026,10
-6.5,-44.5,1,2026-11,1.3264,2026,10
-6.5,-43.5,1,2026-11,1.2791,2026,10
-6.5,-42.5,1,2026-11,1.3892,2026,10
-6.5,-41.5,1,2026-11,1.5295,2026,10
-6.5,-40.5,1,2026-11,1.1467,2026,10
-6.5,-39.5,1,2026-11,0.8811,2026,10
-6.5,-38.5,1,2026-11,0.9062,2026,10
-6.5,-37.5,1,2026-11,0.9893,2026,10
-6.5,-36.5,1,2026-11,0.9819,2026,10
-6.5,-35.5,1,2026-11,0.9187,2026,10
-6.5,-34.5,1,2026-11,0.8459,2026,10
-6.5,-33.5,1,2026-11,0.8225,2026,10
-6.5,-32.5,1,2026-11,0.8384,2026,10
-6.5,-31.5,1,2026-11,0.8528,2026,10
-6.5,-30.5,1,2026-11,0.8376,2026,10
-7.5,-89.5,1,2026-11,4.0334,2026,10
-7.5,-88.5,1,2026-11,4.1604,2026,10
-7.5,-87.5,1,2026-11,4.2114,2026,10
-7.5,-86.5,1,2026-11,4.3022,2026,10
-7.5,-85.5,1,2026-11,4.4783,2026,10
-7.5,-84.5,1,2026-11,4.7083,2026,10
-7.5,-83.5,1,2026-11,5.1262,2026,10
-7.5,-82.5,1,2026-11,5.7458,2026,10
-7.5,-81.5,1,2026-11,6.0999,2026,10
-7.5,-80.5,1,2026-11,6.3721,2026,10
-7.5,-79.5,1,2026-11,5.1904,2026,10
-7.5,-78.5,1,2026-11,1.1548,2026,10
-7.5,-77.5,1,2026-11,1.3118,2026,10
-7.5,-76.5,1,2026-11,1.5222,2026,10
-7.5,-75.5,1,2026-11,1.8647,2026,10
-7.5,-74.5,1,2026-11,1.8154,2026,10
-7.5,-73.5,1,2026-11,1.7878,2026,10
-7.5,-72.5,1,2026-11,1.8093,2026,10
-7.5,-71.5,1,2026-11,1.8379,2026,10
-7.5,-70.5,1,2026-11,1.8284,2026,10
-7.5,-69.5,1,2026-11,1.8259,2026,10
-7.5,-68.5,1,2026-11,1.7878,2026,10
-7.5,-67.5,1,2026-11,1.8789,2026,10
-7.5,-66.5,1,2026-11,1.918,2026,10
-7.5,-65.5,1,2026-11,1.9614,2026,10
-7.5,-64.5,1,2026-11,1.9668,2026,10
-7.5,-63.5,1,2026-11,2.0229,2026,10
-7.5,-62.5,1,2026-11,2.0469,2026,10
-7.5,-61.5,1,2026-11,2.2134,2026,10
-7.5,-60.5,1,2026-11,2.3074,2026,10
-7.5,-59.5,1,2026-11,2.5378,2026,10
-7.5,-58.5,1,2026-11,2.6179,2026,10
-7.5,-57.5,1,2026-11,2.7971,2026,10
-7.5,-56.5,1,2026-11,3.0957,2026,10
-7.5,-55.5,1,2026-11,3.2527,2026,10
-7.5,-54.5,1,2026-11,3.2266,2026,10
-7.5,-53.5,1,2026-11,3.0005,2026,10
-7.5,-52.5,1,2026-11,2.6992,2026,10
-7.5,-51.5,1,2026-11,2.6682,2026,10
-7.5,-50.5,1,2026-11,2.8796,2026,10
-7.5,-49.5,1,2026-11,2.7336,2026,10
-7.5,-48.5,1,2026-11,3.0232,2026,10
-7.5,-47.5,1,2026-11,2.7832,2026,10
-7.5,-46.5,1,2026-11,2.1851,2026,10
-7.5,-45.5,1,2026-11,1.7004,2026,10
-7.5,-44.5,1,2026-11,1.4482,2026,10
-7.5,-43.5,1,2026-11,1.6064,2026,10
-7.5,-42.5,1,2026-11,1.9031,2026,10
-7.5,-41.5,1,2026-11,1.9851,2026,10
-7.5,-40.5,1,2026-11,1.8391,2026,10
-7.5,-39.5,1,2026-11,1.6533,2026,10
-7.5,-38.5,1,2026-11,1.574,2026,10
-7.5,-37.5,1,2026-11,1.4043,2026,10
-7.5,-36.5,1,2026-11,1.3047,2026,10
-7.5,-35.5,1,2026-11,1.1953,2026,10
-7.5,-34.5,1,2026-11,0.9019,2026,10
-7.5,-33.5,1,2026-11,0.8955,2026,10
-7.5,-32.5,1,2026-11,0.908,2026,10
-7.5,-31.5,1,2026-11,0.9133,2026,10
-7.5,-30.5,1,2026-11,0.9207,2026,10
-8.5,-89.5,1,2026-11,3.7998,2026,10
-8.5,-88.5,1,2026-11,3.9814,2026,10
-8.5,-87.5,1,2026-11,4.0808,2026,10
-8.5,-86.5,1,2026-11,4.1333,2026,10
-8.5,-85.5,1,2026-11,4.2632,2026,10
-8.5,-84.5,1,2026-11,4.4382,2026,10
-8.5,-83.5,1,2026-11,4.6528,2026,10
-8.5,-82.5,1,2026-11,5.1538,2026,10
-8.5,-81.5,1,2026-11,5.7473,2026,10
-8.5,-80.5,1,2026-11,6.2361,2026,10
-8.5,-79.5,1,2026-11,6.0754,2026,10
-8.5,-78.5,1,2026-11,2.5576,2026,10
-8.5,-77.5,1,2026-11,1.4434,2026,10
-8.5,-76.5,1,2026-11,1.2805,2026,10
-8.5,-75.5,1,2026-11,1.564,2026,10
-8.5,-74.5,1,2026-11,1.8142,2026,10
-8.5,-73.5,1,2026-11,1.8362,2026,10
-8.5,-72.5,1,2026-11,1.7747,2026,10
-8.5,-71.5,1,2026-11,1.7915,2026,10
-8.5,-70.5,1,2026-11,1.7964,2026,10
-8.5,-69.5,1,2026-11,1.8215,2026,10
-8.5,-68.5,1,2026-11,1.771,2026,10
-8.5,-67.5,1,2026-11,1.8228,2026,10
-8.5,-66.5,1,2026-11,2.0334,2026,10
-8.5,-65.5,1,2026-11,1.989,2026,10
-8.5,-64.5,1,2026-11,2.0256,2026,10
-8.5,-63.5,1,2026-11,2.0923,2026,10
-8.5,-62.5,1,2026-11,2.1414,2026,10
-8.5,-61.5,1,2026-11,2.2385,2026,10
-8.5,-60.5,1,2026-11,2.3271,2026,10
-8.5,-59.5,1,2026-11,2.3796,2026,10
-8.5,-58.5,1,2026-11,2.4609,2026,10
-8.5,-57.5,1,2026-11,2.4707,2026,10
-8.5,-56.5,1,2026-11,2.7864,2026,10
-8.5,-55.5,1,2026-11,3.0935,2026,10
-8.5,-54.5,1,2026-11,2.9629,2026,10
-8.5,-53.5,1,2026-11,2.6284,2026,10
-8.5,-52.5,1,2026-11,2.1121,2026,10
-8.5,-51.5,1,2026-11,1.9946,2026,10
-8.5,-50.5,1,2026-11,2.2961,2026,10
-8.5,-49.5,1,2026-11,2.7549,2026,10
-8.5,-48.5,1,2026-11,2.6938,2026,10
-8.5,-47.5,1,2026-11,2.1985,2026,10
-8.5,-46.5,1,2026-11,2.0032,2026,10
-8.5,-45.5,1,2026-11,1.6802,2026,10
-8.5,-44.5,1,2026-11,1.6243,2026,10
-8.5,-43.5,1,2026-11,1.6069,2026,10
-8.5,-42.5,1,2026-11,1.657,2026,10
-8.5,-41.5,1,2026-11,1.8525,2026,10
-8.5,-40.5,1,2026-11,2.124,2026,10
-8.5,-39.5,1,2026-11,2.2175,2026,10
-8.5,-38.5,1,2026-11,2.2432,2026,10
-8.5,-37.5,1,2026-11,1.9177,2026,10
-8.5,-36.5,1,2026-11,1.613,2026,10
-8.5,-35.5,1,2026-11,1.2559,2026,10
-8.5,-34.5,1,2026-11,0.9253,2026,10
-8.5,-33.5,1,2026-11,0.9492,2026,10
-8.5,-32.5,1,2026-11,0.9497,2026,10
-8.5,-31.5,1,2026-11,0.9377,2026,10
-8.5,-30.5,1,2026-11,0.9397,2026,10
-9.5,-89.5,1,2026-11,3.4724,2026,10
-9.5,-88.5,1,2026-11,3.6968,2026,10
-9.5,-87.5,1,2026-11,3.9089,2026,10
-9.5,-86.5,1,2026-11,4.0493,2026,10
-9.5,-85.5,1,2026-11,4.1079,2026,10
-9.5,-84.5,1,2026-11,4.2073,2026,10
-9.5,-83.5,1,2026-11,4.3491,2026,10
-9.5,-82.5,1,2026-11,4.6504,2026,10
-9.5,-81.5,1,2026-11,5.3518,2026,10
-9.5,-80.5,1,2026-11,5.8142,2026,10
-9.5,-79.5,1,2026-11,6.0093,2026,10
-9.5,-78.5,1,2026-11,5.0605,2026,10
-9.5,-77.5,1,2026-11,1.3003,2026,10
-9.5,-76.5,1,2026-11,1.4375,2026,10
-9.5,-75.5,1,2026-11,1.3994,2026,10
-9.5,-74.5,1,2026-11,1.4885,2026,10
-9.5,-73.5,1,2026-11,1.8025,2026,10
-9.5,-72.5,1,2026-11,1.6584,2026,10
-9.5,-71.5,1,2026-11,1.6021,2026,10
-9.5,-70.5,1,2026-11,1.6262,2026,10
-9.5,-69.5,1,2026-11,1.7761,2026,10
-9.5,-68.5,1,2026-11,1.9624,2026,10
-9.5,-67.5,1,2026-11,2.063,2026,10
-9.5,-66.5,1,2026-11,2.1523,2026,10
-9.5,-65.5,1,2026-11,2.0588,2026,10
-9.5,-64.5,1,2026-11,2.0854,2026,10
-9.5,-63.5,1,2026-11,2.2915,2026,10
-9.5,-62.5,1,2026-11,2.28,2026,10
-9.5,-61.5,1,2026-11,2.1797,2026,10
-9.5,-60.5,1,2026-11,2.2061,2026,10
-9.5,-59.5,1,2026-11,2.2549,2026,10
-9.5,-58.5,1,2026-11,2.2561,2026,10
-9.5,-57.5,1,2026-11,2.2947,2026,10
-9.5,-56.5,1,2026-11,2.302,2026,10
-9.5,-55.5,1,2026-11,2.5635,2026,10
-9.5,-54.5,1,2026-11,2.5723,2026,10
-9.5,-53.5,1,2026-11,2.4587,2026,10
-9.5,-52.5,1,2026-11,2.0867,2026,10
-9.5,-51.5,1,2026-11,1.71,2026,10
-9.5,-50.5,1,2026-11,1.7019,2026,10
-9.5,-49.5,1,2026-11,2.2539,2026,10
-9.5,-48.5,1,2026-11,2.2217,2026,10
-9.5,-47.5,1,2026-11,1.7607,2026,10
-9.5,-46.5,1,2026-11,1.8108,2026,10
-9.5,-45.5,1,2026-11,1.77,2026,10
-9.5,-44.5,1,2026-11,1.6189,2026,10
-9.5,-43.5,1,2026-11,1.6711,2026,10
-9.5,-42.5,1,2026-11,1.5708,2026,10
-9.5,-41.5,1,2026-11,1.7158,2026,10
-9.5,-40.5,1,2026-11,2.1199,2026,10
-9.5,-39.5,1,2026-11,2.1877,2026,10
-9.5,-38.5,1,2026-11,2.1106,2026,10
-9.5,-37.5,1,2026-11,2.2864,2026,10
-9.5,-36.5,1,2026-11,2.0703,2026,10
-9.5,-35.5,1,2026-11,1.186,2026,10
-9.5,-34.5,1,2026-11,0.9443,2026,10
-9.5,-33.5,1,2026-11,0.9709,2026,10
-9.5,-32.5,1,2026-11,0.9727,2026,10
-9.5,-31.5,1,2026-11,0.9702,2026,10
-9.5,-30.5,1,2026-11,0.9648,2026,10
-10.5,-89.5,1,2026-11,3.0784,2026,10
-10.5,-88.5,1,2026-11,3.2607,2026,10
-10.5,-87.5,1,2026-11,3.5657,2026,10
-10.5,-86.5,1,2026-11,3.8701,2026,10
-10.5,-85.5,1,2026-11,3.9619,2026,10
-10.5,-84.5,1,2026-11,4.0432,2026,10
-10.5,-83.5,1,2026-11,4.1897,2026,10
-10.5,-82.5,1,2026-11,4.3516,2026,10
-10.5,-81.5,1,2026-11,4.7417,2026,10
-10.5,-80.5,1,2026-11,5.2886,2026,10
-10.5,-79.5,1,2026-11,5.9302,2026,10
-10.5,-78.5,1,2026-11,6.1072,2026,10
-10.5,-77.5,1,2026-11,2.0432,2026,10
-10.5,-76.5,1,2026-11,1.5076,2026,10
-10.5,-75.5,1,2026-11,1.2852,2026,10
-10.5,-74.5,1,2026-11,1.2717,2026,10
-10.5,-73.5,1,2026-11,1.6255,2026,10
-10.5,-72.5,1,2026-11,1.5786,2026,10
-10.5,-71.5,1,2026-11,1.5688,2026,10
-10.5,-70.5,1,2026-11,1.6616,2026,10
-10.5,-69.5,1,2026-11,1.9028,2026,10
-10.5,-68.5,1,2026-11,2.0791,2026,10
-10.5,-67.5,1,2026-11,2.0874,2026,10
-10.5,-66.5,1,2026-11,1.9014,2026,10
-10.5,-65.5,1,2026-11,1.938,2026,10
-10.5,-64.5,1,2026-11,2.0549,2026,10
-10.5,-63.5,1,2026-11,2.1396,2026,10
-10.5,-62.5,1,2026-11,2.2427,2026,10
-10.5,-61.5,1,2026-11,2.1216,2026,10
-10.5,-60.5,1,2026-11,2.0942,2026,10
-10.5,-59.5,1,2026-11,2.1255,2026,10
-10.5,-58.5,1,2026-11,2.2095,2026,10
-10.5,-57.5,1,2026-11,2.2102,2026,10
-10.5,-56.5,1,2026-11,2.1587,2026,10
-10.5,-55.5,1,2026-11,2.1863,2026,10
-10.5,-54.5,1,2026-11,2.1294,2026,10
-10.5,-53.5,1,2026-11,2.0342,2026,10
-10.5,-52.5,1,2026-11,1.8376,2026,10
-10.5,-51.5,1,2026-11,1.6699,2026,10
-10.5,-50.5,1,2026-11,1.6433,2026,10
-10.5,-49.5,1,2026-11,1.7104,2026,10
-10.5,-48.5,1,2026-11,1.613,2026,10
-10.5,-47.5,1,2026-11,1.6553,2026,10
-10.5,-46.5,1,2026-11,1.7673,2026,10
-10.5,-45.5,1,2026-11,1.9226,2026,10
-10.5,-44.5,1,2026-11,1.8325,2026,10
-10.5,-43.5,1,2026-11,1.9038,2026,10
-10.5,-42.5,1,2026-11,1.7864,2026,10
-10.5,-41.5,1,2026-11,1.75,2026,10
-10.5,-40.5,1,2026-11,1.8186,2026,10
-10.5,-39.5,1,2026-11,2.009,2026,10
-10.5,-38.5,1,2026-11,2.2053,2026,10
-10.5,-37.5,1,2026-11,2.3933,2026,10
-10.5,-36.5,1,2026-11,1.46,2026,10
-10.5,-35.5,1,2026-11,0.9324,2026,10
-10.5,-34.5,1,2026-11,0.9556,2026,10
-10.5,-33.5,1,2026-11,0.9666,2026,10
-10.5,-32.5,1,2026-11,0.98,2026,10
-10.5,-31.5,1,2026-11,0.9922,2026,10
-10.5,-30.5,1,2026-11,0.981,2026,10
-11.5,-89.5,1,2026-11,2.6934,2026,10
-11.5,-88.5,1,2026-11,2.8921,2026,10
-11.5,-87.5,1,2026-11,3.2236,2026,10
-11.5,-86.5,1,2026-11,3.5596,2026,10
-11.5,-85.5,1,2026-11,3.7432,2026,10
-11.5,-84.5,1,2026-11,3.8508,2026,10
-11.5,-83.5,1,2026-11,3.9731,2026,10
-11.5,-82.5,1,2026-11,4.0896,2026,10
-11.5,-81.5,1,2026-11,4.3174,2026,10
-11.5,-80.5,1,2026-11,4.8577,2026,10
-11.5,-79.5,1,2026-11,5.3706,2026,10
-11.5,-78.5,1,2026-11,5.8962,2026,10
-11.5,-77.5,1,2026-11,4.9263,2026,10
-11.5,-76.5,1,2026-11,1.0708,2026,10
-11.5,-75.5,1,2026-11,1.4597,2026,10
-11.5,-74.5,1,2026-11,1.2729,2026,10
-11.5,-73.5,1,2026-11,1.2634,2026,10
-11.5,-72.5,1,2026-11,1.2915,2026,10
-11.5,-71.5,1,2026-11,1.5916,2026,10
-11.5,-70.5,1,2026-11,1.6323,2026,10
-11.5,-69.5,1,2026-11,1.8711,2026,10
-11.5,-68.5,1,2026-11,1.9563,2026,10
-11.5,-67.5,1,2026-11,1.9377,2026,10
-11.5,-66.5,1,2026-11,1.9294,2026,10
-11.5,-65.5,1,2026-11,1.7722,2026,10
-11.5,-64.5,1,2026-11,1.7751,2026,10
-11.5,-63.5,1,2026-11,1.8594,2026,10
-11.5,-62.5,1,2026-11,2.0203,2026,10
-11.5,-61.5,1,2026-11,2.0012,2026,10
-11.5,-60.5,1,2026-11,1.75,2026,10
-11.5,-59.5,1,2026-11,1.7239,2026,10
-11.5,-58.5,1,2026-11,2.0359,2026,10
-11.5,-57.5,1,2026-11,2.0686,2026,10
-11.5,-56.5,1,2026-11,1.9907,2026,10
-11.5,-55.5,1,2026-11,1.906,2026,10
-11.5,-54.5,1,2026-11,1.7605,2026,10
-11.5,-53.5,1,2026-11,1.6255,2026,10
-11.5,-52.5,1,2026-11,1.6021,2026,10
-11.5,-51.5,1,2026-11,1.7439,2026,10
-11.5,-50.5,1,2026-11,1.668,2026,10
-11.5,-49.5,1,2026-11,1.6096,2026,10
-11.5,-48.5,1,2026-11,1.5417,2026,10
-11.5,-47.5,1,2026-11,1.5259,2026,10
-11.5,-46.5,1,2026-11,1.7151,2026,10
-11.5,-45.5,1,2026-11,1.907,2026,10
-11.5,-44.5,1,2026-11,1.7522,2026,10
-11.5,-43.5,1,2026-11,1.9502,2026,10
-11.5,-42.5,1,2026-11,1.9062,2026,10
-11.5,-41.5,1,2026-11,1.9404,2026,10
-11.5,-40.5,1,2026-11,2.092,2026,10
-11.5,-39.5,1,2026-11,2.501,2026,10
-11.5,-38.5,1,2026-11,2.5244,2026,10
-11.5,-37.5,1,2026-11,1.6165,2026,10
-11.5,-36.5,1,2026-11,0.9587,2026,10
-11.5,-35.5,1,2026-11,0.9548,2026,10
-11.5,-34.5,1,2026-11,0.9541,2026,10
-11.5,-33.5,1,2026-11,0.9583,2026,10
-11.5,-32.5,1,2026-11,0.9626,2026,10
-11.5,-31.5,1,2026-11,0.9758,2026,10
-11.5,-30.5,1,2026-11,0.9932,2026,10
-12.5,-89.5,1,2026-11,2.4626,2026,10
-12.5,-88.5,1,2026-11,2.6252,2026,10
-12.5,-87.5,1,2026-11,2.8669,2026,10
-12.5,-86.5,1,2026-11,3.1208,2026,10
-12.5,-85.5,1,2026-11,3.3484,2026,10
-12.5,-84.5,1,2026-11,3.5205,2026,10
-12.5,-83.5,1,2026-11,3.6741,2026,10
-12.5,-82.5,1,2026-11,3.8401,2026,10
-12.5,-81.5,1,2026-11,4.0461,2026,10
-12.5,-80.5,1,2026-11,4.3127,2026,10
-12.5,-79.5,1,2026-11,4.7854,2026,10
-12.5,-78.5,1,2026-11,5.5618,2026,10
-12.5,-77.5,1,2026-11,5.783,2026,10
-12.5,-76.5,1,2026-11,2.4854,2026,10
-12.5,-75.5,1,2026-11,1.3889,2026,10
-12.5,-74.5,1,2026-11,1.3496,2026,10
-12.5,-73.5,1,2026-11,1.3479,2026,10
-12.5,-72.5,1,2026-11,1.2749,2026,10
-12.5,-71.5,1,2026-11,1.532,2026,10
-12.5,-70.5,1,2026-11,1.5693,2026,10
-12.5,-69.5,1,2026-11,1.5405,2026,10
-12.5,-68.5,1,2026-11,1.6619,2026,10
-12.5,-67.5,1,2026-11,1.7351,2026,10
-12.5,-66.5,1,2026-11,1.7908,2026,10
-12.5,-65.5,1,2026-11,1.4592,2026,10
-12.5,-64.5,1,2026-11,1.4158,2026,10
-12.5,-63.5,1,2026-11,1.5286,2026,10
-12.5,-62.5,1,2026-11,1.6455,2026,10
-12.5,-61.5,1,2026-11,1.7307,2026,10
-12.5,-60.5,1,2026-11,1.512,2026,10
-12.5,-59.5,1,2026-11,1.4473,2026,10
-12.5,-58.5,1,2026-11,1.571,2026,10
-12.5,-57.5,1,2026-11,1.6975,2026,10
-12.5,-56.5,1,2026-11,1.749,2026,10
-12.5,-55.5,1,2026-11,1.8081,2026,10
-12.5,-54.5,1,2026-11,1.5427,2026,10
-12.5,-53.5,1,2026-11,1.4636,2026,10
-12.5,-52.5,1,2026-11,1.4377,2026,10
-12.5,-51.5,1,2026-11,1.3623,2026,10
-12.5,-50.5,1,2026-11,1.5432,2026,10
-12.5,-49.5,1,2026-11,1.4602,2026,10
-12.5,-48.5,1,2026-11,1.5059,2026,10
-12.5,-47.5,1,2026-11,1.4126,2026,10
-12.5,-46.5,1,2026-11,1.7961,2026,10
-12.5,-45.5,1,2026-11,2.0249,2026,10
-12.5,-44.5,1,2026-11,2.0068,2026,10
-12.5,-43.5,1,2026-11,2.1619,2026,10
-12.5,-42.5,1,2026-11,2.0022,2026,10
-12.5,-41.5,1,2026-11,1.8025,2026,10
-12.5,-40.5,1,2026-11,2.2649,2026,10
-12.5,-39.5,1,2026-11,2.5298,2026,10
-12.5,-38.5,1,2026-11,2.0024,2026,10
-12.5,-37.5,1,2026-11,1.106,2026,10
-12.5,-36.5,1,2026-11,1.009,2026,10
-12.5,-35.5,1,2026-11,0.9854,2026,10
-12.5,-34.5,1,2026-11,0.9636,2026,10
-12.5,-33.5,1,2026-11,0.9675,2026,10
-12.5,-32.5,1,2026-11,0.97,2026,10
-12.5,-31.5,1,2026-11,0.9802,2026,10
-12.5,-30.5,1,2026-11,1.0095,2026,10
-13.5,-89.5,1,2026-11,2.3267,2026,10
-13.5,-88.5,1,2026-11,2.4316,2026,10
-13.5,-87.5,1,2026-11,2.564,2026,10
-13.5,-86.5,1,2026-11,2.7261,2026,10
-13.5,-85.5,1,2026-11,2.9592,2026,10
-13.5,-84.5,1,2026-11,3.1797,2026,10
-13.5,-83.5,1,2026-11,3.3818,2026,10
-13.5,-82.5,1,2026-11,3.5305,2026,10
-13.5,-81.5,1,2026-11,3.6616,2026,10
-13.5,-80.5,1,2026-11,3.9617,2026,10
-13.5,-79.5,1,2026-11,4.4426,2026,10
-13.5,-78.5,1,2026-11,4.9009,2026,10
-13.5,-77.5,1,2026-11,5.4729,2026,10
-13.5,-76.5,1,2026-11,4.9128,2026,10
-13.5,-75.5,1,2026-11,1.4165,2026,10
-13.5,-74.5,1,2026-11,1.6084,2026,10
-13.5,-73.5,1,2026-11,1.5962,2026,10
-13.5,-72.5,1,2026-11,1.4675,2026,10
-13.5,-71.5,1,2026-11,1.4766,2026,10
-13.5,-70.5,1,2026-11,1.4158,2026,10
-13.5,-69.5,1,2026-11,1.324,2026,10
-13.5,-68.5,1,2026-11,1.4065,2026,10
-13.5,-67.5,1,2026-11,1.6218,2026,10
-13.5,-66.5,1,2026-11,1.5864,2026,10
-13.5,-65.5,1,2026-11,1.2029,2026,10
-13.5,-64.5,1,2026-11,1.0737,2026,10
-13.5,-63.5,1,2026-11,1.0747,2026,10
-13.5,-62.5,1,2026-11,1.4226,2026,10
-13.5,-61.5,1,2026-11,1.5354,2026,10
-13.5,-60.5,1,2026-11,1.5173,2026,10
-13.5,-59.5,1,2026-11,1.3801,2026,10
-13.5,-58.5,1,2026-11,1.2495,2026,10
-13.5,-57.5,1,2026-11,1.3369,2026,10
-13.5,-56.5,1,2026-11,1.3806,2026,10
-13.5,-55.5,1,2026-11,1.4099,2026,10
-13.5,-54.5,1,2026-11,1.3225,2026,10
-13.5,-53.5,1,2026-11,1.2065,2026,10
-13.5,-52.5,1,2026-11,1.2075,2026,10
-13.5,-51.5,1,2026-11,1.1792,2026,10
-13.5,-50.5,1,2026-11,1.3301,2026,10
-13.5,-49.5,1,2026-11,1.5081,2026,10
-13.5,-48.5,1,2026-11,1.4363,2026,10
-13.5,-47.5,1,2026-11,1.5659,2026,10
-13.5,-46.5,1,2026-11,1.9434,2026,10
-13.5,-45.5,1,2026-11,2.2,2026,10
-13.5,-44.5,1,2026-11,2.219,2026,10
-13.5,-43.5,1,2026-11,2.3223,2026,10
-13.5,-42.5,1,2026-11,2.0044,2026,10
-13.5,-41.5,1,2026-11,1.7661,2026,10
-13.5,-40.5,1,2026-11,1.8704,2026,10
-13.5,-39.5,1,2026-11,1.7705,2026,10
-13.5,-38.5,1,2026-11,1.0908,2026,10
-13.5,-37.5,1,2026-11,1.0518,2026,10
-13.5,-36.5,1,2026-11,1.0491,2026,10
-13.5,-35.5,1,2026-11,1.0481,2026,10
-13.5,-34.5,1,2026-11,1.0305,2026,10
-13.5,-33.5,1,2026-11,0.9917,2026,10
-13.5,-32.5,1,2026-11,0.9832,2026,10
-13.5,-31.5,1,2026-11,0.9893,2026,10
-13.5,-30.5,1,2026-11,1.0081,2026,10
-14.5,-89.5,1,2026-11,2.2537,2026,10
-14.5,-88.5,1,2026-11,2.3057,2026,10
-14.5,-87.5,1,2026-11,2.3799,2026,10
-14.5,-86.5,1,2026-11,2.5093,2026,10
-14.5,-85.5,1,2026-11,2.6799,2026,10
-14.5,-84.5,1,2026-11,2.8608,2026,10
-14.5,-83.5,1,2026-11,3.0649,2026,10
-14.5,-82.5,1,2026-11,3.2231,2026,10
-14.5,-81.5,1,2026-11,3.3442,2026,10
-14.5,-80.5,1,2026-11,3.5759,2026,10
-14.5,-79.5,1,2026-11,3.877,2026,10
-14.5,-78.5,1,2026-11,4.2305,2026,10
-14.5,-77.5,1,2026-11,4.7576,2026,10
-14.5,-76.5,1,2026-11,5.1128,2026,10
-14.5,-75.5,1,2026-11,2.8059,2026,10
-14.5,-74.5,1,2026-11,1.1731,2026,10
-14.5,-73.5,1,2026-11,1.4656,2026,10
-14.5,-72.5,1,2026-11,1.6846,2026,10
-14.5,-71.5,1,2026-11,1.8162,2026,10
-14.5,-70.5,1,2026-11,1.8813,2026,10
-14.5,-69.5,1,2026-11,1.5002,2026,10
-14.5,-68.5,1,2026-11,1.3567,2026,10
-14.5,-67.5,1,2026-11,1.5183,2026,10
-14.5,-66.5,1,2026-11,1.4343,2026,10
-14.5,-65.5,1,2026-11,1.0703,2026,10
-14.5,-64.5,1,2026-11,0.8452,2026,10
-14.5,-63.5,1,2026-11,0.8535,2026,10
-14.5,-62.5,1,2026-11,1.0874,2026,10
-14.5,-61.5,1,2026-11,1.3452,2026,10
-14.5,-60.5,1,2026-11,1.2715,2026,10
-14.5,-59.5,1,2026-11,1.4431,2026,10
-14.5,-58.5,1,2026-11,1.165,2026,10
-14.5,-57.5,1,2026-11,1.2205,2026,10
-14.5,-56.5,1,2026-11,1.25,2026,10
-14.5,-55.5,1,2026-11,1.1526,2026,10
-14.5,-54.5,1,2026-11,1.0676,2026,10
-14.5,-53.5,1,2026-11,1.1113,2026,10
-14.5,-52.5,1,2026-11,1.1401,2026,10
-14.5,-51.5,1,2026-11,1.0703,2026,10
-14.5,-50.5,1,2026-11,1.3118,2026,10
-14.5,-49.5,1,2026-11,1.3735,2026,10
-14.5,-48.5,1,2026-11,1.2983,2026,10
-14.5,-47.5,1,2026-11,1.5115,2026,10
-14.5,-46.5,1,2026-11,1.9495,2026,10
-14.5,-45.5,1,2026-11,2.1086,2026,10
-14.5,-44.5,1,2026-11,2.4282,2026,10
-14.5,-43.5,1,2026-11,2.3994,2026,10
-14.5,-42.5,1,2026-11,2.0415,2026,10
-14.5,-41.5,1,2026-11,1.9937,2026,10
-14.5,-40.5,1,2026-11,1.8206,2026,10
-14.5,-39.5,1,2026-11,1.7639,2026,10
-14.5,-38.5,1,2026-11,1.1155,2026,10
-14.5,-37.5,1,2026-11,1.1074,2026,10
-14.5,-36.5,1,2026-11,1.0964,2026,10
-14.5,-35.5,1,2026-11,1.1013,2026,10
-14.5,-34.5,1,2026-11,1.1047,2026,10
-14.5,-33.5,1,2026-11,1.0574,2026,10
-14.5,-32.5,1,2026-11,1.0327,2026,10
-14.5,-31.5,1,2026-11,1.0342,2026,10
-14.5,-30.5,1,2026-11,1.0615,2026,10
-15.5,-89.5,1,2026-11,2.1643,2026,10
-15.5,-88.5,1,2026-11,2.2058,2026,10
-15.5,-87.5,1,2026-11,2.2676,2026,10
-15.5,-86.5,1,2026-11,2.3535,2026,10
-15.5,-85.5,1,2026-11,2.4685,2026,10
-15.5,-84.5,1,2026-11,2.5879,2026,10
-15.5,-83.5,1,2026-11,2.751,2026,10
-15.5,-82.5,1,2026-11,2.9124,2026,10
-15.5,-81.5,1,2026-11,2.9946,2026,10
-15.5,-80.5,1,2026-11,3.1687,2026,10
-15.5,-79.5,1,2026-11,3.4133,2026,10
-15.5,-78.5,1,2026-11,3.6665,2026,10
-15.5,-77.5,1,2026-11,3.8943,2026,10
-15.5,-76.5,1,2026-11,4.1206,2026,10
-15.5,-75.5,1,2026-11,4.3203,2026,10
-15.5,-74.5,1,2026-11,2.4565,2026,10
-15.5,-73.5,1,2026-11,1.0947,2026,10
-15.5,-72.5,1,2026-11,1.3621,2026,10
-15.5,-71.5,1,2026-11,1.4956,2026,10
-15.5,-70.5,1,2026-11,2.0869,2026,10
-15.5,-69.5,1,2026-11,1.9243,2026,10
-15.5,-68.5,1,2026-11,1.4111,2026,10
-15.5,-67.5,1,2026-11,1.1562,2026,10
-15.5,-66.5,1,2026-11,1.1475,2026,10
-15.5,-65.5,1,2026-11,0.7737,2026,10
-15.5,-64.5,1,2026-11,0.5164,2026,10
-15.5,-63.5,1,2026-11,0.5156,2026,10
-15.5,-62.5,1,2026-11,0.6318,2026,10
-15.5,-61.5,1,2026-11,0.8752,2026,10
-15.5,-60.5,1,2026-11,1.0601,2026,10
-15.5,-59.5,1,2026-11,1.1604,2026,10
-15.5,-58.5,1,2026-11,1.1877,2026,10
-15.5,-57.5,1,2026-11,1.0242,2026,10
-15.5,-56.5,1,2026-11,1.2332,2026,10
-15.5,-55.5,1,2026-11,1.1726,2026,10
-15.5,-54.5,1,2026-11,1.0977,2026,10
-15.5,-53.5,1,2026-11,0.926,2026,10
-15.5,-52.5,1,2026-11,0.9404,2026,10
-15.5,-51.5,1,2026-11,0.9651,2026,10
-15.5,-50.5,1,2026-11,1.0889,2026,10
-15.5,-49.5,1,2026-11,1.042,2026,10
-15.5,-48.5,1,2026-11,1.2341,2026,10
-15.5,-47.5,1,2026-11,1.4695,2026,10
-15.5,-46.5,1,2026-11,1.6709,2026,10
-15.5,-45.5,1,2026-11,1.9958,2026,10
-15.5,-44.5,1,2026-11,2.2805,2026,10
-15.5,-43.5,1,2026-11,2.436,2026,10
-15.5,-42.5,1,2026-11,2.3645,2026,10
-15.5,-41.5,1,2026-11,2.4502,2026,10
-15.5,-40.5,1,2026-11,2.3247,2026,10
-15.5,-39.5,1,2026-11,1.9395,2026,10
-15.5,-38.5,1,2026-11,1.1716,2026,10
-15.5,-37.5,1,2026-11,1.1638,2026,10
-15.5,-36.5,1,2026-11,1.1697,2026,10
-15.5,-35.5,1,2026-11,1.1758,2026,10
-15.5,-34.5,1,2026-11,1.1975,2026,10
-15.5,-33.5,1,2026-11,1.1553,2026,10
-15.5,-32.5,1,2026-11,1.1179,2026,10
-15.5,-31.5,1,2026-11,1.1118,2026,10
-15.5,-30.5,1,2026-11,1.1306,2026,10
-16.5,-89.5,1,2026-11,2.1331,2026,10
-16.5,-88.5,1,2026-11,2.1545,2026,10
-16.5,-87.5,1,2026-11,2.1797,2026,10
-16.5,-86.5,1,2026-11,2.2449,2026,10
-16.5,-85.5,1,2026-11,2.3252,2026,10
-16.5,-84.5,1,2026-11,2.3911,2026,10
-16.5,-83.5,1,2026-11,2.4697,2026,10
-16.5,-82.5,1,2026-11,2.564,2026,10
-16.5,-81.5,1,2026-11,2.6982,2026,10
-16.5,-80.5,1,2026-11,2.8376,2026,10
-16.5,-79.5,1,2026-11,2.9426,2026,10
-16.5,-78.5,1,2026-11,3.1333,2026,10
-16.5,-77.5,1,2026-11,3.1917,2026,10
-16.5,-76.5,1,2026-11,3.1536,2026,10
-16.5,-75.5,1,2026-11,3.2512,2026,10
-16.5,-74.5,1,2026-11,3.7217,2026,10
-16.5,-73.5,1,2026-11,3.2502,2026,10
-16.5,-72.5,1,2026-11,2.4231,2026,10
-16.5,-71.5,1,2026-11,1.2007,2026,10
-16.5,-70.5,1,2026-11,1.2793,2026,10
-16.5,-69.5,1,2026-11,1.8013,2026,10
-16.5,-68.5,1,2026-11,1.8464,2026,10
-16.5,-67.5,1,2026-11,1.2517,2026,10
-16.5,-66.5,1,2026-11,1.0903,2026,10
-16.5,-65.5,1,2026-11,0.8311,2026,10
-16.5,-64.5,1,2026-11,0.3008,2026,10
-16.5,-63.5,1,2026-11,0.2297,2026,10
-16.5,-62.5,1,2026-11,0.2363,2026,10
-16.5,-61.5,1,2026-11,0.3606,2026,10
-16.5,-60.5,1,2026-11,0.4812,2026,10
-16.5,-59.5,1,2026-11,0.7112,2026,10
-16.5,-58.5,1,2026-11,0.8896,2026,10
-16.5,-57.5,1,2026-11,0.8523,2026,10
-16.5,-56.5,1,2026-11,0.7246,2026,10
-16.5,-55.5,1,2026-11,0.8281,2026,10
-16.5,-54.5,1,2026-11,0.8975,2026,10
-16.5,-53.5,1,2026-11,0.7136,2026,10
-16.5,-52.5,1,2026-11,0.7734,2026,10
-16.5,-51.5,1,2026-11,0.8347,2026,10
-16.5,-50.5,1,2026-11,0.7939,2026,10
-16.5,-49.5,1,2026-11,0.7407,2026,10
-16.5,-48.5,1,2026-11,0.9436,2026,10
-16.5,-47.5,1,2026-11,1.2395,2026,10
-16.5,-46.5,1,2026-11,1.5955,2026,10
-16.5,-45.5,1,2026-11,1.9907,2026,10
-16.5,-44.5,1,2026-11,2.136,2026,10
-16.5,-43.5,1,2026-11,2.3545,2026,10
-16.5,-42.5,1,2026-11,2.7581,2026,10
-16.5,-41.5,1,2026-11,2.6089,2026,10
-16.5,-40.5,1,2026-11,2.5574,2026,10
-16.5,-39.5,1,2026-11,2.0645,2026,10
-16.5,-38.5,1,2026-11,1.0935,2026,10
-16.5,-37.5,1,2026-11,1.2036,2026,10
-16.5,-36.5,1,2026-11,1.2605,2026,10
-16.5,-35.5,1,2026-11,1.2896,2026,10
-16.5,-34.5,1,2026-11,1.2786,2026,10
-16.5,-33.5,1,2026-11,1.2637,2026,10
-16.5,-32.5,1,2026-11,1.2351,2026,10
-16.5,-31.5,1,2026-11,1.2,2026,10
-16.5,-30.5,1,2026-11,1.1982,2026,10
-17.5,-89.5,1,2026-11,2.094,2026,10
-17.5,-88.5,1,2026-11,2.1143,2026,10
-17.5,-87.5,1,2026-11,2.1467,2026,10
-17.5,-86.5,1,2026-11,2.2104,2026,10
-17.5,-85.5,1,2026-11,2.2817,2026,10
-17.5,-84.5,1,2026-11,2.3242,2026,10
-17.5,-83.5,1,2026-11,2.3643,2026,10
-17.5,-82.5,1,2026-11,2.4172,2026,10
-17.5,-81.5,1,2026-11,2.4932,2026,10
-17.5,-80.5,1,2026-11,2.6001,2026,10
-17.5,-79.5,1,2026-11,2.6304,2026,10
-17.5,-78.5,1,2026-11,2.677,2026,10
-17.5,-77.5,1,2026-11,2.7048,2026,10
-17.5,-76.5,1,2026-11,2.6741,2026,10
-17.5,-75.5,1,2026-11,2.6921,2026,10
-17.5,-74.5,1,2026-11,2.748,2026,10
-17.5,-73.5,1,2026-11,2.844,2026,10
-17.5,-72.5,1,2026-11,3.0486,2026,10
-17.5,-71.5,1,2026-11,2.7832,2026,10
-17.5,-70.5,1,2026-11,1.5808,2026,10
-17.5,-69.5,1,2026-11,1.1799,2026,10
-17.5,-68.5,1,2026-11,1.9849,2026,10
-17.5,-67.5,1,2026-11,1.8772,2026,10
-17.5,-66.5,1,2026-11,1.8174,2026,10
-17.5,-65.5,1,2026-11,1.5225,2026,10
-17.5,-64.5,1,2026-11,0.571,2026,10
-17.5,-63.5,1,2026-11,-0.2114,2026,10
-17.5,-62.5,1,2026-11,-0.4807,2026,10
-17.5,-61.5,1,2026-11,-0.4509,2026,10
-17.5,-60.5,1,2026-11,0.075,2026,10
-17.5,-59.5,1,2026-11,0.3691,2026,10
-17.5,-58.5,1,2026-11,0.4121,2026,10
-17.5,-57.5,1,2026-11,0.3679,2026,10
-17.5,-56.5,1,2026-11,0.4639,2026,10
-17.5,-55.5,1,2026-11,0.7607,2026,10
-17.5,-54.5,1,2026-11,0.9221,2026,10
-17.5,-53.5,1,2026-11,0.7346,2026,10
-17.5,-52.5,1,2026-11,0.6633,2026,10
-17.5,-51.5,1,2026-11,0.6411,2026,10
-17.5,-50.5,1,2026-11,0.479,2026,10
-17.5,-49.5,1,2026-11,0.6494,2026,10
-17.5,-48.5,1,2026-11,0.7305,2026,10
-17.5,-47.5,1,2026-11,1.0137,2026,10
-17.5,-46.5,1,2026-11,1.3721,2026,10
-17.5,-45.5,1,2026-11,1.6528,2026,10
-17.5,-44.5,1,2026-11,1.8967,2026,10
-17.5,-43.5,1,2026-11,2.2268,2026,10
-17.5,-42.5,1,2026-11,2.3525,2026,10
-17.5,-41.5,1,2026-11,2.7585,2026,10
-17.5,-40.5,1,2026-11,2.8301,2026,10
-17.5,-39.5,1,2026-11,2.0024,2026,10
-17.5,-38.5,1,2026-11,1.0745,2026,10
-17.5,-37.5,1,2026-11,1.1958,2026,10
-17.5,-36.5,1,2026-11,1.3174,2026,10
-17.5,-35.5,1,2026-11,1.3682,2026,10
-17.5,-34.5,1,2026-11,1.3491,2026,10
-17.5,-33.5,1,2026-11,1.3433,2026,10
-17.5,-32.5,1,2026-11,1.3298,2026,10
-17.5,-31.5,1,2026-11,1.2864,2026,10
-17.5,-30.5,1,2026-11,1.2837,2026,10
-18.5,-89.5,1,2026-11,2.0862,2026,10
-18.5,-88.5,1,2026-11,2.1155,2026,10
-18.5,-87.5,1,2026-11,2.1462,2026,10
-18.5,-86.5,1,2026-11,2.1855,2026,10
-18.5,-85.5,1,2026-11,2.2388,2026,10
-18.5,-84.5,1,2026-11,2.2976,2026,10
-18.5,-83.5,1,2026-11,2.3428,2026,10
-18.5,-82.5,1,2026-11,2.3728,2026,10
-18.5,-81.5,1,2026-11,2.4104,2026,10
-18.5,-80.5,1,2026-11,2.4207,2026,10
-18.5,-79.5,1,2026-11,2.4106,2026,10
-18.5,-78.5,1,2026-11,2.4043,2026,10
-18.5,-77.5,1,2026-11,2.4277,2026,10
-18.5,-76.5,1,2026-11,2.4463,2026,10
-18.5,-75.5,1,2026-11,2.531,2026,10
-18.5,-74.5,1,2026-11,2.6077,2026,10
-18.5,-73.5,1,2026-11,2.6938,2026,10
-18.5,-72.5,1,2026-11,2.8528,2026,10
-18.5,-71.5,1,2026-11,3.0391,2026,10
-18.5,-70.5,1,2026-11,3.0823,2026,10
-18.5,-69.5,1,2026-11,0.8594,2026,10
-18.5,-68.5,1,2026-11,0.9497,2026,10
-18.5,-67.5,1,2026-11,1.3208,2026,10
-18.5,-66.5,1,2026-11,1.9504,2026,10
-18.5,-65.5,1,2026-11,2.5547,2026,10
-18.5,-64.5,1,2026-11,1.7173,2026,10
-18.5,-63.5,1,2026-11,-0.0684,2026,10
-18.5,-62.5,1,2026-11,-0.8501,2026,10
-18.5,-61.5,1,2026-11,-0.9253,2026,10
-18.5,-60.5,1,2026-11,-0.3435,2026,10
-18.5,-59.5,1,2026-11,-0.1328,2026,10
-18.5,-58.5,1,2026-11,0.0508,2026,10
-18.5,-57.5,1,2026-11,0.1689,2026,10
-18.5,-56.5,1,2026-11,0.281,2026,10
-18.5,-55.5,1,2026-11,0.4766,2026,10
-18.5,-54.5,1,2026-11,0.8352,2026,10
-18.5,-53.5,1,2026-11,0.7529,2026,10
-18.5,-52.5,1,2026-11,0.4895,2026,10
-18.5,-51.5,1,2026-11,0.4104,2026,10
-18.5,-50.5,1,2026-11,0.3259,2026,10
-18.5,-49.5,1,2026-11,0.4883,2026,10
-18.5,-48.5,1,2026-11,0.6047,2026,10
-18.5,-47.5,1,2026-11,0.7734,2026,10
-18.5,-46.5,1,2026-11,1.1255,2026,10
-18.5,-45.5,1,2026-11,1.2327,2026,10
-18.5,-44.5,1,2026-11,1.5085,2026,10
-18.5,-43.5,1,2026-11,1.9062,2026,10
-18.5,-42.5,1,2026-11,2.3513,2026,10
-18.5,-41.5,1,2026-11,2.9187,2026,10
-18.5,-40.5,1,2026-11,2.5298,2026,10
-18.5,-39.5,1,2026-11,1.5652,2026,10
-18.5,-38.5,1,2026-11,1.1509,2026,10
-18.5,-37.5,1,2026-11,1.2117,2026,10
-18.5,-36.5,1,2026-11,1.3323,2026,10
-18.5,-35.5,1,2026-11,1.4011,2026,10
-18.5,-34.5,1,2026-11,1.395,2026,10
-18.5,-33.5,1,2026-11,1.3872,2026,10
-18.5,-32.5,1,2026-11,1.3972,2026,10
-18.5,-31.5,1,2026-11,1.3408,2026,10
-18.5,-30.5,1,2026-11,1.3184,2026,10
-19.5,-89.5,1,2026-11,2.073,2026,10
-19.5,-88.5,1,2026-11,2.0916,2026,10
-19.5,-87.5,1,2026-11,2.1362,2026,10
-19.5,-86.5,1,2026-11,2.1824,2026,10
-19.5,-85.5,1,2026-11,2.2163,2026,10
-19.5,-84.5,1,2026-11,2.2649,2026,10
-19.5,-83.5,1,2026-11,2.332,2026,10
-19.5,-82.5,1,2026-11,2.3723,2026,10
-19.5,-81.5,1,2026-11,2.3945,2026,10
-19.5,-80.5,1,2026-11,2.4006,2026,10
-19.5,-79.5,1,2026-11,2.3774,2026,10
-19.5,-78.5,1,2026-11,2.3445,2026,10
-19.5,-77.5,1,2026-11,2.3354,2026,10
-19.5,-76.5,1,2026-11,2.3831,2026,10
-19.5,-75.5,1,2026-11,2.4395,2026,10
-19.5,-74.5,1,2026-11,2.5527,2026,10
-19.5,-73.5,1,2026-11,2.6616,2026,10
-19.5,-72.5,1,2026-11,2.9041,2026,10
-19.5,-71.5,1,2026-11,3.1274,2026,10
-19.5,-70.5,1,2026-11,3.1995,2026,10
-19.5,-69.5,1,2026-11,1.3018,2026,10
-19.5,-68.5,1,2026-11,0.5405,2026,10
-19.5,-67.5,1,2026-11,0.7405,2026,10
-19.5,-66.5,1,2026-11,0.7761,2026,10
-19.5,-65.5,1,2026-11,2.4023,2026,10
-19.5,-64.5,1,2026-11,1.3948,2026,10
-19.5,-63.5,1,2026-11,-0.5852,2026,10
-19.5,-62.5,1,2026-11,-1.303,2026,10
-19.5,-61.5,1,2026-11,-1.2017,2026,10
-19.5,-60.5,1,2026-11,-0.9402,2026,10
-19.5,-59.5,1,2026-11,-0.4709,2026,10
-19.5,-58.5,1,2026-11,-0.365,2026,10
-19.5,-57.5,1,2026-11,-0.2131,2026,10
-19.5,-56.5,1,2026-11,-0.1477,2026,10
-19.5,-55.5,1,2026-11,0.0015,2026,10
-19.5,-54.5,1,2026-11,0.5125,2026,10
-19.5,-53.5,1,2026-11,0.7312,2026,10
-19.5,-52.5,1,2026-11,0.488,2026,10
-19.5,-51.5,1,2026-11,0.3269,2026,10
-19.5,-50.5,1,2026-11,0.301,2026,10
-19.5,-49.5,1,2026-11,0.4048,2026,10
-19.5,-48.5,1,2026-11,0.5518,2026,10
-19.5,-47.5,1,2026-11,0.7727,2026,10
-19.5,-46.5,1,2026-11,1.1167,2026,10
-19.5,-45.5,1,2026-11,1.0845,2026,10
-19.5,-44.5,1,2026-11,1.3386,2026,10
-19.5,-43.5,1,2026-11,1.6479,2026,10
-19.5,-42.5,1,2026-11,2.0039,2026,10
-19.5,-41.5,1,2026-11,2.4321,2026,10
-19.5,-40.5,1,2026-11,2.1667,2026,10
-19.5,-39.5,1,2026-11,1.4604,2026,10
-19.5,-38.5,1,2026-11,1.2065,2026,10
-19.5,-37.5,1,2026-11,1.2517,2026,10
-19.5,-36.5,1,2026-11,1.3271,2026,10
-19.5,-35.5,1,2026-11,1.4048,2026,10
-19.5,-34.5,1,2026-11,1.4294,2026,10
-19.5,-33.5,1,2026-11,1.4058,2026,10
-19.5,-32.5,1,2026-11,1.377,2026,10
-19.5,-31.5,1,2026-11,1.3516,2026,10
-19.5,-30.5,1,2026-11,1.3306,2026,10
-20.5,-89.5,1,2026-11,2.0745,2026,10
-20.5,-88.5,1,2026-11,2.0876,2026,10
-20.5,-87.5,1,2026-11,2.1272,2026,10
-20.5,-86.5,1,2026-11,2.1724,2026,10
-20.5,-85.5,1,2026-11,2.2065,2026,10
-20.5,-84.5,1,2026-11,2.2449,2026,10
-20.5,-83.5,1,2026-11,2.3098,2026,10
-20.5,-82.5,1,2026-11,2.3657,2026,10
-20.5,-81.5,1,2026-11,2.3889,2026,10
-20.5,-80.5,1,2026-11,2.4133,2026,10
-20.5,-79.5,1,2026-11,2.4138,2026,10
-20.5,-78.5,1,2026-11,2.3616,2026,10
-20.5,-77.5,1,2026-11,2.3171,2026,10
-20.5,-76.5,1,2026-11,2.3264,2026,10
-20.5,-75.5,1,2026-11,2.3499,2026,10
-20.5,-74.5,1,2026-11,2.5125,2026,10
-20.5,-73.5,1,2026-11,2.7112,2026,10
-20.5,-72.5,1,2026-11,2.8818,2026,10
-20.5,-71.5,1,2026-11,3.1353,2026,10
-20.5,-70.5,1,2026-11,3.502,2026,10
-20.5,-69.5,1,2026-11,1.7258,2026,10
-20.5,-68.5,1,2026-11,0.1831,2026,10
-20.5,-67.5,1,2026-11,0.5813,2026,10
-20.5,-66.5,1,2026-11,0.7947,2026,10
-20.5,-65.5,1,2026-11,2.5696,2026,10
-20.5,-64.5,1,2026-11,0.9314,2026,10
-20.5,-63.5,1,2026-11,-0.9753,2026,10
-20.5,-62.5,1,2026-11,-1.74,2026,10
-20.5,-61.5,1,2026-11,-1.5,2026,10
-20.5,-60.5,1,2026-11,-1.3013,2026,10
-20.5,-59.5,1,2026-11,-0.8171,2026,10
-20.5,-58.5,1,2026-11,-0.6106,2026,10
-20.5,-57.5,1,2026-11,-0.3667,2026,10
-20.5,-56.5,1,2026-11,-0.1797,2026,10
-20.5,-55.5,1,2026-11,-0.1694,2026,10
-20.5,-54.5,1,2026-11,0.1599,2026,10
-20.5,-53.5,1,2026-11,0.252,2026,10
-20.5,-52.5,1,2026-11,0.3127,2026,10
-20.5,-51.5,1,2026-11,0.3782,2026,10
-20.5,-50.5,1,2026-11,0.3757,2026,10
-20.5,-49.5,1,2026-11,0.356,2026,10
-20.5,-48.5,1,2026-11,0.436,2026,10
-20.5,-47.5,1,2026-11,0.4822,2026,10
-20.5,-46.5,1,2026-11,0.8271,2026,10
-20.5,-45.5,1,2026-11,0.949,2026,10
-20.5,-44.5,1,2026-11,0.9602,2026,10
-20.5,-43.5,1,2026-11,1.2856,2026,10
-20.5,-42.5,1,2026-11,1.5586,2026,10
-20.5,-41.5,1,2026-11,1.6387,2026,10
-20.5,-40.5,1,2026-11,1.4446,2026,10
-20.5,-39.5,1,2026-11,1.1704,2026,10
-20.5,-38.5,1,2026-11,1.1812,2026,10
-20.5,-37.5,1,2026-11,1.2175,2026,10
-20.5,-36.5,1,2026-11,1.2781,2026,10
-20.5,-35.5,1,2026-11,1.3542,2026,10
-20.5,-34.5,1,2026-11,1.4146,2026,10
-20.5,-33.5,1,2026-11,1.3984,2026,10
-20.5,-32.5,1,2026-11,1.3674,2026,10
-20.5,-31.5,1,2026-11,1.3379,2026,10
-20.5,-30.5,1,2026-11,1.3459,2026,10
-21.5,-89.5,1,2026-11,2.0586,2026,10
-21.5,-88.5,1,2026-11,2.0645,2026,10
-21.5,-87.5,1,2026-11,2.0615,2026,10
-21.5,-86.5,1,2026-11,2.0957,2026,10
-21.5,-85.5,1,2026-11,2.1809,2026,10
-21.5,-84.5,1,2026-11,2.2205,2026,10
-21.5,-83.5,1,2026-11,2.2668,2026,10
-21.5,-82.5,1,2026-11,2.3015,2026,10
-21.5,-81.5,1,2026-11,2.3533,2026,10
-21.5,-80.5,1,2026-11,2.4072,2026,10
-21.5,-79.5,1,2026-11,2.4023,2026,10
-21.5,-78.5,1,2026-11,2.3706,2026,10
-21.5,-77.5,1,2026-11,2.3191,2026,10
-21.5,-76.5,1,2026-11,2.3105,2026,10
-21.5,-75.5,1,2026-11,2.3413,2026,10
-21.5,-74.5,1,2026-11,2.5046,2026,10
-21.5,-73.5,1,2026-11,2.6807,2026,10
-21.5,-72.5,1,2026-11,2.759,2026,10
-21.5,-71.5,1,2026-11,3.0872,2026,10
-21.5,-70.5,1,2026-11,3.4988,2026,10
-21.5,-69.5,1,2026-11,1.8176,2026,10
-21.5,-68.5,1,2026-11,0.1191,2026,10
-21.5,-67.5,1,2026-11,0.1313,2026,10
-21.5,-66.5,1,2026-11,0.4976,2026,10
-21.5,-65.5,1,2026-11,2.3728,2026,10
-21.5,-64.5,1,2026-11,0.3279,2026,10
-21.5,-63.5,1,2026-11,-1.2922,2026,10
-21.5,-62.5,1,2026-11,-1.6453,2026,10
-21.5,-61.5,1,2026-11,-1.5527,2026,10
-21.5,-60.5,1,2026-11,-1.4197,2026,10
-21.5,-59.5,1,2026-11,-0.9983,2026,10
-21.5,-58.5,1,2026-11,-0.7312,2026,10
-21.5,-57.5,1,2026-11,-0.4236,2026,10
-21.5,-56.5,1,2026-11,-0.1985,2026,10
-21.5,-55.5,1,2026-11,-0.1084,2026,10
-21.5,-54.5,1,2026-11,0.0198,2026,10
-21.5,-53.5,1,2026-11,0.1951,2026,10
-21.5,-52.5,1,2026-11,0.1731,2026,10
-21.5,-51.5,1,2026-11,0.135,2026,10
-21.5,-50.5,1,2026-11,0.2681,2026,10
-21.5,-49.5,1,2026-11,0.3428,2026,10
-21.5,-48.5,1,2026-11,0.4146,2026,10
-21.5,-47.5,1,2026-11,0.3765,2026,10
-21.5,-46.5,1,2026-11,0.6855,2026,10
-21.5,-45.5,1,2026-11,0.8037,2026,10
-21.5,-44.5,1,2026-11,1.0005,2026,10
-21.5,-43.5,1,2026-11,1.1819,2026,10
-21.5,-42.5,1,2026-11,1.2803,2026,10
-21.5,-41.5,1,2026-11,1.2517,2026,10
-21.5,-40.5,1,2026-11,1.1594,2026,10
-21.5,-39.5,1,2026-11,1.0234,2026,10
-21.5,-38.5,1,2026-11,1.0657,2026,10
-21.5,-37.5,1,2026-11,1.1165,2026,10
-21.5,-36.5,1,2026-11,1.1821,2026,10
-21.5,-35.5,1,2026-11,1.2612,2026,10
-21.5,-34.5,1,2026-11,1.3308,2026,10
-21.5,-33.5,1,2026-11,1.3376,2026,10
-21.5,-32.5,1,2026-11,1.2922,2026,10
-21.5,-31.5,1,2026-11,1.2227,2026,10
-21.5,-30.5,1,2026-11,1.2751,2026,10
-22.5,-89.5,1,2026-11,1.9189,2026,10
-22.5,-88.5,1,2026-11,1.9478,2026,10
-22.5,-87.5,1,2026-11,1.9438,2026,10
-22.5,-86.5,1,2026-11,1.9883,2026,10
-22.5,-85.5,1,2026-11,2.0862,2026,10
-22.5,-84.5,1,2026-11,2.1536,2026,10
-22.5,-83.5,1,2026-11,2.1992,2026,10
-22.5,-82.5,1,2026-11,2.2107,2026,10
-22.5,-81.5,1,2026-11,2.2634,2026,10
-22.5,-80.5,1,2026-11,2.3281,2026,10
-22.5,-79.5,1,2026-11,2.3418,2026,10
-22.5,-78.5,1,2026-11,2.3389,2026,10
-22.5,-77.5,1,2026-11,2.3362,2026,10
-22.5,-76.5,1,2026-11,2.3079,2026,10
-22.5,-75.5,1,2026-11,2.3313,2026,10
-22.5,-74.5,1,2026-11,2.4062,2026,10
-22.5,-73.5,1,2026-11,2.5979,2026,10
-22.5,-72.5,1,2026-11,2.7468,2026,10
-22.5,-71.5,1,2026-11,3.1411,2026,10
-22.5,-70.5,1,2026-11,3.4011,2026,10
-22.5,-69.5,1,2026-11,1.3135,2026,10
-22.5,-68.5,1,2026-11,0.3481,2026,10
-22.5,-67.5,1,2026-11,-0.4424,2026,10
-22.5,-66.5,1,2026-11,0.2007,2026,10
-22.5,-65.5,1,2026-11,1.9792,2026,10
-22.5,-64.5,1,2026-11,-0.5442,2026,10
-22.5,-63.5,1,2026-11,-1.5464,2026,10
-22.5,-62.5,1,2026-11,-1.8186,2026,10
-22.5,-61.5,1,2026-11,-1.8269,2026,10
-22.5,-60.5,1,2026-11,-1.5793,2026,10
-22.5,-59.5,1,2026-11,-1.0583,2026,10
-22.5,-58.5,1,2026-11,-0.8965,2026,10
-22.5,-57.5,1,2026-11,-0.6323,2026,10
-22.5,-56.5,1,2026-11,-0.2683,2026,10
-22.5,-55.5,1,2026-11,0.0891,2026,10
-22.5,-54.5,1,2026-11,0.137,2026,10
-22.5,-53.5,1,2026-11,0.1584,2026,10
-22.5,-52.5,1,2026-11,0.1887,2026,10
-22.5,-51.5,1,2026-11,0.165,2026,10
-22.5,-50.5,1,2026-11,0.2229,2026,10
-22.5,-49.5,1,2026-11,0.3813,2026,10
-22.5,-48.5,1,2026-11,0.4666,2026,10
-22.5,-47.5,1,2026-11,0.5293,2026,10
-22.5,-46.5,1,2026-11,0.7354,2026,10
-22.5,-45.5,1,2026-11,0.8584,2026,10
-22.5,-44.5,1,2026-11,1.009,2026,10
-22.5,-43.5,1,2026-11,1.0007,2026,10
-22.5,-42.5,1,2026-11,1.0015,2026,10
-22.5,-41.5,1,2026-11,1.0649,2026,10
-22.5,-40.5,1,2026-11,0.9717,2026,10
-22.5,-39.5,1,2026-11,0.8901,2026,10
-22.5,-38.5,1,2026-11,0.9375,2026,10
-22.5,-37.5,1,2026-11,1.0354,2026,10
-22.5,-36.5,1,2026-11,1.0735,2026,10
-22.5,-35.5,1,2026-11,1.1296,2026,10
-22.5,-34.5,1,2026-11,1.1829,2026,10
-22.5,-33.5,1,2026-11,1.1951,2026,10
-22.5,-32.5,1,2026-11,1.177,2026,10
-22.5,-31.5,1,2026-11,1.1042,2026,10
-22.5,-30.5,1,2026-11,1.0706,2026,10
-23.5,-89.5,1,2026-11,1.7502,2026,10
-23.5,-88.5,1,2026-11,1.8013,2026,10
-23.5,-87.5,1,2026-11,1.8232,2026,10
-23.5,-86.5,1,2026-11,1.8752,2026,10
-23.5,-85.5,1,2026-11,1.9492,2026,10
-23.5,-84.5,1,2026-11,2.0469,2026,10
-23.5,-83.5,1,2026-11,2.1152,2026,10
-23.5,-82.5,1,2026-11,2.1218,2026,10
-23.5,-81.5,1,2026-11,2.1497,2026,10
-23.5,-80.5,1,2026-11,2.2107,2026,10
-23.5,-79.5,1,2026-11,2.262,2026,10
-23.5,-78.5,1,2026-11,2.2952,2026,10
-23.5,-77.5,1,2026-11,2.3228,2026,10
-23.5,-76.5,1,2026-11,2.3071,2026,10
-23.5,-75.5,1,2026-11,2.334,2026,10
-23.5,-74.5,1,2026-11,2.407,2026,10
-23.5,-73.5,1,2026-11,2.5891,2026,10
-23.5,-72.5,1,2026-11,2.8025,2026,10
-23.5,-71.5,1,2026-11,3.1453,2026,10
-23.5,-70.5,1,2026-11,3.3892,2026,10
-23.5,-69.5,1,2026-11,1.189,2026,10
-23.5,-68.5,1,2026-11,0.1702,2026,10
-23.5,-67.5,1,2026-11,-0.9983,2026,10
-23.5,-66.5,1,2026-11,-0.0017,2026,10
-23.5,-65.5,1,2026-11,0.8721,2026,10
-23.5,-64.5,1,2026-11,-1.207,2026,10
-23.5,-63.5,1,2026-11,-1.6445,2026,10
-23.5,-62.5,1,2026-11,-1.7446,2026,10
-23.5,-61.5,1,2026-11,-1.8401,2026,10
-23.5,-60.5,1,2026-11,-1.7822,2026,10
-23.5,-59.5,1,2026-11,-1.3755,2026,10
-23.5,-58.5,1,2026-11,-1.0256,2026,10
-23.5,-57.5,1,2026-11,-0.7788,2026,10
-23.5,-56.5,1,2026-11,-0.3428,2026,10
-23.5,-55.5,1,2026-11,0.0085,2026,10
-23.5,-54.5,1,2026-11,0.1033,2026,10
-23.5,-53.5,1,2026-11,0.0603,2026,10
-23.5,-52.5,1,2026-11,0.1106,2026,10
-23.5,-51.5,1,2026-11,0.084,2026,10
-23.5,-50.5,1,2026-11,0.1624,2026,10
-23.5,-49.5,1,2026-11,0.3521,2026,10
-23.5,-48.5,1,2026-11,0.5361,2026,10
-23.5,-47.5,1,2026-11,0.5933,2026,10
-23.5,-46.5,1,2026-11,0.7808,2026,10
-23.5,-45.5,1,2026-11,0.8081,2026,10
-23.5,-44.5,1,2026-11,0.9497,2026,10
-23.5,-43.5,1,2026-11,0.9883,2026,10
-23.5,-42.5,1,2026-11,0.9531,2026,10
-23.5,-41.5,1,2026-11,0.8916,2026,10
-23.5,-40.5,1,2026-11,0.8142,2026,10
-23.5,-39.5,1,2026-11,0.7219,2026,10
-23.5,-38.5,1,2026-11,0.7903,2026,10
-23.5,-37.5,1,2026-11,0.8767,2026,10
-23.5,-36.5,1,2026-11,0.9109,2026,10
-23.5,-35.5,1,2026-11,0.9644,2026,10
-23.5,-34.5,1,2026-11,1.0063,2026,10
-23.5,-33.5,1,2026-11,0.998,2026,10
-23.5,-32.5,1,2026-11,1.0159,2026,10
-23.5,-31.5,1,2026-11,0.9258,2026,10
-23.5,-30.5,1,2026-11,0.8516,2026,10
-24.5,-89.5,1,2026-11,1.5942,2026,10
-24.5,-88.5,1,2026-11,1.6172,2026,10
-24.5,-87.5,1,2026-11,1.6467,2026,10
-24.5,-86.5,1,2026-11,1.6951,2026,10
-24.5,-85.5,1,2026-11,1.7605,2026,10
-24.5,-84.5,1,2026-11,1.8958,2026,10
-24.5,-83.5,1,2026-11,2.0171,2026,10
-24.5,-82.5,1,2026-11,2.0359,2026,10
-24.5,-81.5,1,2026-11,2.0596,2026,10
-24.5,-80.5,1,2026-11,2.1187,2026,10
-24.5,-79.5,1,2026-11,2.1746,2026,10
-24.5,-78.5,1,2026-11,2.2139,2026,10
-24.5,-77.5,1,2026-11,2.2449,2026,10
-24.5,-76.5,1,2026-11,2.291,2026,10
-24.5,-75.5,1,2026-11,2.3167,2026,10
-24.5,-74.5,1,2026-11,2.3684,2026,10
-24.5,-73.5,1,2026-11,2.4702,2026,10
-24.5,-72.5,1,2026-11,2.5676,2026,10
-24.5,-71.5,1,2026-11,2.9963,2026,10
-24.5,-70.5,1,2026-11,2.1558,2026,10
-24.5,-69.5,1,2026-11,0.3994,2026,10
-24.5,-68.5,1,2026-11,-1.3062,2026,10
-24.5,-67.5,1,2026-11,-1.0581,2026,10
-24.5,-66.5,1,2026-11,-0.6106,2026,10
-24.5,-65.5,1,2026-11,-0.0867,2026,10
-24.5,-64.5,1,2026-11,-1.4866,2026,10
-24.5,-63.5,1,2026-11,-1.5891,2026,10
-24.5,-62.5,1,2026-11,-1.8062,2026,10
-24.5,-61.5,1,2026-11,-1.6912,2026,10
-24.5,-60.5,1,2026-11,-1.8503,2026,10
-24.5,-59.5,1,2026-11,-1.4363,2026,10
-24.5,-58.5,1,2026-11,-1.0125,2026,10
-24.5,-57.5,1,2026-11,-0.7629,2026,10
-24.5,-56.5,1,2026-11,-0.4614,2026,10
-24.5,-55.5,1,2026-11,-0.1809,2026,10
-24.5,-54.5,1,2026-11,-0.0186,2026,10
-24.5,-53.5,1,2026-11,0.0474,2026,10
-24.5,-52.5,1,2026-11,0.1597,2026,10
-24.5,-51.5,1,2026-11,0.3037,2026,10
-24.5,-50.5,1,2026-11,0.3435,2026,10
-24.5,-49.5,1,2026-11,0.4224,2026,10
-24.5,-48.5,1,2026-11,0.4343,2026,10
-24.5,-47.5,1,2026-11,0.4878,2026,10
-24.5,-46.5,1,2026-11,0.6379,2026,10
-24.5,-45.5,1,2026-11,0.6855,2026,10
-24.5,-44.5,1,2026-11,0.7583,2026,10
-24.5,-43.5,1,2026-11,0.7388,2026,10
-24.5,-42.5,1,2026-11,0.6658,2026,10
-24.5,-41.5,1,2026-11,0.6106,2026,10
-24.5,-40.5,1,2026-11,0.5828,2026,10
-24.5,-39.5,1,2026-11,0.5293,2026,10
-24.5,-38.5,1,2026-11,0.5559,2026,10
-24.5,-37.5,1,2026-11,0.616,2026,10
-24.5,-36.5,1,2026-11,0.7205,2026,10
-24.5,-35.5,1,2026-11,0.7715,2026,10
-24.5,-34.5,1,2026-11,0.813,2026,10
-24.5,-33.5,1,2026-11,0.8062,2026,10
-24.5,-32.5,1,2026-11,0.8477,2026,10
-24.5,-31.5,1,2026-11,0.8103,2026,10
-24.5,-30.5,1,2026-11,0.7373,2026,10
-25.5,-89.5,1,2026-11,1.4285,2026,10
-25.5,-88.5,1,2026-11,1.4226,2026,10
-25.5,-87.5,1,2026-11,1.4238,2026,10
-25.5,-86.5,1,2026-11,1.4939,2026,10
-25.5,-85.5,1,2026-11,1.6211,2026,10
-25.5,-84.5,1,2026-11,1.7654,2026,10
-25.5,-83.5,1,2026-11,1.8638,2026,10
-25.5,-82.5,1,2026-11,1.877,2026,10
-25.5,-81.5,1,2026-11,1.9185,2026,10
-25.5,-80.5,1,2026-11,1.9978,2026,10
-25.5,-79.5,1,2026-11,2.0774,2026,10
-25.5,-78.5,1,2026-11,2.1301,2026,10
-25.5,-77.5,1,2026-11,2.1836,2026,10
-25.5,-76.5,1,2026-11,2.2168,2026,10
-25.5,-75.5,1,2026-11,2.2659,2026,10
-25.5,-74.5,1,2026-11,2.3369,2026,10
-25.5,-73.5,1,2026-11,2.384,2026,10
-25.5,-72.5,1,2026-11,2.4954,2026,10
-25.5,-71.5,1,2026-11,2.9536,2026,10
-25.5,-70.5,1,2026-11,2.1897,2026,10
-25.5,-69.5,1,2026-11,-0.2881,2026,10
-25.5,-68.5,1,2026-11,-2.2646,2026,10
-25.5,-67.5,1,2026-11,-1.4333,2026,10
-25.5,-66.5,1,2026-11,-0.0181,2026,10
-25.5,-65.5,1,2026-11,-0.9468,2026,10
-25.5,-64.5,1,2026-11,-1.2747,2026,10
-25.5,-63.5,1,2026-11,-1.4434,2026,10
-25.5,-62.5,1,2026-11,-1.5767,2026,10
-25.5,-61.5,1,2026-11,-1.6406,2026,10
-25.5,-60.5,1,2026-11,-1.6277,2026,10
-25.5,-59.5,1,2026-11,-1.4358,2026,10
-25.5,-58.5,1,2026-11,-1.071,2026,10
-25.5,-57.5,1,2026-11,-0.7288,2026,10
-25.5,-56.5,1,2026-11,-0.502,2026,10
-25.5,-55.5,1,2026-11,-0.29,2026,10
-25.5,-54.5,1,2026-11,-0.1218,2026,10
-25.5,-53.5,1,2026-11,0.0906,2026,10
-25.5,-52.5,1,2026-11,0.2529,2026,10
-25.5,-51.5,1,2026-11,0.4167,2026,10
-25.5,-50.5,1,2026-11,0.4585,2026,10
-25.5,-49.5,1,2026-11,0.2517,2026,10
-25.5,-48.5,1,2026-11,0.1526,2026,10
-25.5,-47.5,1,2026-11,0.3645,2026,10
-25.5,-46.5,1,2026-11,0.4958,2026,10
-25.5,-45.5,1,2026-11,0.5356,2026,10
-25.5,-44.5,1,2026-11,0.4722,2026,10
-25.5,-43.5,1,2026-11,0.4016,2026,10
-25.5,-42.5,1,2026-11,0.4529,2026,10
-25.5,-41.5,1,2026-11,0.4697,2026,10
-25.5,-40.5,1,2026-11,0.3831,2026,10
-25.5,-39.5,1,2026-11,0.3572,2026,10
-25.5,-38.5,1,2026-11,0.3977,2026,10
-25.5,-37.5,1,2026-11,0.3755,2026,10
-25.5,-36.5,1,2026-11,0.4729,2026,10
-25.5,-35.5,1,2026-11,0.6177,2026,10
-25.5,-34.5,1,2026-11,0.6138,2026,10
-25.5,-33.5,1,2026-11,0.5579,2026,10
-25.5,-32.5,1,2026-11,0.5122,2026,10
-25.5,-31.5,1,2026-11,0.5132,2026,10
-25.5,-30.5,1,2026-11,0.5295,2026,10
-26.5,-89.5,1,2026-11,1.2292,2026,10
-26.5,-88.5,1,2026-11,1.2705,2026,10
-26.5,-87.5,1,2026-11,1.2842,2026,10
-26.5,-86.5,1,2026-11,1.3562,2026,10
-26.5,-85.5,1,2026-11,1.4771,2026,10
-26.5,-84.5,1,2026-11,1.6184,2026,10
-26.5,-83.5,1,2026-11,1.7065,2026,10
-26.5,-82.5,1,2026-11,1.7349,2026,10
-26.5,-81.5,1,2026-11,1.7668,2026,10
-26.5,-80.5,1,2026-11,1.844,2026,10
-26.5,-79.5,1,2026-11,1.9338,2026,10
-26.5,-78.5,1,2026-11,1.9954,2026,10
-26.5,-77.5,1,2026-11,2.0581,2026,10
-26.5,-76.5,1,2026-11,2.1187,2026,10
-26.5,-75.5,1,2026-11,2.1423,2026,10
-26.5,-74.5,1,2026-11,2.2124,2026,10
-26.5,-73.5,1,2026-11,2.3193,2026,10
-26.5,-72.5,1,2026-11,2.3604,2026,10
-26.5,-71.5,1,2026-11,2.8804,2026,10
-26.5,-70.5,1,2026-11,1.771,2026,10
-26.5,-69.5,1,2026-11,-1.7563,2026,10
-26.5,-68.5,1,2026-11,-5.6758,2026,10
-26.5,-67.5,1,2026-11,-1.4231,2026,10
-26.5,-66.5,1,2026-11,0.0117,2026,10
-26.5,-65.5,1,2026-11,-0.938,2026,10
-26.5,-64.5,1,2026-11,-1.4622,2026,10
-26.5,-63.5,1,2026-11,-1.4951,2026,10
-26.5,-62.5,1,2026-11,-1.2195,2026,10
-26.5,-61.5,1,2026-11,-1.4402,2026,10
-26.5,-60.5,1,2026-11,-1.438,2026,10
-26.5,-59.5,1,2026-11,-1.3467,2026,10
-26.5,-58.5,1,2026-11,-1.0103,2026,10
-26.5,-57.5,1,2026-11,-0.7815,2026,10
-26.5,-56.5,1,2026-11,-0.5723,2026,10
-26.5,-55.5,1,2026-11,-0.3757,2026,10
-26.5,-54.5,1,2026-11,-0.1689,2026,10
-26.5,-53.5,1,2026-11,0.0317,2026,10
-26.5,-52.5,1,2026-11,0.1794,2026,10
-26.5,-51.5,1,2026-11,0.2886,2026,10
-26.5,-50.5,1,2026-11,0.2671,2026,10
-26.5,-49.5,1,2026-11,0.043,2026,10
-26.5,-48.5,1,2026-11,-0.0393,2026,10
-26.5,-47.5,1,2026-11,0.168,2026,10
-26.5,-46.5,1,2026-11,0.3225,2026,10
-26.5,-45.5,1,2026-11,0.2839,2026,10
-26.5,-44.5,1,2026-11,0.2246,2026,10
-26.5,-43.5,1,2026-11,0.3044,2026,10
-26.5,-42.5,1,2026-11,0.3564,2026,10
-26.5,-41.5,1,2026-11,0.3655,2026,10
-26.5,-40.5,1,2026-11,0.1892,2026,10
-26.5,-39.5,1,2026-11,0.0308,2026,10
-26.5,-38.5,1,2026-11,0.0122,2026,10
-26.5,-37.5,1,2026-11,0.0088,2026,10
-26.5,-36.5,1,2026-11,0.1055,2026,10
-26.5,-35.5,1,2026-11,0.3596,2026,10
-26.5,-34.5,1,2026-11,0.4763,2026,10
-26.5,-33.5,1,2026-11,0.4028,2026,10
-26.5,-32.5,1,2026-11,0.2502,2026,10
-26.5,-31.5,1,2026-11,0.2268,2026,10
-26.5,-30.5,1,2026-11,0.3218,2026,10
-27.5,-89.5,1,2026-11,1.0642,2026,10
-27.5,-88.5,1,2026-11,1.1318,2026,10
-27.5,-87.5,1,2026-11,1.1853,2026,10
-27.5,-86.5,1,2026-11,1.2302,2026,10
-27.5,-85.5,1,2026-11,1.3181,2026,10
-27.5,-84.5,1,2026-11,1.4351,2026,10
-27.5,-83.5,1,2026-11,1.5291,2026,10
-27.5,-82.5,1,2026-11,1.5928,2026,10
-27.5,-81.5,1,2026-11,1.6228,2026,10
-27.5,-80.5,1,2026-11,1.6819,2026,10
-27.5,-79.5,1,2026-11,1.7703,2026,10
-27.5,-78.5,1,2026-11,1.8584,2026,10
-27.5,-77.5,1,2026-11,1.9131,2026,10
-27.5,-76.5,1,2026-11,1.9644,2026,10
-27.5,-75.5,1,2026-11,1.9788,2026,10
-27.5,-74.5,1,2026-11,2.0566,2026,10
-27.5,-73.5,1,2026-11,2.1187,2026,10
-27.5,-72.5,1,2026-11,2.2698,2026,10
-27.5,-71.5,1,2026-11,2.916,2026,10
-27.5,-70.5,1,2026-11,1.322,2026,10
-27.5,-69.5,1,2026-11,-3.8425,2026,10
-27.5,-68.5,1,2026-11,-5.9463,2026,10
-27.5,-67.5,1,2026-11,0.0332,2026,10
-27.5,-66.5,1,2026-11,-0.4602,2026,10
-27.5,-65.5,1,2026-11,-1.0027,2026,10
-27.5,-64.5,1,2026-11,-1.3074,2026,10
-27.5,-63.5,1,2026-11,-1.2949,2026,10
-27.5,-62.5,1,2026-11,-1.1106,2026,10
-27.5,-61.5,1,2026-11,-1.0417,2026,10
-27.5,-60.5,1,2026-11,-1.1609,2026,10
-27.5,-59.5,1,2026-11,-1.1089,2026,10
-27.5,-58.5,1,2026-11,-0.9277,2026,10
-27.5,-57.5,1,2026-11,-0.8542,2026,10
-27.5,-56.5,1,2026-11,-0.7156,2026,10
-27.5,-55.5,1,2026-11,-0.5444,2026,10
-27.5,-54.5,1,2026-11,-0.3276,2026,10
-27.5,-53.5,1,2026-11,-0.106,2026,10
-27.5,-52.5,1,2026-11,0.0684,2026,10
-27.5,-51.5,1,2026-11,0.1206,2026,10
-27.5,-50.5,1,2026-11,0.0513,2026,10
-27.5,-49.5,1,2026-11,-0.0955,2026,10
-27.5,-48.5,1,2026-11,-0.2581,2026,10
-27.5,-47.5,1,2026-11,-0.0142,2026,10
-27.5,-46.5,1,2026-11,0.1174,2026,10
-27.5,-45.5,1,2026-11,0.0625,2026,10
-27.5,-44.5,1,2026-11,0.1807,2026,10
-27.5,-43.5,1,2026-11,0.241,2026,10
-27.5,-42.5,1,2026-11,0.2571,2026,10
-27.5,-41.5,1,2026-11,0.2419,2026,10
-27.5,-40.5,1,2026-11,0.0217,2026,10
-27.5,-39.5,1,2026-11,-0.2522,2026,10
-27.5,-38.5,1,2026-11,-0.429,2026,10
-27.5,-37.5,1,2026-11,-0.324,2026,10
-27.5,-36.5,1,2026-11,-0.1777,2026,10
-27.5,-35.5,1,2026-11,-0.0681,2026,10
-27.5,-34.5,1,2026-11,0.1729,2026,10
-27.5,-33.5,1,2026-11,0.3145,2026,10
-27.5,-32.5,1,2026-11,0.2505,2026,10
-27.5,-31.5,1,2026-11,0.1555,2026,10
-27.5,-30.5,1,2026-11,0.1606,2026,10
-28.5,-89.5,1,2026-11,0.948,2026,10
-28.5,-88.5,1,2026-11,0.9912,2026,10
-28.5,-87.5,1,2026-11,1.062,2026,10
-28.5,-86.5,1,2026-11,1.1287,2026,10
-28.5,-85.5,1,2026-11,1.1799,2026,10
-28.5,-84.5,1,2026-11,1.2585,2026,10
-28.5,-83.5,1,2026-11,1.324,2026,10
-28.5,-82.5,1,2026-11,1.4089,2026,10
-28.5,-81.5,1,2026-11,1.5081,2026,10
-28.5,-80.5,1,2026-11,1.5457,2026,10
-28.5,-79.5,1,2026-11,1.5908,2026,10
-28.5,-78.5,1,2026-11,1.7585,2026,10
-28.5,-77.5,1,2026-11,1.8982,2026,10
-28.5,-76.5,1,2026-11,1.9016,2026,10
-28.5,-75.5,1,2026-11,1.8899,2026,10
-28.5,-74.5,1,2026-11,1.9653,2026,10
-28.5,-73.5,1,2026-11,1.9951,2026,10
-28.5,-72.5,1,2026-11,2.0894,2026,10
-28.5,-71.5,1,2026-11,2.4763,2026,10
-28.5,-70.5,1,2026-11,-1.2734,2026,10
-28.5,-69.5,1,2026-11,-6.5576,2026,10
-28.5,-68.5,1,2026-11,-2.5161,2026,10
-28.5,-67.5,1,2026-11,-0.3979,2026,10
-28.5,-66.5,1,2026-11,-0.8762,2026,10
-28.5,-65.5,1,2026-11,-1.2498,2026,10
-28.5,-64.5,1,2026-11,-1.0747,2026,10
-28.5,-63.5,1,2026-11,-1.0796,2026,10
-28.5,-62.5,1,2026-11,-0.9502,2026,10
-28.5,-61.5,1,2026-11,-0.8696,2026,10
-28.5,-60.5,1,2026-11,-1.032,2026,10
-28.5,-59.5,1,2026-11,-0.9363,2026,10
-28.5,-58.5,1,2026-11,-0.9243,2026,10
-28.5,-57.5,1,2026-11,-0.8967,2026,10
-28.5,-56.5,1,2026-11,-0.8174,2026,10
-28.5,-55.5,1,2026-11,-0.6794,2026,10
-28.5,-54.5,1,2026-11,-0.5818,2026,10
-28.5,-53.5,1,2026-11,-0.4602,2026,10
-28.5,-52.5,1,2026-11,-0.2664,2026,10
-28.5,-51.5,1,2026-11,-0.0913,2026,10
-28.5,-50.5,1,2026-11,-0.1389,2026,10
-28.5,-49.5,1,2026-11,-0.4021,2026,10
-28.5,-48.5,1,2026-11,-0.4226,2026,10
-28.5,-47.5,1,2026-11,-0.1118,2026,10
-28.5,-46.5,1,2026-11,-0.0044,2026,10
-28.5,-45.5,1,2026-11,0.0022,2026,10
-28.5,-44.5,1,2026-11,0.1333,2026,10
-28.5,-43.5,1,2026-11,0.0977,2026,10
-28.5,-42.5,1,2026-11,0.0999,2026,10
-28.5,-41.5,1,2026-11,0.1194,2026,10
-28.5,-40.5,1,2026-11,-0.0479,2026,10
-28.5,-39.5,1,2026-11,-0.2837,2026,10
-28.5,-38.5,1,2026-11,-0.5293,2026,10
-28.5,-37.5,1,2026-11,-0.5149,2026,10
-28.5,-36.5,1,2026-11,-0.3655,2026,10
-28.5,-35.5,1,2026-11,-0.3171,2026,10
-28.5,-34.5,1,2026-11,-0.1716,2026,10
-28.5,-33.5,1,2026-11,-0.0051,2026,10
-28.5,-32.5,1,2026-11,0.1055,2026,10
-28.5,-31.5,1,2026-11,0.0815,2026,10
-28.5,-30.5,1,2026-11,-0.0093,2026,10
-29.5,-89.5,1,2026-11,0.8931,2026,10
-29.5,-88.5,1,2026-11,0.9321,2026,10
-29.5,-87.5,1,2026-11,0.9402,2026,10
-29.5,-86.5,1,2026-11,0.9805,2026,10
-29.5,-85.5,1,2026-11,1.0425,2026,10
-29.5,-84.5,1,2026-11,1.1272,2026,10
-29.5,-83.5,1,2026-11,1.1631,2026,10
-29.5,-82.5,1,2026-11,1.2324,2026,10
-29.5,-81.5,1,2026-11,1.3225,2026,10
-29.5,-80.5,1,2026-11,1.3696,2026,10
-29.5,-79.5,1,2026-11,1.4421,2026,10
-29.5,-78.5,1,2026-11,1.6079,2026,10
-29.5,-77.5,1,2026-11,1.781,2026,10
-29.5,-76.5,1,2026-11,1.8379,2026,10
-29.5,-75.5,1,2026-11,1.8101,2026,10
-29.5,-74.5,1,2026-11,1.8843,2026,10
-29.5,-73.5,1,2026-11,1.9177,2026,10
-29.5,-72.5,1,2026-11,1.9546,2026,10
-29.5,-71.5,1,2026-11,1.8101,2026,10
-29.5,-70.5,1,2026-11,-4.1553,2026,10
-29.5,-69.5,1,2026-11,-6.0039,2026,10
-29.5,-68.5,1,2026-11,-0.7048,2026,10
-29.5,-67.5,1,2026-11,-1.0854,2026,10
-29.5,-66.5,1,2026-11,-1.5562,2026,10
-29.5,-65.5,1,2026-11,-1.3518,2026,10
-29.5,-64.5,1,2026-11,-1.0984,2026,10
-29.5,-63.5,1,2026-11,-0.9492,2026,10
-29.5,-62.5,1,2026-11,-0.8438,2026,10
-29.5,-61.5,1,2026-11,-0.8835,2026,10
-29.5,-60.5,1,2026-11,-0.9873,2026,10
-29.5,-59.5,1,2026-11,-0.9109,2026,10
-29.5,-58.5,1,2026-11,-0.9275,2026,10
-29.5,-57.5,1,2026-11,-0.9592,2026,10
-29.5,-56.5,1,2026-11,-0.9563,2026,10
-29.5,-55.5,1,2026-11,-0.9045,2026,10
-29.5,-54.5,1,2026-11,-0.8416,2026,10
-29.5,-53.5,1,2026-11,-0.7285,2026,10
-29.5,-52.5,1,2026-11,-0.6401,2026,10
-29.5,-51.5,1,2026-11,-0.5085,2026,10
-29.5,-50.5,1,2026-11,-0.5825,2026,10
-29.5,-49.5,1,2026-11,-0.5728,2026,10
-29.5,-48.5,1,2026-11,-0.3787,2026,10
-29.5,-47.5,1,2026-11,-0.175,2026,10
-29.5,-46.5,1,2026-11,-0.1985,2026,10
-29.5,-45.5,1,2026-11,-0.1946,2026,10
-29.5,-44.5,1,2026-11,-0.1392,2026,10
-29.5,-43.5,1,2026-11,-0.1233,2026,10
-29.5,-42.5,1,2026-11,-0.0828,2026,10
-29.5,-41.5,1,2026-11,-0.0215,2026,10
-29.5,-40.5,1,2026-11,-0.0715,2026,10
-29.5,-39.5,1,2026-11,-0.2607,2026,10
-29.5,-38.5,1,2026-11,-0.5544,2026,10
-29.5,-37.5,1,2026-11,-0.5901,2026,10
-29.5,-36.5,1,2026-11,-0.4822,2026,10
-29.5,-35.5,1,2026-11,-0.4917,2026,10
-29.5,-34.5,1,2026-11,-0.3904,2026,10
-29.5,-33.5,1,2026-11,-0.2373,2026,10
-29.5,-32.5,1,2026-11,-0.0869,2026,10
-29.5,-31.5,1,2026-11,-0.1179,2026,10
-29.5,-30.5,1,2026-11,-0.2183,2026,10
-30.5,-89.5,1,2026-11,0.804,2026,10
-30.5,-88.5,1,2026-11,0.856,2026,10
-30.5,-87.5,1,2026-11,0.8555,2026,10
-30.5,-86.5,1,2026-11,0.8887,2026,10
-30.5,-85.5,1,2026-11,0.9236,2026,10
-30.5,-84.5,1,2026-11,1.0134,2026,10
-30.5,-83.5,1,2026-11,1.0483,2026,10
-30.5,-82.5,1,2026-11,1.1296,2026,10
-30.5,-81.5,1,2026-11,1.1721,2026,10
-30.5,-80.5,1,2026-11,1.1875,2026,10
-30.5,-79.5,1,2026-11,1.3157,2026,10
-30.5,-78.5,1,2026-11,1.4424,2026,10
-30.5,-77.5,1,2026-11,1.6074,2026,10
-30.5,-76.5,1,2026-11,1.6863,2026,10
-30.5,-75.5,1,2026-11,1.7241,2026,10
-30.5,-74.5,1,2026-11,1.7844,2026,10
-30.5,-73.5,1,2026-11,1.8252,2026,10
-30.5,-72.5,1,2026-11,1.9399,2026,10
-30.5,-71.5,1,2026-11,0.8391,2026,10
-30.5,-70.5,1,2026-11,-4.8882,2026,10
-30.5,-69.5,1,2026-11,-4.1768,2026,10
-30.5,-68.5,1,2026-11,-0.8574,2026,10
-30.5,-67.5,1,2026-11,-1.4536,2026,10
-30.5,-66.5,1,2026-11,-1.4575,2026,10
-30.5,-65.5,1,2026-11,-1.2507,2026,10
-30.5,-64.5,1,2026-11,-1.1013,2026,10
-30.5,-63.5,1,2026-11,-0.6299,2026,10
-30.5,-62.5,1,2026-11,-0.6814,2026,10
-30.5,-61.5,1,2026-11,-0.8762,2026,10
-30.5,-60.5,1,2026-11,-1.0369,2026,10
-30.5,-59.5,1,2026-11,-1.0205,2026,10
-30.5,-58.5,1,2026-11,-1.0208,2026,10
-30.5,-57.5,1,2026-11,-0.9941,2026,10
-30.5,-56.5,1,2026-11,-1.0105,2026,10
-30.5,-55.5,1,2026-11,-0.9661,2026,10
-30.5,-54.5,1,2026-11,-0.8923,2026,10
-30.5,-53.5,1,2026-11,-0.8108,2026,10
-30.5,-52.5,1,2026-11,-0.7869,2026,10
-30.5,-51.5,1,2026-11,-0.8071,2026,10
-30.5,-50.5,1,2026-11,-0.7664,2026,10
-30.5,-49.5,1,2026-11,-0.6323,2026,10
-30.5,-48.5,1,2026-11,-0.3782,2026,10
-30.5,-47.5,1,2026-11,-0.3374,2026,10
-30.5,-46.5,1,2026-11,-0.3999,2026,10
-30.5,-45.5,1,2026-11,-0.4038,2026,10
-30.5,-44.5,1,2026-11,-0.3887,2026,10
-30.5,-43.5,1,2026-11,-0.3354,2026,10
-30.5,-42.5,1,2026-11,-0.2869,2026,10
-30.5,-41.5,1,2026-11,-0.2278,2026,10
-30.5,-40.5,1,2026-11,-0.2178,2026,10
-30.5,-39.5,1,2026-11,-0.384,2026,10
-30.5,-38.5,1,2026-11,-0.5684,2026,10
-30.5,-37.5,1,2026-11,-0.6328,2026,10
-30.5,-36.5,1,2026-11,-0.6106,2026,10
-30.5,-35.5,1,2026-11,-0.5962,2026,10
-30.5,-34.5,1,2026-11,-0.574,2026,10
-30.5,-33.5,1,2026-11,-0.4507,2026,10
-30.5,-32.5,1,2026-11,-0.314,2026,10
-30.5,-31.5,1,2026-11,-0.3362,2026,10
-30.5,-30.5,1,2026-11,-0.3296,2026,10
-31.5,-89.5,1,2026-11,0.644,2026,10
-31.5,-88.5,1,2026-11,0.7078,2026,10
-31.5,-87.5,1,2026-11,0.7559,2026,10
-31.5,-86.5,1,2026-11,0.8318,2026,10
-31.5,-85.5,1,2026-11,0.8367,2026,10
-31.5,-84.5,1,2026-11,0.8933,2026,10
-31.5,-83.5,1,2026-11,0.949,2026,10
-31.5,-82.5,1,2026-11,1.0361,2026,10
-31.5,-81.5,1,2026-11,1.0769,2026,10
-31.5,-80.5,1,2026-11,1.0806,2026,10
-31.5,-79.5,1,2026-11,1.1777,2026,10
-31.5,-78.5,1,2026-11,1.3,2026,10
-31.5,-77.5,1,2026-11,1.4526,2026,10
-31.5,-76.5,1,2026-11,1.5908,2026,10
-31.5,-75.5,1,2026-11,1.6555,2026,10
-31.5,-74.5,1,2026-11,1.7366,2026,10
-31.5,-73.5,1,2026-11,1.7644,2026,10
-31.5,-72.5,1,2026-11,1.824,2026,10
-31.5,-71.5,1,2026-11,0.8013,2026,10
-31.5,-70.5,1,2026-11,-4.9695,2026,10
-31.5,-69.5,1,2026-11,-3.1914,2026,10
-31.5,-68.5,1,2026-11,-1.0415,2026,10
-31.5,-67.5,1,2026-11,-1.3743,2026,10
-31.5,-66.5,1,2026-11,-1.3696,2026,10
-31.5,-65.5,1,2026-11,-1.1882,2026,10
-31.5,-64.5,1,2026-11,-1.1108,2026,10
-31.5,-63.5,1,2026-11,-0.4456,2026,10
-31.5,-62.5,1,2026-11,-0.6304,2026,10
-31.5,-61.5,1,2026-11,-0.7932,2026,10
-31.5,-60.5,1,2026-11,-0.9424,2026,10
-31.5,-59.5,1,2026-11,-0.9753,2026,10
-31.5,-58.5,1,2026-11,-0.9807,2026,10
-31.5,-57.5,1,2026-11,-1.0093,2026,10
-31.5,-56.5,1,2026-11,-1.0613,2026,10
-31.5,-55.5,1,2026-11,-1.0208,2026,10
-31.5,-54.5,1,2026-11,-1.0073,2026,10
-31.5,-53.5,1,2026-11,-0.9846,2026,10
-31.5,-52.5,1,2026-11,-0.9128,2026,10
-31.5,-51.5,1,2026-11,-0.8523,2026,10
-31.5,-50.5,1,2026-11,-0.8684,2026,10
-31.5,-49.5,1,2026-11,-0.5872,2026,10
-31.5,-48.5,1,2026-11,-0.4771,2026,10
-31.5,-47.5,1,2026-11,-0.5127,2026,10
-31.5,-46.5,1,2026-11,-0.5049,2026,10
-31.5,-45.5,1,2026-11,-0.459,2026,10
-31.5,-44.5,1,2026-11,-0.4412,2026,10
-31.5,-43.5,1,2026-11,-0.4917,2026,10
-31.5,-42.5,1,2026-11,-0.4675,2026,10
-31.5,-41.5,1,2026-11,-0.4368,2026,10
-31.5,-40.5,1,2026-11,-0.4058,2026,10
-31.5,-39.5,1,2026-11,-0.488,2026,10
-31.5,-38.5,1,2026-11,-0.5835,2026,10
-31.5,-37.5,1,2026-11,-0.6016,2026,10
-31.5,-36.5,1,2026-11,-0.6218,2026,10
-31.5,-35.5,1,2026-11,-0.6472,2026,10
-31.5,-34.5,1,2026-11,-0.6958,2026,10
-31.5,-33.5,1,2026-11,-0.6814,2026,10
-31.5,-32.5,1,2026-11,-0.5811,2026,10
-31.5,-31.5,1,2026-11,-0.488,2026,10
-31.5,-30.5,1,2026-11,-0.3669,2026,10
-32.5,-89.5,1,2026-11,0.5352,2026,10
-32.5,-88.5,1,2026-11,0.6165,2026,10
-32.5,-87.5,1,2026-11,0.7012,2026,10
-32.5,-86.5,1,2026-11,0.7642,2026,10
-32.5,-85.5,1,2026-11,0.7588,2026,10
-32.5,-84.5,1,2026-11,0.7817,2026,10
-32.5,-83.5,1,2026-11,0.8513,2026,10
-32.5,-82.5,1,2026-11,0.8733,2026,10
-32.5,-81.5,1,2026-11,0.9272,2026,10
-32.5,-80.5,1,2026-11,1.0244,2026,10
-32.5,-79.5,1,2026-11,1.0811,2026,10
-32.5,-78.5,1,2026-11,1.1794,2026,10
-32.5,-77.5,1,2026-11,1.3271,2026,10
-32.5,-76.5,1,2026-11,1.4583,2026,10
-32.5,-75.5,1,2026-11,1.5793,2026,10
-32.5,-74.5,1,2026-11,1.6604,2026,10
-32.5,-73.5,1,2026-11,1.7278,2026,10
-32.5,-72.5,1,2026-11,1.875,2026,10
-32.5,-71.5,1,2026-11,0.7632,2026,10
-32.5,-70.5,1,2026-11,-3.1965,2026,10
-32.5,-69.5,1,2026-11,-2.9915,2026,10
-32.5,-68.5,1,2026-11,-1.0688,2026,10
-32.5,-67.5,1,2026-11,-1.4121,2026,10
-32.5,-66.5,1,2026-11,-1.4888,2026,10
-32.5,-65.5,1,2026-11,-1.2141,2026,10
-32.5,-64.5,1,2026-11,-1.1978,2026,10
-32.5,-63.5,1,2026-11,-0.9319,2026,10
-32.5,-62.5,1,2026-11,-0.908,2026,10
-32.5,-61.5,1,2026-11,-0.9011,2026,10
-32.5,-60.5,1,2026-11,-0.9421,2026,10
-32.5,-59.5,1,2026-11,-0.8931,2026,10
-32.5,-58.5,1,2026-11,-0.7974,2026,10
-32.5,-57.5,1,2026-11,-0.8982,2026,10
-32.5,-56.5,1,2026-11,-1.0059,2026,10
-32.5,-55.5,1,2026-11,-0.9766,2026,10
-32.5,-54.5,1,2026-11,-1.0046,2026,10
-32.5,-53.5,1,2026-11,-0.9827,2026,10
-32.5,-52.5,1,2026-11,-0.8972,2026,10
-32.5,-51.5,1,2026-11,-0.9417,2026,10
-32.5,-50.5,1,2026-11,-1.0054,2026,10
-32.5,-49.5,1,2026-11,-0.6873,2026,10
-32.5,-48.5,1,2026-11,-0.6399,2026,10
-32.5,-47.5,1,2026-11,-0.6401,2026,10
-32.5,-46.5,1,2026-11,-0.585,2026,10
-32.5,-45.5,1,2026-11,-0.5476,2026,10
-32.5,-44.5,1,2026-11,-0.5288,2026,10
-32.5,-43.5,1,2026-11,-0.5947,2026,10
-32.5,-42.5,1,2026-11,-0.6257,2026,10
-32.5,-41.5,1,2026-11,-0.5789,2026,10
-32.5,-40.5,1,2026-11,-0.5686,2026,10
-32.5,-39.5,1,2026-11,-0.6187,2026,10
-32.5,-38.5,1,2026-11,-0.6279,2026,10
-32.5,-37.5,1,2026-11,-0.6431,2026,10
-32.5,-36.5,1,2026-11,-0.6211,2026,10
-32.5,-35.5,1,2026-11,-0.5886,2026,10
-32.5,-34.5,1,2026-11,-0.5933,2026,10
-32.5,-33.5,1,2026-11,-0.6123,2026,10
-32.5,-32.5,1,2026-11,-0.5857,2026,10
-32.5,-31.5,1,2026-11,-0.4883,2026,10
-32.5,-30.5,1,2026-11,-0.407,2026,10
-33.5,-89.5,1,2026-11,0.5022,2026,10
-33.5,-88.5,1,2026-11,0.5798,2026,10
-33.5,-87.5,1,2026-11,0.6792,2026,10
-33.5,-86.5,1,2026-11,0.709,2026,10
-33.5,-85.5,1,2026-11,0.7083,2026,10
-33.5,-84.5,1,2026-11,0.7307,2026,10
-33.5,-83.5,1,2026-11,0.771,2026,10
-33.5,-82.5,1,2026-11,0.7524,2026,10
-33.5,-81.5,1,2026-11,0.8201,2026,10
-33.5,-80.5,1,2026-11,0.9219,2026,10
-33.5,-79.5,1,2026-11,1.0173,2026,10
-33.5,-78.5,1,2026-11,1.0588,2026,10
-33.5,-77.5,1,2026-11,1.177,2026,10
-33.5,-76.5,1,2026-11,1.354,2026,10
-33.5,-75.5,1,2026-11,1.489,2026,10
-33.5,-74.5,1,2026-11,1.6072,2026,10
-33.5,-73.5,1,2026-11,1.7354,2026,10
-33.5,-72.5,1,2026-11,1.8445,2026,10
-33.5,-71.5,1,2026-11,-0.0085,2026,10
-33.5,-70.5,1,2026-11,-2.3311,2026,10
-33.5,-69.5,1,2026-11,-2.8679,2026,10
-33.5,-68.5,1,2026-11,-1.2979,2026,10
-33.5,-67.5,1,2026-11,-1.699,2026,10
-33.5,-66.5,1,2026-11,-1.7305,2026,10
-33.5,-65.5,1,2026-11,-1.5205,2026,10
-33.5,-64.5,1,2026-11,-1.3362,2026,10
-33.5,-63.5,1,2026-11,-1.1604,2026,10
-33.5,-62.5,1,2026-11,-1.0857,2026,10
-33.5,-61.5,1,2026-11,-1.0444,2026,10
-33.5,-60.5,1,2026-11,-0.9729,2026,10
-33.5,-59.5,1,2026-11,-0.9377,2026,10
-33.5,-58.5,1,2026-11,-0.9236,2026,10
-33.5,-57.5,1,2026-11,-0.939,2026,10
-33.5,-56.5,1,2026-11,-0.9983,2026,10
-33.5,-55.5,1,2026-11,-1.0591,2026,10
-33.5,-54.5,1,2026-11,-0.9912,2026,10
-33.5,-53.5,1,2026-11,-0.9246,2026,10
-33.5,-52.5,1,2026-11,-0.9116,2026,10
-33.5,-51.5,1,2026-11,-1.4521,2026,10
-33.5,-50.5,1,2026-11,-1.2363,2026,10
-33.5,-49.5,1,2026-11,-0.7634,2026,10
-33.5,-48.5,1,2026-11,-0.7161,2026,10
-33.5,-47.5,1,2026-11,-0.7004,2026,10
-33.5,-46.5,1,2026-11,-0.6614,2026,10
-33.5,-45.5,1,2026-11,-0.6182,2026,10
-33.5,-44.5,1,2026-11,-0.6123,2026,10
-33.5,-43.5,1,2026-11,-0.6577,2026,10
-33.5,-42.5,1,2026-11,-0.6431,2026,10
-33.5,-41.5,1,2026-11,-0.6008,2026,10
-33.5,-40.5,1,2026-11,-0.6099,2026,10
-33.5,-39.5,1,2026-11,-0.7002,2026,10
-33.5,-38.5,1,2026-11,-0.6855,2026,10
-33.5,-37.5,1,2026-11,-0.6953,2026,10
-33.5,-36.5,1,2026-11,-0.73,2026,10
-33.5,-35.5,1,2026-11,-0.6328,2026,10
-33.5,-34.5,1,2026-11,-0.5278,2026,10
-33.5,-33.5,1,2026-11,-0.5071,2026,10
-33.5,-32.5,1,2026-11,-0.5117,2026,10
-33.5,-31.5,1,2026-11,-0.4478,2026,10
-33.5,-30.5,1,2026-11,-0.377,2026,10
-34.5,-89.5,1,2026-11,0.499,2026,10
-34.5,-88.5,1,2026-11,0.5493,2026,10
-34.5,-87.5,1,2026-11,0.5947,2026,10
-34.5,-86.5,1,2026-11,0.6028,2026,10
-34.5,-85.5,1,2026-11,0.6045,2026,10
-34.5,-84.5,1,2026-11,0.6409,2026,10
-34.5,-83.5,1,2026-11,0.7017,2026,10
-34.5,-82.5,1,2026-11,0.6873,2026,10
-34.5,-81.5,1,2026-11,0.7429,2026,10
-34.5,-80.5,1,2026-11,0.8271,2026,10
-34.5,-79.5,1,2026-11,0.9104,2026,10
-34.5,-78.5,1,2026-11,0.9324,2026,10
-34.5,-77.5,1,2026-11,1.0559,2026,10
-34.5,-76.5,1,2026-11,1.2427,2026,10
-34.5,-75.5,1,2026-11,1.4338,2026,10
-34.5,-74.5,1,2026-11,1.5859,2026,10
-34.5,-73.5,1,2026-11,1.7107,2026,10
-34.5,-72.5,1,2026-11,1.5383,2026,10
-34.5,-71.5,1,2026-11,-0.3438,2026,10
-34.5,-70.5,1,2026-11,-2.2595,2026,10
-34.5,-69.5,1,2026-11,-2.7505,2026,10
-34.5,-68.5,1,2026-11,-1.5781,2026,10
-34.5,-67.5,1,2026-11,-2.0801,2026,10
-34.5,-66.5,1,2026-11,-1.9758,2026,10
-34.5,-65.5,1,2026-11,-1.6758,2026,10
-34.5,-64.5,1,2026-11,-1.3496,2026,10
-34.5,-63.5,1,2026-11,-1.2622,2026,10
-34.5,-62.5,1,2026-11,-1.1533,2026,10
-34.5,-61.5,1,2026-11,-1.0237,2026,10
-34.5,-60.5,1,2026-11,-1.009,2026,10
-34.5,-59.5,1,2026-11,-0.9473,2026,10
-34.5,-58.5,1,2026-11,-0.8467,2026,10
-34.5,-57.5,1,2026-11,-0.9246,2026,10
-34.5,-56.5,1,2026-11,-1.0149,2026,10
-34.5,-55.5,1,2026-11,-1.054,2026,10
-34.5,-54.5,1,2026-11,-0.9451,2026,10
-34.5,-53.5,1,2026-11,-0.7981,2026,10
-34.5,-52.5,1,2026-11,-1.0754,2026,10
-34.5,-51.5,1,2026-11,-1.7612,2026,10
-34.5,-50.5,1,2026-11,-0.9802,2026,10
-34.5,-49.5,1,2026-11,-0.738,2026,10
-34.5,-48.5,1,2026-11,-0.7722,2026,10
-34.5,-47.5,1,2026-11,-0.7803,2026,10
-34.5,-46.5,1,2026-11,-0.7412,2026,10
-34.5,-45.5,1,2026-11,-0.7031,2026,10
-34.5,-44.5,1,2026-11,-0.6921,2026,10
-34.5,-43.5,1,2026-11,-0.6826,2026,10
-34.5,-42.5,1,2026-11,-0.6704,2026,10
-34.5,-41.5,1,2026-11,-0.6663,2026,10
-34.5,-40.5,1,2026-11,-0.6384,2026,10
-34.5,-39.5,1,2026-11,-0.6694,2026,10
-34.5,-38.5,1,2026-11,-0.6982,2026,10
-34.5,-37.5,1,2026-11,-0.7124,2026,10
-34.5,-36.5,1,2026-11,-0.7107,2026,10
-34.5,-35.5,1,2026-11,-0.6484,2026,10
-34.5,-34.5,1,2026-11,-0.594,2026,10
-34.5,-33.5,1,2026-11,-0.572,2026,10
-34.5,-32.5,1,2026-11,-0.542,2026,10
-34.5,-31.5,1,2026-11,-0.4731,2026,10
-34.5,-30.5,1,2026-11,-0.4031,2026,10
-35.5,-89.5,1,2026-11,0.4773,2026,10
-35.5,-88.5,1,2026-11,0.5217,2026,10
-35.5,-87.5,1,2026-11,0.54,2026,10
-35.5,-86.5,1,2026-11,0.5474,2026,10
-35.5,-85.5,1,2026-11,0.5188,2026,10
-35.5,-84.5,1,2026-11,0.5774,2026,10
-35.5,-83.5,1,2026-11,0.6677,2026,10
-35.5,-82.5,1,2026-11,0.6462,2026,10
-35.5,-81.5,1,2026-11,0.7078,2026,10
-35.5,-80.5,1,2026-11,0.7041,2026,10
-35.5,-79.5,1,2026-11,0.7126,2026,10
-35.5,-78.5,1,2026-11,0.822,2026,10
-35.5,-77.5,1,2026-11,0.9404,2026,10
-35.5,-76.5,1,2026-11,1.1409,2026,10
-35.5,-75.5,1,2026-11,1.3936,2026,10
-35.5,-74.5,1,2026-11,1.5903,2026,10
-35.5,-73.5,1,2026-11,1.7444,2026,10
-35.5,-72.5,1,2026-11,0.9119,2026,10
-35.5,-71.5,1,2026-11,-0.4377,2026,10
-35.5,-70.5,1,2026-11,-1.8691,2026,10
-35.5,-69.5,1,2026-11,-1.9045,2026,10
-35.5,-68.5,1,2026-11,-2.0576,2026,10
-35.5,-67.5,1,2026-11,-2.478,2026,10
-35.5,-66.5,1,2026-11,-2.429,2026,10
-35.5,-65.5,1,2026-11,-1.907,2026,10
-35.5,-64.5,1,2026-11,-1.5137,2026,10
-35.5,-63.5,1,2026-11,-1.2964,2026,10
-35.5,-62.5,1,2026-11,-1.2095,2026,10
-35.5,-61.5,1,2026-11,-1.1599,2026,10
-35.5,-60.5,1,2026-11,-1.1482,2026,10
-35.5,-59.5,1,2026-11,-1.1863,2026,10
-35.5,-58.5,1,2026-11,-1.1619,2026,10
-35.5,-57.5,1,2026-11,-1.0735,2026,10
-35.5,-56.5,1,2026-11,-0.8882,2026,10
-35.5,-55.5,1,2026-11,-0.8145,2026,10
-35.5,-54.5,1,2026-11,-0.7156,2026,10
-35.5,-53.5,1,2026-11,-0.6677,2026,10
-35.5,-52.5,1,2026-11,-1.1738,2026,10
-35.5,-51.5,1,2026-11,-1.2505,2026,10
-35.5,-50.5,1,2026-11,-0.7046,2026,10
-35.5,-49.5,1,2026-11,-0.6755,2026,10
-35.5,-48.5,1,2026-11,-0.6982,2026,10
-35.5,-47.5,1,2026-11,-0.7202,2026,10
-35.5,-46.5,1,2026-11,-0.7019,2026,10
-35.5,-45.5,1,2026-11,-0.7517,2026,10
-35.5,-44.5,1,2026-11,-0.7705,2026,10
-35.5,-43.5,1,2026-11,-0.7014,2026,10
-35.5,-42.5,1,2026-11,-0.6565,2026,10
-35.5,-41.5,1,2026-11,-0.6926,2026,10
-35.5,-40.5,1,2026-11,-0.7061,2026,10
-35.5,-39.5,1,2026-11,-0.6624,2026,10
-35.5,-38.5,1,2026-11,-0.6987,2026,10
-35.5,-37.5,1,2026-11,-0.7314,2026,10
-35.5,-36.5,1,2026-11,-0.7324,2026,10
-35.5,-35.5,1,2026-11,-0.6335,2026,10
-35.5,-34.5,1,2026-11,-0.6333,2026,10
-35.5,-33.5,1,2026-11,-0.6401,2026,10
-35.5,-32.5,1,2026-11,-0.6008,2026,10
-35.5,-31.5,1,2026-11,-0.5283,2026,10
-35.5,-30.5,1,2026-11,-0.4778,2026,10
-36.5,-89.5,1,2026-11,0.4407,2026,10
-36.5,-88.5,1,2026-11,0.5615,2026,10
-36.5,-87.5,1,2026-11,0.5398,2026,10
-36.5,-86.5,1,2026-11,0.5027,2026,10
-36.5,-85.5,1,2026-11,0.4963,2026,10
-36.5,-84.5,1,2026-11,0.5112,2026,10
-36.5,-83.5,1,2026-11,0.5593,2026,10
-36.5,-82.5,1,2026-11,0.6084,2026,10
-36.5,-81.5,1,2026-11,0.6953,2026,10
-36.5,-80.5,1,2026-11,0.6704,2026,10
-36.5,-79.5,1,2026-11,0.6606,2026,10
-36.5,-78.5,1,2026-11,0.7317,2026,10
-36.5,-77.5,1,2026-11,0.8521,2026,10
-36.5,-76.5,1,2026-11,1.0015,2026,10
-36.5,-75.5,1,2026-11,1.282,2026,10
-36.5,-74.5,1,2026-11,1.5725,2026,10
-36.5,-73.5,1,2026-11,1.5508,2026,10
-36.5,-72.5,1,2026-11,0.6245,2026,10
-36.5,-71.5,1,2026-11,-0.4934,2026,10
-36.5,-70.5,1,2026-11,-1.6023,2026,10
-36.5,-69.5,1,2026-11,-2.176,2026,10
-36.5,-68.5,1,2026-11,-2.498,2026,10
-36.5,-67.5,1,2026-11,-2.7603,2026,10
-36.5,-66.5,1,2026-11,-2.7373,2026,10
-36.5,-65.5,1,2026-11,-2.1621,2026,10
-36.5,-64.5,1,2026-11,-1.7383,2026,10
-36.5,-63.5,1,2026-11,-1.4495,2026,10
-36.5,-62.5,1,2026-11,-1.2974,2026,10
-36.5,-61.5,1,2026-11,-1.2598,2026,10
-36.5,-60.5,1,2026-11,-1.2642,2026,10
-36.5,-59.5,1,2026-11,-1.2756,2026,10
-36.5,-58.5,1,2026-11,-1.2905,2026,10
-36.5,-57.5,1,2026-11,-1.2073,2026,10
-36.5,-56.5,1,2026-11,-0.9558,2026,10
-36.5,-55.5,1,2026-11,-0.7053,2026,10
-36.5,-54.5,1,2026-11,-0.5488,2026,10
-36.5,-53.5,1,2026-11,-0.7095,2026,10
-36.5,-52.5,1,2026-11,-1.1133,2026,10
-36.5,-51.5,1,2026-11,-0.8035,2026,10
-36.5,-50.5,1,2026-11,-0.6396,2026,10
-36.5,-49.5,1,2026-11,-0.6677,2026,10
-36.5,-48.5,1,2026-11,-0.6626,2026,10
-36.5,-47.5,1,2026-11,-0.5994,2026,10
-36.5,-46.5,1,2026-11,-0.6372,2026,10
-36.5,-45.5,1,2026-11,-0.8025,2026,10
-36.5,-44.5,1,2026-11,-0.8181,2026,10
-36.5,-43.5,1,2026-11,-0.739,2026,10
-36.5,-42.5,1,2026-11,-0.7251,2026,10
-36.5,-41.5,1,2026-11,-0.7651,2026,10
-36.5,-40.5,1,2026-11,-0.7595,2026,10
-36.5,-39.5,1,2026-11,-0.6938,2026,10
-36.5,-38.5,1,2026-11,-0.7305,2026,10
-36.5,-37.5,1,2026-11,-0.7681,2026,10
-36.5,-36.5,1,2026-11,-0.7744,2026,10
-36.5,-35.5,1,2026-11,-0.698,2026,10
-36.5,-34.5,1,2026-11,-0.626,2026,10
-36.5,-33.5,1,2026-11,-0.6475,2026,10
-36.5,-32.5,1,2026-11,-0.6499,2026,10
-36.5,-31.5,1,2026-11,-0.584,2026,10
-36.5,-30.5,1,2026-11,-0.5364,2026,10
-37.5,-89.5,1,2026-11,0.5352,2026,10
-37.5,-88.5,1,2026-11,0.6067,2026,10
-37.5,-87.5,1,2026-11,0.595,2026,10
-37.5,-86.5,1,2026-11,0.55,2026,10
-37.5,-85.5,1,2026-11,0.4805,2026,10
-37.5,-84.5,1,2026-11,0.5295,2026,10
-37.5,-83.5,1,2026-11,0.5759,2026,10
-37.5,-82.5,1,2026-11,0.6011,2026,10
-37.5,-81.5,1,2026-11,0.6624,2026,10
-37.5,-80.5,1,2026-11,0.6658,2026,10
-37.5,-79.5,1,2026-11,0.6594,2026,10
-37.5,-78.5,1,2026-11,0.709,2026,10
-37.5,-77.5,1,2026-11,0.7927,2026,10
-37.5,-76.5,1,2026-11,0.9265,2026,10
-37.5,-75.5,1,2026-11,1.1975,2026,10
-37.5,-74.5,1,2026-11,1.5081,2026,10
-37.5,-73.5,1,2026-11,1.2046,2026,10
-37.5,-72.5,1,2026-11,0.6836,2026,10
-37.5,-71.5,1,2026-11,-0.1533,2026,10
-37.5,-70.5,1,2026-11,-1.1558,2026,10
-37.5,-69.5,1,2026-11,-2.4834,2026,10
-37.5,-68.5,1,2026-11,-2.7595,2026,10
-37.5,-67.5,1,2026-11,-2.7156,2026,10
-37.5,-66.5,1,2026-11,-2.7083,2026,10
-37.5,-65.5,1,2026-11,-2.3989,2026,10
-37.5,-64.5,1,2026-11,-2.1147,2026,10
-37.5,-63.5,1,2026-11,-1.7505,2026,10
-37.5,-62.5,1,2026-11,-1.4624,2026,10
-37.5,-61.5,1,2026-11,-1.3809,2026,10
-37.5,-60.5,1,2026-11,-1.3943,2026,10
-37.5,-59.5,1,2026-11,-1.3772,2026,10
-37.5,-58.5,1,2026-11,-1.2834,2026,10
-37.5,-57.5,1,2026-11,-1.0923,2026,10
-37.5,-56.5,1,2026-11,-0.7722,2026,10
-37.5,-55.5,1,2026-11,-0.5417,2026,10
-37.5,-54.5,1,2026-11,-0.4922,2026,10
-37.5,-53.5,1,2026-11,-0.8369,2026,10
-37.5,-52.5,1,2026-11,-0.8694,2026,10
-37.5,-51.5,1,2026-11,-0.7871,2026,10
-37.5,-50.5,1,2026-11,-0.8213,2026,10
-37.5,-49.5,1,2026-11,-0.8176,2026,10
-37.5,-48.5,1,2026-11,-0.7195,2026,10
-37.5,-47.5,1,2026-11,-0.6321,2026,10
-37.5,-46.5,1,2026-11,-0.6863,2026,10
-37.5,-45.5,1,2026-11,-0.8125,2026,10
-37.5,-44.5,1,2026-11,-0.845,2026,10
-37.5,-43.5,1,2026-11,-0.822,2026,10
-37.5,-42.5,1,2026-11,-0.8391,2026,10
-37.5,-41.5,1,2026-11,-0.8899,2026,10
-37.5,-40.5,1,2026-11,-0.925,2026,10
-37.5,-39.5,1,2026-11,-0.8513,2026,10
-37.5,-38.5,1,2026-11,-0.7617,2026,10
-37.5,-37.5,1,2026-11,-0.7483,2026,10
-37.5,-36.5,1,2026-11,-0.7864,2026,10
-37.5,-35.5,1,2026-11,-0.8372,2026,10
-37.5,-34.5,1,2026-11,-0.7339,2026,10
-37.5,-33.5,1,2026-11,-0.6875,2026,10
-37.5,-32.5,1,2026-11,-0.6382,2026,10
-37.5,-31.5,1,2026-11,-0.6111,2026,10
-37.5,-30.5,1,2026-11,-0.5923,2026,10
-38.5,-89.5,1,2026-11,0.5361,2026,10
-38.5,-88.5,1,2026-11,0.5557,2026,10
-38.5,-87.5,1,2026-11,0.5396,2026,10
-38.5,-86.5,1,2026-11,0.5183,2026,10
-38.5,-85.5,1,2026-11,0.4841,2026,10
-38.5,-84.5,1,2026-11,0.5227,2026,10
-38.5,-83.5,1,2026-11,0.5581,2026,10
-38.5,-82.5,1,2026-11,0.5496,2026,10
-38.5,-81.5,1,2026-11,0.6162,2026,10
-38.5,-80.5,1,2026-11,0.6855,2026,10
-38.5,-79.5,1,2026-11,0.6877,2026,10
-38.5,-78.5,1,2026-11,0.7222,2026,10
-38.5,-77.5,1,2026-11,0.7852,2026,10
-38.5,-76.5,1,2026-11,0.905,2026,10
-38.5,-75.5,1,2026-11,1.137,2026,10
-38.5,-74.5,1,2026-11,1.4192,2026,10
-38.5,-73.5,1,2026-11,1.467,2026,10
-38.5,-72.5,1,2026-11,1.2822,2026,10
-38.5,-71.5,1,2026-11,0.281,2026,10
-38.5,-70.5,1,2026-11,-0.9497,2026,10
-38.5,-69.5,1,2026-11,-2.1475,2026,10
-38.5,-68.5,1,2026-11,-2.5271,2026,10
-38.5,-67.5,1,2026-11,-2.6021,2026,10
-38.5,-66.5,1,2026-11,-2.5542,2026,10
-38.5,-65.5,1,2026-11,-2.5391,2026,10
-38.5,-64.5,1,2026-11,-2.3674,2026,10
-38.5,-63.5,1,2026-11,-2.144,2026,10
-38.5,-62.5,1,2026-11,-1.8604,2026,10
-38.5,-61.5,1,2026-11,-1.6562,2026,10
-38.5,-60.5,1,2026-11,-1.5103,2026,10
-38.5,-59.5,1,2026-11,-1.2883,2026,10
-38.5,-58.5,1,2026-11,-1.0225,2026,10
-38.5,-57.5,1,2026-11,-0.6243,2026,10
-38.5,-56.5,1,2026-11,-0.4758,2026,10
-38.5,-55.5,1,2026-11,-0.4194,2026,10
-38.5,-54.5,1,2026-11,-0.3728,2026,10
-38.5,-53.5,1,2026-11,-0.6675,2026,10
-38.5,-52.5,1,2026-11,-0.7952,2026,10
-38.5,-51.5,1,2026-11,-0.9067,2026,10
-38.5,-50.5,1,2026-11,-0.916,2026,10
-38.5,-49.5,1,2026-11,-0.8345,2026,10
-38.5,-48.5,1,2026-11,-0.8203,2026,10
-38.5,-47.5,1,2026-11,-0.8599,2026,10
-38.5,-46.5,1,2026-11,-0.7961,2026,10
-38.5,-45.5,1,2026-11,-0.9238,2026,10
-38.5,-44.5,1,2026-11,-0.9895,2026,10
-38.5,-43.5,1,2026-11,-0.9565,2026,10
-38.5,-42.5,1,2026-11,-0.8726,2026,10
-38.5,-41.5,1,2026-11,-0.9124,2026,10
-38.5,-40.5,1,2026-11,-1.0034,2026,10
-38.5,-39.5,1,2026-11,-0.9602,2026,10
-38.5,-38.5,1,2026-11,-0.8381,2026,10
-38.5,-37.5,1,2026-11,-0.6953,2026,10
-38.5,-36.5,1,2026-11,-0.6758,2026,10
-38.5,-35.5,1,2026-11,-0.8025,2026,10
-38.5,-34.5,1,2026-11,-0.8389,2026,10
-38.5,-33.5,1,2026-11,-0.7859,2026,10
-38.5,-32.5,1,2026-11,-0.6968,2026,10
-38.5,-31.5,1,2026-11,-0.6667,2026,10
-38.5,-30.5,1,2026-11,-0.6631,2026,10
-39.5,-89.5,1,2026-11,0.5281,2026,10
-39.5,-88.5,1,2026-11,0.5557,2026,10
-39.5,-87.5,1,2026-11,0.5688,2026,10
-39.5,-86.5,1,2026-11,0.533,2026,10
-39.5,-85.5,1,2026-11,0.5027,2026,10
-39.5,-84.5,1,2026-11,0.5405,2026,10
-39.5,-83.5,1,2026-11,0.5618,2026,10
-39.5,-82.5,1,2026-11,0.5364,2026,10
-39.5,-81.5,1,2026-11,0.5718,2026,10
-39.5,-80.5,1,2026-11,0.6321,2026,10
-39.5,-79.5,1,2026-11,0.6567,2026,10
-39.5,-78.5,1,2026-11,0.7019,2026,10
-39.5,-77.5,1,2026-11,0.7524,2026,10
-39.5,-76.5,1,2026-11,0.8318,2026,10
-39.5,-75.5,1,2026-11,1.0891,2026,10
-39.5,-74.5,1,2026-11,1.4055,2026,10
-39.5,-73.5,1,2026-11,1.5503,2026,10
-39.5,-72.5,1,2026-11,1.3921,2026,10
-39.5,-71.5,1,2026-11,0.6394,2026,10
-39.5,-70.5,1,2026-11,-0.4634,2026,10
-39.5,-69.5,1,2026-11,-1.4858,2026,10
-39.5,-68.5,1,2026-11,-1.8191,2026,10
-39.5,-67.5,1,2026-11,-2.4319,2026,10
-39.5,-66.5,1,2026-11,-2.4802,2026,10
-39.5,-65.5,1,2026-11,-2.6228,2026,10
-39.5,-64.5,1,2026-11,-2.3679,2026,10
-39.5,-63.5,1,2026-11,-2.2976,2026,10
-39.5,-62.5,1,2026-11,-1.9304,2026,10
-39.5,-61.5,1,2026-11,-1.2341,2026,10
-39.5,-60.5,1,2026-11,-0.9832,2026,10
-39.5,-59.5,1,2026-11,-0.7463,2026,10
-39.5,-58.5,1,2026-11,-0.6157,2026,10
-39.5,-57.5,1,2026-11,-0.5413,2026,10
-39.5,-56.5,1,2026-11,-0.5134,2026,10
-39.5,-55.5,1,2026-11,-0.2588,2026,10
-39.5,-54.5,1,2026-11,-0.1631,2026,10
-39.5,-53.5,1,2026-11,-0.5315,2026,10
-39.5,-52.5,1,2026-11,-0.7351,2026,10
-39.5,-51.5,1,2026-11,-0.8682,2026,10
-39.5,-50.5,1,2026-11,-0.853,2026,10
-39.5,-49.5,1,2026-11,-0.7617,2026,10
-39.5,-48.5,1,2026-11,-0.926,2026,10
-39.5,-47.5,1,2026-11,-1.2104,2026,10
-39.5,-46.5,1,2026-11,-1.0803,2026,10
-39.5,-45.5,1,2026-11,-0.9971,2026,10
-39.5,-44.5,1,2026-11,-1.0818,2026,10
-39.5,-43.5,1,2026-11,-1.092,2026,10
-39.5,-42.5,1,2026-11,-0.9717,2026,10
-39.5,-41.5,1,2026-11,-1.0542,2026,10
-39.5,-40.5,1,2026-11,-1.1213,2026,10
-39.5,-39.5,1,2026-11,-1.0269,2026,10
-39.5,-38.5,1,2026-11,-0.8562,2026,10
-39.5,-37.5,1,2026-11,-0.667,2026,10
-39.5,-36.5,1,2026-11,-0.6162,2026,10
-39.5,-35.5,1,2026-11,-0.7148,2026,10
-39.5,-34.5,1,2026-11,-0.8179,2026,10
-39.5,-33.5,1,2026-11,-0.873,2026,10
-39.5,-32.5,1,2026-11,-0.7712,2026,10
-39.5,-31.5,1,2026-11,-0.7283,2026,10
-39.5,-30.5,1,2026-11,-0.7446,2026,10
-40.5,-89.5,1,2026-11,0.627,2026,10
-40.5,-88.5,1,2026-11,0.5999,2026,10
-40.5,-87.5,1,2026-11,0.5894,2026,10
-40.5,-86.5,1,2026-11,0.5654,2026,10
-40.5,-85.5,1,2026-11,0.5754,2026,10
-40.5,-84.5,1,2026-11,0.573,2026,10
-40.5,-83.5,1,2026-11,0.5789,2026,10
-40.5,-82.5,1,2026-11,0.616,2026,10
-40.5,-81.5,1,2026-11,0.6038,2026,10
-40.5,-80.5,1,2026-11,0.5906,2026,10
-40.5,-79.5,1,2026-11,0.6135,2026,10
-40.5,-78.5,1,2026-11,0.6624,2026,10
-40.5,-77.5,1,2026-11,0.7185,2026,10
-40.5,-76.5,1,2026-11,0.8711,2026,10
-40.5,-75.5,1,2026-11,1.1602,2026,10
-40.5,-74.5,1,2026-11,1.4563,2026,10
-40.5,-73.5,1,2026-11,1.6108,2026,10
-40.5,-72.5,1,2026-11,1.5405,2026,10
-40.5,-71.5,1,2026-11,0.7373,2026,10
-40.5,-70.5,1,2026-11,0.0,2026,10
-40.5,-69.5,1,2026-11,-0.7305,2026,10
-40.5,-68.5,1,2026-11,-1.343,2026,10
-40.5,-67.5,1,2026-11,-2.0203,2026,10
-40.5,-66.5,1,2026-11,-2.6016,2026,10
-40.5,-65.5,1,2026-11,-2.6387,2026,10
-40.5,-64.5,1,2026-11,-2.3088,2026,10
-40.5,-63.5,1,2026-11,-2.1965,2026,10
-40.5,-62.5,1,2026-11,-1.5857,2026,10
-40.5,-61.5,1,2026-11,-0.9023,2026,10
-40.5,-60.5,1,2026-11,-0.7368,2026,10
-40.5,-59.5,1,2026-11,-0.6697,2026,10
-40.5,-58.5,1,2026-11,-0.6155,2026,10
-40.5,-57.5,1,2026-11,-0.5566,2026,10
-40.5,-56.5,1,2026-11,-0.3499,2026,10
-40.5,-55.5,1,2026-11,-0.1213,2026,10
-40.5,-54.5,1,2026-11,-0.272,2026,10
-40.5,-53.5,1,2026-11,-0.6711,2026,10
-40.5,-52.5,1,2026-11,-0.814,2026,10
-40.5,-51.5,1,2026-11,-0.8188,2026,10
-40.5,-50.5,1,2026-11,-0.741,2026,10
-40.5,-49.5,1,2026-11,-0.7271,2026,10
-40.5,-48.5,1,2026-11,-0.9055,2026,10
-40.5,-47.5,1,2026-11,-1.1062,2026,10
-40.5,-46.5,1,2026-11,-0.9504,2026,10
-40.5,-45.5,1,2026-11,-0.8613,2026,10
-40.5,-44.5,1,2026-11,-0.9492,2026,10
-40.5,-43.5,1,2026-11,-0.9341,2026,10
-40.5,-42.5,1,2026-11,-0.8965,2026,10
-40.5,-41.5,1,2026-11,-0.9209,2026,10
-40.5,-40.5,1,2026-11,-0.9187,2026,10
-40.5,-39.5,1,2026-11,-0.8972,2026,10
-40.5,-38.5,1,2026-11,-0.8232,2026,10
-40.5,-37.5,1,2026-11,-0.6614,2026,10
-40.5,-36.5,1,2026-11,-0.6787,2026,10
-40.5,-35.5,1,2026-11,-0.7402,2026,10
-40.5,-34.5,1,2026-11,-0.8542,2026,10
-40.5,-33.5,1,2026-11,-0.8733,2026,10
-40.5,-32.5,1,2026-11,-0.7732,2026,10
-40.5,-31.5,1,2026-11,-0.7959,2026,10
-40.5,-30.5,1,2026-11,-0.8687,2026,10
-41.5,-89.5,1,2026-11,0.7192,2026,10
-41.5,-88.5,1,2026-11,0.6345,2026,10
-41.5,-87.5,1,2026-11,0.595,2026,10
-41.5,-86.5,1,2026-11,0.5842,2026,10
-41.5,-85.5,1,2026-11,0.6418,2026,10
-41.5,-84.5,1,2026-11,0.637,2026,10
-41.5,-83.5,1,2026-11,0.6252,2026,10
-41.5,-82.5,1,2026-11,0.6382,2026,10
-41.5,-81.5,1,2026-11,0.5952,2026,10
-41.5,-80.5,1,2026-11,0.595,2026,10
-41.5,-79.5,1,2026-11,0.6348,2026,10
-41.5,-78.5,1,2026-11,0.6917,2026,10
-41.5,-77.5,1,2026-11,0.7603,2026,10
-41.5,-76.5,1,2026-11,0.9692,2026,10
-41.5,-75.5,1,2026-11,1.2493,2026,10
-41.5,-74.5,1,2026-11,1.5132,2026,10
-41.5,-73.5,1,2026-11,1.6929,2026,10
-41.5,-72.5,1,2026-11,1.7344,2026,10
-41.5,-71.5,1,2026-11,1.1743,2026,10
-41.5,-70.5,1,2026-11,0.3982,2026,10
-41.5,-69.5,1,2026-11,-0.3562,2026,10
-41.5,-68.5,1,2026-11,-0.9138,2026,10
-41.5,-67.5,1,2026-11,-1.4536,2026,10
-41.5,-66.5,1,2026-11,-2.1282,2026,10
-41.5,-65.5,1,2026-11,-2.4839,2026,10
-41.5,-64.5,1,2026-11,-1.2156,2026,10
-41.5,-63.5,1,2026-11,-0.9304,2026,10
-41.5,-62.5,1,2026-11,-0.8096,2026,10
-41.5,-61.5,1,2026-11,-0.7051,2026,10
-41.5,-60.5,1,2026-11,-0.646,2026,10
-41.5,-59.5,1,2026-11,-0.6125,2026,10
-41.5,-58.5,1,2026-11,-0.5869,2026,10
-41.5,-57.5,1,2026-11,-0.4058,2026,10
-41.5,-56.5,1,2026-11,-0.1743,2026,10
-41.5,-55.5,1,2026-11,-0.2275,2026,10
-41.5,-54.5,1,2026-11,-0.4526,2026,10
-41.5,-53.5,1,2026-11,-0.7407,2026,10
-41.5,-52.5,1,2026-11,-0.8823,2026,10
-41.5,-51.5,1,2026-11,-0.998,2026,10
-41.5,-50.5,1,2026-11,-1.0015,2026,10
-41.5,-49.5,1,2026-11,-0.906,2026,10
-41.5,-48.5,1,2026-11,-0.8975,2026,10
-41.5,-47.5,1,2026-11,-0.9441,2026,10
-41.5,-46.5,1,2026-11,-0.8108,2026,10
-41.5,-45.5,1,2026-11,-0.8267,2026,10
-41.5,-44.5,1,2026-11,-0.8416,2026,10
-41.5,-43.5,1,2026-11,-0.7732,2026,10
-41.5,-42.5,1,2026-11,-0.7241,2026,10
-41.5,-41.5,1,2026-11,-0.6887,2026,10
-41.5,-40.5,1,2026-11,-0.7021,2026,10
-41.5,-39.5,1,2026-11,-0.7405,2026,10
-41.5,-38.5,1,2026-11,-0.7026,2026,10
-41.5,-37.5,1,2026-11,-0.6624,2026,10
-41.5,-36.5,1,2026-11,-0.7407,2026,10
-41.5,-35.5,1,2026-11,-0.8503,2026,10
-41.5,-34.5,1,2026-11,-0.8298,2026,10
-41.5,-33.5,1,2026-11,-0.8142,2026,10
-41.5,-32.5,1,2026-11,-0.7761,2026,10
-41.5,-31.5,1,2026-11,-0.8389,2026,10
-41.5,-30.5,1,2026-11,-0.8887,2026,10
-42.5,-89.5,1,2026-11,0.7964,2026,10
-42.5,-88.5,1,2026-11,0.6924,2026,10
-42.5,-87.5,1,2026-11,0.6487,2026,10
-42.5,-86.5,1,2026-11,0.6509,2026,10
-42.5,-85.5,1,2026-11,0.6624,2026,10
-42.5,-84.5,1,2026-11,0.6072,2026,10
-42.5,-83.5,1,2026-11,0.5371,2026,10
-42.5,-82.5,1,2026-11,0.5879,2026,10
-42.5,-81.5,1,2026-11,0.6526,2026,10
-42.5,-80.5,1,2026-11,0.6631,2026,10
-42.5,-79.5,1,2026-11,0.6753,2026,10
-42.5,-78.5,1,2026-11,0.7114,2026,10
-42.5,-77.5,1,2026-11,0.8169,2026,10
-42.5,-76.5,1,2026-11,1.0286,2026,10
-42.5,-75.5,1,2026-11,1.272,2026,10
-42.5,-74.5,1,2026-11,1.6182,2026,10
-42.5,-73.5,1,2026-11,1.624,2026,10
-42.5,-72.5,1,2026-11,1.6841,2026,10
-42.5,-71.5,1,2026-11,1.2468,2026,10
-42.5,-70.5,1,2026-11,1.0217,2026,10
-42.5,-69.5,1,2026-11,0.4072,2026,10
-42.5,-68.5,1,2026-11,-0.2922,2026,10
-42.5,-67.5,1,2026-11,-1.2527,2026,10
-42.5,-66.5,1,2026-11,-1.9041,2026,10
-42.5,-65.5,1,2026-11,-2.269,2026,10
-42.5,-64.5,1,2026-11,-1.5422,2026,10
-42.5,-63.5,1,2026-11,-0.9238,2026,10
-42.5,-62.5,1,2026-11,-0.7473,2026,10
-42.5,-61.5,1,2026-11,-0.6665,2026,10
-42.5,-60.5,1,2026-11,-0.5974,2026,10
-42.5,-59.5,1,2026-11,-0.6545,2026,10
-42.5,-58.5,1,2026-11,-0.467,2026,10
-42.5,-57.5,1,2026-11,-0.2222,2026,10
-42.5,-56.5,1,2026-11,-0.2595,2026,10
-42.5,-55.5,1,2026-11,-0.4368,2026,10
-42.5,-54.5,1,2026-11,-0.6946,2026,10
-42.5,-53.5,1,2026-11,-0.8628,2026,10
-42.5,-52.5,1,2026-11,-0.9148,2026,10
-42.5,-51.5,1,2026-11,-0.887,2026,10
-42.5,-50.5,1,2026-11,-0.8481,2026,10
-42.5,-49.5,1,2026-11,-0.8401,2026,10
-42.5,-48.5,1,2026-11,-0.886,2026,10
-42.5,-47.5,1,2026-11,-0.9238,2026,10
-42.5,-46.5,1,2026-11,-0.8245,2026,10
-42.5,-45.5,1,2026-11,-0.8345,2026,10
-42.5,-44.5,1,2026-11,-0.7283,2026,10
-42.5,-43.5,1,2026-11,-0.6079,2026,10
-42.5,-42.5,1,2026-11,-0.5488,2026,10
-42.5,-41.5,1,2026-11,-0.5654,2026,10
-42.5,-40.5,1,2026-11,-0.5801,2026,10
-42.5,-39.5,1,2026-11,-0.6016,2026,10
-42.5,-38.5,1,2026-11,-0.6301,2026,10
-42.5,-37.5,1,2026-11,-0.6858,2026,10
-42.5,-36.5,1,2026-11,-0.8267,2026,10
-42.5,-35.5,1,2026-11,-0.8296,2026,10
-42.5,-34.5,1,2026-11,-0.7273,2026,10
-42.5,-33.5,1,2026-11,-0.6633,2026,10
-42.5,-32.5,1,2026-11,-0.6853,2026,10
-42.5,-31.5,1,2026-11,-0.7783,2026,10
-42.5,-30.5,1,2026-11,-0.6858,2026,10
-43.5,-89.5,1,2026-11,0.7727,2026,10
-43.5,-88.5,1,2026-11,0.7834,2026,10
-43.5,-87.5,1,2026-11,0.7622,2026,10
-43.5,-86.5,1,2026-11,0.7109,2026,10
-43.5,-85.5,1,2026-11,0.6653,2026,10
-43.5,-84.5,1,2026-11,0.6077,2026,10
-43.5,-83.5,1,2026-11,0.655,2026,10
-43.5,-82.5,1,2026-11,0.7073,2026,10
-43.5,-81.5,1,2026-11,0.7412,2026,10
-43.5,-80.5,1,2026-11,0.7527,2026,10
-43.5,-79.5,1,2026-11,0.7896,2026,10
-43.5,-78.5,1,2026-11,0.8154,2026,10
-43.5,-77.5,1,2026-11,0.9087,2026,10
-43.5,-76.5,1,2026-11,1.0769,2026,10
-43.5,-75.5,1,2026-11,1.3164,2026,10
-43.5,-74.5,1,2026-11,1.5259,2026,10
-43.5,-73.5,1,2026-11,1.6633,2026,10
-43.5,-72.5,1,2026-11,1.8599,2026,10
-43.5,-71.5,1,2026-11,1.6338,2026,10
-43.5,-70.5,1,2026-11,1.3569,2026,10
-43.5,-69.5,1,2026-11,0.3301,2026,10
-43.5,-68.5,1,2026-11,-0.3567,2026,10
-43.5,-67.5,1,2026-11,-1.0593,2026,10
-43.5,-66.5,1,2026-11,-1.5618,2026,10
-43.5,-65.5,1,2026-11,-1.9839,2026,10
-43.5,-64.5,1,2026-11,-1.1199,2026,10
-43.5,-63.5,1,2026-11,-0.6987,2026,10
-43.5,-62.5,1,2026-11,-0.6848,2026,10
-43.5,-61.5,1,2026-11,-0.6187,2026,10
-43.5,-60.5,1,2026-11,-0.6138,2026,10
-43.5,-59.5,1,2026-11,-0.55,2026,10
-43.5,-58.5,1,2026-11,-0.2739,2026,10
-43.5,-57.5,1,2026-11,-0.2065,2026,10
-43.5,-56.5,1,2026-11,-0.4094,2026,10
-43.5,-55.5,1,2026-11,-0.5266,2026,10
-43.5,-54.5,1,2026-11,-0.658,2026,10
-43.5,-53.5,1,2026-11,-0.7554,2026,10
-43.5,-52.5,1,2026-11,-0.7249,2026,10
-43.5,-51.5,1,2026-11,-0.7607,2026,10
-43.5,-50.5,1,2026-11,-0.7275,2026,10
-43.5,-49.5,1,2026-11,-0.7463,2026,10
-43.5,-48.5,1,2026-11,-0.7866,2026,10
-43.5,-47.5,1,2026-11,-0.7476,2026,10
-43.5,-46.5,1,2026-11,-0.7129,2026,10
-43.5,-45.5,1,2026-11,-0.6628,2026,10
-43.5,-44.5,1,2026-11,-0.5835,2026,10
-43.5,-43.5,1,2026-11,-0.5137,2026,10
-43.5,-42.5,1,2026-11,-0.491,2026,10
-43.5,-41.5,1,2026-11,-0.4846,2026,10
-43.5,-40.5,1,2026-11,-0.4529,2026,10
-43.5,-39.5,1,2026-11,-0.4617,2026,10
-43.5,-38.5,1,2026-11,-0.5239,2026,10
-43.5,-37.5,1,2026-11,-0.6736,2026,10
-43.5,-36.5,1,2026-11,-0.845,2026,10
-43.5,-35.5,1,2026-11,-0.8618,2026,10
-43.5,-34.5,1,2026-11,-0.6636,2026,10
-43.5,-33.5,1,2026-11,-0.5278,2026,10
-43.5,-32.5,1,2026-11,-0.6348,2026,10
-43.5,-31.5,1,2026-11,-0.6948,2026,10
-43.5,-30.5,1,2026-11,-0.5747,2026,10
-44.5,-89.5,1,2026-11,0.8318,2026,10
-44.5,-88.5,1,2026-11,0.8223,2026,10
-44.5,-87.5,1,2026-11,0.8132,2026,10
-44.5,-86.5,1,2026-11,0.7803,2026,10
-44.5,-85.5,1,2026-11,0.7476,2026,10
-44.5,-84.5,1,2026-11,0.7417,2026,10
-44.5,-83.5,1,2026-11,0.7966,2026,10
-44.5,-82.5,1,2026-11,0.7944,2026,10
-44.5,-81.5,1,2026-11,0.7427,2026,10
-44.5,-80.5,1,2026-11,0.8186,2026,10
-44.5,-79.5,1,2026-11,0.9038,2026,10
-44.5,-78.5,1,2026-11,0.9221,2026,10
-44.5,-77.5,1,2026-11,0.9646,2026,10
-44.5,-76.5,1,2026-11,1.1711,2026,10
-44.5,-75.5,1,2026-11,1.3672,2026,10
-44.5,-74.5,1,2026-11,1.6897,2026,10
-44.5,-73.5,1,2026-11,2.0544,2026,10
-44.5,-72.5,1,2026-11,2.2554,2026,10
-44.5,-71.5,1,2026-11,1.9658,2026,10
-44.5,-70.5,1,2026-11,1.3391,2026,10
-44.5,-69.5,1,2026-11,0.5569,2026,10
-44.5,-68.5,1,2026-11,-0.1389,2026,10
-44.5,-67.5,1,2026-11,-0.7214,2026,10
-44.5,-66.5,1,2026-11,-1.2205,2026,10
-44.5,-65.5,1,2026-11,-1.2834,2026,10
-44.5,-64.5,1,2026-11,-0.6467,2026,10
-44.5,-63.5,1,2026-11,-0.6191,2026,10
-44.5,-62.5,1,2026-11,-0.6177,2026,10
-44.5,-61.5,1,2026-11,-0.665,2026,10
-44.5,-60.5,1,2026-11,-0.635,2026,10
-44.5,-59.5,1,2026-11,-0.4353,2026,10
-44.5,-58.5,1,2026-11,-0.1958,2026,10
-44.5,-57.5,1,2026-11,-0.1465,2026,10
-44.5,-56.5,1,2026-11,-0.3604,2026,10
-44.5,-55.5,1,2026-11,-0.5474,2026,10
-44.5,-54.5,1,2026-11,-0.6406,2026,10
-44.5,-53.5,1,2026-11,-0.6873,2026,10
-44.5,-52.5,1,2026-11,-0.5752,2026,10
-44.5,-51.5,1,2026-11,-0.6985,2026,10
-44.5,-50.5,1,2026-11,-0.7783,2026,10
-44.5,-49.5,1,2026-11,-0.7434,2026,10
-44.5,-48.5,1,2026-11,-0.7048,2026,10
-44.5,-47.5,1,2026-11,-0.6758,2026,10
-44.5,-46.5,1,2026-11,-0.6416,2026,10
-44.5,-45.5,1,2026-11,-0.6018,2026,10
-44.5,-44.5,1,2026-11,-0.5671,2026,10
-44.5,-43.5,1,2026-11,-0.5447,2026,10
-44.5,-42.5,1,2026-11,-0.5291,2026,10
-44.5,-41.5,1,2026-11,-0.51,2026,10
-44.5,-40.5,1,2026-11,-0.4773,2026,10
-44.5,-39.5,1,2026-11,-0.446,2026,10
-44.5,-38.5,1,2026-11,-0.469,2026,10
-44.5,-37.5,1,2026-11,-0.5696,2026,10
-44.5,-36.5,1,2026-11,-0.6748,2026,10
-44.5,-35.5,1,2026-11,-0.6958,2026,10
-44.5,-34.5,1,2026-11,-0.6099,2026,10
-44.5,-33.5,1,2026-11,-0.6265,2026,10
-44.5,-32.5,1,2026-11,-0.7031,2026,10
-44.5,-31.5,1,2026-11,-0.6572,2026,10
-44.5,-30.5,1,2026-11,-0.6011,2026,10
-45.5,-89.5,1,2026-11,0.9028,2026,10
-45.5,-88.5,1,2026-11,0.8376,2026,10
-45.5,-87.5,1,2026-11,0.811,2026,10
-45.5,-86.5,1,2026-11,0.8135,2026,10
-45.5,-85.5,1,2026-11,0.8687,2026,10
-45.5,-84.5,1,2026-11,0.8684,2026,10
-45.5,-83.5,1,2026-11,0.8496,2026,10
-45.5,-82.5,1,2026-11,0.804,2026,10
-45.5,-81.5,1,2026-11,0.7903,2026,10
-45.5,-80.5,1,2026-11,0.8186,2026,10
-45.5,-79.5,1,2026-11,0.9106,2026,10
-45.5,-78.5,1,2026-11,0.967,2026,10
-45.5,-77.5,1,2026-11,1.0825,2026,10
-45.5,-76.5,1,2026-11,1.2607,2026,10
-45.5,-75.5,1,2026-11,1.5847,2026,10
-45.5,-74.5,1,2026-11,2.0442,2026,10
-45.5,-73.5,1,2026-11,2.3899,2026,10
-45.5,-72.5,1,2026-11,2.6396,2026,10
-45.5,-71.5,1,2026-11,2.1045,2026,10
-45.5,-70.5,1,2026-11,1.5073,2026,10
-45.5,-69.5,1,2026-11,0.897,2026,10
-45.5,-68.5,1,2026-11,0.2815,2026,10
-45.5,-67.5,1,2026-11,-0.6626,2026,10
-45.5,-66.5,1,2026-11,-0.6177,2026,10
-45.5,-65.5,1,2026-11,-0.5356,2026,10
-45.5,-64.5,1,2026-11,-0.5354,2026,10
-45.5,-63.5,1,2026-11,-0.594,2026,10
-45.5,-62.5,1,2026-11,-0.5916,2026,10
-45.5,-61.5,1,2026-11,-0.5791,2026,10
-45.5,-60.5,1,2026-11,-0.5413,2026,10
-45.5,-59.5,1,2026-11,-0.3792,2026,10
-45.5,-58.5,1,2026-11,-0.177,2026,10
-45.5,-57.5,1,2026-11,-0.1494,2026,10
-45.5,-56.5,1,2026-11,-0.2896,2026,10
-45.5,-55.5,1,2026-11,-0.5247,2026,10
-45.5,-54.5,1,2026-11,-0.7024,2026,10
-45.5,-53.5,1,2026-11,-0.6541,2026,10
-45.5,-52.5,1,2026-11,-0.5149,2026,10
-45.5,-51.5,1,2026-11,-0.5962,2026,10
-45.5,-50.5,1,2026-11,-0.6677,2026,10
-45.5,-49.5,1,2026-11,-0.6309,2026,10
-45.5,-48.5,1,2026-11,-0.6306,2026,10
-45.5,-47.5,1,2026-11,-0.6475,2026,10
-45.5,-46.5,1,2026-11,-0.6562,2026,10
-45.5,-45.5,1,2026-11,-0.6458,2026,10
-45.5,-44.5,1,2026-11,-0.6309,2026,10
-45.5,-43.5,1,2026-11,-0.6228,2026,10
-45.5,-42.5,1,2026-11,-0.6045,2026,10
-45.5,-41.5,1,2026-11,-0.6116,2026,10
-45.5,-40.5,1,2026-11,-0.6128,2026,10
-45.5,-39.5,1,2026-11,-0.5569,2026,10
-45.5,-38.5,1,2026-11,-0.4895,2026,10
-45.5,-37.5,1,2026-11,-0.521,2026,10
-45.5,-36.5,1,2026-11,-0.6272,2026,10
-45.5,-35.5,1,2026-11,-0.6702,2026,10
-45.5,-34.5,1,2026-11,-0.6267,2026,10
-45.5,-33.5,1,2026-11,-0.6243,2026,10
-45.5,-32.5,1,2026-11,-0.5759,2026,10
-45.5,-31.5,1,2026-11,-0.5361,2026,10
-45.5,-30.5,1,2026-11,-0.5256,2026,10
-46.5,-89.5,1,2026-11,0.9463,2026,10
-46.5,-88.5,1,2026-11,0.9187,2026,10
-46.5,-87.5,1,2026-11,0.8584,2026,10
-46.5,-86.5,1,2026-11,0.8379,2026,10
-46.5,-85.5,1,2026-11,0.8577,2026,10
-46.5,-84.5,1,2026-11,0.8894,2026,10
-46.5,-83.5,1,2026-11,0.8196,2026,10
-46.5,-82.5,1,2026-11,0.7883,2026,10
-46.5,-81.5,1,2026-11,0.8196,2026,10
-46.5,-80.5,1,2026-11,0.8774,2026,10
-46.5,-79.5,1,2026-11,0.9556,2026,10
-46.5,-78.5,1,2026-11,1.0798,2026,10
-46.5,-77.5,1,2026-11,1.2424,2026,10
-46.5,-76.5,1,2026-11,1.4167,2026,10
-46.5,-75.5,1,2026-11,1.7512,2026,10
-46.5,-74.5,1,2026-11,2.4436,2026,10
-46.5,-73.5,1,2026-11,2.2661,2026,10
-46.5,-72.5,1,2026-11,2.1658,2026,10
-46.5,-71.5,1,2026-11,2.2532,2026,10
-46.5,-70.5,1,2026-11,1.5986,2026,10
-46.5,-69.5,1,2026-11,1.0083,2026,10
-46.5,-68.5,1,2026-11,0.1558,2026,10
-46.5,-67.5,1,2026-11,-0.7241,2026,10
-46.5,-66.5,1,2026-11,-0.5427,2026,10
-46.5,-65.5,1,2026-11,-0.446,2026,10
-46.5,-64.5,1,2026-11,-0.4102,2026,10
-46.5,-63.5,1,2026-11,-0.4241,2026,10
-46.5,-62.5,1,2026-11,-0.4307,2026,10
-46.5,-61.5,1,2026-11,-0.4197,2026,10
-46.5,-60.5,1,2026-11,-0.4163,2026,10
-46.5,-59.5,1,2026-11,-0.3384,2026,10
-46.5,-58.5,1,2026-11,-0.157,2026,10
-46.5,-57.5,1,2026-11,-0.0874,2026,10
-46.5,-56.5,1,2026-11,-0.1472,2026,10
-46.5,-55.5,1,2026-11,-0.2664,2026,10
-46.5,-54.5,1,2026-11,-0.3296,2026,10
-46.5,-53.5,1,2026-11,-0.4138,2026,10
-46.5,-52.5,1,2026-11,-0.4846,2026,10
-46.5,-51.5,1,2026-11,-0.5437,2026,10
-46.5,-50.5,1,2026-11,-0.604,2026,10
-46.5,-49.5,1,2026-11,-0.6023,2026,10
-46.5,-48.5,1,2026-11,-0.5671,2026,10
-46.5,-47.5,1,2026-11,-0.5918,2026,10
-46.5,-46.5,1,2026-11,-0.6443,2026,10
-46.5,-45.5,1,2026-11,-0.6863,2026,10
-46.5,-44.5,1,2026-11,-0.7129,2026,10
-46.5,-43.5,1,2026-11,-0.6904,2026,10
-46.5,-42.5,1,2026-11,-0.6489,2026,10
-46.5,-41.5,1,2026-11,-0.6702,2026,10
-46.5,-40.5,1,2026-11,-0.6968,2026,10
-46.5,-39.5,1,2026-11,-0.6687,2026,10
-46.5,-38.5,1,2026-11,-0.5964,2026,10
-46.5,-37.5,1,2026-11,-0.5747,2026,10
-46.5,-36.5,1,2026-11,-0.6304,2026,10
-46.5,-35.5,1,2026-11,-0.7097,2026,10
-46.5,-34.5,1,2026-11,-0.71,2026,10
-46.5,-33.5,1,2026-11,-0.6904,2026,10
-46.5,-32.5,1,2026-11,-0.6409,2026,10
-46.5,-31.5,1,2026-11,-0.5977,2026,10
-46.5,-30.5,1,2026-11,-0.614,2026,10
-47.5,-89.5,1,2026-11,0.9731,2026,10
-47.5,-88.5,1,2026-11,0.9456,2026,10
-47.5,-87.5,1,2026-11,0.9133,2026,10
-47.5,-86.5,1,2026-11,0.8684,2026,10
-47.5,-85.5,1,2026-11,0.8079,2026,10
-47.5,-84.5,1,2026-11,0.8359,2026,10
-47.5,-83.5,1,2026-11,0.8428,2026,10
-47.5,-82.5,1,2026-11,0.8513,2026,10
-47.5,-81.5,1,2026-11,0.9033,2026,10
-47.5,-80.5,1,2026-11,1.0037,2026,10
-47.5,-79.5,1,2026-11,1.0642,2026,10
-47.5,-78.5,1,2026-11,1.1465,2026,10
-47.5,-77.5,1,2026-11,1.3201,2026,10
-47.5,-76.5,1,2026-11,1.4524,2026,10
-47.5,-75.5,1,2026-11,1.677,2026,10
-47.5,-74.5,1,2026-11,2.3804,2026,10
-47.5,-73.5,1,2026-11,2.5039,2026,10
-47.5,-72.5,1,2026-11,2.4158,2026,10
-47.5,-71.5,1,2026-11,2.4348,2026,10
-47.5,-70.5,1,2026-11,1.7117,2026,10
-47.5,-69.5,1,2026-11,1.1875,2026,10
-47.5,-68.5,1,2026-11,0.124,2026,10
-47.5,-67.5,1,2026-11,-0.5935,2026,10
-47.5,-66.5,1,2026-11,-1.1643,2026,10
-47.5,-65.5,1,2026-11,-0.8733,2026,10
-47.5,-64.5,1,2026-11,-0.3992,2026,10
-47.5,-63.5,1,2026-11,-0.3069,2026,10
-47.5,-62.5,1,2026-11,-0.302,2026,10
-47.5,-61.5,1,2026-11,-0.2791,2026,10
-47.5,-60.5,1,2026-11,-0.3264,2026,10
-47.5,-59.5,1,2026-11,-0.2732,2026,10
-47.5,-58.5,1,2026-11,-0.1516,2026,10
-47.5,-57.5,1,2026-11,-0.0642,2026,10
-47.5,-56.5,1,2026-11,-0.0623,2026,10
-47.5,-55.5,1,2026-11,-0.093,2026,10
-47.5,-54.5,1,2026-11,-0.1467,2026,10
-47.5,-53.5,1,2026-11,-0.2319,2026,10
-47.5,-52.5,1,2026-11,-0.3467,2026,10
-47.5,-51.5,1,2026-11,-0.4841,2026,10
-47.5,-50.5,1,2026-11,-0.5989,2026,10
-47.5,-49.5,1,2026-11,-0.6528,2026,10
-47.5,-48.5,1,2026-11,-0.6038,2026,10
-47.5,-47.5,1,2026-11,-0.5486,2026,10
-47.5,-46.5,1,2026-11,-0.5757,2026,10
-47.5,-45.5,1,2026-11,-0.6367,2026,10
-47.5,-44.5,1,2026-11,-0.7156,2026,10
-47.5,-43.5,1,2026-11,-0.7544,2026,10
-47.5,-42.5,1,2026-11,-0.7834,2026,10
-47.5,-41.5,1,2026-11,-0.8171,2026,10
-47.5,-40.5,1,2026-11,-0.8501,2026,10
-47.5,-39.5,1,2026-11,-0.8474,2026,10
-47.5,-38.5,1,2026-11,-0.8472,2026,10
-47.5,-37.5,1,2026-11,-0.8389,2026,10
-47.5,-36.5,1,2026-11,-0.7988,2026,10
-47.5,-35.5,1,2026-11,-0.783,2026,10
-47.5,-34.5,1,2026-11,-0.7874,2026,10
-47.5,-33.5,1,2026-11,-0.7803,2026,10
-47.5,-32.5,1,2026-11,-0.7839,2026,10
-47.5,-31.5,1,2026-11,-0.7412,2026,10
-47.5,-30.5,1,2026-11,-0.6375,2026,10
-48.5,-89.5,1,2026-11,0.9626,2026,10
-48.5,-88.5,1,2026-11,0.9541,2026,10
-48.5,-87.5,1,2026-11,0.9104,2026,10
-48.5,-86.5,1,2026-11,0.9043,2026,10
-48.5,-85.5,1,2026-11,0.8821,2026,10
-48.5,-84.5,1,2026-11,0.8513,2026,10
-48.5,-83.5,1,2026-11,0.8381,2026,10
-48.5,-82.5,1,2026-11,0.8564,2026,10
-48.5,-81.5,1,2026-11,0.8865,2026,10
-48.5,-80.5,1,2026-11,0.9592,2026,10
-48.5,-79.5,1,2026-11,1.1025,2026,10
-48.5,-78.5,1,2026-11,1.1919,2026,10
-48.5,-77.5,1,2026-11,1.3311,2026,10
-48.5,-76.5,1,2026-11,1.4531,2026,10
-48.5,-75.5,1,2026-11,2.1428,2026,10
-48.5,-74.5,1,2026-11,2.7378,2026,10
-48.5,-73.5,1,2026-11,2.3696,2026,10
-48.5,-72.5,1,2026-11,2.2366,2026,10
-48.5,-71.5,1,2026-11,2.2493,2026,10
-48.5,-70.5,1,2026-11,1.7092,2026,10
-48.5,-69.5,1,2026-11,1.2358,2026,10
-48.5,-68.5,1,2026-11,0.3528,2026,10
-48.5,-67.5,1,2026-11,-0.4412,2026,10
-48.5,-66.5,1,2026-11,-0.731,2026,10
-48.5,-65.5,1,2026-11,-0.4771,2026,10
-48.5,-64.5,1,2026-11,-0.2686,2026,10
-48.5,-63.5,1,2026-11,-0.1838,2026,10
-48.5,-62.5,1,2026-11,-0.1638,2026,10
-48.5,-61.5,1,2026-11,-0.1594,2026,10
-48.5,-60.5,1,2026-11,-0.228,2026,10
-48.5,-59.5,1,2026-11,-0.2131,2026,10
-48.5,-58.5,1,2026-11,-0.1301,2026,10
-48.5,-57.5,1,2026-11,-0.072,2026,10
-48.5,-56.5,1,2026-11,-0.0454,2026,10
-48.5,-55.5,1,2026-11,-0.0571,2026,10
-48.5,-54.5,1,2026-11,-0.1108,2026,10
-48.5,-53.5,1,2026-11,-0.179,2026,10
-48.5,-52.5,1,2026-11,-0.2358,2026,10
-48.5,-51.5,1,2026-11,-0.3118,2026,10
-48.5,-50.5,1,2026-11,-0.3904,2026,10
-48.5,-49.5,1,2026-11,-0.4294,2026,10
-48.5,-48.5,1,2026-11,-0.3845,2026,10
-48.5,-47.5,1,2026-11,-0.4092,2026,10
-48.5,-46.5,1,2026-11,-0.5608,2026,10
-48.5,-45.5,1,2026-11,-0.6899,2026,10
-48.5,-44.5,1,2026-11,-0.7754,2026,10
-48.5,-43.5,1,2026-11,-0.8738,2026,10
-48.5,-42.5,1,2026-11,-1.0173,2026,10
-48.5,-41.5,1,2026-11,-1.1272,2026,10
-48.5,-40.5,1,2026-11,-1.0823,2026,10
-48.5,-39.5,1,2026-11,-1.0183,2026,10
-48.5,-38.5,1,2026-11,-1.0601,2026,10
-48.5,-37.5,1,2026-11,-1.0889,2026,10
-48.5,-36.5,1,2026-11,-1.0437,2026,10
-48.5,-35.5,1,2026-11,-0.9448,2026,10
-48.5,-34.5,1,2026-11,-0.8567,2026,10
-48.5,-33.5,1,2026-11,-0.7781,2026,10
-48.5,-32.5,1,2026-11,-0.7776,2026,10
-48.5,-31.5,1,2026-11,-0.7297,2026,10
-48.5,-30.5,1,2026-11,-0.6958,2026,10
-49.5,-89.5,1,2026-11,1.0049,2026,10
-49.5,-88.5,1,2026-11,0.9846,2026,10
-49.5,-87.5,1,2026-11,0.9521,2026,10
-49.5,-86.5,1,2026-11,0.9458,2026,10
-49.5,-85.5,1,2026-11,0.9338,2026,10
-49.5,-84.5,1,2026-11,0.8962,2026,10
-49.5,-83.5,1,2026-11,0.8679,2026,10
-49.5,-82.5,1,2026-11,0.8455,2026,10
-49.5,-81.5,1,2026-11,0.9033,2026,10
-49.5,-80.5,1,2026-11,0.9905,2026,10
-49.5,-79.5,1,2026-11,1.1567,2026,10
-49.5,-78.5,1,2026-11,1.2969,2026,10
-49.5,-77.5,1,2026-11,1.4019,2026,10
-49.5,-76.5,1,2026-11,1.5591,2026,10
-49.5,-75.5,1,2026-11,2.1699,2026,10
-49.5,-74.5,1,2026-11,3.1436,2026,10
-49.5,-73.5,1,2026-11,2.0938,2026,10
-49.5,-72.5,1,2026-11,1.7825,2026,10
-49.5,-71.5,1,2026-11,2.0977,2026,10
-49.5,-70.5,1,2026-11,1.634,2026,10
-49.5,-69.5,1,2026-11,1.1404,2026,10
-49.5,-68.5,1,2026-11,0.3535,2026,10
-49.5,-67.5,1,2026-11,-0.3245,2026,10
-49.5,-66.5,1,2026-11,-0.2732,2026,10
-49.5,-65.5,1,2026-11,-0.1328,2026,10
-49.5,-64.5,1,2026-11,-0.0378,2026,10
-49.5,-63.5,1,2026-11,-0.0032,2026,10
-49.5,-62.5,1,2026-11,0.0037,2026,10
-49.5,-61.5,1,2026-11,-0.019,2026,10
-49.5,-60.5,1,2026-11,-0.1016,2026,10
-49.5,-59.5,1,2026-11,-0.1189,2026,10
-49.5,-58.5,1,2026-11,-0.0916,2026,10
-49.5,-57.5,1,2026-11,-0.0542,2026,10
-49.5,-56.5,1,2026-11,-0.0281,2026,10
-49.5,-55.5,1,2026-11,-0.0261,2026,10
-49.5,-54.5,1,2026-11,-0.0239,2026,10
-49.5,-53.5,1,2026-11,-0.0874,2026,10
-49.5,-52.5,1,2026-11,-0.2031,2026,10
-49.5,-51.5,1,2026-11,-0.2744,2026,10
-49.5,-50.5,1,2026-11,-0.2712,2026,10
-49.5,-49.5,1,2026-11,-0.2561,2026,10
-49.5,-48.5,1,2026-11,-0.2815,2026,10
-49.5,-47.5,1,2026-11,-0.4172,2026,10
-49.5,-46.5,1,2026-11,-0.562,2026,10
-49.5,-45.5,1,2026-11,-0.6091,2026,10
-49.5,-44.5,1,2026-11,-0.6958,2026,10
-49.5,-43.5,1,2026-11,-0.811,2026,10
-49.5,-42.5,1,2026-11,-0.9226,2026,10
-49.5,-41.5,1,2026-11,-0.9854,2026,10
-49.5,-40.5,1,2026-11,-0.9919,2026,10
-49.5,-39.5,1,2026-11,-1.0227,2026,10
-49.5,-38.5,1,2026-11,-1.0459,2026,10
-49.5,-37.5,1,2026-11,-1.04,2026,10
-49.5,-36.5,1,2026-11,-1.01,2026,10
-49.5,-35.5,1,2026-11,-0.8723,2026,10
-49.5,-34.5,1,2026-11,-0.7498,2026,10
-49.5,-33.5,1,2026-11,-0.7244,2026,10
-49.5,-32.5,1,2026-11,-0.8247,2026,10
-49.5,-31.5,1,2026-11,-0.8772,2026,10
-49.5,-30.5,1,2026-11,-0.9109,2026,10
-50.5,-89.5,1,2026-11,1.0908,2026,10
-50.5,-88.5,1,2026-11,1.0642,2026,10
-50.5,-87.5,1,2026-11,1.0232,2026,10
-50.5,-86.5,1,2026-11,0.9888,2026,10
-50.5,-85.5,1,2026-11,0.97,2026,10
-50.5,-84.5,1,2026-11,0.9524,2026,10
-50.5,-83.5,1,2026-11,0.9688,2026,10
-50.5,-82.5,1,2026-11,0.9834,2026,10
-50.5,-81.5,1,2026-11,1.0547,2026,10
-50.5,-80.5,1,2026-11,1.1233,2026,10
-50.5,-79.5,1,2026-11,1.2336,2026,10
-50.5,-78.5,1,2026-11,1.3569,2026,10
-50.5,-77.5,1,2026-11,1.4514,2026,10
-50.5,-76.5,1,2026-11,1.5935,2026,10
-50.5,-75.5,1,2026-11,1.8687,2026,10
-50.5,-74.5,1,2026-11,2.8242,2026,10
-50.5,-73.5,1,2026-11,2.8682,2026,10
-50.5,-72.5,1,2026-11,2.6536,2026,10
-50.5,-71.5,1,2026-11,2.2776,2026,10
-50.5,-70.5,1,2026-11,1.6035,2026,10
-50.5,-69.5,1,2026-11,0.9106,2026,10
-50.5,-68.5,1,2026-11,0.1345,2026,10
-50.5,-67.5,1,2026-11,-0.0076,2026,10
-50.5,-66.5,1,2026-11,0.0432,2026,10
-50.5,-65.5,1,2026-11,0.1011,2026,10
-50.5,-64.5,1,2026-11,0.1384,2026,10
-50.5,-63.5,1,2026-11,0.1213,2026,10
-50.5,-62.5,1,2026-11,0.0984,2026,10
-50.5,-61.5,1,2026-11,0.075,2026,10
-50.5,-60.5,1,2026-11,0.0171,2026,10
-50.5,-59.5,1,2026-11,-0.0354,2026,10
-50.5,-58.5,1,2026-11,-0.0225,2026,10
-50.5,-57.5,1,2026-11,-0.002,2026,10
-50.5,-56.5,1,2026-11,-0.0017,2026,10
-50.5,-55.5,1,2026-11,-0.0083,2026,10
-50.5,-54.5,1,2026-11,0.0022,2026,10
-50.5,-53.5,1,2026-11,-0.0198,2026,10
-50.5,-52.5,1,2026-11,-0.072,2026,10
-50.5,-51.5,1,2026-11,-0.1108,2026,10
-50.5,-50.5,1,2026-11,-0.1562,2026,10
-50.5,-49.5,1,2026-11,-0.1836,2026,10
-50.5,-48.5,1,2026-11,-0.2065,2026,10
-50.5,-47.5,1,2026-11,-0.2549,2026,10
-50.5,-46.5,1,2026-11,-0.313,2026,10
-50.5,-45.5,1,2026-11,-0.356,2026,10
-50.5,-44.5,1,2026-11,-0.4321,2026,10
-50.5,-43.5,1,2026-11,-0.5056,2026,10
-50.5,-42.5,1,2026-11,-0.5569,2026,10
-50.5,-41.5,1,2026-11,-0.594,2026,10
-50.5,-40.5,1,2026-11,-0.7317,2026,10
-50.5,-39.5,1,2026-11,-0.7957,2026,10
-50.5,-38.5,1,2026-11,-0.8198,2026,10
-50.5,-37.5,1,2026-11,-0.8821,2026,10
-50.5,-36.5,1,2026-11,-0.8926,2026,10
-50.5,-35.5,1,2026-11,-0.8662,2026,10
-50.5,-34.5,1,2026-11,-0.8203,2026,10
-50.5,-33.5,1,2026-11,-0.8076,2026,10
-50.5,-32.5,1,2026-11,-0.9424,2026,10
-50.5,-31.5,1,2026-11,-1.0686,2026,10
-50.5,-30.5,1,2026-11,-1.1208,2026,10
-51.5,-89.5,1,2026-11,1.1438,2026,10
-51.5,-88.5,1,2026-11,1.0991,2026,10
-51.5,-87.5,1,2026-11,1.0679,2026,10
-51.5,-86.5,1,2026-11,1.0586,2026,10
-51.5,-85.5,1,2026-11,1.0537,2026,10
-51.5,-84.5,1,2026-11,1.0471,2026,10
-51.5,-83.5,1,2026-11,1.051,2026,10
-51.5,-82.5,1,2026-11,1.0835,2026,10
-51.5,-81.5,1,2026-11,1.1653,2026,10
-51.5,-80.5,1,2026-11,1.2239,2026,10
-51.5,-79.5,1,2026-11,1.3203,2026,10
-51.5,-78.5,1,2026-11,1.3745,2026,10
-51.5,-77.5,1,2026-11,1.4106,2026,10
-51.5,-76.5,1,2026-11,1.575,2026,10
-51.5,-75.5,1,2026-11,1.7698,2026,10
-51.5,-74.5,1,2026-11,2.333,2026,10
-51.5,-73.5,1,2026-11,2.7266,2026,10
-51.5,-72.5,1,2026-11,2.7385,2026,10
-51.5,-71.5,1,2026-11,2.4287,2026,10
-51.5,-70.5,1,2026-11,1.8684,2026,10
-51.5,-69.5,1,2026-11,1.1616,2026,10
-51.5,-68.5,1,2026-11,0.3811,2026,10
-51.5,-67.5,1,2026-11,0.2649,2026,10
-51.5,-66.5,1,2026-11,0.2908,2026,10
-51.5,-65.5,1,2026-11,0.2393,2026,10
-51.5,-64.5,1,2026-11,0.1619,2026,10
-51.5,-63.5,1,2026-11,0.1541,2026,10
-51.5,-62.5,1,2026-11,0.1262,2026,10
-51.5,-61.5,1,2026-11,0.1501,2026,10
-51.5,-60.5,1,2026-11,0.1016,2026,10
-51.5,-59.5,1,2026-11,0.0005,2026,10
-51.5,-58.5,1,2026-11,-0.0627,2026,10
-51.5,-57.5,1,2026-11,-0.0378,2026,10
-51.5,-56.5,1,2026-11,0.0173,2026,10
-51.5,-55.5,1,2026-11,0.0291,2026,10
-51.5,-54.5,1,2026-11,0.0317,2026,10
-51.5,-53.5,1,2026-11,0.0061,2026,10
-51.5,-52.5,1,2026-11,-0.0464,2026,10
-51.5,-51.5,1,2026-11,-0.0918,2026,10
-51.5,-50.5,1,2026-11,-0.1204,2026,10
-51.5,-49.5,1,2026-11,-0.1248,2026,10
-51.5,-48.5,1,2026-11,-0.1465,2026,10
-51.5,-47.5,1,2026-11,-0.2065,2026,10
-51.5,-46.5,1,2026-11,-0.2603,2026,10
-51.5,-45.5,1,2026-11,-0.283,2026,10
-51.5,-44.5,1,2026-11,-0.3237,2026,10
-51.5,-43.5,1,2026-11,-0.3904,2026,10
-51.5,-42.5,1,2026-11,-0.4568,2026,10
-51.5,-41.5,1,2026-11,-0.564,2026,10
-51.5,-40.5,1,2026-11,-0.6665,2026,10
-51.5,-39.5,1,2026-11,-0.6272,2026,10
-51.5,-38.5,1,2026-11,-0.6592,2026,10
-51.5,-37.5,1,2026-11,-0.8125,2026,10
-51.5,-36.5,1,2026-11,-0.8125,2026,10
-51.5,-35.5,1,2026-11,-0.7344,2026,10
-51.5,-34.5,1,2026-11,-0.8115,2026,10
-51.5,-33.5,1,2026-11,-0.9773,2026,10
-51.5,-32.5,1,2026-11,-1.1433,2026,10
-51.5,-31.5,1,2026-11,-1.1406,2026,10
-51.5,-30.5,1,2026-11,-1.0427,2026,10
-52.5,-89.5,1,2026-11,1.2148,2026,10
-52.5,-88.5,1,2026-11,1.1807,2026,10
-52.5,-87.5,1,2026-11,1.1455,2026,10
-52.5,-86.5,1,2026-11,1.1345,2026,10
-52.5,-85.5,1,2026-11,1.1162,2026,10
-52.5,-84.5,1,2026-11,1.1072,2026,10
-52.5,-83.5,1,2026-11,1.1199,2026,10
-52.5,-82.5,1,2026-11,1.1431,2026,10
-52.5,-81.5,1,2026-11,1.1807,2026,10
-52.5,-80.5,1,2026-11,1.2356,2026,10
-52.5,-79.5,1,2026-11,1.3274,2026,10
-52.5,-78.5,1,2026-11,1.3374,2026,10
-52.5,-77.5,1,2026-11,1.4009,2026,10
-52.5,-76.5,1,2026-11,1.5537,2026,10
-52.5,-75.5,1,2026-11,1.6638,2026,10
-52.5,-74.5,1,2026-11,1.7966,2026,10
-52.5,-73.5,1,2026-11,2.4595,2026,10
-52.5,-72.5,1,2026-11,2.6304,2026,10
-52.5,-71.5,1,2026-11,2.1753,2026,10
-52.5,-70.5,1,2026-11,1.7051,2026,10
-52.5,-69.5,1,2026-11,1.3369,2026,10
-52.5,-68.5,1,2026-11,0.6411,2026,10
-52.5,-67.5,1,2026-11,0.4036,2026,10
-52.5,-66.5,1,2026-11,0.4524,2026,10
-52.5,-65.5,1,2026-11,0.3013,2026,10
-52.5,-64.5,1,2026-11,0.2371,2026,10
-52.5,-63.5,1,2026-11,0.2173,2026,10
-52.5,-62.5,1,2026-11,0.2026,2026,10
-52.5,-61.5,1,2026-11,0.1838,2026,10
-52.5,-60.5,1,2026-11,0.186,2026,10
-52.5,-59.5,1,2026-11,0.1426,2026,10
-52.5,-58.5,1,2026-11,0.1018,2026,10
-52.5,-57.5,1,2026-11,0.0847,2026,10
-52.5,-56.5,1,2026-11,0.0835,2026,10
-52.5,-55.5,1,2026-11,0.0635,2026,10
-52.5,-54.5,1,2026-11,0.0393,2026,10
-52.5,-53.5,1,2026-11,-0.0088,2026,10
-52.5,-52.5,1,2026-11,-0.0312,2026,10
-52.5,-51.5,1,2026-11,-0.0513,2026,10
-52.5,-50.5,1,2026-11,-0.0652,2026,10
-52.5,-49.5,1,2026-11,-0.0703,2026,10
-52.5,-48.5,1,2026-11,-0.1035,2026,10
-52.5,-47.5,1,2026-11,-0.2144,2026,10
-52.5,-46.5,1,2026-11,-0.2778,2026,10
-52.5,-45.5,1,2026-11,-0.3235,2026,10
-52.5,-44.5,1,2026-11,-0.3748,2026,10
-52.5,-43.5,1,2026-11,-0.4302,2026,10
-52.5,-42.5,1,2026-11,-0.502,2026,10
-52.5,-41.5,1,2026-11,-0.5923,2026,10
-52.5,-40.5,1,2026-11,-0.6143,2026,10
-52.5,-39.5,1,2026-11,-0.6204,2026,10
-52.5,-38.5,1,2026-11,-0.6875,2026,10
-52.5,-37.5,1,2026-11,-0.7788,2026,10
-52.5,-36.5,1,2026-11,-0.762,2026,10
-52.5,-35.5,1,2026-11,-0.7427,2026,10
-52.5,-34.5,1,2026-11,-0.7681,2026,10
-52.5,-33.5,1,2026-11,-0.8372,2026,10
-52.5,-32.5,1,2026-11,-1.009,2026,10
-52.5,-31.5,1,2026-11,-1.1204,2026,10
-52.5,-30.5,1,2026-11,-1.0762,2026,10
-53.5,-89.5,1,2026-11,1.3032,2026,10
-53.5,-88.5,1,2026-11,1.2798,2026,10
-53.5,-87.5,1,2026-11,1.2588,2026,10
-53.5,-86.5,1,2026-11,1.24,2026,10
-53.5,-85.5,1,2026-11,1.2231,2026,10
-53.5,-84.5,1,2026-11,1.2014,2026,10
-53.5,-83.5,1,2026-11,1.2029,2026,10
-53.5,-82.5,1,2026-11,1.2288,2026,10
-53.5,-81.5,1,2026-11,1.2683,2026,10
-53.5,-80.5,1,2026-11,1.2908,2026,10
-53.5,-79.5,1,2026-11,1.342,2026,10
-53.5,-78.5,1,2026-11,1.3726,2026,10
-53.5,-77.5,1,2026-11,1.4189,2026,10
-53.5,-76.5,1,2026-11,1.4912,2026,10
-53.5,-75.5,1,2026-11,1.6108,2026,10
-53.5,-74.5,1,2026-11,1.6382,2026,10
-53.5,-73.5,1,2026-11,1.8555,2026,10
-53.5,-72.5,1,2026-11,2.3145,2026,10
-53.5,-71.5,1,2026-11,1.9458,2026,10
-53.5,-70.5,1,2026-11,1.4214,2026,10
-53.5,-69.5,1,2026-11,1.4827,2026,10
-53.5,-68.5,1,2026-11,1.0847,2026,10
-53.5,-67.5,1,2026-11,0.6021,2026,10
-53.5,-66.5,1,2026-11,0.4636,2026,10
-53.5,-65.5,1,2026-11,0.3596,2026,10
-53.5,-64.5,1,2026-11,0.3062,2026,10
-53.5,-63.5,1,2026-11,0.3083,2026,10
-53.5,-62.5,1,2026-11,0.2742,2026,10
-53.5,-61.5,1,2026-11,0.2295,2026,10
-53.5,-60.5,1,2026-11,0.2253,2026,10
-53.5,-59.5,1,2026-11,0.2175,2026,10
-53.5,-58.5,1,2026-11,0.1899,2026,10
-53.5,-57.5,1,2026-11,0.1589,2026,10
-53.5,-56.5,1,2026-11,0.1384,2026,10
-53.5,-55.5,1,2026-11,0.1018,2026,10
-53.5,-54.5,1,2026-11,0.031,2026,10
-53.5,-53.5,1,2026-11,-0.0088,2026,10
-53.5,-52.5,1,2026-11,-0.0208,2026,10
-53.5,-51.5,1,2026-11,-0.0347,2026,10
-53.5,-50.5,1,2026-11,-0.0369,2026,10
-53.5,-49.5,1,2026-11,-0.0234,2026,10
-53.5,-48.5,1,2026-11,-0.0046,2026,10
-53.5,-47.5,1,2026-11,-0.136,2026,10
-53.5,-46.5,1,2026-11,-0.2197,2026,10
-53.5,-45.5,1,2026-11,-0.2021,2026,10
-53.5,-44.5,1,2026-11,-0.2573,2026,10
-53.5,-43.5,1,2026-11,-0.3308,2026,10
-53.5,-42.5,1,2026-11,-0.4058,2026,10
-53.5,-41.5,1,2026-11,-0.4617,2026,10
-53.5,-40.5,1,2026-11,-0.5264,2026,10
-53.5,-39.5,1,2026-11,-0.6169,2026,10
-53.5,-38.5,1,2026-11,-0.6729,2026,10
-53.5,-37.5,1,2026-11,-0.7354,2026,10
-53.5,-36.5,1,2026-11,-0.6794,2026,10
-53.5,-35.5,1,2026-11,-0.6831,2026,10
-53.5,-34.5,1,2026-11,-0.7512,2026,10
-53.5,-33.5,1,2026-11,-0.8198,2026,10
-53.5,-32.5,1,2026-11,-0.9712,2026,10
-53.5,-31.5,1,2026-11,-1.0691,2026,10
-53.5,-30.5,1,2026-11,-1.0068,2026,10
-54.5,-89.5,1,2026-11,1.4114,2026,10
-54.5,-88.5,1,2026-11,1.3848,2026,10
-54.5,-87.5,1,2026-11,1.363,2026,10
-54.5,-86.5,1,2026-11,1.3555,2026,10
-54.5,-85.5,1,2026-11,1.3457,2026,10
-54.5,-84.5,1,2026-11,1.333,2026,10
-54.5,-83.5,1,2026-11,1.3042,2026,10
-54.5,-82.5,1,2026-11,1.2947,2026,10
-54.5,-81.5,1,2026-11,1.3005,2026,10
-54.5,-80.5,1,2026-11,1.3113,2026,10
-54.5,-79.5,1,2026-11,1.3333,2026,10
-54.5,-78.5,1,2026-11,1.3315,2026,10
-54.5,-77.5,1,2026-11,1.3579,2026,10
-54.5,-76.5,1,2026-11,1.4683,2026,10
-54.5,-75.5,1,2026-11,1.5371,2026,10
-54.5,-74.5,1,2026-11,1.6155,2026,10
-54.5,-73.5,1,2026-11,1.564,2026,10
-54.5,-72.5,1,2026-11,1.6365,2026,10
-54.5,-71.5,1,2026-11,1.8074,2026,10
-54.5,-70.5,1,2026-11,2.2273,2026,10
-54.5,-69.5,1,2026-11,2.3484,2026,10
-54.5,-68.5,1,2026-11,1.8481,2026,10
-54.5,-67.5,1,2026-11,1.3333,2026,10
-54.5,-66.5,1,2026-11,0.8748,2026,10
-54.5,-65.5,1,2026-11,0.5613,2026,10
-54.5,-64.5,1,2026-11,0.4475,2026,10
-54.5,-63.5,1,2026-11,0.4443,2026,10
-54.5,-62.5,1,2026-11,0.3838,2026,10
-54.5,-61.5,1,2026-11,0.2993,2026,10
-54.5,-60.5,1,2026-11,0.2397,2026,10
-54.5,-59.5,1,2026-11,0.207,2026,10
-54.5,-58.5,1,2026-11,0.1702,2026,10
-54.5,-57.5,1,2026-11,0.1489,2026,10
-54.5,-56.5,1,2026-11,0.1416,2026,10
-54.5,-55.5,1,2026-11,0.1228,2026,10
-54.5,-54.5,1,2026-11,0.0667,2026,10
-54.5,-53.5,1,2026-11,0.0366,2026,10
-54.5,-52.5,1,2026-11,0.0295,2026,10
-54.5,-51.5,1,2026-11,0.0715,2026,10
-54.5,-50.5,1,2026-11,0.1011,2026,10
-54.5,-49.5,1,2026-11,0.0757,2026,10
-54.5,-48.5,1,2026-11,0.0188,2026,10
-54.5,-47.5,1,2026-11,-0.0627,2026,10
-54.5,-46.5,1,2026-11,-0.1089,2026,10
-54.5,-45.5,1,2026-11,-0.1028,2026,10
-54.5,-44.5,1,2026-11,-0.188,2026,10
-54.5,-43.5,1,2026-11,-0.2703,2026,10
-54.5,-42.5,1,2026-11,-0.3237,2026,10
-54.5,-41.5,1,2026-11,-0.363,2026,10
-54.5,-40.5,1,2026-11,-0.425,2026,10
-54.5,-39.5,1,2026-11,-0.4905,2026,10
-54.5,-38.5,1,2026-11,-0.5808,2026,10
-54.5,-37.5,1,2026-11,-0.791,2026,10
-54.5,-36.5,1,2026-11,-0.8945,2026,10
-54.5,-35.5,1,2026-11,-0.8228,2026,10
-54.5,-34.5,1,2026-11,-0.7842,2026,10
-54.5,-33.5,1,2026-11,-0.9202,2026,10
-54.5,-32.5,1,2026-11,-1.0293,2026,10
-54.5,-31.5,1,2026-11,-1.1187,2026,10
-54.5,-30.5,1,2026-11,-1.0996,2026,10
-55.5,-89.5,1,2026-11,1.5344,2026,10
-55.5,-88.5,1,2026-11,1.5332,2026,10
-55.5,-87.5,1,2026-11,1.4902,2026,10
-55.5,-86.5,1,2026-11,1.4509,2026,10
-55.5,-85.5,1,2026-11,1.4563,2026,10
-55.5,-84.5,1,2026-11,1.4509,2026,10
-55.5,-83.5,1,2026-11,1.3931,2026,10
-55.5,-82.5,1,2026-11,1.3611,2026,10
-55.5,-81.5,1,2026-11,1.3625,2026,10
-55.5,-80.5,1,2026-11,1.3564,2026,10
-55.5,-79.5,1,2026-11,1.3347,2026,10
-55.5,-78.5,1,2026-11,1.3042,2026,10
-55.5,-77.5,1,2026-11,1.293,2026,10
-55.5,-76.5,1,2026-11,1.3784,2026,10
-55.5,-75.5,1,2026-11,1.4495,2026,10
-55.5,-74.5,1,2026-11,1.4651,2026,10
-55.5,-73.5,1,2026-11,1.4895,2026,10
-55.5,-72.5,1,2026-11,1.4917,2026,10
-55.5,-71.5,1,2026-11,1.4741,2026,10
-55.5,-70.5,1,2026-11,1.5642,2026,10
-55.5,-69.5,1,2026-11,1.7156,2026,10
-55.5,-68.5,1,2026-11,1.5081,2026,10
-55.5,-67.5,1,2026-11,1.179,2026,10
-55.5,-66.5,1,2026-11,0.9126,2026,10
-55.5,-65.5,1,2026-11,0.5879,2026,10
-55.5,-64.5,1,2026-11,0.3879,2026,10
-55.5,-63.5,1,2026-11,0.3875,2026,10
-55.5,-62.5,1,2026-11,0.3738,2026,10
-55.5,-61.5,1,2026-11,0.3528,2026,10
-55.5,-60.5,1,2026-11,0.3115,2026,10
-55.5,-59.5,1,2026-11,0.2634,2026,10
-55.5,-58.5,1,2026-11,0.2026,2026,10
-55.5,-57.5,1,2026-11,0.1399,2026,10
-55.5,-56.5,1,2026-11,0.0708,2026,10
-55.5,-55.5,1,2026-11,0.0127,2026,10
-55.5,-54.5,1,2026-11,0.0256,2026,10
-55.5,-53.5,1,2026-11,0.0823,2026,10
-55.5,-52.5,1,2026-11,0.1882,2026,10
-55.5,-51.5,1,2026-11,0.3013,2026,10
-55.5,-50.5,1,2026-11,0.2576,2026,10
-55.5,-49.5,1,2026-11,0.2024,2026,10
-55.5,-48.5,1,2026-11,0.1729,2026,10
-55.5,-47.5,1,2026-11,0.1313,2026,10
-55.5,-46.5,1,2026-11,0.052,2026,10
-55.5,-45.5,1,2026-11,-0.0732,2026,10
-55.5,-44.5,1,2026-11,-0.1868,2026,10
-55.5,-43.5,1,2026-11,-0.2278,2026,10
-55.5,-42.5,1,2026-11,-0.2417,2026,10
-55.5,-41.5,1,2026-11,-0.2913,2026,10
-55.5,-40.5,1,2026-11,-0.4512,2026,10
-55.5,-39.5,1,2026-11,-0.5859,2026,10
-55.5,-38.5,1,2026-11,-0.6843,2026,10
-55.5,-37.5,1,2026-11,-0.7493,2026,10
-55.5,-36.5,1,2026-11,-0.8245,2026,10
-55.5,-35.5,1,2026-11,-0.8701,2026,10
-55.5,-34.5,1,2026-11,-0.9136,2026,10
-55.5,-33.5,1,2026-11,-1.0439,2026,10
-55.5,-32.5,1,2026-11,-1.1511,2026,10
-55.5,-31.5,1,2026-11,-1.2368,2026,10
-55.5,-30.5,1,2026-11,-1.2793,2026,10
-56.5,-89.5,1,2026-11,1.6013,2026,10
-56.5,-88.5,1,2026-11,1.6416,2026,10
-56.5,-87.5,1,2026-11,1.6526,2026,10
-56.5,-86.5,1,2026-11,1.6064,2026,10
-56.5,-85.5,1,2026-11,1.5559,2026,10
-56.5,-84.5,1,2026-11,1.5225,2026,10
-56.5,-83.5,1,2026-11,1.4807,2026,10
-56.5,-82.5,1,2026-11,1.4553,2026,10
-56.5,-81.5,1,2026-11,1.467,2026,10
-56.5,-80.5,1,2026-11,1.4563,2026,10
-56.5,-79.5,1,2026-11,1.4019,2026,10
-56.5,-78.5,1,2026-11,1.3413,2026,10
-56.5,-77.5,1,2026-11,1.3125,2026,10
-56.5,-76.5,1,2026-11,1.3154,2026,10
-56.5,-75.5,1,2026-11,1.3296,2026,10
-56.5,-74.5,1,2026-11,1.3066,2026,10
-56.5,-73.5,1,2026-11,1.2991,2026,10
-56.5,-72.5,1,2026-11,1.2942,2026,10
-56.5,-71.5,1,2026-11,1.3406,2026,10
-56.5,-70.5,1,2026-11,1.3708,2026,10
-56.5,-69.5,1,2026-11,1.3005,2026,10
-56.5,-68.5,1,2026-11,1.1421,2026,10
-56.5,-67.5,1,2026-11,0.9487,2026,10
-56.5,-66.5,1,2026-11,0.595,2026,10
-56.5,-65.5,1,2026-11,0.2827,2026,10
-56.5,-64.5,1,2026-11,0.3752,2026,10
-56.5,-63.5,1,2026-11,0.4299,2026,10
-56.5,-62.5,1,2026-11,0.374,2026,10
-56.5,-61.5,1,2026-11,0.3213,2026,10
-56.5,-60.5,1,2026-11,0.2673,2026,10
-56.5,-59.5,1,2026-11,0.1936,2026,10
-56.5,-58.5,1,2026-11,0.0857,2026,10
-56.5,-57.5,1,2026-11,-0.0012,2026,10
-56.5,-56.5,1,2026-11,0.0042,2026,10
-56.5,-55.5,1,2026-11,0.0647,2026,10
-56.5,-54.5,1,2026-11,0.1213,2026,10
-56.5,-53.5,1,2026-11,0.1797,2026,10
-56.5,-52.5,1,2026-11,0.282,2026,10
-56.5,-51.5,1,2026-11,0.3574,2026,10
-56.5,-50.5,1,2026-11,0.3347,2026,10
-56.5,-49.5,1,2026-11,0.3101,2026,10
-56.5,-48.5,1,2026-11,0.1848,2026,10
-56.5,-47.5,1,2026-11,0.072,2026,10
-56.5,-46.5,1,2026-11,0.0137,2026,10
-56.5,-45.5,1,2026-11,-0.0615,2026,10
-56.5,-44.5,1,2026-11,-0.1543,2026,10
-56.5,-43.5,1,2026-11,-0.2219,2026,10
-56.5,-42.5,1,2026-11,-0.2649,2026,10
-56.5,-41.5,1,2026-11,-0.2825,2026,10
-56.5,-40.5,1,2026-11,-0.3833,2026,10
-56.5,-39.5,1,2026-11,-0.5281,2026,10
-56.5,-38.5,1,2026-11,-0.6318,2026,10
-56.5,-37.5,1,2026-11,-0.7874,2026,10
-56.5,-36.5,1,2026-11,-0.9771,2026,10
-56.5,-35.5,1,2026-11,-1.1282,2026,10
-56.5,-34.5,1,2026-11,-1.2439,2026,10
-56.5,-33.5,1,2026-11,-1.3506,2026,10
-56.5,-32.5,1,2026-11,-1.4399,2026,10
-56.5,-31.5,1,2026-11,-1.4819,2026,10
-56.5,-30.5,1,2026-11,-1.4993,2026,10
-57.5,-89.5,1,2026-11,1.6802,2026,10
-57.5,-88.5,1,2026-11,1.7134,2026,10
-57.5,-87.5,1,2026-11,1.7568,2026,10
-57.5,-86.5,1,2026-11,1.7402,2026,10
-57.5,-85.5,1,2026-11,1.6973,2026,10
-57.5,-84.5,1,2026-11,1.6699,2026,10
-57.5,-83.5,1,2026-11,1.6433,2026,10
-57.5,-82.5,1,2026-11,1.5918,2026,10
-57.5,-81.5,1,2026-11,1.5576,2026,10
-57.5,-80.5,1,2026-11,1.5403,2026,10
-57.5,-79.5,1,2026-11,1.5105,2026,10
-57.5,-78.5,1,2026-11,1.468,2026,10
-57.5,-77.5,1,2026-11,1.4158,2026,10
-57.5,-76.5,1,2026-11,1.3662,2026,10
-57.5,-75.5,1,2026-11,1.321,2026,10
-57.5,-74.5,1,2026-11,1.2639,2026,10
-57.5,-73.5,1,2026-11,1.1858,2026,10
-57.5,-72.5,1,2026-11,1.1438,2026,10
-57.5,-71.5,1,2026-11,1.1211,2026,10
-57.5,-70.5,1,2026-11,1.1335,2026,10
-57.5,-69.5,1,2026-11,1.0928,2026,10
-57.5,-68.5,1,2026-11,0.6377,2026,10
-57.5,-67.5,1,2026-11,0.1982,2026,10
-57.5,-66.5,1,2026-11,-0.0078,2026,10
-57.5,-65.5,1,2026-11,0.0732,2026,10
-57.5,-64.5,1,2026-11,0.2498,2026,10
-57.5,-63.5,1,2026-11,0.2664,2026,10
-57.5,-62.5,1,2026-11,0.2903,2026,10
-57.5,-61.5,1,2026-11,0.2571,2026,10
-57.5,-60.5,1,2026-11,0.1804,2026,10
-57.5,-59.5,1,2026-11,0.052,2026,10
-57.5,-58.5,1,2026-11,-0.0867,2026,10
-57.5,-57.5,1,2026-11,-0.1089,2026,10
-57.5,-56.5,1,2026-11,0.0171,2026,10
-57.5,-55.5,1,2026-11,0.1697,2026,10
-57.5,-54.5,1,2026-11,0.2129,2026,10
-57.5,-53.5,1,2026-11,0.2278,2026,10
-57.5,-52.5,1,2026-11,0.2424,2026,10
-57.5,-51.5,1,2026-11,0.2876,2026,10
-57.5,-50.5,1,2026-11,0.3223,2026,10
-57.5,-49.5,1,2026-11,0.2759,2026,10
-57.5,-48.5,1,2026-11,0.1758,2026,10
-57.5,-47.5,1,2026-11,0.0845,2026,10
-57.5,-46.5,1,2026-11,0.02,2026,10
-57.5,-45.5,1,2026-11,-0.0693,2026,10
-57.5,-44.5,1,2026-11,-0.2178,2026,10
-57.5,-43.5,1,2026-11,-0.3223,2026,10
-57.5,-42.5,1,2026-11,-0.3975,2026,10
-57.5,-41.5,1,2026-11,-0.4478,2026,10
-57.5,-40.5,1,2026-11,-0.4922,2026,10
-57.5,-39.5,1,2026-11,-0.5808,2026,10
-57.5,-38.5,1,2026-11,-0.6899,2026,10
-57.5,-37.5,1,2026-11,-0.886,2026,10
-57.5,-36.5,1,2026-11,-1.0874,2026,10
-57.5,-35.5,1,2026-11,-1.2595,2026,10
-57.5,-34.5,1,2026-11,-1.3933,2026,10
-57.5,-33.5,1,2026-11,-1.4436,2026,10
-57.5,-32.5,1,2026-11,-1.478,2026,10
-57.5,-31.5,1,2026-11,-1.54,2026,10
-57.5,-30.5,1,2026-11,-1.571,2026,10
-58.5,-89.5,1,2026-11,1.9233,2026,10
-58.5,-88.5,1,2026-11,1.8516,2026,10
-58.5,-87.5,1,2026-11,1.8142,2026,10
-58.5,-86.5,1,2026-11,1.7998,2026,10
-58.5,-85.5,1,2026-11,1.8088,2026,10
-58.5,-84.5,1,2026-11,1.8098,2026,10
-58.5,-83.5,1,2026-11,1.7471,2026,10
-58.5,-82.5,1,2026-11,1.6858,2026,10
-58.5,-81.5,1,2026-11,1.6819,2026,10
-58.5,-80.5,1,2026-11,1.6897,2026,10
-58.5,-79.5,1,2026-11,1.6785,2026,10
-58.5,-78.5,1,2026-11,1.6335,2026,10
-58.5,-77.5,1,2026-11,1.5256,2026,10
-58.5,-76.5,1,2026-11,1.3967,2026,10
-58.5,-75.5,1,2026-11,1.2671,2026,10
-58.5,-74.5,1,2026-11,1.1992,2026,10
-58.5,-73.5,1,2026-11,1.1799,2026,10
-58.5,-72.5,1,2026-11,1.1543,2026,10
-58.5,-71.5,1,2026-11,1.104,2026,10
-58.5,-70.5,1,2026-11,1.0811,2026,10
-58.5,-69.5,1,2026-11,0.9392,2026,10
-58.5,-68.5,1,2026-11,0.3892,2026,10
-58.5,-67.5,1,2026-11,-0.0068,2026,10
-58.5,-66.5,1,2026-11,-0.1477,2026,10
-58.5,-65.5,1,2026-11,-0.2236,2026,10
-58.5,-64.5,1,2026-11,-0.104,2026,10
-58.5,-63.5,1,2026-11,0.0581,2026,10
-58.5,-62.5,1,2026-11,0.1338,2026,10
-58.5,-61.5,1,2026-11,0.1143,2026,10
-58.5,-60.5,1,2026-11,-0.0132,2026,10
-58.5,-59.5,1,2026-11,-0.0867,2026,10
-58.5,-58.5,1,2026-11,-0.0229,2026,10
-58.5,-57.5,1,2026-11,0.0159,2026,10
-58.5,-56.5,1,2026-11,0.0657,2026,10
-58.5,-55.5,1,2026-11,0.1802,2026,10
-58.5,-54.5,1,2026-11,0.2456,2026,10
-58.5,-53.5,1,2026-11,0.2454,2026,10
-58.5,-52.5,1,2026-11,0.2268,2026,10
-58.5,-51.5,1,2026-11,0.2126,2026,10
-58.5,-50.5,1,2026-11,0.1951,2026,10
-58.5,-49.5,1,2026-11,0.2075,2026,10
-58.5,-48.5,1,2026-11,0.2126,2026,10
-58.5,-47.5,1,2026-11,0.1589,2026,10
-58.5,-46.5,1,2026-11,0.012,2026,10
-58.5,-45.5,1,2026-11,-0.2144,2026,10
-58.5,-44.5,1,2026-11,-0.3638,2026,10
-58.5,-43.5,1,2026-11,-0.4197,2026,10
-58.5,-42.5,1,2026-11,-0.5076,2026,10
-58.5,-41.5,1,2026-11,-0.6003,2026,10
-58.5,-40.5,1,2026-11,-0.6853,2026,10
-58.5,-39.5,1,2026-11,-0.7751,2026,10
-58.5,-38.5,1,2026-11,-0.9099,2026,10
-58.5,-37.5,1,2026-11,-1.031,2026,10
-58.5,-36.5,1,2026-11,-1.1018,2026,10
-58.5,-35.5,1,2026-11,-1.1797,2026,10
-58.5,-34.5,1,2026-11,-1.2471,2026,10
-58.5,-33.5,1,2026-11,-1.2844,2026,10
-58.5,-32.5,1,2026-11,-1.333,2026,10
-58.5,-31.5,1,2026-11,-1.397,2026,10
-58.5,-30.5,1,2026-11,-1.4587,2026,10
-59.5,-89.5,1,2026-11,1.9895,2026,10
-59.5,-88.5,1,2026-11,1.9243,2026,10
-59.5,-87.5,1,2026-11,1.9231,2026,10
-59.5,-86.5,1,2026-11,1.9973,2026,10
-59.5,-85.5,1,2026-11,2.0273,2026,10
-59.5,-84.5,1,2026-11,1.9685,2026,10
-59.5,-83.5,1,2026-11,1.8867,2026,10
-59.5,-82.5,1,2026-11,1.8306,2026,10
-59.5,-81.5,1,2026-11,1.7778,2026,10
-59.5,-80.5,1,2026-11,1.7549,2026,10
-59.5,-79.5,1,2026-11,1.7522,2026,10
-59.5,-78.5,1,2026-11,1.7007,2026,10
-59.5,-77.5,1,2026-11,1.5813,2026,10
-59.5,-76.5,1,2026-11,1.4109,2026,10
-59.5,-75.5,1,2026-11,1.2278,2026,10
-59.5,-74.5,1,2026-11,1.1375,2026,10
-59.5,-73.5,1,2026-11,1.1147,2026,10
-59.5,-72.5,1,2026-11,1.0789,2026,10
-59.5,-71.5,1,2026-11,1.0088,2026,10
-59.5,-70.5,1,2026-11,0.8274,2026,10
-59.5,-69.5,1,2026-11,0.5818,2026,10
-59.5,-68.5,1,2026-11,0.2544,2026,10
-59.5,-67.5,1,2026-11,-0.0527,2026,10
-59.5,-66.5,1,2026-11,-0.2554,2026,10
-59.5,-65.5,1,2026-11,-0.3176,2026,10
-59.5,-64.5,1,2026-11,-0.2715,2026,10
-59.5,-63.5,1,2026-11,-0.1716,2026,10
-59.5,-62.5,1,2026-11,-0.1287,2026,10
-59.5,-61.5,1,2026-11,-0.1509,2026,10
-59.5,-60.5,1,2026-11,-0.2039,2026,10
-59.5,-59.5,1,2026-11,-0.1582,2026,10
-59.5,-58.5,1,2026-11,-0.0684,2026,10
-59.5,-57.5,1,2026-11,0.0151,2026,10
-59.5,-56.5,1,2026-11,0.1143,2026,10
-59.5,-55.5,1,2026-11,0.2087,2026,10
-59.5,-54.5,1,2026-11,0.2832,2026,10
-59.5,-53.5,1,2026-11,0.3335,2026,10
-59.5,-52.5,1,2026-11,0.3657,2026,10
-59.5,-51.5,1,2026-11,0.3352,2026,10
-59.5,-50.5,1,2026-11,0.231,2026,10
-59.5,-49.5,1,2026-11,0.1697,2026,10
-59.5,-48.5,1,2026-11,0.0894,2026,10
-59.5,-47.5,1,2026-11,-0.063,2026,10
-59.5,-46.5,1,2026-11,-0.2061,2026,10
-59.5,-45.5,1,2026-11,-0.2927,2026,10
-59.5,-44.5,1,2026-11,-0.2717,2026,10
-59.5,-43.5,1,2026-11,-0.3071,2026,10
-59.5,-42.5,1,2026-11,-0.4309,2026,10
-59.5,-41.5,1,2026-11,-0.5542,2026,10
-59.5,-40.5,1,2026-11,-0.6494,2026,10
-59.5,-39.5,1,2026-11,-0.7236,2026,10
-59.5,-38.5,1,2026-11,-0.8015,2026,10
-59.5,-37.5,1,2026-11,-0.8696,2026,10
-59.5,-36.5,1,2026-11,-0.9099,2026,10
-59.5,-35.5,1,2026-11,-0.9741,2026,10
-59.5,-34.5,1,2026-11,-1.0552,2026,10
-59.5,-33.5,1,2026-11,-1.1196,2026,10
-59.5,-32.5,1,2026-11,-1.1958,2026,10
-59.5,-31.5,1,2026-11,-1.2793,2026,10
-59.5,-30.5,1,2026-11,-1.3677,2026,10
14.5,-89.5,2,2026-12,1.748,2026,10
14.5,-88.5,2,2026-12,1.7836,2026,10
14.5,-87.5,2,2026-12,1.8376,2026,10
14.5,-86.5,2,2026-12,1.726,2026,10
14.5,-85.5,2,2026-12,1.5104,2026,10
14.5,-84.5,2,2026-12,1.381,2026,10
14.5,-83.5,2,2026-12,1.4103,2026,10
14.5,-82.5,2,2026-12,1.278,2026,10
14.5,-81.5,2,2026-12,1.2067,2026,10
14.5,-80.5,2,2026-12,1.1957,2026,10
14.5,-79.5,2,2026-12,1.1933,2026,10
14.5,-78.5,2,2026-12,1.1945,2026,10
14.5,-77.5,2,2026-12,1.2104,2026,10
14.5,-76.5,2,2026-12,1.2135,2026,10
14.5,-75.5,2,2026-12,1.2206,2026,10
14.5,-74.5,2,2026-12,1.2211,2026,10
14.5,-73.5,2,2026-12,1.2191,2026,10
14.5,-72.5,2,2026-12,1.2326,2026,10
14.5,-71.5,2,2026-12,1.2282,2026,10
14.5,-70.5,2,2026-12,1.2082,2026,10
14.5,-69.5,2,2026-12,1.1815,2026,10
14.5,-68.5,2,2026-12,1.1535,2026,10
14.5,-67.5,2,2026-12,1.1388,2026,10
14.5,-66.5,2,2026-12,1.1203,2026,10
14.5,-65.5,2,2026-12,1.1012,2026,10
14.5,-64.5,2,2026-12,1.0961,2026,10
14.5,-63.5,2,2026-12,1.0915,2026,10
14.5,-62.5,2,2026-12,1.0653,2026,10
14.5,-61.5,2,2026-12,1.047,2026,10
14.5,-60.5,2,2026-12,1.0273,2026,10
14.5,-59.5,2,2026-12,1.0241,2026,10
14.5,-58.5,2,2026-12,1.0336,2026,10
14.5,-57.5,2,2026-12,1.0187,2026,10
14.5,-56.5,2,2026-12,1.0072,2026,10
14.5,-55.5,2,2026-12,0.9826,2026,10
14.5,-54.5,2,2026-12,0.9677,2026,10
14.5,-53.5,2,2026-12,0.9616,2026,10
14.5,-52.5,2,2026-12,0.9806,2026,10
14.5,-51.5,2,2026-12,0.9826,2026,10
14.5,-50.5,2,2026-12,0.963,2026,10
14.5,-49.5,2,2026-12,0.9601,2026,10
14.5,-48.5,2,2026-12,0.9689,2026,10
14.5,-47.5,2,2026-12,0.964,2026,10
14.5,-46.5,2,2026-12,0.9599,2026,10
14.5,-45.5,2,2026-12,0.9452,2026,10
14.5,-44.5,2,2026-12,0.9193,2026,10
14.5,-43.5,2,2026-12,0.894,2026,10
14.5,-42.5,2,2026-12,0.892,2026,10
14.5,-41.5,2,2026-12,0.8969,2026,10
14.5,-40.5,2,2026-12,0.8918,2026,10
14.5,-39.5,2,2026-12,0.8891,2026,10
14.5,-38.5,2,2026-12,0.8918,2026,10
14.5,-37.5,2,2026-12,0.8886,2026,10
14.5,-36.5,2,2026-12,0.8722,2026,10
14.5,-35.5,2,2026-12,0.8571,2026,10
14.5,-34.5,2,2026-12,0.8546,2026,10
14.5,-33.5,2,2026-12,0.8524,2026,10
14.5,-32.5,2,2026-12,0.8405,2026,10
14.5,-31.5,2,2026-12,0.8275,2026,10
14.5,-30.5,2,2026-12,0.8141,2026,10
13.5,-89.5,2,2026-12,1.975,2026,10
13.5,-88.5,2,2026-12,2.0011,2026,10
13.5,-87.5,2,2026-12,2.0653,2026,10
13.5,-86.5,2,2026-12,1.891,2026,10
13.5,-85.5,2,2026-12,1.4269,2026,10
13.5,-84.5,2,2026-12,1.4193,2026,10
13.5,-83.5,2,2026-12,1.4242,2026,10
13.5,-82.5,2,2026-12,1.308,2026,10
13.5,-81.5,2,2026-12,1.265,2026,10
13.5,-80.5,2,2026-12,1.2555,2026,10
13.5,-79.5,2,2026-12,1.2619,2026,10
13.5,-78.5,2,2026-12,1.2707,2026,10
13.5,-77.5,2,2026-12,1.2724,2026,10
13.5,-76.5,2,2026-12,1.2628,2026,10
13.5,-75.5,2,2026-12,1.255,2026,10
13.5,-74.5,2,2026-12,1.2292,2026,10
13.5,-73.5,2,2026-12,1.2043,2026,10
13.5,-72.5,2,2026-12,1.1911,2026,10
13.5,-71.5,2,2026-12,1.1779,2026,10
13.5,-70.5,2,2026-12,1.2116,2026,10
13.5,-69.5,2,2026-12,1.2067,2026,10
13.5,-68.5,2,2026-12,1.1618,2026,10
13.5,-67.5,2,2026-12,1.1325,2026,10
13.5,-66.5,2,2026-12,1.0929,2026,10
13.5,-65.5,2,2026-12,1.068,2026,10
13.5,-64.5,2,2026-12,1.0602,2026,10
13.5,-63.5,2,2026-12,1.0797,2026,10
13.5,-62.5,2,2026-12,1.078,2026,10
13.5,-61.5,2,2026-12,1.0468,2026,10
13.5,-60.5,2,2026-12,1.0309,2026,10
13.5,-59.5,2,2026-12,1.036,2026,10
13.5,-58.5,2,2026-12,1.0419,2026,10
13.5,-57.5,2,2026-12,1.0448,2026,10
13.5,-56.5,2,2026-12,1.0292,2026,10
13.5,-55.5,2,2026-12,1.0077,2026,10
13.5,-54.5,2,2026-12,0.9955,2026,10
13.5,-53.5,2,2026-12,0.9845,2026,10
13.5,-52.5,2,2026-12,0.9904,2026,10
13.5,-51.5,2,2026-12,1.0026,2026,10
13.5,-50.5,2,2026-12,0.9938,2026,10
13.5,-49.5,2,2026-12,0.985,2026,10
13.5,-48.5,2,2026-12,0.9879,2026,10
13.5,-47.5,2,2026-12,0.9882,2026,10
13.5,-46.5,2,2026-12,0.9894,2026,10
13.5,-45.5,2,2026-12,0.9753,2026,10
13.5,-44.5,2,2026-12,0.9472,2026,10
13.5,-43.5,2,2026-12,0.923,2026,10
13.5,-42.5,2,2026-12,0.9254,2026,10
13.5,-41.5,2,2026-12,0.9377,2026,10
13.5,-40.5,2,2026-12,0.943,2026,10
13.5,-39.5,2,2026-12,0.9433,2026,10
13.5,-38.5,2,2026-12,0.9323,2026,10
13.5,-37.5,2,2026-12,0.9167,2026,10
13.5,-36.5,2,2026-12,0.8952,2026,10
13.5,-35.5,2,2026-12,0.8827,2026,10
13.5,-34.5,2,2026-12,0.8715,2026,10
13.5,-33.5,2,2026-12,0.8263,2026,10
13.5,-32.5,2,2026-12,0.7885,2026,10
13.5,-31.5,2,2026-12,0.7792,2026,10
13.5,-30.5,2,2026-12,0.7787,2026,10
12.5,-89.5,2,2026-12,1.8576,2026,10
12.5,-88.5,2,2026-12,1.9767,2026,10
12.5,-87.5,2,2026-12,2.1654,2026,10
12.5,-86.5,2,2026-12,2.4071,2026,10
12.5,-85.5,2,2026-12,1.7143,2026,10
12.5,-84.5,2,2026-12,1.4538,2026,10
12.5,-83.5,2,2026-12,1.4455,2026,10
12.5,-82.5,2,2026-12,1.3271,2026,10
12.5,-81.5,2,2026-12,1.3285,2026,10
12.5,-80.5,2,2026-12,1.3402,2026,10
12.5,-79.5,2,2026-12,1.3488,2026,10
12.5,-78.5,2,2026-12,1.3625,2026,10
12.5,-77.5,2,2026-12,1.3732,2026,10
12.5,-76.5,2,2026-12,1.3783,2026,10
12.5,-75.5,2,2026-12,1.3444,2026,10
12.5,-74.5,2,2026-12,1.3085,2026,10
12.5,-73.5,2,2026-12,1.2174,2026,10
12.5,-72.5,2,2026-12,1.1664,2026,10
12.5,-71.5,2,2026-12,1.3441,2026,10
12.5,-70.5,2,2026-12,1.1952,2026,10
12.5,-69.5,2,2026-12,1.2345,2026,10
12.5,-68.5,2,2026-12,1.2077,2026,10
12.5,-67.5,2,2026-12,1.1689,2026,10
12.5,-66.5,2,2026-12,1.122,2026,10
12.5,-65.5,2,2026-12,1.0695,2026,10
12.5,-64.5,2,2026-12,1.0131,2026,10
12.5,-63.5,2,2026-12,1.0299,2026,10
12.5,-62.5,2,2026-12,1.081,2026,10
12.5,-61.5,2,2026-12,1.0734,2026,10
12.5,-60.5,2,2026-12,1.0729,2026,10
12.5,-59.5,2,2026-12,1.07,2026,10
12.5,-58.5,2,2026-12,1.059,2026,10
12.5,-57.5,2,2026-12,1.0546,2026,10
12.5,-56.5,2,2026-12,1.0439,2026,10
12.5,-55.5,2,2026-12,1.0395,2026,10
12.5,-54.5,2,2026-12,1.0365,2026,10
12.5,-53.5,2,2026-12,1.0241,2026,10
12.5,-52.5,2,2026-12,1.0163,2026,10
12.5,-51.5,2,2026-12,1.019,2026,10
12.5,-50.5,2,2026-12,1.0211,2026,10
12.5,-49.5,2,2026-12,1.0063,2026,10
12.5,-48.5,2,2026-12,0.9857,2026,10
12.5,-47.5,2,2026-12,0.9897,2026,10
12.5,-46.5,2,2026-12,1.0045,2026,10
12.5,-45.5,2,2026-12,1.0099,2026,10
12.5,-44.5,2,2026-12,0.9872,2026,10
12.5,-43.5,2,2026-12,0.963,2026,10
12.5,-42.5,2,2026-12,0.9718,2026,10
12.5,-41.5,2,2026-12,0.9801,2026,10
12.5,-40.5,2,2026-12,0.9836,2026,10
12.5,-39.5,2,2026-12,0.9897,2026,10
12.5,-38.5,2,2026-12,0.9779,2026,10
12.5,-37.5,2,2026-12,0.9638,2026,10
12.5,-36.5,2,2026-12,0.9652,2026,10
12.5,-35.5,2,2026-12,0.9716,2026,10
12.5,-34.5,2,2026-12,0.9594,2026,10
12.5,-33.5,2,2026-12,0.8925,2026,10
12.5,-32.5,2,2026-12,0.8278,2026,10
12.5,-31.5,2,2026-12,0.7975,2026,10
12.5,-30.5,2,2026-12,0.7646,2026,10
11.5,-89.5,2,2026-12,2.0434,2026,10
11.5,-88.5,2,2026-12,2.0675,2026,10
11.5,-87.5,2,2026-12,2.1005,2026,10
11.5,-86.5,2,2026-12,2.0587,2026,10
11.5,-85.5,2,2026-12,1.8068,2026,10
11.5,-84.5,2,2026-12,1.5697,2026,10
11.5,-83.5,2,2026-12,1.3964,2026,10
11.5,-82.5,2,2026-12,1.3554,2026,10
11.5,-81.5,2,2026-12,1.35,2026,10
11.5,-80.5,2,2026-12,1.3715,2026,10
11.5,-79.5,2,2026-12,1.3949,2026,10
11.5,-78.5,2,2026-12,1.4201,2026,10
11.5,-77.5,2,2026-12,1.4545,2026,10
11.5,-76.5,2,2026-12,1.4826,2026,10
11.5,-75.5,2,2026-12,1.4589,2026,10
11.5,-74.5,2,2026-12,1.4386,2026,10
11.5,-73.5,2,2026-12,1.4879,2026,10
11.5,-72.5,2,2026-12,2.0885,2026,10
11.5,-71.5,2,2026-12,1.6325,2026,10
11.5,-70.5,2,2026-12,1.8361,2026,10
11.5,-69.5,2,2026-12,1.7404,2026,10
11.5,-68.5,2,2026-12,1.4635,2026,10
11.5,-67.5,2,2026-12,1.1918,2026,10
11.5,-66.5,2,2026-12,1.1652,2026,10
11.5,-65.5,2,2026-12,1.0795,2026,10
11.5,-64.5,2,2026-12,0.9247,2026,10
11.5,-63.5,2,2026-12,0.8852,2026,10
11.5,-62.5,2,2026-12,1.0622,2026,10
11.5,-61.5,2,2026-12,1.0876,2026,10
11.5,-60.5,2,2026-12,1.1066,2026,10
11.5,-59.5,2,2026-12,1.1015,2026,10
11.5,-58.5,2,2026-12,1.0951,2026,10
11.5,-57.5,2,2026-12,1.0768,2026,10
11.5,-56.5,2,2026-12,1.0678,2026,10
11.5,-55.5,2,2026-12,1.0627,2026,10
11.5,-54.5,2,2026-12,1.0541,2026,10
11.5,-53.5,2,2026-12,1.0453,2026,10
11.5,-52.5,2,2026-12,1.0417,2026,10
11.5,-51.5,2,2026-12,1.0334,2026,10
11.5,-50.5,2,2026-12,1.0299,2026,10
11.5,-49.5,2,2026-12,1.0231,2026,10
11.5,-48.5,2,2026-12,1.0016,2026,10
11.5,-47.5,2,2026-12,0.998,2026,10
11.5,-46.5,2,2026-12,1.0026,2026,10
11.5,-45.5,2,2026-12,1.0048,2026,10
11.5,-44.5,2,2026-12,0.9958,2026,10
11.5,-43.5,2,2026-12,0.9628,2026,10
11.5,-42.5,2,2026-12,0.9623,2026,10
11.5,-41.5,2,2026-12,0.9877,2026,10
11.5,-40.5,2,2026-12,1.0011,2026,10
11.5,-39.5,2,2026-12,1.0089,2026,10
11.5,-38.5,2,2026-12,1.0067,2026,10
11.5,-37.5,2,2026-12,1.0048,2026,10
11.5,-36.5,2,2026-12,1.0233,2026,10
11.5,-35.5,2,2026-12,1.0461,2026,10
11.5,-34.5,2,2026-12,1.0199,2026,10
11.5,-33.5,2,2026-12,0.9545,2026,10
11.5,-32.5,2,2026-12,0.8717,2026,10
11.5,-31.5,2,2026-12,0.8056,2026,10
11.5,-30.5,2,2026-12,0.7477,2026,10
10.5,-89.5,2,2026-12,2.2607,2026,10
10.5,-88.5,2,2026-12,2.2902,2026,10
10.5,-87.5,2,2026-12,2.2357,2026,10
10.5,-86.5,2,2026-12,2.1081,2026,10
10.5,-85.5,2,2026-12,1.946,2026,10
10.5,-84.5,2,2026-12,1.588,2026,10
10.5,-83.5,2,2026-12,1.4272,2026,10
10.5,-82.5,2,2026-12,1.3222,2026,10
10.5,-81.5,2,2026-12,1.3637,2026,10
10.5,-80.5,2,2026-12,1.4276,2026,10
10.5,-79.5,2,2026-12,1.4655,2026,10
10.5,-78.5,2,2026-12,1.496,2026,10
10.5,-77.5,2,2026-12,1.5324,2026,10
10.5,-76.5,2,2026-12,1.6107,2026,10
10.5,-75.5,2,2026-12,1.9018,2026,10
10.5,-74.5,2,2026-12,2.4613,2026,10
10.5,-73.5,2,2026-12,1.9096,2026,10
10.5,-72.5,2,2026-12,1.9066,2026,10
10.5,-71.5,2,2026-12,1.9599,2026,10
10.5,-70.5,2,2026-12,2.1881,2026,10
10.5,-69.5,2,2026-12,2.0434,2026,10
10.5,-68.5,2,2026-12,1.7028,2026,10
10.5,-67.5,2,2026-12,1.5436,2026,10
10.5,-66.5,2,2026-12,1.4494,2026,10
10.5,-65.5,2,2026-12,1.0775,2026,10
10.5,-64.5,2,2026-12,1.1562,2026,10
10.5,-63.5,2,2026-12,1.3361,2026,10
10.5,-62.5,2,2026-12,1.2675,2026,10
10.5,-61.5,2,2026-12,1.3712,2026,10
10.5,-60.5,2,2026-12,1.1469,2026,10
10.5,-59.5,2,2026-12,1.1264,2026,10
10.5,-58.5,2,2026-12,1.1147,2026,10
10.5,-57.5,2,2026-12,1.1039,2026,10
10.5,-56.5,2,2026-12,1.102,2026,10
10.5,-55.5,2,2026-12,1.0885,2026,10
10.5,-54.5,2,2026-12,1.0607,2026,10
10.5,-53.5,2,2026-12,1.0502,2026,10
10.5,-52.5,2,2026-12,1.0478,2026,10
10.5,-51.5,2,2026-12,1.037,2026,10
10.5,-50.5,2,2026-12,1.0292,2026,10
10.5,-49.5,2,2026-12,1.0321,2026,10
10.5,-48.5,2,2026-12,1.0346,2026,10
10.5,-47.5,2,2026-12,1.0177,2026,10
10.5,-46.5,2,2026-12,1.0097,2026,10
10.5,-45.5,2,2026-12,1.0026,2026,10
10.5,-44.5,2,2026-12,1.0011,2026,10
10.5,-43.5,2,2026-12,0.9796,2026,10
10.5,-42.5,2,2026-12,0.9718,2026,10
10.5,-41.5,2,2026-12,1.0043,2026,10
10.5,-40.5,2,2026-12,1.0302,2026,10
10.5,-39.5,2,2026-12,1.0365,2026,10
10.5,-38.5,2,2026-12,1.0412,2026,10
10.5,-37.5,2,2026-12,1.0426,2026,10
10.5,-36.5,2,2026-12,1.0309,2026,10
10.5,-35.5,2,2026-12,1.0268,2026,10
10.5,-34.5,2,2026-12,1.0072,2026,10
10.5,-33.5,2,2026-12,0.9606,2026,10
10.5,-32.5,2,2026-12,0.8852,2026,10
10.5,-31.5,2,2026-12,0.8156,2026,10
10.5,-30.5,2,2026-12,0.7992,2026,10
9.5,-89.5,2,2026-12,2.4484,2026,10
9.5,-88.5,2,2026-12,2.5402,2026,10
9.5,-87.5,2,2026-12,2.4848,2026,10
9.5,-86.5,2,2026-12,2.2646,2026,10
9.5,-85.5,2,2026-12,2.194,2026,10
9.5,-84.5,2,2026-12,2.1161,2026,10
9.5,-83.5,2,2026-12,1.571,2026,10
9.5,-82.5,2,2026-12,1.3336,2026,10
9.5,-81.5,2,2026-12,1.3293,2026,10
9.5,-80.5,2,2026-12,1.4479,2026,10
9.5,-79.5,2,2026-12,1.6376,2026,10
9.5,-78.5,2,2026-12,1.5775,2026,10
9.5,-77.5,2,2026-12,1.5585,2026,10
9.5,-76.5,2,2026-12,1.7077,2026,10
9.5,-75.5,2,2026-12,2.0727,2026,10
9.5,-74.5,2,2026-12,2.3275,2026,10
9.5,-73.5,2,2026-12,2.505,2026,10
9.5,-72.5,2,2026-12,1.7499,2026,10
9.5,-71.5,2,2026-12,1.3437,2026,10
9.5,-70.5,2,2026-12,1.7116,2026,10
9.5,-69.5,2,2026-12,1.5939,2026,10
9.5,-68.5,2,2026-12,1.8693,2026,10
9.5,-67.5,2,2026-12,2.4584,2026,10
9.5,-66.5,2,2026-12,2.4948,2026,10
9.5,-65.5,2,2026-12,2.3319,2026,10
9.5,-64.5,2,2026-12,2.494,2026,10
9.5,-63.5,2,2026-12,2.0692,2026,10
9.5,-62.5,2,2026-12,1.7003,2026,10
9.5,-61.5,2,2026-12,1.4232,2026,10
9.5,-60.5,2,2026-12,1.1772,2026,10
9.5,-59.5,2,2026-12,1.1598,2026,10
9.5,-58.5,2,2026-12,1.1554,2026,10
9.5,-57.5,2,2026-12,1.1352,2026,10
9.5,-56.5,2,2026-12,1.1344,2026,10
9.5,-55.5,2,2026-12,1.1171,2026,10
9.5,-54.5,2,2026-12,1.0785,2026,10
9.5,-53.5,2,2026-12,1.0568,2026,10
9.5,-52.5,2,2026-12,1.0224,2026,10
9.5,-51.5,2,2026-12,0.9911,2026,10
9.5,-50.5,2,2026-12,1.0021,2026,10
9.5,-49.5,2,2026-12,1.0448,2026,10
9.5,-48.5,2,2026-12,1.0468,2026,10
9.5,-47.5,2,2026-12,1.0324,2026,10
9.5,-46.5,2,2026-12,1.0219,2026,10
9.5,-45.5,2,2026-12,1.016,2026,10
9.5,-44.5,2,2026-12,1.0207,2026,10
9.5,-43.5,2,2026-12,1.0124,2026,10
9.5,-42.5,2,2026-12,1.0048,2026,10
9.5,-41.5,2,2026-12,1.0251,2026,10
9.5,-40.5,2,2026-12,1.0356,2026,10
9.5,-39.5,2,2026-12,1.0209,2026,10
9.5,-38.5,2,2026-12,1.0136,2026,10
9.5,-37.5,2,2026-12,1.0102,2026,10
9.5,-36.5,2,2026-12,0.9894,2026,10
9.5,-35.5,2,2026-12,0.9753,2026,10
9.5,-34.5,2,2026-12,0.9689,2026,10
9.5,-33.5,2,2026-12,0.9433,2026,10
9.5,-32.5,2,2026-12,0.903,2026,10
9.5,-31.5,2,2026-12,0.8524,2026,10
9.5,-30.5,2,2026-12,0.8412,2026,10
8.5,-89.5,2,2026-12,2.3732,2026,10
8.5,-88.5,2,2026-12,2.4379,2026,10
8.5,-87.5,2,2026-12,2.4093,2026,10
8.5,-86.5,2,2026-12,2.3495,2026,10
8.5,-85.5,2,2026-12,2.3151,2026,10
8.5,-84.5,2,2026-12,2.2575,2026,10
8.5,-83.5,2,2026-12,2.1515,2026,10
8.5,-82.5,2,2026-12,1.9569,2026,10
8.5,-81.5,2,2026-12,1.7279,2026,10
8.5,-80.5,2,2026-12,1.7607,2026,10
8.5,-79.5,2,2026-12,1.9438,2026,10
8.5,-78.5,2,2026-12,2.0116,2026,10
8.5,-77.5,2,2026-12,1.7834,2026,10
8.5,-76.5,2,2026-12,1.7694,2026,10
8.5,-75.5,2,2026-12,1.8051,2026,10
8.5,-74.5,2,2026-12,1.9833,2026,10
8.5,-73.5,2,2026-12,2.0299,2026,10
8.5,-72.5,2,2026-12,1.7194,2026,10
8.5,-71.5,2,2026-12,1.5668,2026,10
8.5,-70.5,2,2026-12,1.432,2026,10
8.5,-69.5,2,2026-12,1.4826,2026,10
8.5,-68.5,2,2026-12,1.798,2026,10
8.5,-67.5,2,2026-12,2.4247,2026,10
8.5,-66.5,2,2026-12,3.1134,2026,10
8.5,-65.5,2,2026-12,3.0595,2026,10
8.5,-64.5,2,2026-12,2.8302,2026,10
8.5,-63.5,2,2026-12,2.3044,2026,10
8.5,-62.5,2,2026-12,1.9171,2026,10
8.5,-61.5,2,2026-12,1.5126,2026,10
8.5,-60.5,2,2026-12,1.4721,2026,10
8.5,-59.5,2,2026-12,1.2917,2026,10
8.5,-58.5,2,2026-12,1.1552,2026,10
8.5,-57.5,2,2026-12,1.1435,2026,10
8.5,-56.5,2,2026-12,1.1442,2026,10
8.5,-55.5,2,2026-12,1.1076,2026,10
8.5,-54.5,2,2026-12,1.0302,2026,10
8.5,-53.5,2,2026-12,1.0128,2026,10
8.5,-52.5,2,2026-12,1.0214,2026,10
8.5,-51.5,2,2026-12,1.0072,2026,10
8.5,-50.5,2,2026-12,1.0016,2026,10
8.5,-49.5,2,2026-12,1.0273,2026,10
8.5,-48.5,2,2026-12,1.0548,2026,10
8.5,-47.5,2,2026-12,1.0624,2026,10
8.5,-46.5,2,2026-12,1.059,2026,10
8.5,-45.5,2,2026-12,1.0534,2026,10
8.5,-44.5,2,2026-12,1.0526,2026,10
8.5,-43.5,2,2026-12,1.0329,2026,10
8.5,-42.5,2,2026-12,1.0211,2026,10
8.5,-41.5,2,2026-12,1.0316,2026,10
8.5,-40.5,2,2026-12,1.0233,2026,10
8.5,-39.5,2,2026-12,0.9921,2026,10
8.5,-38.5,2,2026-12,0.9716,2026,10
8.5,-37.5,2,2026-12,0.9596,2026,10
8.5,-36.5,2,2026-12,0.9484,2026,10
8.5,-35.5,2,2026-12,0.9372,2026,10
8.5,-34.5,2,2026-12,0.9291,2026,10
8.5,-33.5,2,2026-12,0.9142,2026,10
8.5,-32.5,2,2026-12,0.9032,2026,10
8.5,-31.5,2,2026-12,0.8915,2026,10
8.5,-30.5,2,2026-12,0.8847,2026,10
7.5,-89.5,2,2026-12,2.3012,2026,10
7.5,-88.5,2,2026-12,2.3432,2026,10
7.5,-87.5,2,2026-12,2.3727,2026,10
7.5,-86.5,2,2026-12,2.3654,2026,10
7.5,-85.5,2,2026-12,2.3232,2026,10
7.5,-84.5,2,2026-12,2.2865,2026,10
7.5,-83.5,2,2026-12,2.3517,2026,10
7.5,-82.5,2,2026-12,2.3246,2026,10
7.5,-81.5,2,2026-12,2.3336,2026,10
7.5,-80.5,2,2026-12,2.0099,2026,10
7.5,-79.5,2,2026-12,1.943,2026,10
7.5,-78.5,2,2026-12,2.0221,2026,10
7.5,-77.5,2,2026-12,1.925,2026,10
7.5,-76.5,2,2026-12,1.8354,2026,10
7.5,-75.5,2,2026-12,1.7748,2026,10
7.5,-74.5,2,2026-12,1.8588,2026,10
7.5,-73.5,2,2026-12,1.7614,2026,10
7.5,-72.5,2,2026-12,1.5082,2026,10
7.5,-71.5,2,2026-12,1.507,2026,10
7.5,-70.5,2,2026-12,1.642,2026,10
7.5,-69.5,2,2026-12,1.6637,2026,10
7.5,-68.5,2,2026-12,1.8437,2026,10
7.5,-67.5,2,2026-12,2.2135,2026,10
7.5,-66.5,2,2026-12,2.3983,2026,10
7.5,-65.5,2,2026-12,2.297,2026,10
7.5,-64.5,2,2026-12,2.5475,2026,10
7.5,-63.5,2,2026-12,2.4811,2026,10
7.5,-62.5,2,2026-12,2.1415,2026,10
7.5,-61.5,2,2026-12,1.9501,2026,10
7.5,-60.5,2,2026-12,1.609,2026,10
7.5,-59.5,2,2026-12,1.6286,2026,10
7.5,-58.5,2,2026-12,1.3268,2026,10
7.5,-57.5,2,2026-12,1.016,2026,10
7.5,-56.5,2,2026-12,1.0573,2026,10
7.5,-55.5,2,2026-12,1.0385,2026,10
7.5,-54.5,2,2026-12,0.9237,2026,10
7.5,-53.5,2,2026-12,0.9711,2026,10
7.5,-52.5,2,2026-12,1.0417,2026,10
7.5,-51.5,2,2026-12,1.0685,2026,10
7.5,-50.5,2,2026-12,1.0556,2026,10
7.5,-49.5,2,2026-12,1.0324,2026,10
7.5,-48.5,2,2026-12,1.0502,2026,10
7.5,-47.5,2,2026-12,1.0634,2026,10
7.5,-46.5,2,2026-12,1.0636,2026,10
7.5,-45.5,2,2026-12,1.0585,2026,10
7.5,-44.5,2,2026-12,1.0617,2026,10
7.5,-43.5,2,2026-12,1.0524,2026,10
7.5,-42.5,2,2026-12,1.0365,2026,10
7.5,-41.5,2,2026-12,1.037,2026,10
7.5,-40.5,2,2026-12,1.0168,2026,10
7.5,-39.5,2,2026-12,0.9889,2026,10
7.5,-38.5,2,2026-12,0.9691,2026,10
7.5,-37.5,2,2026-12,0.9574,2026,10
7.5,-36.5,2,2026-12,0.9428,2026,10
7.5,-35.5,2,2026-12,0.9323,2026,10
7.5,-34.5,2,2026-12,0.9206,2026,10
7.5,-33.5,2,2026-12,0.9215,2026,10
7.5,-32.5,2,2026-12,0.9198,2026,10
7.5,-31.5,2,2026-12,0.9181,2026,10
7.5,-30.5,2,2026-12,0.913,2026,10
6.5,-89.5,2,2026-12,2.3185,2026,10
6.5,-88.5,2,2026-12,2.3432,2026,10
6.5,-87.5,2,2026-12,2.3512,2026,10
6.5,-86.5,2,2026-12,2.3402,2026,10
6.5,-85.5,2,2026-12,2.3083,2026,10
6.5,-84.5,2,2026-12,2.3427,2026,10
6.5,-83.5,2,2026-12,2.3417,2026,10
6.5,-82.5,2,2026-12,2.3625,2026,10
6.5,-81.5,2,2026-12,2.3053,2026,10
6.5,-80.5,2,2026-12,2.1535,2026,10
6.5,-79.5,2,2026-12,2.0116,2026,10
6.5,-78.5,2,2026-12,1.9618,2026,10
6.5,-77.5,2,2026-12,2.0309,2026,10
6.5,-76.5,2,2026-12,1.8737,2026,10
6.5,-75.5,2,2026-12,1.7409,2026,10
6.5,-74.5,2,2026-12,1.8114,2026,10
6.5,-73.5,2,2026-12,1.7555,2026,10
6.5,-72.5,2,2026-12,1.4223,2026,10
6.5,-71.5,2,2026-12,1.4967,2026,10
6.5,-70.5,2,2026-12,1.5729,2026,10
6.5,-69.5,2,2026-12,1.623,2026,10
6.5,-68.5,2,2026-12,1.8041,2026,10
6.5,-67.5,2,2026-12,1.9262,2026,10
6.5,-66.5,2,2026-12,1.9142,2026,10
6.5,-65.5,2,2026-12,1.923,2026,10
6.5,-64.5,2,2026-12,2.2309,2026,10
6.5,-63.5,2,2026-12,2.3937,2026,10
6.5,-62.5,2,2026-12,1.9467,2026,10
6.5,-61.5,2,2026-12,2.0263,2026,10
6.5,-60.5,2,2026-12,1.5819,2026,10
6.5,-59.5,2,2026-12,1.706,2026,10
6.5,-58.5,2,2026-12,1.8446,2026,10
6.5,-57.5,2,2026-12,1.4052,2026,10
6.5,-56.5,2,2026-12,0.809,2026,10
6.5,-55.5,2,2026-12,0.7052,2026,10
6.5,-54.5,2,2026-12,0.7082,2026,10
6.5,-53.5,2,2026-12,0.8366,2026,10
6.5,-52.5,2,2026-12,0.9809,2026,10
6.5,-51.5,2,2026-12,1.0243,2026,10
6.5,-50.5,2,2026-12,1.0287,2026,10
6.5,-49.5,2,2026-12,1.0085,2026,10
6.5,-48.5,2,2026-12,1.0185,2026,10
6.5,-47.5,2,2026-12,1.0385,2026,10
6.5,-46.5,2,2026-12,1.0094,2026,10
6.5,-45.5,2,2026-12,1.0036,2026,10
6.5,-44.5,2,2026-12,1.0268,2026,10
6.5,-43.5,2,2026-12,1.0343,2026,10
6.5,-42.5,2,2026-12,1.0287,2026,10
6.5,-41.5,2,2026-12,1.019,2026,10
6.5,-40.5,2,2026-12,0.9955,2026,10
6.5,-39.5,2,2026-12,0.9623,2026,10
6.5,-38.5,2,2026-12,0.9569,2026,10
6.5,-37.5,2,2026-12,0.9628,2026,10
6.5,-36.5,2,2026-12,0.9557,2026,10
6.5,-35.5,2,2026-12,0.9503,2026,10
6.5,-34.5,2,2026-12,0.9491,2026,10
6.5,-33.5,2,2026-12,0.9501,2026,10
6.5,-32.5,2,2026-12,0.9569,2026,10
6.5,-31.5,2,2026-12,0.9589,2026,10
6.5,-30.5,2,2026-12,0.9596,2026,10
5.5,-89.5,2,2026-12,2.3041,2026,10
5.5,-88.5,2,2026-12,2.3146,2026,10
5.5,-87.5,2,2026-12,2.3058,2026,10
5.5,-86.5,2,2026-12,2.3046,2026,10
5.5,-85.5,2,2026-12,2.3056,2026,10
5.5,-84.5,2,2026-12,2.331,2026,10
5.5,-83.5,2,2026-12,2.3075,2026,10
5.5,-82.5,2,2026-12,2.2719,2026,10
5.5,-81.5,2,2026-12,2.2133,2026,10
5.5,-80.5,2,2026-12,2.1357,2026,10
5.5,-79.5,2,2026-12,2.0646,2026,10
5.5,-78.5,2,2026-12,2.0172,2026,10
5.5,-77.5,2,2026-12,2.088,2026,10
5.5,-76.5,2,2026-12,1.9828,2026,10
5.5,-75.5,2,2026-12,1.6779,2026,10
5.5,-74.5,2,2026-12,1.7548,2026,10
5.5,-73.5,2,2026-12,1.485,2026,10
5.5,-72.5,2,2026-12,1.5346,2026,10
5.5,-71.5,2,2026-12,1.6088,2026,10
5.5,-70.5,2,2026-12,1.5182,2026,10
5.5,-69.5,2,2026-12,1.5544,2026,10
5.5,-68.5,2,2026-12,1.5656,2026,10
5.5,-67.5,2,2026-12,1.6166,2026,10
5.5,-66.5,2,2026-12,1.7797,2026,10
5.5,-65.5,2,2026-12,1.7719,2026,10
5.5,-64.5,2,2026-12,1.8971,2026,10
5.5,-63.5,2,2026-12,2.0473,2026,10
5.5,-62.5,2,2026-12,1.8122,2026,10
5.5,-61.5,2,2026-12,1.6071,2026,10
5.5,-60.5,2,2026-12,1.5446,2026,10
5.5,-59.5,2,2026-12,1.6559,2026,10
5.5,-58.5,2,2026-12,2.3158,2026,10
5.5,-57.5,2,2026-12,2.5041,2026,10
5.5,-56.5,2,2026-12,2.2672,2026,10
5.5,-55.5,2,2026-12,2.0624,2026,10
5.5,-54.5,2,2026-12,1.9447,2026,10
5.5,-53.5,2,2026-12,1.569,2026,10
5.5,-52.5,2,2026-12,1.0119,2026,10
5.5,-51.5,2,2026-12,0.9413,2026,10
5.5,-50.5,2,2026-12,0.9428,2026,10
5.5,-49.5,2,2026-12,0.9586,2026,10
5.5,-48.5,2,2026-12,0.9853,2026,10
5.5,-47.5,2,2026-12,1.0109,2026,10
5.5,-46.5,2,2026-12,0.9723,2026,10
5.5,-45.5,2,2026-12,0.945,2026,10
5.5,-44.5,2,2026-12,0.9667,2026,10
5.5,-43.5,2,2026-12,0.9899,2026,10
5.5,-42.5,2,2026-12,0.9887,2026,10
5.5,-41.5,2,2026-12,0.9938,2026,10
5.5,-40.5,2,2026-12,0.9931,2026,10
5.5,-39.5,2,2026-12,0.9711,2026,10
5.5,-38.5,2,2026-12,0.9638,2026,10
5.5,-37.5,2,2026-12,0.9733,2026,10
5.5,-36.5,2,2026-12,0.9811,2026,10
5.5,-35.5,2,2026-12,0.976,2026,10
5.5,-34.5,2,2026-12,0.9787,2026,10
5.5,-33.5,2,2026-12,0.9882,2026,10
5.5,-32.5,2,2026-12,0.9977,2026,10
5.5,-31.5,2,2026-12,1.0072,2026,10
5.5,-30.5,2,2026-12,1.0002,2026,10
4.5,-89.5,2,2026-12,2.2831,2026,10
4.5,-88.5,2,2026-12,2.2812,2026,10
4.5,-87.5,2,2026-12,2.2787,2026,10
4.5,-86.5,2,2026-12,2.2711,2026,10
4.5,-85.5,2,2026-12,2.2873,2026,10
4.5,-84.5,2,2026-12,2.2707,2026,10
4.5,-83.5,2,2026-12,2.2631,2026,10
4.5,-82.5,2,2026-12,2.2267,2026,10
4.5,-81.5,2,2026-12,2.1723,2026,10
4.5,-80.5,2,2026-12,2.1217,2026,10
4.5,-79.5,2,2026-12,2.0646,2026,10
4.5,-78.5,2,2026-12,2.0644,2026,10
4.5,-77.5,2,2026-12,2.0705,2026,10
4.5,-76.5,2,2026-12,1.9569,2026,10
4.5,-75.5,2,2026-12,1.7025,2026,10
4.5,-74.5,2,2026-12,1.6291,2026,10
4.5,-73.5,2,2026-12,1.5597,2026,10
4.5,-72.5,2,2026-12,1.6156,2026,10
4.5,-71.5,2,2026-12,1.5172,2026,10
4.5,-70.5,2,2026-12,1.4567,2026,10
4.5,-69.5,2,2026-12,1.4679,2026,10
4.5,-68.5,2,2026-12,1.4933,2026,10
4.5,-67.5,2,2026-12,1.5705,2026,10
4.5,-66.5,2,2026-12,1.6706,2026,10
4.5,-65.5,2,2026-12,1.683,2026,10
4.5,-64.5,2,2026-12,1.7067,2026,10
4.5,-63.5,2,2026-12,2.0153,2026,10
4.5,-62.5,2,2026-12,2.3954,2026,10
4.5,-61.5,2,2026-12,2.7631,2026,10
4.5,-60.5,2,2026-12,2.9677,2026,10
4.5,-59.5,2,2026-12,2.4862,2026,10
4.5,-58.5,2,2026-12,2.8275,2026,10
4.5,-57.5,2,2026-12,3.1662,2026,10
4.5,-56.5,2,2026-12,2.83,2026,10
4.5,-55.5,2,2026-12,2.5082,2026,10
4.5,-54.5,2,2026-12,2.371,2026,10
4.5,-53.5,2,2026-12,2.1418,2026,10
4.5,-52.5,2,2026-12,1.8117,2026,10
4.5,-51.5,2,2026-12,1.1537,2026,10
4.5,-50.5,2,2026-12,0.883,2026,10
4.5,-49.5,2,2026-12,0.8593,2026,10
4.5,-48.5,2,2026-12,0.9052,2026,10
4.5,-47.5,2,2026-12,0.9628,2026,10
4.5,-46.5,2,2026-12,0.9865,2026,10
4.5,-45.5,2,2026-12,0.9855,2026,10
4.5,-44.5,2,2026-12,0.987,2026,10
4.5,-43.5,2,2026-12,0.9762,2026,10
4.5,-42.5,2,2026-12,0.965,2026,10
4.5,-41.5,2,2026-12,0.9687,2026,10
4.5,-40.5,2,2026-12,0.9877,2026,10
4.5,-39.5,2,2026-12,1.0006,2026,10
4.5,-38.5,2,2026-12,1.0041,2026,10
4.5,-37.5,2,2026-12,0.998,2026,10
4.5,-36.5,2,2026-12,0.9879,2026,10
4.5,-35.5,2,2026-12,0.9987,2026,10
4.5,-34.5,2,2026-12,1.0072,2026,10
4.5,-33.5,2,2026-12,1.0128,2026,10
4.5,-32.5,2,2026-12,1.0233,2026,10
4.5,-31.5,2,2026-12,1.0138,2026,10
4.5,-30.5,2,2026-12,1.0006,2026,10
3.5,-89.5,2,2026-12,2.3427,2026,10
3.5,-88.5,2,2026-12,2.3336,2026,10
3.5,-87.5,2,2026-12,2.3232,2026,10
3.5,-86.5,2,2026-12,2.3073,2026,10
3.5,-85.5,2,2026-12,2.2934,2026,10
3.5,-84.5,2,2026-12,2.2567,2026,10
3.5,-83.5,2,2026-12,2.2306,2026,10
3.5,-82.5,2,2026-12,2.1935,2026,10
3.5,-81.5,2,2026-12,2.154,2026,10
3.5,-80.5,2,2026-12,2.0727,2026,10
3.5,-79.5,2,2026-12,1.9853,2026,10
3.5,-78.5,2,2026-12,1.9403,2026,10
3.5,-77.5,2,2026-12,2.08,2026,10
3.5,-76.5,2,2026-12,1.8034,2026,10
3.5,-75.5,2,2026-12,2.0941,2026,10
3.5,-74.5,2,2026-12,1.571,2026,10
3.5,-73.5,2,2026-12,1.7406,2026,10
3.5,-72.5,2,2026-12,1.5407,2026,10
3.5,-71.5,2,2026-12,1.4377,2026,10
3.5,-70.5,2,2026-12,1.4374,2026,10
3.5,-69.5,2,2026-12,1.4452,2026,10
3.5,-68.5,2,2026-12,1.4897,2026,10
3.5,-67.5,2,2026-12,1.5751,2026,10
3.5,-66.5,2,2026-12,1.579,2026,10
3.5,-65.5,2,2026-12,1.6181,2026,10
3.5,-64.5,2,2026-12,1.788,2026,10
3.5,-63.5,2,2026-12,2.1405,2026,10
3.5,-62.5,2,2026-12,2.8705,2026,10
3.5,-61.5,2,2026-12,3.5092,2026,10
3.5,-60.5,2,2026-12,3.8358,2026,10
3.5,-59.5,2,2026-12,3.3898,2026,10
3.5,-58.5,2,2026-12,3.4816,2026,10
3.5,-57.5,2,2026-12,3.6024,2026,10
3.5,-56.5,2,2026-12,3.0211,2026,10
3.5,-55.5,2,2026-12,2.7226,2026,10
3.5,-54.5,2,2026-12,2.3976,2026,10
3.5,-53.5,2,2026-12,2.1535,2026,10
3.5,-52.5,2,2026-12,1.9955,2026,10
3.5,-51.5,2,2026-12,1.6142,2026,10
3.5,-50.5,2,2026-12,0.8896,2026,10
3.5,-49.5,2,2026-12,0.8036,2026,10
3.5,-48.5,2,2026-12,0.8344,2026,10
3.5,-47.5,2,2026-12,0.9091,2026,10
3.5,-46.5,2,2026-12,0.9626,2026,10
3.5,-45.5,2,2026-12,0.9684,2026,10
3.5,-44.5,2,2026-12,0.9586,2026,10
3.5,-43.5,2,2026-12,0.9403,2026,10
3.5,-42.5,2,2026-12,0.9303,2026,10
3.5,-41.5,2,2026-12,0.9425,2026,10
3.5,-40.5,2,2026-12,0.9626,2026,10
3.5,-39.5,2,2026-12,0.9787,2026,10
3.5,-38.5,2,2026-12,0.9889,2026,10
3.5,-37.5,2,2026-12,0.987,2026,10
3.5,-36.5,2,2026-12,0.984,2026,10
3.5,-35.5,2,2026-12,0.9843,2026,10
3.5,-34.5,2,2026-12,0.9706,2026,10
3.5,-33.5,2,2026-12,0.977,2026,10
3.5,-32.5,2,2026-12,0.9831,2026,10
3.5,-31.5,2,2026-12,0.9667,2026,10
3.5,-30.5,2,2026-12,0.9574,2026,10
2.5,-89.5,2,2026-12,2.6581,2026,10
2.5,-88.5,2,2026-12,2.5981,2026,10
2.5,-87.5,2,2026-12,2.5341,2026,10
2.5,-86.5,2,2026-12,2.4867,2026,10
2.5,-85.5,2,2026-12,2.4257,2026,10
2.5,-84.5,2,2026-12,2.3769,2026,10
2.5,-83.5,2,2026-12,2.3134,2026,10
2.5,-82.5,2,2026-12,2.2309,2026,10
2.5,-81.5,2,2026-12,2.1454,2026,10
2.5,-80.5,2,2026-12,2.0395,2026,10
2.5,-79.5,2,2026-12,1.8891,2026,10
2.5,-78.5,2,2026-12,1.8429,2026,10
2.5,-77.5,2,2026-12,1.8922,2026,10
2.5,-76.5,2,2026-12,1.5138,2026,10
2.5,-75.5,2,2026-12,1.4826,2026,10
2.5,-74.5,2,2026-12,1.5627,2026,10
2.5,-73.5,2,2026-12,1.537,2026,10
2.5,-72.5,2,2026-12,1.4394,2026,10
2.5,-71.5,2,2026-12,1.4203,2026,10
2.5,-70.5,2,2026-12,1.4084,2026,10
2.5,-69.5,2,2026-12,1.4315,2026,10
2.5,-68.5,2,2026-12,1.5009,2026,10
2.5,-67.5,2,2026-12,1.5614,2026,10
2.5,-66.5,2,2026-12,1.5517,2026,10
2.5,-65.5,2,2026-12,1.5336,2026,10
2.5,-64.5,2,2026-12,1.6513,2026,10
2.5,-63.5,2,2026-12,2.0221,2026,10
2.5,-62.5,2,2026-12,2.6022,2026,10
2.5,-61.5,2,2026-12,2.8981,2026,10
2.5,-60.5,2,2026-12,3.4252,2026,10
2.5,-59.5,2,2026-12,3.7052,2026,10
2.5,-58.5,2,2026-12,3.841,2026,10
2.5,-57.5,2,2026-12,3.89,2026,10
2.5,-56.5,2,2026-12,3.4103,2026,10
2.5,-55.5,2,2026-12,2.7338,2026,10
2.5,-54.5,2,2026-12,2.3258,2026,10
2.5,-53.5,2,2026-12,2.0233,2026,10
2.5,-52.5,2,2026-12,1.9782,2026,10
2.5,-51.5,2,2026-12,1.7316,2026,10
2.5,-50.5,2,2026-12,0.9508,2026,10
2.5,-49.5,2,2026-12,0.7707,2026,10
2.5,-48.5,2,2026-12,0.7353,2026,10
2.5,-47.5,2,2026-12,0.8034,2026,10
2.5,-46.5,2,2026-12,0.8664,2026,10
2.5,-45.5,2,2026-12,0.8871,2026,10
2.5,-44.5,2,2026-12,0.8695,2026,10
2.5,-43.5,2,2026-12,0.85,2026,10
2.5,-42.5,2,2026-12,0.8376,2026,10
2.5,-41.5,2,2026-12,0.8315,2026,10
2.5,-40.5,2,2026-12,0.8354,2026,10
2.5,-39.5,2,2026-12,0.8529,2026,10
2.5,-38.5,2,2026-12,0.8659,2026,10
2.5,-37.5,2,2026-12,0.8693,2026,10
2.5,-36.5,2,2026-12,0.8654,2026,10
2.5,-35.5,2,2026-12,0.8571,2026,10
2.5,-34.5,2,2026-12,0.8603,2026,10
2.5,-33.5,2,2026-12,0.8761,2026,10
2.5,-32.5,2,2026-12,0.8925,2026,10
2.5,-31.5,2,2026-12,0.8886,2026,10
2.5,-30.5,2,2026-12,0.8715,2026,10
1.5,-89.5,2,2026-12,3.2682,2026,10
1.5,-88.5,2,2026-12,3.1254,2026,10
1.5,-87.5,2,2026-12,2.9899,2026,10
1.5,-86.5,2,2026-12,2.8717,2026,10
1.5,-85.5,2,2026-12,2.7812,2026,10
1.5,-84.5,2,2026-12,2.7043,2026,10
1.5,-83.5,2,2026-12,2.6024,2026,10
1.5,-82.5,2,2026-12,2.4799,2026,10
1.5,-81.5,2,2026-12,2.3102,2026,10
1.5,-80.5,2,2026-12,2.1066,2026,10
1.5,-79.5,2,2026-12,1.8607,2026,10
1.5,-78.5,2,2026-12,1.7282,2026,10
1.5,-77.5,2,2026-12,1.6457,2026,10
1.5,-76.5,2,2026-12,1.3319,2026,10
1.5,-75.5,2,2026-12,1.4157,2026,10
1.5,-74.5,2,2026-12,1.3742,2026,10
1.5,-73.5,2,2026-12,1.3839,2026,10
1.5,-72.5,2,2026-12,1.3734,2026,10
1.5,-71.5,2,2026-12,1.3749,2026,10
1.5,-70.5,2,2026-12,1.3839,2026,10
1.5,-69.5,2,2026-12,1.4159,2026,10
1.5,-68.5,2,2026-12,1.4889,2026,10
1.5,-67.5,2,2026-12,1.5331,2026,10
1.5,-66.5,2,2026-12,1.4696,2026,10
1.5,-65.5,2,2026-12,1.4445,2026,10
1.5,-64.5,2,2026-12,1.654,2026,10
1.5,-63.5,2,2026-12,1.8705,2026,10
1.5,-62.5,2,2026-12,2.1354,2026,10
1.5,-61.5,2,2026-12,2.5065,2026,10
1.5,-60.5,2,2026-12,3.1725,2026,10
1.5,-59.5,2,2026-12,3.6486,2026,10
1.5,-58.5,2,2026-12,3.652,2026,10
1.5,-57.5,2,2026-12,3.9123,2026,10
1.5,-56.5,2,2026-12,3.8795,2026,10
1.5,-55.5,2,2026-12,3.0187,2026,10
1.5,-54.5,2,2026-12,2.4938,2026,10
1.5,-53.5,2,2026-12,2.0441,2026,10
1.5,-52.5,2,2026-12,1.9679,2026,10
1.5,-51.5,2,2026-12,1.8942,2026,10
1.5,-50.5,2,2026-12,1.4403,2026,10
1.5,-49.5,2,2026-12,0.746,2026,10
1.5,-48.5,2,2026-12,0.6501,2026,10
1.5,-47.5,2,2026-12,0.6444,2026,10
1.5,-46.5,2,2026-12,0.6984,2026,10
1.5,-45.5,2,2026-12,0.7267,2026,10
1.5,-44.5,2,2026-12,0.726,2026,10
1.5,-43.5,2,2026-12,0.7003,2026,10
1.5,-42.5,2,2026-12,0.6745,2026,10
1.5,-41.5,2,2026-12,0.6579,2026,10
1.5,-40.5,2,2026-12,0.6505,2026,10
1.5,-39.5,2,2026-12,0.6542,2026,10
1.5,-38.5,2,2026-12,0.6584,2026,10
1.5,-37.5,2,2026-12,0.6618,2026,10
1.5,-36.5,2,2026-12,0.6808,2026,10
1.5,-35.5,2,2026-12,0.7094,2026,10
1.5,-34.5,2,2026-12,0.734,2026,10
1.5,-33.5,2,2026-12,0.7597,2026,10
1.5,-32.5,2,2026-12,0.7863,2026,10
1.5,-31.5,2,2026-12,0.7992,2026,10
1.5,-30.5,2,2026-12,0.7965,2026,10
0.5,-89.5,2,2026-12,3.9264,2026,10
0.5,-88.5,2,2026-12,3.7399,2026,10
0.5,-87.5,2,2026-12,3.5993,2026,10
0.5,-86.5,2,2026-12,3.4777,2026,10
0.5,-85.5,2,2026-12,3.3764,2026,10
0.5,-84.5,2,2026-12,3.2741,2026,10
0.5,-83.5,2,2026-12,3.1501,2026,10
0.5,-82.5,2,2026-12,3.0023,2026,10
0.5,-81.5,2,2026-12,2.7895,2026,10
0.5,-80.5,2,2026-12,2.3449,2026,10
0.5,-79.5,2,2026-12,1.9069,2026,10
0.5,-78.5,2,2026-12,1.5751,2026,10
0.5,-77.5,2,2026-12,1.1784,2026,10
0.5,-76.5,2,2026-12,1.435,2026,10
0.5,-75.5,2,2026-12,1.34,2026,10
0.5,-74.5,2,2026-12,1.3078,2026,10
0.5,-73.5,2,2026-12,1.3083,2026,10
0.5,-72.5,2,2026-12,1.3334,2026,10
0.5,-71.5,2,2026-12,1.3275,2026,10
0.5,-70.5,2,2026-12,1.3564,2026,10
0.5,-69.5,2,2026-12,1.4013,2026,10
0.5,-68.5,2,2026-12,1.4877,2026,10
0.5,-67.5,2,2026-12,1.506,2026,10
0.5,-66.5,2,2026-12,1.4967,2026,10
0.5,-65.5,2,2026-12,1.5763,2026,10
0.5,-64.5,2,2026-12,1.6667,2026,10
0.5,-63.5,2,2026-12,1.6554,2026,10
0.5,-62.5,2,2026-12,1.7924,2026,10
0.5,-61.5,2,2026-12,2.1339,2026,10
0.5,-60.5,2,2026-12,2.7069,2026,10
0.5,-59.5,2,2026-12,3.463,2026,10
0.5,-58.5,2,2026-12,4.1352,2026,10
0.5,-57.5,2,2026-12,4.5373,2026,10
0.5,-56.5,2,2026-12,4.4118,2026,10
0.5,-55.5,2,2026-12,3.5412,2026,10
0.5,-54.5,2,2026-12,2.7878,2026,10
0.5,-53.5,2,2026-12,2.3874,2026,10
0.5,-52.5,2,2026-12,2.0619,2026,10
0.5,-51.5,2,2026-12,1.8476,2026,10
0.5,-50.5,2,2026-12,1.2397,2026,10
0.5,-49.5,2,2026-12,0.6869,2026,10
0.5,-48.5,2,2026-12,0.6051,2026,10
0.5,-47.5,2,2026-12,0.578,2026,10
0.5,-46.5,2,2026-12,0.5546,2026,10
0.5,-45.5,2,2026-12,0.5529,2026,10
0.5,-44.5,2,2026-12,0.568,2026,10
0.5,-43.5,2,2026-12,0.5617,2026,10
0.5,-42.5,2,2026-12,0.5509,2026,10
0.5,-41.5,2,2026-12,0.5353,2026,10
0.5,-40.5,2,2026-12,0.5351,2026,10
0.5,-39.5,2,2026-12,0.5551,2026,10
0.5,-38.5,2,2026-12,0.5729,2026,10
0.5,-37.5,2,2026-12,0.5883,2026,10
0.5,-36.5,2,2026-12,0.5959,2026,10
0.5,-35.5,2,2026-12,0.6227,2026,10
0.5,-34.5,2,2026-12,0.6569,2026,10
0.5,-33.5,2,2026-12,0.6781,2026,10
0.5,-32.5,2,2026-12,0.6999,2026,10
0.5,-31.5,2,2026-12,0.7201,2026,10
0.5,-30.5,2,2026-12,0.7384,2026,10
-0.5,-89.5,2,2026-12,4.4818,2026,10
-0.5,-88.5,2,2026-12,4.3722,2026,10
-0.5,-87.5,2,2026-12,4.2641,2026,10
-0.5,-86.5,2,2026-12,4.1815,2026,10
-0.5,-85.5,2,2026-12,4.1217,2026,10
-0.5,-84.5,2,2026-12,4.0651,2026,10
-0.5,-83.5,2,2026-12,3.9469,2026,10
-0.5,-82.5,2,2026-12,3.7421,2026,10
-0.5,-81.5,2,2026-12,3.423,2026,10
-0.5,-80.5,2,2026-12,2.4865,2026,10
-0.5,-79.5,2,2026-12,1.8063,2026,10
-0.5,-78.5,2,2026-12,1.4313,2026,10
-0.5,-77.5,2,2026-12,1.3695,2026,10
-0.5,-76.5,2,2026-12,1.4174,2026,10
-0.5,-75.5,2,2026-12,1.3202,2026,10
-0.5,-74.5,2,2026-12,1.2851,2026,10
-0.5,-73.5,2,2026-12,1.2929,2026,10
-0.5,-72.5,2,2026-12,1.3053,2026,10
-0.5,-71.5,2,2026-12,1.3341,2026,10
-0.5,-70.5,2,2026-12,1.3632,2026,10
-0.5,-69.5,2,2026-12,1.4013,2026,10
-0.5,-68.5,2,2026-12,1.5002,2026,10
-0.5,-67.5,2,2026-12,1.549,2026,10
-0.5,-66.5,2,2026-12,1.5951,2026,10
-0.5,-65.5,2,2026-12,1.6364,2026,10
-0.5,-64.5,2,2026-12,1.6115,2026,10
-0.5,-63.5,2,2026-12,1.539,2026,10
-0.5,-62.5,2,2026-12,1.6735,2026,10
-0.5,-61.5,2,2026-12,1.9276,2026,10
-0.5,-60.5,2,2026-12,2.3786,2026,10
-0.5,-59.5,2,2026-12,3.0812,2026,10
-0.5,-58.5,2,2026-12,4.0553,2026,10
-0.5,-57.5,2,2026-12,4.745,2026,10
-0.5,-56.5,2,2026-12,4.883,2026,10
-0.5,-55.5,2,2026-12,4.0868,2026,10
-0.5,-54.5,2,2026-12,3.1518,2026,10
-0.5,-53.5,2,2026-12,2.7519,2026,10
-0.5,-52.5,2,2026-12,2.2907,2026,10
-0.5,-51.5,2,2026-12,1.8056,2026,10
-0.5,-50.5,2,2026-12,1.5014,2026,10
-0.5,-49.5,2,2026-12,1.2174,2026,10
-0.5,-48.5,2,2026-12,0.7577,2026,10
-0.5,-47.5,2,2026-12,0.7646,2026,10
-0.5,-46.5,2,2026-12,0.589,2026,10
-0.5,-45.5,2,2026-12,0.5321,2026,10
-0.5,-44.5,2,2026-12,0.5023,2026,10
-0.5,-43.5,2,2026-12,0.4691,2026,10
-0.5,-42.5,2,2026-12,0.4645,2026,10
-0.5,-41.5,2,2026-12,0.4743,2026,10
-0.5,-40.5,2,2026-12,0.4926,2026,10
-0.5,-39.5,2,2026-12,0.5163,2026,10
-0.5,-38.5,2,2026-12,0.5443,2026,10
-0.5,-37.5,2,2026-12,0.5673,2026,10
-0.5,-36.5,2,2026-12,0.5861,2026,10
-0.5,-35.5,2,2026-12,0.5985,2026,10
-0.5,-34.5,2,2026-12,0.6139,2026,10
-0.5,-33.5,2,2026-12,0.632,2026,10
-0.5,-32.5,2,2026-12,0.6444,2026,10
-0.5,-31.5,2,2026-12,0.6696,2026,10
-0.5,-30.5,2,2026-12,0.6925,2026,10
-1.5,-89.5,2,2026-12,4.8861,2026,10
-1.5,-88.5,2,2026-12,4.831,2026,10
-1.5,-87.5,2,2026-12,4.7865,2026,10
-1.5,-86.5,2,2026-12,4.776,2026,10
-1.5,-85.5,2,2026-12,4.7838,2026,10
-1.5,-84.5,2,2026-12,4.7968,2026,10
-1.5,-83.5,2,2026-12,4.7665,2026,10
-1.5,-82.5,2,2026-12,4.5846,2026,10
-1.5,-81.5,2,2026-12,3.9953,2026,10
-1.5,-80.5,2,2026-12,2.56,2026,10
-1.5,-79.5,2,2026-12,1.7499,2026,10
-1.5,-78.5,2,2026-12,1.2445,2026,10
-1.5,-77.5,2,2026-12,1.4035,2026,10
-1.5,-76.5,2,2026-12,1.4557,2026,10
-1.5,-75.5,2,2026-12,1.3551,2026,10
-1.5,-74.5,2,2026-12,1.3129,2026,10
-1.5,-73.5,2,2026-12,1.3148,2026,10
-1.5,-72.5,2,2026-12,1.3419,2026,10
-1.5,-71.5,2,2026-12,1.3586,2026,10
-1.5,-70.5,2,2026-12,1.3822,2026,10
-1.5,-69.5,2,2026-12,1.4291,2026,10
-1.5,-68.5,2,2026-12,1.5045,2026,10
-1.5,-67.5,2,2026-12,1.5556,2026,10
-1.5,-66.5,2,2026-12,1.6125,2026,10
-1.5,-65.5,2,2026-12,1.6518,2026,10
-1.5,-64.5,2,2026-12,1.654,2026,10
-1.5,-63.5,2,2026-12,1.6376,2026,10
-1.5,-62.5,2,2026-12,1.695,2026,10
-1.5,-61.5,2,2026-12,1.8857,2026,10
-1.5,-60.5,2,2026-12,2.2619,2026,10
-1.5,-59.5,2,2026-12,2.7357,2026,10
-1.5,-58.5,2,2026-12,3.8449,2026,10
-1.5,-57.5,2,2026-12,4.6422,2026,10
-1.5,-56.5,2,2026-12,4.6586,2026,10
-1.5,-55.5,2,2026-12,4.5907,2026,10
-1.5,-54.5,2,2026-12,3.9999,2026,10
-1.5,-53.5,2,2026-12,3.1579,2026,10
-1.5,-52.5,2,2026-12,2.6918,2026,10
-1.5,-51.5,2,2026-12,2.4486,2026,10
-1.5,-50.5,2,2026-12,2.1774,2026,10
-1.5,-49.5,2,2026-12,1.6173,2026,10
-1.5,-48.5,2,2026-12,1.5221,2026,10
-1.5,-47.5,2,2026-12,1.706,2026,10
-1.5,-46.5,2,2026-12,1.4259,2026,10
-1.5,-45.5,2,2026-12,0.9516,2026,10
-1.5,-44.5,2,2026-12,0.5998,2026,10
-1.5,-43.5,2,2026-12,0.5197,2026,10
-1.5,-42.5,2,2026-12,0.4936,2026,10
-1.5,-41.5,2,2026-12,0.5031,2026,10
-1.5,-40.5,2,2026-12,0.5109,2026,10
-1.5,-39.5,2,2026-12,0.4994,2026,10
-1.5,-38.5,2,2026-12,0.5053,2026,10
-1.5,-37.5,2,2026-12,0.5258,2026,10
-1.5,-36.5,2,2026-12,0.5507,2026,10
-1.5,-35.5,2,2026-12,0.5705,2026,10
-1.5,-34.5,2,2026-12,0.5863,2026,10
-1.5,-33.5,2,2026-12,0.6034,2026,10
-1.5,-32.5,2,2026-12,0.6237,2026,10
-1.5,-31.5,2,2026-12,0.6435,2026,10
-1.5,-30.5,2,2026-12,0.6635,2026,10
-2.5,-89.5,2,2026-12,5.0065,2026,10
-2.5,-88.5,2,2026-12,5.015,2026,10
-2.5,-87.5,2,2026-12,5.0575,2026,10
-2.5,-86.5,2,2026-12,5.1125,2026,10
-2.5,-85.5,2,2026-12,5.2023,2026,10
-2.5,-84.5,2,2026-12,5.3146,2026,10
-2.5,-83.5,2,2026-12,5.413,2026,10
-2.5,-82.5,2,2026-12,5.3966,2026,10
-2.5,-81.5,2,2026-12,4.8866,2026,10
-2.5,-80.5,2,2026-12,3.1159,2026,10
-2.5,-79.5,2,2026-12,1.9814,2026,10
-2.5,-78.5,2,2026-12,1.3168,2026,10
-2.5,-77.5,2,2026-12,1.4604,2026,10
-2.5,-76.5,2,2026-12,1.4396,2026,10
-2.5,-75.5,2,2026-12,1.3881,2026,10
-2.5,-74.5,2,2026-12,1.3734,2026,10
-2.5,-73.5,2,2026-12,1.3564,2026,10
-2.5,-72.5,2,2026-12,1.3881,2026,10
-2.5,-71.5,2,2026-12,1.3847,2026,10
-2.5,-70.5,2,2026-12,1.3776,2026,10
-2.5,-69.5,2,2026-12,1.4164,2026,10
-2.5,-68.5,2,2026-12,1.5097,2026,10
-2.5,-67.5,2,2026-12,1.557,2026,10
-2.5,-66.5,2,2026-12,1.6383,2026,10
-2.5,-65.5,2,2026-12,1.6928,2026,10
-2.5,-64.5,2,2026-12,1.7152,2026,10
-2.5,-63.5,2,2026-12,1.7733,2026,10
-2.5,-62.5,2,2026-12,1.862,2026,10
-2.5,-61.5,2,2026-12,1.9584,2026,10
-2.5,-60.5,2,2026-12,2.3222,2026,10
-2.5,-59.5,2,2026-12,2.9535,2026,10
-2.5,-58.5,2,2026-12,3.4982,2026,10
-2.5,-57.5,2,2026-12,3.8278,2026,10
-2.5,-56.5,2,2026-12,4.2809,2026,10
-2.5,-55.5,2,2026-12,3.9618,2026,10
-2.5,-54.5,2,2026-12,3.6398,2026,10
-2.5,-53.5,2,2026-12,3.7917,2026,10
-2.5,-52.5,2,2026-12,3.4191,2026,10
-2.5,-51.5,2,2026-12,3.2885,2026,10
-2.5,-50.5,2,2026-12,2.7897,2026,10
-2.5,-49.5,2,2026-12,2.3244,2026,10
-2.5,-48.5,2,2026-12,2.5102,2026,10
-2.5,-47.5,2,2026-12,2.3837,2026,10
-2.5,-46.5,2,2026-12,2.0624,2026,10
-2.5,-45.5,2,2026-12,1.4691,2026,10
-2.5,-44.5,2,2026-12,0.8578,2026,10
-2.5,-43.5,2,2026-12,0.6879,2026,10
-2.5,-42.5,2,2026-12,0.6422,2026,10
-2.5,-41.5,2,2026-12,0.6703,2026,10
-2.5,-40.5,2,2026-12,0.6772,2026,10
-2.5,-39.5,2,2026-12,0.6349,2026,10
-2.5,-38.5,2,2026-12,0.5575,2026,10
-2.5,-37.5,2,2026-12,0.5409,2026,10
-2.5,-36.5,2,2026-12,0.5595,2026,10
-2.5,-35.5,2,2026-12,0.5834,2026,10
-2.5,-34.5,2,2026-12,0.6037,2026,10
-2.5,-33.5,2,2026-12,0.6249,2026,10
-2.5,-32.5,2,2026-12,0.6435,2026,10
-2.5,-31.5,2,2026-12,0.6642,2026,10
-2.5,-30.5,2,2026-12,0.6825,2026,10
-3.5,-89.5,2,2026-12,4.9152,2026,10
-3.5,-88.5,2,2026-12,4.9726,2026,10
-3.5,-87.5,2,2026-12,5.0641,2026,10
-3.5,-86.5,2,2026-12,5.1608,2026,10
-3.5,-85.5,2,2026-12,5.2956,2026,10
-3.5,-84.5,2,2026-12,5.4818,2026,10
-3.5,-83.5,2,2026-12,5.7138,2026,10
-3.5,-82.5,2,2026-12,5.8268,2026,10
-3.5,-81.5,2,2026-12,5.3275,2026,10
-3.5,-80.5,2,2026-12,2.9975,2026,10
-3.5,-79.5,2,2026-12,1.654,2026,10
-3.5,-78.5,2,2026-12,1.227,2026,10
-3.5,-77.5,2,2026-12,1.4447,2026,10
-3.5,-76.5,2,2026-12,1.4403,2026,10
-3.5,-75.5,2,2026-12,1.4379,2026,10
-3.5,-74.5,2,2026-12,1.424,2026,10
-3.5,-73.5,2,2026-12,1.4206,2026,10
-3.5,-72.5,2,2026-12,1.4264,2026,10
-3.5,-71.5,2,2026-12,1.4174,2026,10
-3.5,-70.5,2,2026-12,1.4113,2026,10
-3.5,-69.5,2,2026-12,1.4289,2026,10
-3.5,-68.5,2,2026-12,1.5023,2026,10
-3.5,-67.5,2,2026-12,1.5836,2026,10
-3.5,-66.5,2,2026-12,1.6645,2026,10
-3.5,-65.5,2,2026-12,1.7597,2026,10
-3.5,-64.5,2,2026-12,1.7992,2026,10
-3.5,-63.5,2,2026-12,1.851,2026,10
-3.5,-62.5,2,2026-12,1.9108,2026,10
-3.5,-61.5,2,2026-12,2.0299,2026,10
-3.5,-60.5,2,2026-12,2.2382,2026,10
-3.5,-59.5,2,2026-12,2.6557,2026,10
-3.5,-58.5,2,2026-12,3.1015,2026,10
-3.5,-57.5,2,2026-12,3.7065,2026,10
-3.5,-56.5,2,2026-12,4.6027,2026,10
-3.5,-55.5,2,2026-12,4.4782,2026,10
-3.5,-54.5,2,2026-12,4.7191,2026,10
-3.5,-53.5,2,2026-12,4.4125,2026,10
-3.5,-52.5,2,2026-12,4.0192,2026,10
-3.5,-51.5,2,2026-12,3.946,2026,10
-3.5,-50.5,2,2026-12,3.6898,2026,10
-3.5,-49.5,2,2026-12,3.2711,2026,10
-3.5,-48.5,2,2026-12,3.0426,2026,10
-3.5,-47.5,2,2026-12,2.7462,2026,10
-3.5,-46.5,2,2026-12,2.4447,2026,10
-3.5,-45.5,2,2026-12,1.7555,2026,10
-3.5,-44.5,2,2026-12,1.3437,2026,10
-3.5,-43.5,2,2026-12,1.0446,2026,10
-3.5,-42.5,2,2026-12,0.9103,2026,10
-3.5,-41.5,2,2026-12,1.0085,2026,10
-3.5,-40.5,2,2026-12,0.9093,2026,10
-3.5,-39.5,2,2026-12,0.8605,2026,10
-3.5,-38.5,2,2026-12,0.7384,2026,10
-3.5,-37.5,2,2026-12,0.6405,2026,10
-3.5,-36.5,2,2026-12,0.6122,2026,10
-3.5,-35.5,2,2026-12,0.623,2026,10
-3.5,-34.5,2,2026-12,0.6378,2026,10
-3.5,-33.5,2,2026-12,0.6544,2026,10
-3.5,-32.5,2,2026-12,0.6732,2026,10
-3.5,-31.5,2,2026-12,0.6891,2026,10
-3.5,-30.5,2,2026-12,0.706,2026,10
-4.5,-89.5,2,2026-12,4.7594,2026,10
-4.5,-88.5,2,2026-12,4.8507,2026,10
-4.5,-87.5,2,2026-12,4.9687,2026,10
-4.5,-86.5,2,2026-12,5.0658,2026,10
-4.5,-85.5,2,2026-12,5.1933,2026,10
-4.5,-84.5,2,2026-12,5.4281,2026,10
-4.5,-83.5,2,2026-12,5.7831,2026,10
-4.5,-82.5,2,2026-12,6.0024,2026,10
-4.5,-81.5,2,2026-12,5.6869,2026,10
-4.5,-80.5,2,2026-12,2.9699,2026,10
-4.5,-79.5,2,2026-12,1.4657,2026,10
-4.5,-78.5,2,2026-12,1.1432,2026,10
-4.5,-77.5,2,2026-12,1.4272,2026,10
-4.5,-76.5,2,2026-12,1.4586,2026,10
-4.5,-75.5,2,2026-12,1.5285,2026,10
-4.5,-74.5,2,2026-12,1.5248,2026,10
-4.5,-73.5,2,2026-12,1.5065,2026,10
-4.5,-72.5,2,2026-12,1.4928,2026,10
-4.5,-71.5,2,2026-12,1.475,2026,10
-4.5,-70.5,2,2026-12,1.4753,2026,10
-4.5,-69.5,2,2026-12,1.4882,2026,10
-4.5,-68.5,2,2026-12,1.5277,2026,10
-4.5,-67.5,2,2026-12,1.5985,2026,10
-4.5,-66.5,2,2026-12,1.6794,2026,10
-4.5,-65.5,2,2026-12,1.7912,2026,10
-4.5,-64.5,2,2026-12,1.9267,2026,10
-4.5,-63.5,2,2026-12,1.9787,2026,10
-4.5,-62.5,2,2026-12,2.0324,2026,10
-4.5,-61.5,2,2026-12,2.1181,2026,10
-4.5,-60.5,2,2026-12,2.2729,2026,10
-4.5,-59.5,2,2026-12,2.529,2026,10
-4.5,-58.5,2,2026-12,3.0177,2026,10
-4.5,-57.5,2,2026-12,3.6476,2026,10
-4.5,-56.5,2,2026-12,4.0998,2026,10
-4.5,-55.5,2,2026-12,4.3666,2026,10
-4.5,-54.5,2,2026-12,4.4425,2026,10
-4.5,-53.5,2,2026-12,4.2919,2026,10
-4.5,-52.5,2,2026-12,4.1073,2026,10
-4.5,-51.5,2,2026-12,4.2856,2026,10
-4.5,-50.5,2,2026-12,4.0651,2026,10
-4.5,-49.5,2,2026-12,3.6483,2026,10
-4.5,-48.5,2,2026-12,3.6781,2026,10
-4.5,-47.5,2,2026-12,3.1781,2026,10
-4.5,-46.5,2,2026-12,2.7497,2026,10
-4.5,-45.5,2,2026-12,2.2687,2026,10
-4.5,-44.5,2,2026-12,1.9467,2026,10
-4.5,-43.5,2,2026-12,1.5705,2026,10
-4.5,-42.5,2,2026-12,1.4174,2026,10
-4.5,-41.5,2,2026-12,1.34,2026,10
-4.5,-40.5,2,2026-12,1.0822,2026,10
-4.5,-39.5,2,2026-12,1.0287,2026,10
-4.5,-38.5,2,2026-12,0.8522,2026,10
-4.5,-37.5,2,2026-12,0.7797,2026,10
-4.5,-36.5,2,2026-12,0.7492,2026,10
-4.5,-35.5,2,2026-12,0.737,2026,10
-4.5,-34.5,2,2026-12,0.7008,2026,10
-4.5,-33.5,2,2026-12,0.6918,2026,10
-4.5,-32.5,2,2026-12,0.694,2026,10
-4.5,-31.5,2,2026-12,0.6957,2026,10
-4.5,-30.5,2,2026-12,0.7099,2026,10
-5.5,-89.5,2,2026-12,4.58,2026,10
-5.5,-88.5,2,2026-12,4.6837,2026,10
-5.5,-87.5,2,2026-12,4.8053,2026,10
-5.5,-86.5,2,2026-12,4.9176,2026,10
-5.5,-85.5,2,2026-12,5.0465,2026,10
-5.5,-84.5,2,2026-12,5.248,2026,10
-5.5,-83.5,2,2026-12,5.6142,2026,10
-5.5,-82.5,2,2026-12,6.0485,2026,10
-5.5,-81.5,2,2026-12,6.3,2026,10
-5.5,-80.5,2,2026-12,5.2794,2026,10
-5.5,-79.5,2,2026-12,1.8766,2026,10
-5.5,-78.5,2,2026-12,1.1056,2026,10
-5.5,-77.5,2,2026-12,1.4052,2026,10
-5.5,-76.5,2,2026-12,1.5866,2026,10
-5.5,-75.5,2,2026-12,1.6315,2026,10
-5.5,-74.5,2,2026-12,1.6003,2026,10
-5.5,-73.5,2,2026-12,1.5983,2026,10
-5.5,-72.5,2,2026-12,1.59,2026,10
-5.5,-71.5,2,2026-12,1.5678,2026,10
-5.5,-70.5,2,2026-12,1.56,2026,10
-5.5,-69.5,2,2026-12,1.5666,2026,10
-5.5,-68.5,2,2026-12,1.5868,2026,10
-5.5,-67.5,2,2026-12,1.6581,2026,10
-5.5,-66.5,2,2026-12,1.7133,2026,10
-5.5,-65.5,2,2026-12,1.8134,2026,10
-5.5,-64.5,2,2026-12,1.9232,2026,10
-5.5,-63.5,2,2026-12,2.0251,2026,10
-5.5,-62.5,2,2026-12,2.0854,2026,10
-5.5,-61.5,2,2026-12,2.112,2026,10
-5.5,-60.5,2,2026-12,2.2494,2026,10
-5.5,-59.5,2,2026-12,2.4071,2026,10
-5.5,-58.5,2,2026-12,2.7165,2026,10
-5.5,-57.5,2,2026-12,3.0717,2026,10
-5.5,-56.5,2,2026-12,3.5395,2026,10
-5.5,-55.5,2,2026-12,3.8857,2026,10
-5.5,-54.5,2,2026-12,4.0353,2026,10
-5.5,-53.5,2,2026-12,4.079,2026,10
-5.5,-52.5,2,2026-12,4.07,2026,10
-5.5,-51.5,2,2026-12,4.1779,2026,10
-5.5,-50.5,2,2026-12,4.1813,2026,10
-5.5,-49.5,2,2026-12,4.3251,2026,10
-5.5,-48.5,2,2026-12,4.2377,2026,10
-5.5,-47.5,2,2026-12,3.8424,2026,10
-5.5,-46.5,2,2026-12,3.0666,2026,10
-5.5,-45.5,2,2026-12,2.4225,2026,10
-5.5,-44.5,2,2026-12,2.2257,2026,10
-5.5,-43.5,2,2026-12,2.1046,2026,10
-5.5,-42.5,2,2026-12,2.0556,2026,10
-5.5,-41.5,2,2026-12,1.6552,2026,10
-5.5,-40.5,2,2026-12,1.2409,2026,10
-5.5,-39.5,2,2026-12,1.0365,2026,10
-5.5,-38.5,2,2026-12,0.9699,2026,10
-5.5,-37.5,2,2026-12,0.9247,2026,10
-5.5,-36.5,2,2026-12,1.0077,2026,10
-5.5,-35.5,2,2026-12,0.9386,2026,10
-5.5,-34.5,2,2026-12,0.7965,2026,10
-5.5,-33.5,2,2026-12,0.7521,2026,10
-5.5,-32.5,2,2026-12,0.7182,2026,10
-5.5,-31.5,2,2026-12,0.6896,2026,10
-5.5,-30.5,2,2026-12,0.6828,2026,10
-6.5,-89.5,2,2026-12,4.3766,2026,10
-6.5,-88.5,2,2026-12,4.4755,2026,10
-6.5,-87.5,2,2026-12,4.5929,2026,10
-6.5,-86.5,2,2026-12,4.7126,2026,10
-6.5,-85.5,2,2026-12,4.8498,2026,10
-6.5,-84.5,2,2026-12,5.0546,2026,10
-6.5,-83.5,2,2026-12,5.3698,2026,10
-6.5,-82.5,2,2026-12,5.8605,2026,10
-6.5,-81.5,2,2026-12,6.3632,2026,10
-6.5,-80.5,2,2026-12,6.5087,2026,10
-6.5,-79.5,2,2026-12,3.6059,2026,10
-6.5,-78.5,2,2026-12,1.2233,2026,10
-6.5,-77.5,2,2026-12,1.2829,2026,10
-6.5,-76.5,2,2026-12,1.6615,2026,10
-6.5,-75.5,2,2026-12,1.7604,2026,10
-6.5,-74.5,2,2026-12,1.7043,2026,10
-6.5,-73.5,2,2026-12,1.6901,2026,10
-6.5,-72.5,2,2026-12,1.673,2026,10
-6.5,-71.5,2,2026-12,1.6642,2026,10
-6.5,-70.5,2,2026-12,1.6603,2026,10
-6.5,-69.5,2,2026-12,1.6862,2026,10
-6.5,-68.5,2,2026-12,1.6759,2026,10
-6.5,-67.5,2,2026-12,1.7218,2026,10
-6.5,-66.5,2,2026-12,1.7912,2026,10
-6.5,-65.5,2,2026-12,1.8546,2026,10
-6.5,-64.5,2,2026-12,1.9565,2026,10
-6.5,-63.5,2,2026-12,2.0707,2026,10
-6.5,-62.5,2,2026-12,2.0907,2026,10
-6.5,-61.5,2,2026-12,2.1613,2026,10
-6.5,-60.5,2,2026-12,2.2304,2026,10
-6.5,-59.5,2,2026-12,2.3461,2026,10
-6.5,-58.5,2,2026-12,2.4645,2026,10
-6.5,-57.5,2,2026-12,2.757,2026,10
-6.5,-56.5,2,2026-12,3.1554,2026,10
-6.5,-55.5,2,2026-12,3.4523,2026,10
-6.5,-54.5,2,2026-12,3.6772,2026,10
-6.5,-53.5,2,2026-12,3.8629,2026,10
-6.5,-52.5,2,2026-12,3.8922,2026,10
-6.5,-51.5,2,2026-12,4.1823,2026,10
-6.5,-50.5,2,2026-12,4.1264,2026,10
-6.5,-49.5,2,2026-12,4.425,2026,10
-6.5,-48.5,2,2026-12,4.4601,2026,10
-6.5,-47.5,2,2026-12,4.1823,2026,10
-6.5,-46.5,2,2026-12,3.5519,2026,10
-6.5,-45.5,2,2026-12,3.2301,2026,10
-6.5,-44.5,2,2026-12,2.9811,2026,10
-6.5,-43.5,2,2026-12,2.7497,2026,10
-6.5,-42.5,2,2026-12,2.5512,2026,10
-6.5,-41.5,2,2026-12,2.0915,2026,10
-6.5,-40.5,2,2026-12,1.5714,2026,10
-6.5,-39.5,2,2026-12,1.3036,2026,10
-6.5,-38.5,2,2026-12,1.1635,2026,10
-6.5,-37.5,2,2026-12,1.1242,2026,10
-6.5,-36.5,2,2026-12,1.1361,2026,10
-6.5,-35.5,2,2026-12,1.1161,2026,10
-6.5,-34.5,2,2026-12,0.8913,2026,10
-6.5,-33.5,2,2026-12,0.839,2026,10
-6.5,-32.5,2,2026-12,0.8075,2026,10
-6.5,-31.5,2,2026-12,0.7858,2026,10
-6.5,-30.5,2,2026-12,0.7946,2026,10
-7.5,-89.5,2,2026-12,4.1586,2026,10
-7.5,-88.5,2,2026-12,4.2555,2026,10
-7.5,-87.5,2,2026-12,4.3444,2026,10
-7.5,-86.5,2,2026-12,4.4228,2026,10
-7.5,-85.5,2,2026-12,4.5668,2026,10
-7.5,-84.5,2,2026-12,4.8261,2026,10
-7.5,-83.5,2,2026-12,5.1264,2026,10
-7.5,-82.5,2,2026-12,5.5016,2026,10
-7.5,-81.5,2,2026-12,5.8056,2026,10
-7.5,-80.5,2,2026-12,6.4384,2026,10
-7.5,-79.5,2,2026-12,5.7956,2026,10
-7.5,-78.5,2,2026-12,1.6181,2026,10
-7.5,-77.5,2,2026-12,1.4345,2026,10
-7.5,-76.5,2,2026-12,1.7194,2026,10
-7.5,-75.5,2,2026-12,1.8336,2026,10
-7.5,-74.5,2,2026-12,1.8234,2026,10
-7.5,-73.5,2,2026-12,1.7965,2026,10
-7.5,-72.5,2,2026-12,1.7721,2026,10
-7.5,-71.5,2,2026-12,1.7738,2026,10
-7.5,-70.5,2,2026-12,1.7392,2026,10
-7.5,-69.5,2,2026-12,1.7565,2026,10
-7.5,-68.5,2,2026-12,1.7648,2026,10
-7.5,-67.5,2,2026-12,1.8014,2026,10
-7.5,-66.5,2,2026-12,1.8571,2026,10
-7.5,-65.5,2,2026-12,1.9203,2026,10
-7.5,-64.5,2,2026-12,2.0158,2026,10
-7.5,-63.5,2,2026-12,2.0988,2026,10
-7.5,-62.5,2,2026-12,2.1388,2026,10
-7.5,-61.5,2,2026-12,2.196,2026,10
-7.5,-60.5,2,2026-12,2.2096,2026,10
-7.5,-59.5,2,2026-12,2.2616,2026,10
-7.5,-58.5,2,2026-12,2.3681,2026,10
-7.5,-57.5,2,2026-12,2.5556,2026,10
-7.5,-56.5,2,2026-12,2.9279,2026,10
-7.5,-55.5,2,2026-12,3.1481,2026,10
-7.5,-54.5,2,2026-12,3.382,2026,10
-7.5,-53.5,2,2026-12,3.4108,2026,10
-7.5,-52.5,2,2026-12,3.454,2026,10
-7.5,-51.5,2,2026-12,3.6122,2026,10
-7.5,-50.5,2,2026-12,3.8087,2026,10
-7.5,-49.5,2,2026-12,3.9677,2026,10
-7.5,-48.5,2,2026-12,4.236,2026,10
-7.5,-47.5,2,2026-12,4.1784,2026,10
-7.5,-46.5,2,2026-12,3.8578,2026,10
-7.5,-45.5,2,2026-12,3.6166,2026,10
-7.5,-44.5,2,2026-12,3.3791,2026,10
-7.5,-43.5,2,2026-12,3.1713,2026,10
-7.5,-42.5,2,2026-12,2.9147,2026,10
-7.5,-41.5,2,2026-12,2.4672,2026,10
-7.5,-40.5,2,2026-12,2.0797,2026,10
-7.5,-39.5,2,2026-12,1.8476,2026,10
-7.5,-38.5,2,2026-12,1.5551,2026,10
-7.5,-37.5,2,2026-12,1.3986,2026,10
-7.5,-36.5,2,2026-12,1.3151,2026,10
-7.5,-35.5,2,2026-12,1.319,2026,10
-7.5,-34.5,2,2026-12,0.9618,2026,10
-7.5,-33.5,2,2026-12,0.9213,2026,10
-7.5,-32.5,2,2026-12,0.9228,2026,10
-7.5,-31.5,2,2026-12,0.9333,2026,10
-7.5,-30.5,2,2026-12,0.9494,2026,10
-8.5,-89.5,2,2026-12,3.9123,2026,10
-8.5,-88.5,2,2026-12,4.0302,2026,10
-8.5,-87.5,2,2026-12,4.1291,2026,10
-8.5,-86.5,2,2026-12,4.2006,2026,10
-8.5,-85.5,2,2026-12,4.2902,2026,10
-8.5,-84.5,2,2026-12,4.4879,2026,10
-8.5,-83.5,2,2026-12,4.7899,2026,10
-8.5,-82.5,2,2026-12,5.1798,2026,10
-8.5,-81.5,2,2026-12,5.5548,2026,10
-8.5,-80.5,2,2026-12,6.0468,2026,10
-8.5,-79.5,2,2026-12,6.6134,2026,10
-8.5,-78.5,2,2026-12,2.8925,2026,10
-8.5,-77.5,2,2026-12,1.5529,2026,10
-8.5,-76.5,2,2026-12,1.599,2026,10
-8.5,-75.5,2,2026-12,1.8014,2026,10
-8.5,-74.5,2,2026-12,1.8903,2026,10
-8.5,-73.5,2,2026-12,1.8974,2026,10
-8.5,-72.5,2,2026-12,1.8559,2026,10
-8.5,-71.5,2,2026-12,1.8339,2026,10
-8.5,-70.5,2,2026-12,1.8166,2026,10
-8.5,-69.5,2,2026-12,1.8197,2026,10
-8.5,-68.5,2,2026-12,1.8278,2026,10
-8.5,-67.5,2,2026-12,1.8554,2026,10
-8.5,-66.5,2,2026-12,1.9408,2026,10
-8.5,-65.5,2,2026-12,1.9801,2026,10
-8.5,-64.5,2,2026-12,2.0458,2026,10
-8.5,-63.5,2,2026-12,2.1215,2026,10
-8.5,-62.5,2,2026-12,2.1835,2026,10
-8.5,-61.5,2,2026-12,2.2221,2026,10
-8.5,-60.5,2,2026-12,2.2575,2026,10
-8.5,-59.5,2,2026-12,2.255,2026,10
-8.5,-58.5,2,2026-12,2.3153,2026,10
-8.5,-57.5,2,2026-12,2.3986,2026,10
-8.5,-56.5,2,2026-12,2.6418,2026,10
-8.5,-55.5,2,2026-12,3.0424,2026,10
-8.5,-54.5,2,2026-12,3.1781,2026,10
-8.5,-53.5,2,2026-12,3.1508,2026,10
-8.5,-52.5,2,2026-12,3.0282,2026,10
-8.5,-51.5,2,2026-12,3.0275,2026,10
-8.5,-50.5,2,2026-12,3.383,2026,10
-8.5,-49.5,2,2026-12,3.7733,2026,10
-8.5,-48.5,2,2026-12,3.9257,2026,10
-8.5,-47.5,2,2026-12,3.8029,2026,10
-8.5,-46.5,2,2026-12,3.8017,2026,10
-8.5,-45.5,2,2026-12,3.6127,2026,10
-8.5,-44.5,2,2026-12,3.4206,2026,10
-8.5,-43.5,2,2026-12,3.1549,2026,10
-8.5,-42.5,2,2026-12,2.7836,2026,10
-8.5,-41.5,2,2026-12,2.5045,2026,10
-8.5,-40.5,2,2026-12,2.2982,2026,10
-8.5,-39.5,2,2026-12,2.0868,2026,10
-8.5,-38.5,2,2026-12,1.9491,2026,10
-8.5,-37.5,2,2026-12,1.6955,2026,10
-8.5,-36.5,2,2026-12,1.5219,2026,10
-8.5,-35.5,2,2026-12,1.2982,2026,10
-8.5,-34.5,2,2026-12,0.9591,2026,10
-8.5,-33.5,2,2026-12,0.9689,2026,10
-8.5,-32.5,2,2026-12,0.9738,2026,10
-8.5,-31.5,2,2026-12,0.9811,2026,10
-8.5,-30.5,2,2026-12,0.9911,2026,10
-9.5,-89.5,2,2026-12,3.6073,2026,10
-9.5,-88.5,2,2026-12,3.7821,2026,10
-9.5,-87.5,2,2026-12,3.9569,2026,10
-9.5,-86.5,2,2026-12,4.0648,2026,10
-9.5,-85.5,2,2026-12,4.1022,2026,10
-9.5,-84.5,2,2026-12,4.1703,2026,10
-9.5,-83.5,2,2026-12,4.4147,2026,10
-9.5,-82.5,2,2026-12,4.8256,2026,10
-9.5,-81.5,2,2026-12,5.4652,2026,10
-9.5,-80.5,2,2026-12,5.6884,2026,10
-9.5,-79.5,2,2026-12,6.0758,2026,10
-9.5,-78.5,2,2026-12,5.538,2026,10
-9.5,-77.5,2,2026-12,1.5937,2026,10
-9.5,-76.5,2,2026-12,1.599,2026,10
-9.5,-75.5,2,2026-12,1.6999,2026,10
-9.5,-74.5,2,2026-12,1.8061,2026,10
-9.5,-73.5,2,2026-12,1.9652,2026,10
-9.5,-72.5,2,2026-12,1.8852,2026,10
-9.5,-71.5,2,2026-12,1.8732,2026,10
-9.5,-70.5,2,2026-12,1.8695,2026,10
-9.5,-69.5,2,2026-12,1.8739,2026,10
-9.5,-68.5,2,2026-12,1.9557,2026,10
-9.5,-67.5,2,2026-12,1.9897,2026,10
-9.5,-66.5,2,2026-12,1.9962,2026,10
-9.5,-65.5,2,2026-12,2.0378,2026,10
-9.5,-64.5,2,2026-12,2.0832,2026,10
-9.5,-63.5,2,2026-12,2.2043,2026,10
-9.5,-62.5,2,2026-12,2.2196,2026,10
-9.5,-61.5,2,2026-12,2.2304,2026,10
-9.5,-60.5,2,2026-12,2.2721,2026,10
-9.5,-59.5,2,2026-12,2.2978,2026,10
-9.5,-58.5,2,2026-12,2.2694,2026,10
-9.5,-57.5,2,2026-12,2.3483,2026,10
-9.5,-56.5,2,2026-12,2.4618,2026,10
-9.5,-55.5,2,2026-12,2.6288,2026,10
-9.5,-54.5,2,2026-12,2.8837,2026,10
-9.5,-53.5,2,2026-12,3.0136,2026,10
-9.5,-52.5,2,2026-12,2.9765,2026,10
-9.5,-51.5,2,2026-12,2.8564,2026,10
-9.5,-50.5,2,2026-12,3.088,2026,10
-9.5,-49.5,2,2026-12,3.5497,2026,10
-9.5,-48.5,2,2026-12,3.6354,2026,10
-9.5,-47.5,2,2026-12,3.6603,2026,10
-9.5,-46.5,2,2026-12,3.7721,2026,10
-9.5,-45.5,2,2026-12,3.6271,2026,10
-9.5,-44.5,2,2026-12,3.4357,2026,10
-9.5,-43.5,2,2026-12,3.0421,2026,10
-9.5,-42.5,2,2026-12,2.5802,2026,10
-9.5,-41.5,2,2026-12,2.2738,2026,10
-9.5,-40.5,2,2026-12,2.3048,2026,10
-9.5,-39.5,2,2026-12,2.1491,2026,10
-9.5,-38.5,2,2026-12,1.9208,2026,10
-9.5,-37.5,2,2026-12,1.9318,2026,10
-9.5,-36.5,2,2026-12,1.8261,2026,10
-9.5,-35.5,2,2026-12,1.1591,2026,10
-9.5,-34.5,2,2026-12,0.9706,2026,10
-9.5,-33.5,2,2026-12,1.0085,2026,10
-9.5,-32.5,2,2026-12,1.0128,2026,10
-9.5,-31.5,2,2026-12,1.0031,2026,10
-9.5,-30.5,2,2026-12,1.0004,2026,10
-10.5,-89.5,2,2026-12,3.2707,2026,10
-10.5,-88.5,2,2026-12,3.4684,2026,10
-10.5,-87.5,2,2026-12,3.7199,2026,10
-10.5,-86.5,2,2026-12,3.8947,2026,10
-10.5,-85.5,2,2026-12,3.9357,2026,10
-10.5,-84.5,2,2026-12,3.9521,2026,10
-10.5,-83.5,2,2026-12,4.1205,2026,10
-10.5,-82.5,2,2026-12,4.4879,2026,10
-10.5,-81.5,2,2026-12,4.9801,2026,10
-10.5,-80.5,2,2026-12,5.4086,2026,10
-10.5,-79.5,2,2026-12,5.8488,2026,10
-10.5,-78.5,2,2026-12,6.3468,2026,10
-10.5,-77.5,2,2026-12,2.4294,2026,10
-10.5,-76.5,2,2026-12,1.6266,2026,10
-10.5,-75.5,2,2026-12,1.5893,2026,10
-10.5,-74.5,2,2026-12,1.7143,2026,10
-10.5,-73.5,2,2026-12,1.9455,2026,10
-10.5,-72.5,2,2026-12,1.9088,2026,10
-10.5,-71.5,2,2026-12,1.904,2026,10
-10.5,-70.5,2,2026-12,1.9452,2026,10
-10.5,-69.5,2,2026-12,1.9809,2026,10
-10.5,-68.5,2,2026-12,2.0209,2026,10
-10.5,-67.5,2,2026-12,2.0204,2026,10
-10.5,-66.5,2,2026-12,1.9958,2026,10
-10.5,-65.5,2,2026-12,2.07,2026,10
-10.5,-64.5,2,2026-12,2.0756,2026,10
-10.5,-63.5,2,2026-12,2.1178,2026,10
-10.5,-62.5,2,2026-12,2.2211,2026,10
-10.5,-61.5,2,2026-12,2.2231,2026,10
-10.5,-60.5,2,2026-12,2.2636,2026,10
-10.5,-59.5,2,2026-12,2.248,2026,10
-10.5,-58.5,2,2026-12,2.2882,2026,10
-10.5,-57.5,2,2026-12,2.3429,2026,10
-10.5,-56.5,2,2026-12,2.4149,2026,10
-10.5,-55.5,2,2026-12,2.5055,2026,10
-10.5,-54.5,2,2026-12,2.5907,2026,10
-10.5,-53.5,2,2026-12,2.7707,2026,10
-10.5,-52.5,2,2026-12,2.8444,2026,10
-10.5,-51.5,2,2026-12,2.911,2026,10
-10.5,-50.5,2,2026-12,3.0863,2026,10
-10.5,-49.5,2,2026-12,3.3832,2026,10
-10.5,-48.5,2,2026-12,3.424,2026,10
-10.5,-47.5,2,2026-12,3.6415,2026,10
-10.5,-46.5,2,2026-12,3.7543,2026,10
-10.5,-45.5,2,2026-12,3.5951,2026,10
-10.5,-44.5,2,2026-12,3.3898,2026,10
-10.5,-43.5,2,2026-12,3.0836,2026,10
-10.5,-42.5,2,2026-12,2.725,2026,10
-10.5,-41.5,2,2026-12,2.4125,2026,10
-10.5,-40.5,2,2026-12,2.2604,2026,10
-10.5,-39.5,2,2026-12,2.1244,2026,10
-10.5,-38.5,2,2026-12,2.069,2026,10
-10.5,-37.5,2,2026-12,2.0683,2026,10
-10.5,-36.5,2,2026-12,1.3095,2026,10
-10.5,-35.5,2,2026-12,0.9279,2026,10
-10.5,-34.5,2,2026-12,0.9872,2026,10
-10.5,-33.5,2,2026-12,1.0248,2026,10
-10.5,-32.5,2,2026-12,1.0431,2026,10
-10.5,-31.5,2,2026-12,1.0287,2026,10
-10.5,-30.5,2,2026-12,1.0038,2026,10
-11.5,-89.5,2,2026-12,2.9435,2026,10
-11.5,-88.5,2,2026-12,3.1269,2026,10
-11.5,-87.5,2,2026-12,3.3903,2026,10
-11.5,-86.5,2,2026-12,3.6303,2026,10
-11.5,-85.5,2,2026-12,3.7487,2026,10
-11.5,-84.5,2,2026-12,3.7558,2026,10
-11.5,-83.5,2,2026-12,3.8383,2026,10
-11.5,-82.5,2,2026-12,4.0966,2026,10
-11.5,-81.5,2,2026-12,4.5231,2026,10
-11.5,-80.5,2,2026-12,5.2001,2026,10
-11.5,-79.5,2,2026-12,5.536,2026,10
-11.5,-78.5,2,2026-12,5.9611,2026,10
-11.5,-77.5,2,2026-12,5.3781,2026,10
-11.5,-76.5,2,2026-12,1.3698,2026,10
-11.5,-75.5,2,2026-12,1.6205,2026,10
-11.5,-74.5,2,2026-12,1.6374,2026,10
-11.5,-73.5,2,2026-12,1.7184,2026,10
-11.5,-72.5,2,2026-12,1.817,2026,10
-11.5,-71.5,2,2026-12,1.9474,2026,10
-11.5,-70.5,2,2026-12,1.9696,2026,10
-11.5,-69.5,2,2026-12,2.0285,2026,10
-11.5,-68.5,2,2026-12,2.0404,2026,10
-11.5,-67.5,2,2026-12,2.038,2026,10
-11.5,-66.5,2,2026-12,2.0736,2026,10
-11.5,-65.5,2,2026-12,2.0424,2026,10
-11.5,-64.5,2,2026-12,2.0531,2026,10
-11.5,-63.5,2,2026-12,2.0641,2026,10
-11.5,-62.5,2,2026-12,2.1886,2026,10
-11.5,-61.5,2,2026-12,2.2384,2026,10
-11.5,-60.5,2,2026-12,2.1435,2026,10
-11.5,-59.5,2,2026-12,2.1322,2026,10
-11.5,-58.5,2,2026-12,2.3014,2026,10
-11.5,-57.5,2,2026-12,2.3566,2026,10
-11.5,-56.5,2,2026-12,2.404,2026,10
-11.5,-55.5,2,2026-12,2.4618,2026,10
-11.5,-54.5,2,2026-12,2.5404,2026,10
-11.5,-53.5,2,2026-12,2.6415,2026,10
-11.5,-52.5,2,2026-12,2.765,2026,10
-11.5,-51.5,2,2026-12,3.0194,2026,10
-11.5,-50.5,2,2026-12,3.0815,2026,10
-11.5,-49.5,2,2026-12,3.3412,2026,10
-11.5,-48.5,2,2026-12,3.6278,2026,10
-11.5,-47.5,2,2026-12,3.6737,2026,10
-11.5,-46.5,2,2026-12,3.6566,2026,10
-11.5,-45.5,2,2026-12,3.5858,2026,10
-11.5,-44.5,2,2026-12,3.3012,2026,10
-11.5,-43.5,2,2026-12,3.1435,2026,10
-11.5,-42.5,2,2026-12,2.7443,2026,10
-11.5,-41.5,2,2026-12,2.3605,2026,10
-11.5,-40.5,2,2026-12,2.2589,2026,10
-11.5,-39.5,2,2026-12,2.3842,2026,10
-11.5,-38.5,2,2026-12,2.3136,2026,10
-11.5,-37.5,2,2026-12,1.5307,2026,10
-11.5,-36.5,2,2026-12,0.933,2026,10
-11.5,-35.5,2,2026-12,0.9626,2026,10
-11.5,-34.5,2,2026-12,0.9972,2026,10
-11.5,-33.5,2,2026-12,1.0148,2026,10
-11.5,-32.5,2,2026-12,1.0407,2026,10
-11.5,-31.5,2,2026-12,1.0526,2026,10
-11.5,-30.5,2,2026-12,1.0434,2026,10
-12.5,-89.5,2,2026-12,2.6881,2026,10
-12.5,-88.5,2,2026-12,2.8503,2026,10
-12.5,-87.5,2,2026-12,3.0714,2026,10
-12.5,-86.5,2,2026-12,3.2856,2026,10
-12.5,-85.5,2,2026-12,3.3908,2026,10
-12.5,-84.5,2,2026-12,3.4284,2026,10
-12.5,-83.5,2,2026-12,3.5531,2026,10
-12.5,-82.5,2,2026-12,3.8234,2026,10
-12.5,-81.5,2,2026-12,4.2099,2026,10
-12.5,-80.5,2,2026-12,4.6884,2026,10
-12.5,-79.5,2,2026-12,5.1732,2026,10
-12.5,-78.5,2,2026-12,5.6982,2026,10
-12.5,-77.5,2,2026-12,6.1825,2026,10
-12.5,-76.5,2,2026-12,2.9123,2026,10
-12.5,-75.5,2,2026-12,1.6242,2026,10
-12.5,-74.5,2,2026-12,1.6254,2026,10
-12.5,-73.5,2,2026-12,1.6161,2026,10
-12.5,-72.5,2,2026-12,1.6906,2026,10
-12.5,-71.5,2,2026-12,1.7812,2026,10
-12.5,-70.5,2,2026-12,1.8446,2026,10
-12.5,-69.5,2,2026-12,1.8246,2026,10
-12.5,-68.5,2,2026-12,1.8891,2026,10
-12.5,-67.5,2,2026-12,2.0077,2026,10
-12.5,-66.5,2,2026-12,2.0856,2026,10
-12.5,-65.5,2,2026-12,1.9586,2026,10
-12.5,-64.5,2,2026-12,1.9867,2026,10
-12.5,-63.5,2,2026-12,2.0561,2026,10
-12.5,-62.5,2,2026-12,2.1315,2026,10
-12.5,-61.5,2,2026-12,2.1715,2026,10
-12.5,-60.5,2,2026-12,2.1003,2026,10
-12.5,-59.5,2,2026-12,2.0956,2026,10
-12.5,-58.5,2,2026-12,2.2082,2026,10
-12.5,-57.5,2,2026-12,2.3498,2026,10
-12.5,-56.5,2,2026-12,2.4372,2026,10
-12.5,-55.5,2,2026-12,2.485,2026,10
-12.5,-54.5,2,2026-12,2.5241,2026,10
-12.5,-53.5,2,2026-12,2.6413,2026,10
-12.5,-52.5,2,2026-12,2.694,2026,10
-12.5,-51.5,2,2026-12,2.914,2026,10
-12.5,-50.5,2,2026-12,3.1435,2026,10
-12.5,-49.5,2,2026-12,3.3752,2026,10
-12.5,-48.5,2,2026-12,3.5329,2026,10
-12.5,-47.5,2,2026-12,3.7348,2026,10
-12.5,-46.5,2,2026-12,3.664,2026,10
-12.5,-45.5,2,2026-12,3.6291,2026,10
-12.5,-44.5,2,2026-12,3.4538,2026,10
-12.5,-43.5,2,2026-12,3.2104,2026,10
-12.5,-42.5,2,2026-12,2.7091,2026,10
-12.5,-41.5,2,2026-12,2.1554,2026,10
-12.5,-40.5,2,2026-12,2.3075,2026,10
-12.5,-39.5,2,2026-12,2.3056,2026,10
-12.5,-38.5,2,2026-12,1.8803,2026,10
-12.5,-37.5,2,2026-12,1.0878,2026,10
-12.5,-36.5,2,2026-12,0.9909,2026,10
-12.5,-35.5,2,2026-12,0.9953,2026,10
-12.5,-34.5,2,2026-12,1.008,2026,10
-12.5,-33.5,2,2026-12,1.0336,2026,10
-12.5,-32.5,2,2026-12,1.0568,2026,10
-12.5,-31.5,2,2026-12,1.0863,2026,10
-12.5,-30.5,2,2026-12,1.1054,2026,10
-13.5,-89.5,2,2026-12,2.442,2026,10
-13.5,-88.5,2,2026-12,2.5692,2026,10
-13.5,-87.5,2,2026-12,2.6881,2026,10
-13.5,-86.5,2,2026-12,2.8056,2026,10
-13.5,-85.5,2,2026-12,2.9713,2026,10
-13.5,-84.5,2,2026-12,3.1103,2026,10
-13.5,-83.5,2,2026-12,3.2668,2026,10
-13.5,-82.5,2,2026-12,3.4938,2026,10
-13.5,-81.5,2,2026-12,3.7924,2026,10
-13.5,-80.5,2,2026-12,4.2707,2026,10
-13.5,-79.5,2,2026-12,4.7965,2026,10
-13.5,-78.5,2,2026-12,5.174,2026,10
-13.5,-77.5,2,2026-12,5.8131,2026,10
-13.5,-76.5,2,2026-12,5.5243,2026,10
-13.5,-75.5,2,2026-12,1.9372,2026,10
-13.5,-74.5,2,2026-12,1.8544,2026,10
-13.5,-73.5,2,2026-12,1.6435,2026,10
-13.5,-72.5,2,2026-12,1.6183,2026,10
-13.5,-71.5,2,2026-12,1.7211,2026,10
-13.5,-70.5,2,2026-12,1.7309,2026,10
-13.5,-69.5,2,2026-12,1.6515,2026,10
-13.5,-68.5,2,2026-12,1.6689,2026,10
-13.5,-67.5,2,2026-12,1.8236,2026,10
-13.5,-66.5,2,2026-12,1.9001,2026,10
-13.5,-65.5,2,2026-12,1.8515,2026,10
-13.5,-64.5,2,2026-12,1.8756,2026,10
-13.5,-63.5,2,2026-12,1.9794,2026,10
-13.5,-62.5,2,2026-12,2.1606,2026,10
-13.5,-61.5,2,2026-12,2.2328,2026,10
-13.5,-60.5,2,2026-12,2.1742,2026,10
-13.5,-59.5,2,2026-12,2.1003,2026,10
-13.5,-58.5,2,2026-12,2.0951,2026,10
-13.5,-57.5,2,2026-12,2.2338,2026,10
-13.5,-56.5,2,2026-12,2.3515,2026,10
-13.5,-55.5,2,2026-12,2.4225,2026,10
-13.5,-54.5,2,2026-12,2.4643,2026,10
-13.5,-53.5,2,2026-12,2.5768,2026,10
-13.5,-52.5,2,2026-12,2.6689,2026,10
-13.5,-51.5,2,2026-12,2.8935,2026,10
-13.5,-50.5,2,2026-12,3.1337,2026,10
-13.5,-49.5,2,2026-12,3.3009,2026,10
-13.5,-48.5,2,2026-12,3.2921,2026,10
-13.5,-47.5,2,2026-12,3.352,2026,10
-13.5,-46.5,2,2026-12,3.4672,2026,10
-13.5,-45.5,2,2026-12,3.5246,2026,10
-13.5,-44.5,2,2026-12,3.382,2026,10
-13.5,-43.5,2,2026-12,3.2404,2026,10
-13.5,-42.5,2,2026-12,2.7692,2026,10
-13.5,-41.5,2,2026-12,2.3261,2026,10
-13.5,-40.5,2,2026-12,2.0829,2026,10
-13.5,-39.5,2,2026-12,1.7843,2026,10
-13.5,-38.5,2,2026-12,1.0502,2026,10
-13.5,-37.5,2,2026-12,1.0314,2026,10
-13.5,-36.5,2,2026-12,1.0299,2026,10
-13.5,-35.5,2,2026-12,1.0421,2026,10
-13.5,-34.5,2,2026-12,1.0414,2026,10
-13.5,-33.5,2,2026-12,1.0534,2026,10
-13.5,-32.5,2,2026-12,1.0766,2026,10
-13.5,-31.5,2,2026-12,1.1054,2026,10
-13.5,-30.5,2,2026-12,1.122,2026,10
-14.5,-89.5,2,2026-12,2.2785,2026,10
-14.5,-88.5,2,2026-12,2.3461,2026,10
-14.5,-87.5,2,2026-12,2.442,2026,10
-14.5,-86.5,2,2026-12,2.5636,2026,10
-14.5,-85.5,2,2026-12,2.6825,2026,10
-14.5,-84.5,2,2026-12,2.8019,2026,10
-14.5,-83.5,2,2026-12,2.9228,2026,10
-14.5,-82.5,2,2026-12,3.0534,2026,10
-14.5,-81.5,2,2026-12,3.3437,2026,10
-14.5,-80.5,2,2026-12,3.7421,2026,10
-14.5,-79.5,2,2026-12,4.1125,2026,10
-14.5,-78.5,2,2026-12,4.423,2026,10
-14.5,-77.5,2,2026-12,5.019,2026,10
-14.5,-76.5,2,2026-12,5.6093,2026,10
-14.5,-75.5,2,2026-12,3.3329,2026,10
-14.5,-74.5,2,2026-12,1.8156,2026,10
-14.5,-73.5,2,2026-12,1.7995,2026,10
-14.5,-72.5,2,2026-12,1.8678,2026,10
-14.5,-71.5,2,2026-12,1.9919,2026,10
-14.5,-70.5,2,2026-12,1.974,2026,10
-14.5,-69.5,2,2026-12,1.7079,2026,10
-14.5,-68.5,2,2026-12,1.5902,2026,10
-14.5,-67.5,2,2026-12,1.7255,2026,10
-14.5,-66.5,2,2026-12,1.7692,2026,10
-14.5,-65.5,2,2026-12,1.757,2026,10
-14.5,-64.5,2,2026-12,1.7968,2026,10
-14.5,-63.5,2,2026-12,1.9098,2026,10
-14.5,-62.5,2,2026-12,2.1298,2026,10
-14.5,-61.5,2,2026-12,2.2436,2026,10
-14.5,-60.5,2,2026-12,2.1659,2026,10
-14.5,-59.5,2,2026-12,2.2165,2026,10
-14.5,-58.5,2,2026-12,2.0805,2026,10
-14.5,-57.5,2,2026-12,2.1996,2026,10
-14.5,-56.5,2,2026-12,2.3524,2026,10
-14.5,-55.5,2,2026-12,2.3346,2026,10
-14.5,-54.5,2,2026-12,2.3864,2026,10
-14.5,-53.5,2,2026-12,2.5575,2026,10
-14.5,-52.5,2,2026-12,2.7062,2026,10
-14.5,-51.5,2,2026-12,2.9254,2026,10
-14.5,-50.5,2,2026-12,3.1374,2026,10
-14.5,-49.5,2,2026-12,3.2113,2026,10
-14.5,-48.5,2,2026-12,2.9696,2026,10
-14.5,-47.5,2,2026-12,2.9584,2026,10
-14.5,-46.5,2,2026-12,3.3483,2026,10
-14.5,-45.5,2,2026-12,3.3485,2026,10
-14.5,-44.5,2,2026-12,3.339,2026,10
-14.5,-43.5,2,2026-12,3.1449,2026,10
-14.5,-42.5,2,2026-12,2.6696,2026,10
-14.5,-41.5,2,2026-12,2.3949,2026,10
-14.5,-40.5,2,2026-12,1.9547,2026,10
-14.5,-39.5,2,2026-12,1.7926,2026,10
-14.5,-38.5,2,2026-12,1.0612,2026,10
-14.5,-37.5,2,2026-12,1.0617,2026,10
-14.5,-36.5,2,2026-12,1.0946,2026,10
-14.5,-35.5,2,2026-12,1.1098,2026,10
-14.5,-34.5,2,2026-12,1.1071,2026,10
-14.5,-33.5,2,2026-12,1.0915,2026,10
-14.5,-32.5,2,2026-12,1.1125,2026,10
-14.5,-31.5,2,2026-12,1.1437,2026,10
-14.5,-30.5,2,2026-12,1.1664,2026,10
-15.5,-89.5,2,2026-12,2.1388,2026,10
-15.5,-88.5,2,2026-12,2.1896,2026,10
-15.5,-87.5,2,2026-12,2.2773,2026,10
-15.5,-86.5,2,2026-12,2.3671,2026,10
-15.5,-85.5,2,2026-12,2.4599,2026,10
-15.5,-84.5,2,2026-12,2.5507,2026,10
-15.5,-83.5,2,2026-12,2.6122,2026,10
-15.5,-82.5,2,2026-12,2.6481,2026,10
-15.5,-81.5,2,2026-12,2.8232,2026,10
-15.5,-80.5,2,2026-12,3.1269,2026,10
-15.5,-79.5,2,2026-12,3.5294,2026,10
-15.5,-78.5,2,2026-12,3.7755,2026,10
-15.5,-77.5,2,2026-12,3.9799,2026,10
-15.5,-76.5,2,2026-12,4.3524,2026,10
-15.5,-75.5,2,2026-12,4.7394,2026,10
-15.5,-74.5,2,2026-12,2.9562,2026,10
-15.5,-73.5,2,2026-12,1.7204,2026,10
-15.5,-72.5,2,2026-12,1.7379,2026,10
-15.5,-71.5,2,2026-12,1.8705,2026,10
-15.5,-70.5,2,2026-12,2.1059,2026,10
-15.5,-69.5,2,2026-12,1.984,2026,10
-15.5,-68.5,2,2026-12,1.5995,2026,10
-15.5,-67.5,2,2026-12,1.4596,2026,10
-15.5,-66.5,2,2026-12,1.6,2026,10
-15.5,-65.5,2,2026-12,1.6144,2026,10
-15.5,-64.5,2,2026-12,1.5644,2026,10
-15.5,-63.5,2,2026-12,1.7086,2026,10
-15.5,-62.5,2,2026-12,1.8749,2026,10
-15.5,-61.5,2,2026-12,1.9875,2026,10
-15.5,-60.5,2,2026-12,2.1339,2026,10
-15.5,-59.5,2,2026-12,2.1925,2026,10
-15.5,-58.5,2,2026-12,2.2543,2026,10
-15.5,-57.5,2,2026-12,2.2704,2026,10
-15.5,-56.5,2,2026-12,2.4989,2026,10
-15.5,-55.5,2,2026-12,2.4294,2026,10
-15.5,-54.5,2,2026-12,2.3102,2026,10
-15.5,-53.5,2,2026-12,2.3378,2026,10
-15.5,-52.5,2,2026-12,2.5609,2026,10
-15.5,-51.5,2,2026-12,2.84,2026,10
-15.5,-50.5,2,2026-12,2.9777,2026,10
-15.5,-49.5,2,2026-12,2.9245,2026,10
-15.5,-48.5,2,2026-12,2.9218,2026,10
-15.5,-47.5,2,2026-12,2.8573,2026,10
-15.5,-46.5,2,2026-12,2.9953,2026,10
-15.5,-45.5,2,2026-12,3.1847,2026,10
-15.5,-44.5,2,2026-12,3.153,2026,10
-15.5,-43.5,2,2026-12,3.0985,2026,10
-15.5,-42.5,2,2026-12,2.6779,2026,10
-15.5,-41.5,2,2026-12,2.4037,2026,10
-15.5,-40.5,2,2026-12,2.2565,2026,10
-15.5,-39.5,2,2026-12,1.9699,2026,10
-15.5,-38.5,2,2026-12,1.1354,2026,10
-15.5,-37.5,2,2026-12,1.1327,2026,10
-15.5,-36.5,2,2026-12,1.1581,2026,10
-15.5,-35.5,2,2026-12,1.1679,2026,10
-15.5,-34.5,2,2026-12,1.1657,2026,10
-15.5,-33.5,2,2026-12,1.1432,2026,10
-15.5,-32.5,2,2026-12,1.1579,2026,10
-15.5,-31.5,2,2026-12,1.1962,2026,10
-15.5,-30.5,2,2026-12,1.2484,2026,10
-16.5,-89.5,2,2026-12,2.0683,2026,10
-16.5,-88.5,2,2026-12,2.0956,2026,10
-16.5,-87.5,2,2026-12,2.1432,2026,10
-16.5,-86.5,2,2026-12,2.192,2026,10
-16.5,-85.5,2,2026-12,2.2394,2026,10
-16.5,-84.5,2,2026-12,2.3354,2026,10
-16.5,-83.5,2,2026-12,2.3607,2026,10
-16.5,-82.5,2,2026-12,2.3429,2026,10
-16.5,-81.5,2,2026-12,2.434,2026,10
-16.5,-80.5,2,2026-12,2.6288,2026,10
-16.5,-79.5,2,2026-12,2.8874,2026,10
-16.5,-78.5,2,2026-12,3.1178,2026,10
-16.5,-77.5,2,2026-12,3.0893,2026,10
-16.5,-76.5,2,2026-12,3.1293,2026,10
-16.5,-75.5,2,2026-12,3.4303,2026,10
-16.5,-74.5,2,2026-12,3.9596,2026,10
-16.5,-73.5,2,2026-12,3.621,2026,10
-16.5,-72.5,2,2026-12,2.9403,2026,10
-16.5,-71.5,2,2026-12,1.9416,2026,10
-16.5,-70.5,2,2026-12,1.8676,2026,10
-16.5,-69.5,2,2026-12,1.9523,2026,10
-16.5,-68.5,2,2026-12,1.9171,2026,10
-16.5,-67.5,2,2026-12,1.5329,2026,10
-16.5,-66.5,2,2026-12,1.5451,2026,10
-16.5,-65.5,2,2026-12,1.5597,2026,10
-16.5,-64.5,2,2026-12,1.4059,2026,10
-16.5,-63.5,2,2026-12,1.4726,2026,10
-16.5,-62.5,2,2026-12,1.5551,2026,10
-16.5,-61.5,2,2026-12,1.6896,2026,10
-16.5,-60.5,2,2026-12,1.8273,2026,10
-16.5,-59.5,2,2026-12,2.0539,2026,10
-16.5,-58.5,2,2026-12,2.2636,2026,10
-16.5,-57.5,2,2026-12,2.2846,2026,10
-16.5,-56.5,2,2026-12,2.3456,2026,10
-16.5,-55.5,2,2026-12,2.3542,2026,10
-16.5,-54.5,2,2026-12,2.258,2026,10
-16.5,-53.5,2,2026-12,2.2511,2026,10
-16.5,-52.5,2,2026-12,2.4191,2026,10
-16.5,-51.5,2,2026-12,2.6205,2026,10
-16.5,-50.5,2,2026-12,2.651,2026,10
-16.5,-49.5,2,2026-12,2.6054,2026,10
-16.5,-48.5,2,2026-12,2.5678,2026,10
-16.5,-47.5,2,2026-12,2.6295,2026,10
-16.5,-46.5,2,2026-12,2.8319,2026,10
-16.5,-45.5,2,2026-12,3.0085,2026,10
-16.5,-44.5,2,2026-12,2.984,2026,10
-16.5,-43.5,2,2026-12,2.8991,2026,10
-16.5,-42.5,2,2026-12,2.8305,2026,10
-16.5,-41.5,2,2026-12,2.5302,2026,10
-16.5,-40.5,2,2026-12,2.4025,2026,10
-16.5,-39.5,2,2026-12,1.9877,2026,10
-16.5,-38.5,2,2026-12,1.0678,2026,10
-16.5,-37.5,2,2026-12,1.1903,2026,10
-16.5,-36.5,2,2026-12,1.2392,2026,10
-16.5,-35.5,2,2026-12,1.2589,2026,10
-16.5,-34.5,2,2026-12,1.2585,2026,10
-16.5,-33.5,2,2026-12,1.2509,2026,10
-16.5,-32.5,2,2026-12,1.2455,2026,10
-16.5,-31.5,2,2026-12,1.2565,2026,10
-16.5,-30.5,2,2026-12,1.287,2026,10
-17.5,-89.5,2,2026-12,1.9884,2026,10
-17.5,-88.5,2,2026-12,2.0121,2026,10
-17.5,-87.5,2,2026-12,2.0502,2026,10
-17.5,-86.5,2,2026-12,2.0971,2026,10
-17.5,-85.5,2,2026-12,2.1266,2026,10
-17.5,-84.5,2,2026-12,2.1645,2026,10
-17.5,-83.5,2,2026-12,2.1774,2026,10
-17.5,-82.5,2,2026-12,2.1884,2026,10
-17.5,-81.5,2,2026-12,2.2233,2026,10
-17.5,-80.5,2,2026-12,2.2663,2026,10
-17.5,-79.5,2,2026-12,2.361,2026,10
-17.5,-78.5,2,2026-12,2.4394,2026,10
-17.5,-77.5,2,2026-12,2.38,2026,10
-17.5,-76.5,2,2026-12,2.4118,2026,10
-17.5,-75.5,2,2026-12,2.6239,2026,10
-17.5,-74.5,2,2026-12,2.6991,2026,10
-17.5,-73.5,2,2026-12,2.8293,2026,10
-17.5,-72.5,2,2026-12,3.1874,2026,10
-17.5,-71.5,2,2026-12,3.2631,2026,10
-17.5,-70.5,2,2026-12,2.1869,2026,10
-17.5,-69.5,2,2026-12,1.7702,2026,10
-17.5,-68.5,2,2026-12,2.0082,2026,10
-17.5,-67.5,2,2026-12,1.9709,2026,10
-17.5,-66.5,2,2026-12,2.2489,2026,10
-17.5,-65.5,2,2026-12,1.8275,2026,10
-17.5,-64.5,2,2026-12,1.2648,2026,10
-17.5,-63.5,2,2026-12,0.9894,2026,10
-17.5,-62.5,2,2026-12,1.007,2026,10
-17.5,-61.5,2,2026-12,1.2887,2026,10
-17.5,-60.5,2,2026-12,1.5978,2026,10
-17.5,-59.5,2,2026-12,1.892,2026,10
-17.5,-58.5,2,2026-12,2.0775,2026,10
-17.5,-57.5,2,2026-12,2.0732,2026,10
-17.5,-56.5,2,2026-12,2.2755,2026,10
-17.5,-55.5,2,2026-12,2.4135,2026,10
-17.5,-54.5,2,2026-12,2.268,2026,10
-17.5,-53.5,2,2026-12,2.1325,2026,10
-17.5,-52.5,2,2026-12,2.1303,2026,10
-17.5,-51.5,2,2026-12,2.1718,2026,10
-17.5,-50.5,2,2026-12,2.2257,2026,10
-17.5,-49.5,2,2026-12,2.4355,2026,10
-17.5,-48.5,2,2026-12,2.4582,2026,10
-17.5,-47.5,2,2026-12,2.5407,2026,10
-17.5,-46.5,2,2026-12,2.6874,2026,10
-17.5,-45.5,2,2026-12,2.8129,2026,10
-17.5,-44.5,2,2026-12,2.829,2026,10
-17.5,-43.5,2,2026-12,2.6623,2026,10
-17.5,-42.5,2,2026-12,2.5456,2026,10
-17.5,-41.5,2,2026-12,2.5795,2026,10
-17.5,-40.5,2,2026-12,2.6015,2026,10
-17.5,-39.5,2,2026-12,1.8847,2026,10
-17.5,-38.5,2,2026-12,1.0353,2026,10
-17.5,-37.5,2,2026-12,1.1923,2026,10
-17.5,-36.5,2,2026-12,1.297,2026,10
-17.5,-35.5,2,2026-12,1.3315,2026,10
-17.5,-34.5,2,2026-12,1.3451,2026,10
-17.5,-33.5,2,2026-12,1.3393,2026,10
-17.5,-32.5,2,2026-12,1.3097,2026,10
-17.5,-31.5,2,2026-12,1.3026,2026,10
-17.5,-30.5,2,2026-12,1.3192,2026,10
-18.5,-89.5,2,2026-12,1.9345,2026,10
-18.5,-88.5,2,2026-12,1.9574,2026,10
-18.5,-87.5,2,2026-12,1.9733,2026,10
-18.5,-86.5,2,2026-12,2.0004,2026,10
-18.5,-85.5,2,2026-12,2.0497,2026,10
-18.5,-84.5,2,2026-12,2.0741,2026,10
-18.5,-83.5,2,2026-12,2.0919,2026,10
-18.5,-82.5,2,2026-12,2.1,2026,10
-18.5,-81.5,2,2026-12,2.1029,2026,10
-18.5,-80.5,2,2026-12,2.071,2026,10
-18.5,-79.5,2,2026-12,2.0834,2026,10
-18.5,-78.5,2,2026-12,2.0883,2026,10
-18.5,-77.5,2,2026-12,2.1003,2026,10
-18.5,-76.5,2,2026-12,2.1256,2026,10
-18.5,-75.5,2,2026-12,2.2726,2026,10
-18.5,-74.5,2,2026-12,2.3554,2026,10
-18.5,-73.5,2,2026-12,2.4572,2026,10
-18.5,-72.5,2,2026-12,2.6815,2026,10
-18.5,-71.5,2,2026-12,3.3146,2026,10
-18.5,-70.5,2,2026-12,3.6813,2026,10
-18.5,-69.5,2,2026-12,1.7509,2026,10
-18.5,-68.5,2,2026-12,1.694,2026,10
-18.5,-67.5,2,2026-12,1.9149,2026,10
-18.5,-66.5,2,2026-12,2.5031,2026,10
-18.5,-65.5,2,2026-12,2.5592,2026,10
-18.5,-64.5,2,2026-12,1.8429,2026,10
-18.5,-63.5,2,2026-12,1.0402,2026,10
-18.5,-62.5,2,2026-12,0.6715,2026,10
-18.5,-61.5,2,2026-12,0.8969,2026,10
-18.5,-60.5,2,2026-12,1.3236,2026,10
-18.5,-59.5,2,2026-12,1.5815,2026,10
-18.5,-58.5,2,2026-12,1.7802,2026,10
-18.5,-57.5,2,2026-12,1.9528,2026,10
-18.5,-56.5,2,2026-12,2.1178,2026,10
-18.5,-55.5,2,2026-12,2.1078,2026,10
-18.5,-54.5,2,2026-12,2.1107,2026,10
-18.5,-53.5,2,2026-12,2.0224,2026,10
-18.5,-52.5,2,2026-12,1.8935,2026,10
-18.5,-51.5,2,2026-12,1.9091,2026,10
-18.5,-50.5,2,2026-12,2.0165,2026,10
-18.5,-49.5,2,2026-12,2.2045,2026,10
-18.5,-48.5,2,2026-12,2.2607,2026,10
-18.5,-47.5,2,2026-12,2.3864,2026,10
-18.5,-46.5,2,2026-12,2.4855,2026,10
-18.5,-45.5,2,2026-12,2.5072,2026,10
-18.5,-44.5,2,2026-12,2.6193,2026,10
-18.5,-43.5,2,2026-12,2.3688,2026,10
-18.5,-42.5,2,2026-12,2.4562,2026,10
-18.5,-41.5,2,2026-12,2.7243,2026,10
-18.5,-40.5,2,2026-12,2.425,2026,10
-18.5,-39.5,2,2026-12,1.4706,2026,10
-18.5,-38.5,2,2026-12,1.0885,2026,10
-18.5,-37.5,2,2026-12,1.1974,2026,10
-18.5,-36.5,2,2026-12,1.3315,2026,10
-18.5,-35.5,2,2026-12,1.362,2026,10
-18.5,-34.5,2,2026-12,1.3659,2026,10
-18.5,-33.5,2,2026-12,1.3737,2026,10
-18.5,-32.5,2,2026-12,1.3564,2026,10
-18.5,-31.5,2,2026-12,1.3434,2026,10
-18.5,-30.5,2,2026-12,1.351,2026,10
-19.5,-89.5,2,2026-12,1.8542,2026,10
-19.5,-88.5,2,2026-12,1.8832,2026,10
-19.5,-87.5,2,2026-12,1.9044,2026,10
-19.5,-86.5,2,2026-12,1.933,2026,10
-19.5,-85.5,2,2026-12,1.964,2026,10
-19.5,-84.5,2,2026-12,2.0063,2026,10
-19.5,-83.5,2,2026-12,2.0434,2026,10
-19.5,-82.5,2,2026-12,2.0443,2026,10
-19.5,-81.5,2,2026-12,2.039,2026,10
-19.5,-80.5,2,2026-12,2.0211,2026,10
-19.5,-79.5,2,2026-12,1.9833,2026,10
-19.5,-78.5,2,2026-12,1.9953,2026,10
-19.5,-77.5,2,2026-12,2.0207,2026,10
-19.5,-76.5,2,2026-12,2.0995,2026,10
-19.5,-75.5,2,2026-12,2.192,2026,10
-19.5,-74.5,2,2026-12,2.308,2026,10
-19.5,-73.5,2,2026-12,2.477,2026,10
-19.5,-72.5,2,2026-12,2.6498,2026,10
-19.5,-71.5,2,2026-12,3.1037,2026,10
-19.5,-70.5,2,2026-12,3.696,2026,10
-19.5,-69.5,2,2026-12,2.1139,2026,10
-19.5,-68.5,2,2026-12,1.4911,2026,10
-19.5,-67.5,2,2026-12,1.6327,2026,10
-19.5,-66.5,2,2026-12,1.8759,2026,10
-19.5,-65.5,2,2026-12,2.6242,2026,10
-19.5,-64.5,2,2026-12,1.9059,2026,10
-19.5,-63.5,2,2026-12,0.6437,2026,10
-19.5,-62.5,2,2026-12,0.2794,2026,10
-19.5,-61.5,2,2026-12,0.5688,2026,10
-19.5,-60.5,2,2026-12,0.8683,2026,10
-19.5,-59.5,2,2026-12,1.2792,2026,10
-19.5,-58.5,2,2026-12,1.4296,2026,10
-19.5,-57.5,2,2026-12,1.6493,2026,10
-19.5,-56.5,2,2026-12,1.6982,2026,10
-19.5,-55.5,2,2026-12,1.7118,2026,10
-19.5,-54.5,2,2026-12,1.8322,2026,10
-19.5,-53.5,2,2026-12,1.8754,2026,10
-19.5,-52.5,2,2026-12,1.7987,2026,10
-19.5,-51.5,2,2026-12,1.7594,2026,10
-19.5,-50.5,2,2026-12,1.8456,2026,10
-19.5,-49.5,2,2026-12,2.0561,2026,10
-19.5,-48.5,2,2026-12,2.1881,2026,10
-19.5,-47.5,2,2026-12,2.2011,2026,10
-19.5,-46.5,2,2026-12,2.2882,2026,10
-19.5,-45.5,2,2026-12,2.2865,2026,10
-19.5,-44.5,2,2026-12,2.4125,2026,10
-19.5,-43.5,2,2026-12,2.2174,2026,10
-19.5,-42.5,2,2026-12,2.3354,2026,10
-19.5,-41.5,2,2026-12,2.4828,2026,10
-19.5,-40.5,2,2026-12,2.1728,2026,10
-19.5,-39.5,2,2026-12,1.3991,2026,10
-19.5,-38.5,2,2026-12,1.1535,2026,10
-19.5,-37.5,2,2026-12,1.2353,2026,10
-19.5,-36.5,2,2026-12,1.3454,2026,10
-19.5,-35.5,2,2026-12,1.3898,2026,10
-19.5,-34.5,2,2026-12,1.3769,2026,10
-19.5,-33.5,2,2026-12,1.3734,2026,10
-19.5,-32.5,2,2026-12,1.3651,2026,10
-19.5,-31.5,2,2026-12,1.352,2026,10
-19.5,-30.5,2,2026-12,1.34,2026,10
-20.5,-89.5,2,2026-12,1.7956,2026,10
-20.5,-88.5,2,2026-12,1.8153,2026,10
-20.5,-87.5,2,2026-12,1.8498,2026,10
-20.5,-86.5,2,2026-12,1.8842,2026,10
-20.5,-85.5,2,2026-12,1.8991,2026,10
-20.5,-84.5,2,2026-12,1.9335,2026,10
-20.5,-83.5,2,2026-12,1.9814,2026,10
-20.5,-82.5,2,2026-12,2.018,2026,10
-20.5,-81.5,2,2026-12,2.0085,2026,10
-20.5,-80.5,2,2026-12,2.0038,2026,10
-20.5,-79.5,2,2026-12,1.9757,2026,10
-20.5,-78.5,2,2026-12,1.9516,2026,10
-20.5,-77.5,2,2026-12,1.9906,2026,10
-20.5,-76.5,2,2026-12,2.0529,2026,10
-20.5,-75.5,2,2026-12,2.1432,2026,10
-20.5,-74.5,2,2026-12,2.3127,2026,10
-20.5,-73.5,2,2026-12,2.4513,2026,10
-20.5,-72.5,2,2026-12,2.6056,2026,10
-20.5,-71.5,2,2026-12,3.1186,2026,10
-20.5,-70.5,2,2026-12,3.7939,2026,10
-20.5,-69.5,2,2026-12,2.3932,2026,10
-20.5,-68.5,2,2026-12,1.2311,2026,10
-20.5,-67.5,2,2026-12,1.31,2026,10
-20.5,-66.5,2,2026-12,1.8681,2026,10
-20.5,-65.5,2,2026-12,2.9535,2026,10
-20.5,-64.5,2,2026-12,1.5827,2026,10
-20.5,-63.5,2,2026-12,0.3273,2026,10
-20.5,-62.5,2,2026-12,-0.1537,2026,10
-20.5,-61.5,2,2026-12,0.2067,2026,10
-20.5,-60.5,2,2026-12,0.4369,2026,10
-20.5,-59.5,2,2026-12,0.8703,2026,10
-20.5,-58.5,2,2026-12,1.0578,2026,10
-20.5,-57.5,2,2026-12,1.3029,2026,10
-20.5,-56.5,2,2026-12,1.4257,2026,10
-20.5,-55.5,2,2026-12,1.4386,2026,10
-20.5,-54.5,2,2026-12,1.5114,2026,10
-20.5,-53.5,2,2026-12,1.5109,2026,10
-20.5,-52.5,2,2026-12,1.5751,2026,10
-20.5,-51.5,2,2026-12,1.6042,2026,10
-20.5,-50.5,2,2026-12,1.6408,2026,10
-20.5,-49.5,2,2026-12,1.7321,2026,10
-20.5,-48.5,2,2026-12,1.8822,2026,10
-20.5,-47.5,2,2026-12,1.9503,2026,10
-20.5,-46.5,2,2026-12,1.9872,2026,10
-20.5,-45.5,2,2026-12,2.0568,2026,10
-20.5,-44.5,2,2026-12,1.9945,2026,10
-20.5,-43.5,2,2026-12,1.9513,2026,10
-20.5,-42.5,2,2026-12,2.1273,2026,10
-20.5,-41.5,2,2026-12,2.0282,2026,10
-20.5,-40.5,2,2026-12,1.6396,2026,10
-20.5,-39.5,2,2026-12,1.2179,2026,10
-20.5,-38.5,2,2026-12,1.1855,2026,10
-20.5,-37.5,2,2026-12,1.2328,2026,10
-20.5,-36.5,2,2026-12,1.2997,2026,10
-20.5,-35.5,2,2026-12,1.3451,2026,10
-20.5,-34.5,2,2026-12,1.3439,2026,10
-20.5,-33.5,2,2026-12,1.3339,2026,10
-20.5,-32.5,2,2026-12,1.3224,2026,10
-20.5,-31.5,2,2026-12,1.3222,2026,10
-20.5,-30.5,2,2026-12,1.3163,2026,10
-21.5,-89.5,2,2026-12,1.7274,2026,10
-21.5,-88.5,2,2026-12,1.7531,2026,10
-21.5,-87.5,2,2026-12,1.7582,2026,10
-21.5,-86.5,2,2026-12,1.7982,2026,10
-21.5,-85.5,2,2026-12,1.8434,2026,10
-21.5,-84.5,2,2026-12,1.8566,2026,10
-21.5,-83.5,2,2026-12,1.8947,2026,10
-21.5,-82.5,2,2026-12,1.9372,2026,10
-21.5,-81.5,2,2026-12,1.975,2026,10
-21.5,-80.5,2,2026-12,1.9735,2026,10
-21.5,-79.5,2,2026-12,1.9545,2026,10
-21.5,-78.5,2,2026-12,1.9269,2026,10
-21.5,-77.5,2,2026-12,1.9386,2026,10
-21.5,-76.5,2,2026-12,2.005,2026,10
-21.5,-75.5,2,2026-12,2.1442,2026,10
-21.5,-74.5,2,2026-12,2.3688,2026,10
-21.5,-73.5,2,2026-12,2.5136,2026,10
-21.5,-72.5,2,2026-12,2.5844,2026,10
-21.5,-71.5,2,2026-12,3.143,2026,10
-21.5,-70.5,2,2026-12,3.8918,2026,10
-21.5,-69.5,2,2026-12,2.5551,2026,10
-21.5,-68.5,2,2026-12,1.1378,2026,10
-21.5,-67.5,2,2026-12,0.9523,2026,10
-21.5,-66.5,2,2026-12,1.6791,2026,10
-21.5,-65.5,2,2026-12,2.7858,2026,10
-21.5,-64.5,2,2026-12,1.1454,2026,10
-21.5,-63.5,2,2026-12,-0.004,2026,10
-21.5,-62.5,2,2026-12,-0.1908,2026,10
-21.5,-61.5,2,2026-12,0.0495,2026,10
-21.5,-60.5,2,2026-12,0.2492,2026,10
-21.5,-59.5,2,2026-12,0.538,2026,10
-21.5,-58.5,2,2026-12,0.7641,2026,10
-21.5,-57.5,2,2026-12,1.019,2026,10
-21.5,-56.5,2,2026-12,1.1818,2026,10
-21.5,-55.5,2,2026-12,1.2336,2026,10
-21.5,-54.5,2,2026-12,1.2724,2026,10
-21.5,-53.5,2,2026-12,1.3698,2026,10
-21.5,-52.5,2,2026-12,1.3266,2026,10
-21.5,-51.5,2,2026-12,1.3024,2026,10
-21.5,-50.5,2,2026-12,1.4003,2026,10
-21.5,-49.5,2,2026-12,1.4674,2026,10
-21.5,-48.5,2,2026-12,1.6115,2026,10
-21.5,-47.5,2,2026-12,1.6759,2026,10
-21.5,-46.5,2,2026-12,1.8019,2026,10
-21.5,-45.5,2,2026-12,1.8141,2026,10
-21.5,-44.5,2,2026-12,1.8554,2026,10
-21.5,-43.5,2,2026-12,1.8471,2026,10
-21.5,-42.5,2,2026-12,1.7965,2026,10
-21.5,-41.5,2,2026-12,1.6669,2026,10
-21.5,-40.5,2,2026-12,1.2304,2026,10
-21.5,-39.5,2,2026-12,1.1703,2026,10
-21.5,-38.5,2,2026-12,1.1845,2026,10
-21.5,-37.5,2,2026-12,1.1757,2026,10
-21.5,-36.5,2,2026-12,1.2357,2026,10
-21.5,-35.5,2,2026-12,1.2951,2026,10
-21.5,-34.5,2,2026-12,1.2794,2026,10
-21.5,-33.5,2,2026-12,1.2467,2026,10
-21.5,-32.5,2,2026-12,1.2199,2026,10
-21.5,-31.5,2,2026-12,1.2196,2026,10
-21.5,-30.5,2,2026-12,1.2541,2026,10
-22.5,-89.5,2,2026-12,1.5834,2026,10
-22.5,-88.5,2,2026-12,1.6142,2026,10
-22.5,-87.5,2,2026-12,1.641,2026,10
-22.5,-86.5,2,2026-12,1.6996,2026,10
-22.5,-85.5,2,2026-12,1.7553,2026,10
-22.5,-84.5,2,2026-12,1.7565,2026,10
-22.5,-83.5,2,2026-12,1.7853,2026,10
-22.5,-82.5,2,2026-12,1.8424,2026,10
-22.5,-81.5,2,2026-12,1.8974,2026,10
-22.5,-80.5,2,2026-12,1.9286,2026,10
-22.5,-79.5,2,2026-12,1.9276,2026,10
-22.5,-78.5,2,2026-12,1.9145,2026,10
-22.5,-77.5,2,2026-12,1.9208,2026,10
-22.5,-76.5,2,2026-12,1.9909,2026,10
-22.5,-75.5,2,2026-12,2.0998,2026,10
-22.5,-74.5,2,2026-12,2.2326,2026,10
-22.5,-73.5,2,2026-12,2.446,2026,10
-22.5,-72.5,2,2026-12,2.5959,2026,10
-22.5,-71.5,2,2026-12,3.255,2026,10
-22.5,-70.5,2,2026-12,3.7177,2026,10
-22.5,-69.5,2,2026-12,2.2865,2026,10
-22.5,-68.5,2,2026-12,1.4433,2026,10
-22.5,-67.5,2,2026-12,0.5563,2026,10
-22.5,-66.5,2,2026-12,1.4123,2026,10
-22.5,-65.5,2,2026-12,2.3068,2026,10
-22.5,-64.5,2,2026-12,0.4645,2026,10
-22.5,-63.5,2,2026-12,-0.3097,2026,10
-22.5,-62.5,2,2026-12,-0.5687,2026,10
-22.5,-61.5,2,2026-12,-0.3817,2026,10
-22.5,-60.5,2,2026-12,-0.0409,2026,10
-22.5,-59.5,2,2026-12,0.3837,2026,10
-22.5,-58.5,2,2026-12,0.485,2026,10
-22.5,-57.5,2,2026-12,0.6708,2026,10
-22.5,-56.5,2,2026-12,1.0138,2026,10
-22.5,-55.5,2,2026-12,1.2135,2026,10
-22.5,-54.5,2,2026-12,1.1864,2026,10
-22.5,-53.5,2,2026-12,1.206,2026,10
-22.5,-52.5,2,2026-12,1.1564,2026,10
-22.5,-51.5,2,2026-12,1.1552,2026,10
-22.5,-50.5,2,2026-12,1.2118,2026,10
-22.5,-49.5,2,2026-12,1.381,2026,10
-22.5,-48.5,2,2026-12,1.4523,2026,10
-22.5,-47.5,2,2026-12,1.5441,2026,10
-22.5,-46.5,2,2026-12,1.716,2026,10
-22.5,-45.5,2,2026-12,1.7248,2026,10
-22.5,-44.5,2,2026-12,1.7563,2026,10
-22.5,-43.5,2,2026-12,1.6681,2026,10
-22.5,-42.5,2,2026-12,1.5407,2026,10
-22.5,-41.5,2,2026-12,1.2106,2026,10
-22.5,-40.5,2,2026-12,1.0849,2026,10
-22.5,-39.5,2,2026-12,1.0976,2026,10
-22.5,-38.5,2,2026-12,1.1313,2026,10
-22.5,-37.5,2,2026-12,1.1222,2026,10
-22.5,-36.5,2,2026-12,1.1369,2026,10
-22.5,-35.5,2,2026-12,1.1996,2026,10
-22.5,-34.5,2,2026-12,1.1747,2026,10
-22.5,-33.5,2,2026-12,1.1217,2026,10
-22.5,-32.5,2,2026-12,1.0783,2026,10
-22.5,-31.5,2,2026-12,1.059,2026,10
-22.5,-30.5,2,2026-12,1.0836,2026,10
-23.5,-89.5,2,2026-12,1.4398,2026,10
-23.5,-88.5,2,2026-12,1.4748,2026,10
-23.5,-87.5,2,2026-12,1.5165,2026,10
-23.5,-86.5,2,2026-12,1.5832,2026,10
-23.5,-85.5,2,2026-12,1.6374,2026,10
-23.5,-84.5,2,2026-12,1.6657,2026,10
-23.5,-83.5,2,2026-12,1.6747,2026,10
-23.5,-82.5,2,2026-12,1.7116,2026,10
-23.5,-81.5,2,2026-12,1.7716,2026,10
-23.5,-80.5,2,2026-12,1.8385,2026,10
-23.5,-79.5,2,2026-12,1.8788,2026,10
-23.5,-78.5,2,2026-12,1.9071,2026,10
-23.5,-77.5,2,2026-12,1.9208,2026,10
-23.5,-76.5,2,2026-12,1.9623,2026,10
-23.5,-75.5,2,2026-12,2.0485,2026,10
-23.5,-74.5,2,2026-12,2.2177,2026,10
-23.5,-73.5,2,2026-12,2.4731,2026,10
-23.5,-72.5,2,2026-12,2.6005,2026,10
-23.5,-71.5,2,2026-12,3.2878,2026,10
-23.5,-70.5,2,2026-12,3.7509,2026,10
-23.5,-69.5,2,2026-12,2.2477,2026,10
-23.5,-68.5,2,2026-12,1.2165,2026,10
-23.5,-67.5,2,2026-12,0.3412,2026,10
-23.5,-66.5,2,2026-12,0.9975,2026,10
-23.5,-65.5,2,2026-12,1.7191,2026,10
-23.5,-64.5,2,2026-12,-0.2391,2026,10
-23.5,-63.5,2,2026-12,-0.5326,2026,10
-23.5,-62.5,2,2026-12,-0.5811,2026,10
-23.5,-61.5,2,2026-12,-0.5333,2026,10
-23.5,-60.5,2,2026-12,-0.3944,2026,10
-23.5,-59.5,2,2026-12,-0.068,2026,10
-23.5,-58.5,2,2026-12,0.1952,2026,10
-23.5,-57.5,2,2026-12,0.4115,2026,10
-23.5,-56.5,2,2026-12,0.786,2026,10
-23.5,-55.5,2,2026-12,1.0033,2026,10
-23.5,-54.5,2,2026-12,1.0182,2026,10
-23.5,-53.5,2,2026-12,1.0446,2026,10
-23.5,-52.5,2,2026-12,1.0729,2026,10
-23.5,-51.5,2,2026-12,1.0417,2026,10
-23.5,-50.5,2,2026-12,1.0531,2026,10
-23.5,-49.5,2,2026-12,1.1911,2026,10
-23.5,-48.5,2,2026-12,1.3507,2026,10
-23.5,-47.5,2,2026-12,1.4416,2026,10
-23.5,-46.5,2,2026-12,1.5653,2026,10
-23.5,-45.5,2,2026-12,1.4838,2026,10
-23.5,-44.5,2,2026-12,1.1498,2026,10
-23.5,-43.5,2,2026-12,1.0214,2026,10
-23.5,-42.5,2,2026-12,0.9555,2026,10
-23.5,-41.5,2,2026-12,0.9655,2026,10
-23.5,-40.5,2,2026-12,0.944,2026,10
-23.5,-39.5,2,2026-12,0.9679,2026,10
-23.5,-38.5,2,2026-12,1.0065,2026,10
-23.5,-37.5,2,2026-12,1.016,2026,10
-23.5,-36.5,2,2026-12,1.0043,2026,10
-23.5,-35.5,2,2026-12,1.0463,2026,10
-23.5,-34.5,2,2026-12,1.0221,2026,10
-23.5,-33.5,2,2026-12,0.9828,2026,10
-23.5,-32.5,2,2026-12,0.8886,2026,10
-23.5,-31.5,2,2026-12,0.8275,2026,10
-23.5,-30.5,2,2026-12,0.8122,2026,10
-24.5,-89.5,2,2026-12,1.2912,2026,10
-24.5,-88.5,2,2026-12,1.3219,2026,10
-24.5,-87.5,2,2026-12,1.3752,2026,10
-24.5,-86.5,2,2026-12,1.4442,2026,10
-24.5,-85.5,2,2026-12,1.5026,2026,10
-24.5,-84.5,2,2026-12,1.5578,2026,10
-24.5,-83.5,2,2026-12,1.5846,2026,10
-24.5,-82.5,2,2026-12,1.6083,2026,10
-24.5,-81.5,2,2026-12,1.6566,2026,10
-24.5,-80.5,2,2026-12,1.7243,2026,10
-24.5,-79.5,2,2026-12,1.7931,2026,10
-24.5,-78.5,2,2026-12,1.8481,2026,10
-24.5,-77.5,2,2026-12,1.8744,2026,10
-24.5,-76.5,2,2026-12,1.9252,2026,10
-24.5,-75.5,2,2026-12,2.0065,2026,10
-24.5,-74.5,2,2026-12,2.1225,2026,10
-24.5,-73.5,2,2026-12,2.3183,2026,10
-24.5,-72.5,2,2026-12,2.4123,2026,10
-24.5,-71.5,2,2026-12,3.1942,2026,10
-24.5,-70.5,2,2026-12,2.9794,2026,10
-24.5,-69.5,2,2026-12,1.5124,2026,10
-24.5,-68.5,2,2026-12,0.0307,2026,10
-24.5,-67.5,2,2026-12,-0.0106,2026,10
-24.5,-66.5,2,2026-12,0.7096,2026,10
-24.5,-65.5,2,2026-12,0.7848,2026,10
-24.5,-64.5,2,2026-12,-0.4325,2026,10
-24.5,-63.5,2,2026-12,-0.4554,2026,10
-24.5,-62.5,2,2026-12,-0.6087,2026,10
-24.5,-61.5,2,2026-12,-0.5194,2026,10
-24.5,-60.5,2,2026-12,-0.6483,2026,10
-24.5,-59.5,2,2026-12,-0.2467,2026,10
-24.5,-58.5,2,2026-12,0.0761,2026,10
-24.5,-57.5,2,2026-12,0.279,2026,10
-24.5,-56.5,2,2026-12,0.5319,2026,10
-24.5,-55.5,2,2026-12,0.7365,2026,10
-24.5,-54.5,2,2026-12,0.8087,2026,10
-24.5,-53.5,2,2026-12,0.8979,2026,10
-24.5,-52.5,2,2026-12,0.9574,2026,10
-24.5,-51.5,2,2026-12,1.0236,2026,10
-24.5,-50.5,2,2026-12,1.1042,2026,10
-24.5,-49.5,2,2026-12,1.1945,2026,10
-24.5,-48.5,2,2026-12,1.2152,2026,10
-24.5,-47.5,2,2026-12,1.0656,2026,10
-24.5,-46.5,2,2026-12,0.9247,2026,10
-24.5,-45.5,2,2026-12,0.9162,2026,10
-24.5,-44.5,2,2026-12,0.9152,2026,10
-24.5,-43.5,2,2026-12,0.913,2026,10
-24.5,-42.5,2,2026-12,0.8898,2026,10
-24.5,-41.5,2,2026-12,0.8424,2026,10
-24.5,-40.5,2,2026-12,0.7621,2026,10
-24.5,-39.5,2,2026-12,0.7399,2026,10
-24.5,-38.5,2,2026-12,0.7614,2026,10
-24.5,-37.5,2,2026-12,0.831,2026,10
-24.5,-36.5,2,2026-12,0.8573,2026,10
-24.5,-35.5,2,2026-12,0.8493,2026,10
-24.5,-34.5,2,2026-12,0.831,2026,10
-24.5,-33.5,2,2026-12,0.8346,2026,10
-24.5,-32.5,2,2026-12,0.7995,2026,10
-24.5,-31.5,2,2026-12,0.7189,2026,10
-24.5,-30.5,2,2026-12,0.6237,2026,10
-25.5,-89.5,2,2026-12,1.1408,2026,10
-25.5,-88.5,2,2026-12,1.1515,2026,10
-25.5,-87.5,2,2026-12,1.2006,2026,10
-25.5,-86.5,2,2026-12,1.2824,2026,10
-25.5,-85.5,2,2026-12,1.3766,2026,10
-25.5,-84.5,2,2026-12,1.4403,2026,10
-25.5,-83.5,2,2026-12,1.4599,2026,10
-25.5,-82.5,2,2026-12,1.4687,2026,10
-25.5,-81.5,2,2026-12,1.5004,2026,10
-25.5,-80.5,2,2026-12,1.5851,2026,10
-25.5,-79.5,2,2026-12,1.6754,2026,10
-25.5,-78.5,2,2026-12,1.7377,2026,10
-25.5,-77.5,2,2026-12,1.8044,2026,10
-25.5,-76.5,2,2026-12,1.8398,2026,10
-25.5,-75.5,2,2026-12,1.9308,2026,10
-25.5,-74.5,2,2026-12,2.0131,2026,10
-25.5,-73.5,2,2026-12,2.1291,2026,10
-25.5,-72.5,2,2026-12,2.4064,2026,10
-25.5,-71.5,2,2026-12,3.2753,2026,10
-25.5,-70.5,2,2026-12,2.9706,2026,10
-25.5,-69.5,2,2026-12,0.8854,2026,10
-25.5,-68.5,2,2026-12,-0.5926,2026,10
-25.5,-67.5,2,2026-12,-0.2538,2026,10
-25.5,-66.5,2,2026-12,1.0727,2026,10
-25.5,-65.5,2,2026-12,0.005,2026,10
-25.5,-64.5,2,2026-12,-0.2892,2026,10
-25.5,-63.5,2,2026-12,-0.4408,2026,10
-25.5,-62.5,2,2026-12,-0.4264,2026,10
-25.5,-61.5,2,2026-12,-0.5277,2026,10
-25.5,-60.5,2,2026-12,-0.6439,2026,10
-25.5,-59.5,2,2026-12,-0.45,2026,10
-25.5,-58.5,2,2026-12,-0.096,2026,10
-25.5,-57.5,2,2026-12,0.2006,2026,10
-25.5,-56.5,2,2026-12,0.3813,2026,10
-25.5,-55.5,2,2026-12,0.526,2026,10
-25.5,-54.5,2,2026-12,0.611,2026,10
-25.5,-53.5,2,2026-12,0.7982,2026,10
-25.5,-52.5,2,2026-12,0.8849,2026,10
-25.5,-51.5,2,2026-12,1.0258,2026,10
-25.5,-50.5,2,2026-12,1.068,2026,10
-25.5,-49.5,2,2026-12,1.0573,2026,10
-25.5,-48.5,2,2026-12,0.8329,2026,10
-25.5,-47.5,2,2026-12,0.6674,2026,10
-25.5,-46.5,2,2026-12,0.7499,2026,10
-25.5,-45.5,2,2026-12,0.789,2026,10
-25.5,-44.5,2,2026-12,0.7663,2026,10
-25.5,-43.5,2,2026-12,0.6667,2026,10
-25.5,-42.5,2,2026-12,0.6156,2026,10
-25.5,-41.5,2,2026-12,0.5412,2026,10
-25.5,-40.5,2,2026-12,0.5124,2026,10
-25.5,-39.5,2,2026-12,0.5258,2026,10
-25.5,-38.5,2,2026-12,0.5839,2026,10
-25.5,-37.5,2,2026-12,0.6269,2026,10
-25.5,-36.5,2,2026-12,0.6615,2026,10
-25.5,-35.5,2,2026-12,0.6479,2026,10
-25.5,-34.5,2,2026-12,0.5504,2026,10
-25.5,-33.5,2,2026-12,0.4975,2026,10
-25.5,-32.5,2,2026-12,0.5229,2026,10
-25.5,-31.5,2,2026-12,0.5236,2026,10
-25.5,-30.5,2,2026-12,0.4088,2026,10
-26.5,-89.5,2,2026-12,1.0033,2026,10
-26.5,-88.5,2,2026-12,1.0495,2026,10
-26.5,-87.5,2,2026-12,1.0915,2026,10
-26.5,-86.5,2,2026-12,1.1713,2026,10
-26.5,-85.5,2,2026-12,1.256,2026,10
-26.5,-84.5,2,2026-12,1.3156,2026,10
-26.5,-83.5,2,2026-12,1.3354,2026,10
-26.5,-82.5,2,2026-12,1.351,2026,10
-26.5,-81.5,2,2026-12,1.3754,2026,10
-26.5,-80.5,2,2026-12,1.4523,2026,10
-26.5,-79.5,2,2026-12,1.5294,2026,10
-26.5,-78.5,2,2026-12,1.6024,2026,10
-26.5,-77.5,2,2026-12,1.6784,2026,10
-26.5,-76.5,2,2026-12,1.7472,2026,10
-26.5,-75.5,2,2026-12,1.818,2026,10
-26.5,-74.5,2,2026-12,1.8969,2026,10
-26.5,-73.5,2,2026-12,2.1317,2026,10
-26.5,-72.5,2,2026-12,2.5326,2026,10
-26.5,-71.5,2,2026-12,3.4679,2026,10
-26.5,-70.5,2,2026-12,2.7992,2026,10
-26.5,-69.5,2,2026-12,-0.1534,2026,10
-26.5,-68.5,2,2026-12,-4.1605,2026,10
-26.5,-67.5,2,2026-12,0.0873,2026,10
-26.5,-66.5,2,2026-12,1.0473,2026,10
-26.5,-65.5,2,2026-12,0.0661,2026,10
-26.5,-64.5,2,2026-12,-0.5489,2026,10
-26.5,-63.5,2,2026-12,-0.5274,2026,10
-26.5,-62.5,2,2026-12,-0.15,2026,10
-26.5,-61.5,2,2026-12,-0.36,2026,10
-26.5,-60.5,2,2026-12,-0.5072,2026,10
-26.5,-59.5,2,2026-12,-0.5147,2026,10
-26.5,-58.5,2,2026-12,-0.1685,2026,10
-26.5,-57.5,2,2026-12,0.0629,2026,10
-26.5,-56.5,2,2026-12,0.2414,2026,10
-26.5,-55.5,2,2026-12,0.3959,2026,10
-26.5,-54.5,2,2026-12,0.5104,2026,10
-26.5,-53.5,2,2026-12,0.6806,2026,10
-26.5,-52.5,2,2026-12,0.8063,2026,10
-26.5,-51.5,2,2026-12,0.883,2026,10
-26.5,-50.5,2,2026-12,0.8881,2026,10
-26.5,-49.5,2,2026-12,0.8439,2026,10
-26.5,-48.5,2,2026-12,0.498,2026,10
-26.5,-47.5,2,2026-12,0.567,2026,10
-26.5,-46.5,2,2026-12,0.6823,2026,10
-26.5,-45.5,2,2026-12,0.6623,2026,10
-26.5,-44.5,2,2026-12,0.5453,2026,10
-26.5,-43.5,2,2026-12,0.4997,2026,10
-26.5,-42.5,2,2026-12,0.4347,2026,10
-26.5,-41.5,2,2026-12,0.2543,2026,10
-26.5,-40.5,2,2026-12,0.0824,2026,10
-26.5,-39.5,2,2026-12,0.0402,2026,10
-26.5,-38.5,2,2026-12,0.2602,2026,10
-26.5,-37.5,2,2026-12,0.425,2026,10
-26.5,-36.5,2,2026-12,0.4704,2026,10
-26.5,-35.5,2,2026-12,0.508,2026,10
-26.5,-34.5,2,2026-12,0.38,2026,10
-26.5,-33.5,2,2026-12,0.248,2026,10
-26.5,-32.5,2,2026-12,0.2856,2026,10
-26.5,-31.5,2,2026-12,0.3478,2026,10
-26.5,-30.5,2,2026-12,0.297,2026,10
-27.5,-89.5,2,2026-12,0.8581,2026,10
-27.5,-88.5,2,2026-12,0.9267,2026,10
-27.5,-87.5,2,2026-12,0.9826,2026,10
-27.5,-86.5,2,2026-12,1.038,2026,10
-27.5,-85.5,2,2026-12,1.0988,2026,10
-27.5,-84.5,2,2026-12,1.1371,2026,10
-27.5,-83.5,2,2026-12,1.1781,2026,10
-27.5,-82.5,2,2026-12,1.2226,2026,10
-27.5,-81.5,2,2026-12,1.2567,2026,10
-27.5,-80.5,2,2026-12,1.3136,2026,10
-27.5,-79.5,2,2026-12,1.3964,2026,10
-27.5,-78.5,2,2026-12,1.497,2026,10
-27.5,-77.5,2,2026-12,1.548,2026,10
-27.5,-76.5,2,2026-12,1.6305,2026,10
-27.5,-75.5,2,2026-12,1.7316,2026,10
-27.5,-74.5,2,2026-12,1.8141,2026,10
-27.5,-73.5,2,2026-12,1.9897,2026,10
-27.5,-72.5,2,2026-12,2.706,2026,10
-27.5,-71.5,2,2026-12,3.9684,2026,10
-27.5,-70.5,2,2026-12,2.6273,2026,10
-27.5,-69.5,2,2026-12,-2.6065,2026,10
-27.5,-68.5,2,2026-12,-4.6048,2026,10
-27.5,-67.5,2,2026-12,0.9833,2026,10
-27.5,-66.5,2,2026-12,0.5719,2026,10
-27.5,-65.5,2,2026-12,-0.1654,2026,10
-27.5,-64.5,2,2026-12,-0.494,2026,10
-27.5,-63.5,2,2026-12,-0.3814,2026,10
-27.5,-62.5,2,2026-12,-0.1664,2026,10
-27.5,-61.5,2,2026-12,-0.1017,2026,10
-27.5,-60.5,2,2026-12,-0.3009,2026,10
-27.5,-59.5,2,2026-12,-0.3241,2026,10
-27.5,-58.5,2,2026-12,-0.1366,2026,10
-27.5,-57.5,2,2026-12,-0.0394,2026,10
-27.5,-56.5,2,2026-12,0.0663,2026,10
-27.5,-55.5,2,2026-12,0.2079,2026,10
-27.5,-54.5,2,2026-12,0.331,2026,10
-27.5,-53.5,2,2026-12,0.4923,2026,10
-27.5,-52.5,2,2026-12,0.6083,2026,10
-27.5,-51.5,2,2026-12,0.662,2026,10
-27.5,-50.5,2,2026-12,0.6505,2026,10
-27.5,-49.5,2,2026-12,0.6107,2026,10
-27.5,-48.5,2,2026-12,0.3783,2026,10
-27.5,-47.5,2,2026-12,0.476,2026,10
-27.5,-46.5,2,2026-12,0.519,2026,10
-27.5,-45.5,2,2026-12,0.4069,2026,10
-27.5,-44.5,2,2026-12,0.4291,2026,10
-27.5,-43.5,2,2026-12,0.4765,2026,10
-27.5,-42.5,2,2026-12,0.3471,2026,10
-27.5,-41.5,2,2026-12,0.0661,2026,10
-27.5,-40.5,2,2026-12,-0.1859,2026,10
-27.5,-39.5,2,2026-12,-0.3458,2026,10
-27.5,-38.5,2,2026-12,-0.1766,2026,10
-27.5,-37.5,2,2026-12,0.1254,2026,10
-27.5,-36.5,2,2026-12,0.2174,2026,10
-27.5,-35.5,2,2026-12,0.2768,2026,10
-27.5,-34.5,2,2026-12,0.3358,2026,10
-27.5,-33.5,2,2026-12,0.2585,2026,10
-27.5,-32.5,2,2026-12,0.1862,2026,10
-27.5,-31.5,2,2026-12,0.2294,2026,10
-27.5,-30.5,2,2026-12,0.2902,2026,10
-28.5,-89.5,2,2026-12,0.6881,2026,10
-28.5,-88.5,2,2026-12,0.7538,2026,10
-28.5,-87.5,2,2026-12,0.8427,2026,10
-28.5,-86.5,2,2026-12,0.901,2026,10
-28.5,-85.5,2,2026-12,0.9245,2026,10
-28.5,-84.5,2,2026-12,0.9748,2026,10
-28.5,-83.5,2,2026-12,1.0302,2026,10
-28.5,-82.5,2,2026-12,1.0829,2026,10
-28.5,-81.5,2,2026-12,1.1508,2026,10
-28.5,-80.5,2,2026-12,1.1835,2026,10
-28.5,-79.5,2,2026-12,1.2875,2026,10
-28.5,-78.5,2,2026-12,1.4386,2026,10
-28.5,-77.5,2,2026-12,1.5199,2026,10
-28.5,-76.5,2,2026-12,1.56,2026,10
-28.5,-75.5,2,2026-12,1.6469,2026,10
-28.5,-74.5,2,2026-12,1.7646,2026,10
-28.5,-73.5,2,2026-12,1.9357,2026,10
-28.5,-72.5,2,2026-12,2.6703,2026,10
-28.5,-71.5,2,2026-12,3.7477,2026,10
-28.5,-70.5,2,2026-12,0.3417,2026,10
-28.5,-69.5,2,2026-12,-5.2682,2026,10
-28.5,-68.5,2,2026-12,-0.6493,2026,10
-28.5,-67.5,2,2026-12,0.5512,2026,10
-28.5,-66.5,2,2026-12,0.0824,2026,10
-28.5,-65.5,2,2026-12,-0.2718,2026,10
-28.5,-64.5,2,2026-12,-0.2955,2026,10
-28.5,-63.5,2,2026-12,-0.2347,2026,10
-28.5,-62.5,2,2026-12,-0.129,2026,10
-28.5,-61.5,2,2026-12,-0.0089,2026,10
-28.5,-60.5,2,2026-12,-0.1576,2026,10
-28.5,-59.5,2,2026-12,-0.0726,2026,10
-28.5,-58.5,2,2026-12,-0.0726,2026,10
-28.5,-57.5,2,2026-12,-0.0694,2026,10
-28.5,-56.5,2,2026-12,-0.0006,2026,10
-28.5,-55.5,2,2026-12,0.0871,2026,10
-28.5,-54.5,2,2026-12,0.1635,2026,10
-28.5,-53.5,2,2026-12,0.2829,2026,10
-28.5,-52.5,2,2026-12,0.4137,2026,10
-28.5,-51.5,2,2026-12,0.5268,2026,10
-28.5,-50.5,2,2026-12,0.5732,2026,10
-28.5,-49.5,2,2026-12,0.4567,2026,10
-28.5,-48.5,2,2026-12,0.1774,2026,10
-28.5,-47.5,2,2026-12,0.3957,2026,10
-28.5,-46.5,2,2026-12,0.3671,2026,10
-28.5,-45.5,2,2026-12,0.3349,2026,10
-28.5,-44.5,2,2026-12,0.338,2026,10
-28.5,-43.5,2,2026-12,0.4079,2026,10
-28.5,-42.5,2,2026-12,0.3666,2026,10
-28.5,-41.5,2,2026-12,0.1007,2026,10
-28.5,-40.5,2,2026-12,-0.162,2026,10
-28.5,-39.5,2,2026-12,-0.3734,2026,10
-28.5,-38.5,2,2026-12,-0.3355,2026,10
-28.5,-37.5,2,2026-12,-0.1405,2026,10
-28.5,-36.5,2,2026-12,-0.0687,2026,10
-28.5,-35.5,2,2026-12,0.057,2026,10
-28.5,-34.5,2,2026-12,0.2104,2026,10
-28.5,-33.5,2,2026-12,0.2409,2026,10
-28.5,-32.5,2,2026-12,0.1425,2026,10
-28.5,-31.5,2,2026-12,0.0419,2026,10
-28.5,-30.5,2,2026-12,0.0504,2026,10
-29.5,-89.5,2,2026-12,0.6147,2026,10
-29.5,-88.5,2,2026-12,0.6359,2026,10
-29.5,-87.5,2,2026-12,0.6767,2026,10
-29.5,-86.5,2,2026-12,0.7204,2026,10
-29.5,-85.5,2,2026-12,0.7672,2026,10
-29.5,-84.5,2,2026-12,0.8334,2026,10
-29.5,-83.5,2,2026-12,0.882,2026,10
-29.5,-82.5,2,2026-12,0.9569,2026,10
-29.5,-81.5,2,2026-12,1.0014,2026,10
-29.5,-80.5,2,2026-12,1.0492,2026,10
-29.5,-79.5,2,2026-12,1.174,2026,10
-29.5,-78.5,2,2026-12,1.3261,2026,10
-29.5,-77.5,2,2026-12,1.4357,2026,10
-29.5,-76.5,2,2026-12,1.5229,2026,10
-29.5,-75.5,2,2026-12,1.578,2026,10
-29.5,-74.5,2,2026-12,1.6884,2026,10
-29.5,-73.5,2,2026-12,1.8756,2026,10
-29.5,-72.5,2,2026-12,2.5702,2026,10
-29.5,-71.5,2,2026-12,3.1657,2026,10
-29.5,-70.5,2,2026-12,-2.4603,2026,10
-29.5,-69.5,2,2026-12,-4.5221,2026,10
-29.5,-68.5,2,2026-12,0.6005,2026,10
-29.5,-67.5,2,2026-12,0.1496,2026,10
-29.5,-66.5,2,2026-12,-0.5672,2026,10
-29.5,-65.5,2,2026-12,-0.4893,2026,10
-29.5,-64.5,2,2026-12,-0.3341,2026,10
-29.5,-63.5,2,2026-12,-0.2025,2026,10
-29.5,-62.5,2,2026-12,-0.0438,2026,10
-29.5,-61.5,2,2026-12,0.0648,2026,10
-29.5,-60.5,2,2026-12,-0.0628,2026,10
-29.5,-59.5,2,2026-12,0.0009,2026,10
-29.5,-58.5,2,2026-12,-0.0143,2026,10
-29.5,-57.5,2,2026-12,-0.0755,2026,10
-29.5,-56.5,2,2026-12,-0.0941,2026,10
-29.5,-55.5,2,2026-12,-0.065,2026,10
-29.5,-54.5,2,2026-12,-0.0106,2026,10
-29.5,-53.5,2,2026-12,0.0546,2026,10
-29.5,-52.5,2,2026-12,0.1271,2026,10
-29.5,-51.5,2,2026-12,0.2399,2026,10
-29.5,-50.5,2,2026-12,0.2965,2026,10
-29.5,-49.5,2,2026-12,0.0568,2026,10
-29.5,-48.5,2,2026-12,0.1864,2026,10
-29.5,-47.5,2,2026-12,0.3063,2026,10
-29.5,-46.5,2,2026-12,0.2531,2026,10
-29.5,-45.5,2,2026-12,0.1877,2026,10
-29.5,-44.5,2,2026-12,0.1979,2026,10
-29.5,-43.5,2,2026-12,0.3061,2026,10
-29.5,-42.5,2,2026-12,0.3451,2026,10
-29.5,-41.5,2,2026-12,0.1794,2026,10
-29.5,-40.5,2,2026-12,-0.0692,2026,10
-29.5,-39.5,2,2026-12,-0.3241,2026,10
-29.5,-38.5,2,2026-12,-0.3893,2026,10
-29.5,-37.5,2,2026-12,-0.2811,2026,10
-29.5,-36.5,2,2026-12,-0.2547,2026,10
-29.5,-35.5,2,2026-12,-0.1043,2026,10
-29.5,-34.5,2,2026-12,0.0221,2026,10
-29.5,-33.5,2,2026-12,0.0856,2026,10
-29.5,-32.5,2,2026-12,0.0417,2026,10
-29.5,-31.5,2,2026-12,-0.0921,2026,10
-29.5,-30.5,2,2026-12,-0.119,2026,10
-30.5,-89.5,2,2026-12,0.5273,2026,10
-30.5,-88.5,2,2026-12,0.5732,2026,10
-30.5,-87.5,2,2026-12,0.5898,2026,10
-30.5,-86.5,2,2026-12,0.6112,2026,10
-30.5,-85.5,2,2026-12,0.6388,2026,10
-30.5,-84.5,2,2026-12,0.7267,2026,10
-30.5,-83.5,2,2026-12,0.7699,2026,10
-30.5,-82.5,2,2026-12,0.8461,2026,10
-30.5,-81.5,2,2026-12,0.8676,2026,10
-30.5,-80.5,2,2026-12,0.9269,2026,10
-30.5,-79.5,2,2026-12,1.0695,2026,10
-30.5,-78.5,2,2026-12,1.1903,2026,10
-30.5,-77.5,2,2026-12,1.3058,2026,10
-30.5,-76.5,2,2026-12,1.4125,2026,10
-30.5,-75.5,2,2026-12,1.5363,2026,10
-30.5,-74.5,2,2026-12,1.6354,2026,10
-30.5,-73.5,2,2026-12,1.7912,2026,10
-30.5,-72.5,2,2026-12,2.6474,2026,10
-30.5,-71.5,2,2026-12,2.151,2026,10
-30.5,-70.5,2,2026-12,-3.451,2026,10
-30.5,-69.5,2,2026-12,-2.6971,2026,10
-30.5,-68.5,2,2026-12,0.1813,2026,10
-30.5,-67.5,2,2026-12,-0.3133,2026,10
-30.5,-66.5,2,2026-12,-0.3753,2026,10
-30.5,-65.5,2,2026-12,-0.4496,2026,10
-30.5,-64.5,2,2026-12,-0.235,2026,10
-30.5,-63.5,2,2026-12,-0.0453,2026,10
-30.5,-62.5,2,2026-12,0.0023,2026,10
-30.5,-61.5,2,2026-12,0.0216,2026,10
-30.5,-60.5,2,2026-12,-0.0709,2026,10
-30.5,-59.5,2,2026-12,-0.0709,2026,10
-30.5,-58.5,2,2026-12,-0.0543,2026,10
-30.5,-57.5,2,2026-12,-0.0453,2026,10
-30.5,-56.5,2,2026-12,-0.0709,2026,10
-30.5,-55.5,2,2026-12,-0.0831,2026,10
-30.5,-54.5,2,2026-12,-0.1134,2026,10
-30.5,-53.5,2,2026-12,-0.1126,2026,10
-30.5,-52.5,2,2026-12,-0.0641,2026,10
-30.5,-51.5,2,2026-12,-0.2013,2026,10
-30.5,-50.5,2,2026-12,-0.308,2026,10
-30.5,-49.5,2,2026-12,-0.1375,2026,10
-30.5,-48.5,2,2026-12,0.1823,2026,10
-30.5,-47.5,2,2026-12,0.1513,2026,10
-30.5,-46.5,2,2026-12,0.0075,2026,10
-30.5,-45.5,2,2026-12,-0.0047,2026,10
-30.5,-44.5,2,2026-12,0.0216,2026,10
-30.5,-43.5,2,2026-12,0.1212,2026,10
-30.5,-42.5,2,2026-12,0.1413,2026,10
-30.5,-41.5,2,2026-12,0.0522,2026,10
-30.5,-40.5,2,2026-12,-0.1302,2026,10
-30.5,-39.5,2,2026-12,-0.2801,2026,10
-30.5,-38.5,2,2026-12,-0.3292,2026,10
-30.5,-37.5,2,2026-12,-0.336,2026,10
-30.5,-36.5,2,2026-12,-0.3453,2026,10
-30.5,-35.5,2,2026-12,-0.2975,2026,10
-30.5,-34.5,2,2026-12,-0.1986,2026,10
-30.5,-33.5,2,2026-12,-0.0565,2026,10
-30.5,-32.5,2,2026-12,-0.0599,2026,10
-30.5,-31.5,2,2026-12,-0.1361,2026,10
-30.5,-30.5,2,2026-12,-0.1624,2026,10
-31.5,-89.5,2,2026-12,0.3979,2026,10
-31.5,-88.5,2,2026-12,0.4757,2026,10
-31.5,-87.5,2,2026-12,0.5153,2026,10
-31.5,-86.5,2,2026-12,0.5573,2026,10
-31.5,-85.5,2,2026-12,0.5495,2026,10
-31.5,-84.5,2,2026-12,0.6051,2026,10
-31.5,-83.5,2,2026-12,0.6845,2026,10
-31.5,-82.5,2,2026-12,0.7621,2026,10
-31.5,-81.5,2,2026-12,0.7797,2026,10
-31.5,-80.5,2,2026-12,0.8317,2026,10
-31.5,-79.5,2,2026-12,0.944,2026,10
-31.5,-78.5,2,2026-12,1.0619,2026,10
-31.5,-77.5,2,2026-12,1.195,2026,10
-31.5,-76.5,2,2026-12,1.3398,2026,10
-31.5,-75.5,2,2026-12,1.4594,2026,10
-31.5,-74.5,2,2026-12,1.5746,2026,10
-31.5,-73.5,2,2026-12,1.7626,2026,10
-31.5,-72.5,2,2026-12,2.4057,2026,10
-31.5,-71.5,2,2026-12,1.9245,2026,10
-31.5,-70.5,2,2026-12,-4.1639,2026,10
-31.5,-69.5,2,2026-12,-2.1214,2026,10
-31.5,-68.5,2,2026-12,-0.1356,2026,10
-31.5,-67.5,2,2026-12,-0.2467,2026,10
-31.5,-66.5,2,2026-12,-0.3424,2026,10
-31.5,-65.5,2,2026-12,-0.3695,2026,10
-31.5,-64.5,2,2026-12,-0.2186,2026,10
-31.5,-63.5,2,2026-12,0.089,2026,10
-31.5,-62.5,2,2026-12,0.0854,2026,10
-31.5,-61.5,2,2026-12,0.0732,2026,10
-31.5,-60.5,2,2026-12,-0.0309,2026,10
-31.5,-59.5,2,2026-12,0.0224,2026,10
-31.5,-58.5,2,2026-12,0.0094,2026,10
-31.5,-57.5,2,2026-12,-0.0392,2026,10
-31.5,-56.5,2,2026-12,-0.0553,2026,10
-31.5,-55.5,2,2026-12,-0.0687,2026,10
-31.5,-54.5,2,2026-12,-0.1214,2026,10
-31.5,-53.5,2,2026-12,-0.1393,2026,10
-31.5,-52.5,2,2026-12,-0.1854,2026,10
-31.5,-51.5,2,2026-12,-0.4439,2026,10
-31.5,-50.5,2,2026-12,-0.6082,2026,10
-31.5,-49.5,2,2026-12,-0.0103,2026,10
-31.5,-48.5,2,2026-12,0.1186,2026,10
-31.5,-47.5,2,2026-12,-0.0057,2026,10
-31.5,-46.5,2,2026-12,-0.0328,2026,10
-31.5,-45.5,2,2026-12,-0.0328,2026,10
-31.5,-44.5,2,2026-12,-0.0907,2026,10
-31.5,-43.5,2,2026-12,-0.0885,2026,10
-31.5,-42.5,2,2026-12,-0.0538,2026,10
-31.5,-41.5,2,2026-12,-0.0765,2026,10
-31.5,-40.5,2,2026-12,-0.171,2026,10
-31.5,-39.5,2,2026-12,-0.2518,2026,10
-31.5,-38.5,2,2026-12,-0.2393,2026,10
-31.5,-37.5,2,2026-12,-0.2931,2026,10
-31.5,-36.5,2,2026-12,-0.3885,2026,10
-31.5,-35.5,2,2026-12,-0.4361,2026,10
-31.5,-34.5,2,2026-12,-0.4049,2026,10
-31.5,-33.5,2,2026-12,-0.2447,2026,10
-31.5,-32.5,2,2026-12,-0.1395,2026,10
-31.5,-31.5,2,2026-12,-0.1253,2026,10
-31.5,-30.5,2,2026-12,-0.1202,2026,10
-32.5,-89.5,2,2026-12,0.321,2026,10
-32.5,-88.5,2,2026-12,0.4286,2026,10
-32.5,-87.5,2,2026-12,0.4696,2026,10
-32.5,-86.5,2,2026-12,0.497,2026,10
-32.5,-85.5,2,2026-12,0.4945,2026,10
-32.5,-84.5,2,2026-12,0.5461,2026,10
-32.5,-83.5,2,2026-12,0.6007,2026,10
-32.5,-82.5,2,2026-12,0.6435,2026,10
-32.5,-81.5,2,2026-12,0.7001,2026,10
-32.5,-80.5,2,2026-12,0.767,2026,10
-32.5,-79.5,2,2026-12,0.817,2026,10
-32.5,-78.5,2,2026-12,0.9235,2026,10
-32.5,-77.5,2,2026-12,1.0866,2026,10
-32.5,-76.5,2,2026-12,1.2213,2026,10
-32.5,-75.5,2,2026-12,1.3715,2026,10
-32.5,-74.5,2,2026-12,1.536,2026,10
-32.5,-73.5,2,2026-12,1.7997,2026,10
-32.5,-72.5,2,2026-12,2.3441,2026,10
-32.5,-71.5,2,2026-12,1.788,2026,10
-32.5,-70.5,2,2026-12,-2.597,2026,10
-32.5,-69.5,2,2026-12,-2.5125,2026,10
-32.5,-68.5,2,2026-12,-0.2896,2026,10
-32.5,-67.5,2,2026-12,-0.4435,2026,10
-32.5,-66.5,2,2026-12,-0.5763,2026,10
-32.5,-65.5,2,2026-12,-0.5414,2026,10
-32.5,-64.5,2,2026-12,-0.4017,2026,10
-32.5,-63.5,2,2026-12,-0.2269,2026,10
-32.5,-62.5,2,2026-12,-0.148,2026,10
-32.5,-61.5,2,2026-12,-0.0934,2026,10
-32.5,-60.5,2,2026-12,-0.0702,2026,10
-32.5,-59.5,2,2026-12,0.0402,2026,10
-32.5,-58.5,2,2026-12,0.1444,2026,10
-32.5,-57.5,2,2026-12,0.0692,2026,10
-32.5,-56.5,2,2026-12,-0.0511,2026,10
-32.5,-55.5,2,2026-12,-0.0313,2026,10
-32.5,-54.5,2,2026-12,-0.1029,2026,10
-32.5,-53.5,2,2026-12,-0.2423,2026,10
-32.5,-52.5,2,2026-12,-0.3514,2026,10
-32.5,-51.5,2,2026-12,-0.6195,2026,10
-32.5,-50.5,2,2026-12,-0.6219,2026,10
-32.5,-49.5,2,2026-12,0.015,2026,10
-32.5,-48.5,2,2026-12,-0.0497,2026,10
-32.5,-47.5,2,2026-12,-0.1869,2026,10
-32.5,-46.5,2,2026-12,-0.1349,2026,10
-32.5,-45.5,2,2026-12,-0.1246,2026,10
-32.5,-44.5,2,2026-12,-0.1685,2026,10
-32.5,-43.5,2,2026-12,-0.1993,2026,10
-32.5,-42.5,2,2026-12,-0.1393,2026,10
-32.5,-41.5,2,2026-12,-0.1622,2026,10
-32.5,-40.5,2,2026-12,-0.2682,2026,10
-32.5,-39.5,2,2026-12,-0.2635,2026,10
-32.5,-38.5,2,2026-12,-0.1888,2026,10
-32.5,-37.5,2,2026-12,-0.1964,2026,10
-32.5,-36.5,2,2026-12,-0.2435,2026,10
-32.5,-35.5,2,2026-12,-0.2945,2026,10
-32.5,-34.5,2,2026-12,-0.338,2026,10
-32.5,-33.5,2,2026-12,-0.2452,2026,10
-32.5,-32.5,2,2026-12,-0.1336,2026,10
-32.5,-31.5,2,2026-12,-0.1424,2026,10
-32.5,-30.5,2,2026-12,-0.0997,2026,10
-33.5,-89.5,2,2026-12,0.2921,2026,10
-33.5,-88.5,2,2026-12,0.4169,2026,10
-33.5,-87.5,2,2026-12,0.4648,2026,10
-33.5,-86.5,2,2026-12,0.4579,2026,10
-33.5,-85.5,2,2026-12,0.4547,2026,10
-33.5,-84.5,2,2026-12,0.518,2026,10
-33.5,-83.5,2,2026-12,0.5243,2026,10
-33.5,-82.5,2,2026-12,0.5461,2026,10
-33.5,-81.5,2,2026-12,0.6432,2026,10
-33.5,-80.5,2,2026-12,0.7152,2026,10
-33.5,-79.5,2,2026-12,0.756,2026,10
-33.5,-78.5,2,2026-12,0.821,2026,10
-33.5,-77.5,2,2026-12,0.9577,2026,10
-33.5,-76.5,2,2026-12,1.1459,2026,10
-33.5,-75.5,2,2026-12,1.3305,2026,10
-33.5,-74.5,2,2026-12,1.5085,2026,10
-33.5,-73.5,2,2026-12,1.7995,2026,10
-33.5,-72.5,2,2026-12,2.4003,2026,10
-33.5,-71.5,2,2026-12,0.515,2026,10
-33.5,-70.5,2,2026-12,-2.3968,2026,10
-33.5,-69.5,2,2026-12,-2.5416,2026,10
-33.5,-68.5,2,2026-12,-0.4952,2026,10
-33.5,-67.5,2,2026-12,-0.8751,2026,10
-33.5,-66.5,2,2026-12,-0.8641,2026,10
-33.5,-65.5,2,2026-12,-0.7113,2026,10
-33.5,-64.5,2,2026-12,-0.5206,2026,10
-33.5,-63.5,2,2026-12,-0.4039,2026,10
-33.5,-62.5,2,2026-12,-0.3487,2026,10
-33.5,-61.5,2,2026-12,-0.2757,2026,10
-33.5,-60.5,2,2026-12,-0.1803,2026,10
-33.5,-59.5,2,2026-12,-0.119,2026,10
-33.5,-58.5,2,2026-12,-0.0665,2026,10
-33.5,-57.5,2,2026-12,-0.0081,2026,10
-33.5,-56.5,2,2026-12,-0.0824,2026,10
-33.5,-55.5,2,2026-12,-0.1317,2026,10
-33.5,-54.5,2,2026-12,-0.16,2026,10
-33.5,-53.5,2,2026-12,-0.3158,2026,10
-33.5,-52.5,2,2026-12,-0.4686,2026,10
-33.5,-51.5,2,2026-12,-0.9627,2026,10
-33.5,-50.5,2,2026-12,-0.6358,2026,10
-33.5,-49.5,2,2026-12,-0.024,2026,10
-33.5,-48.5,2,2026-12,-0.1981,2026,10
-33.5,-47.5,2,2026-12,-0.2726,2026,10
-33.5,-46.5,2,2026-12,-0.2921,2026,10
-33.5,-45.5,2,2026-12,-0.2572,2026,10
-33.5,-44.5,2,2026-12,-0.2398,2026,10
-33.5,-43.5,2,2026-12,-0.2144,2026,10
-33.5,-42.5,2,2026-12,-0.141,2026,10
-33.5,-41.5,2,2026-12,-0.1712,2026,10
-33.5,-40.5,2,2026-12,-0.2733,2026,10
-33.5,-39.5,2,2026-12,-0.3062,2026,10
-33.5,-38.5,2,2026-12,-0.2179,2026,10
-33.5,-37.5,2,2026-12,-0.2372,2026,10
-33.5,-36.5,2,2026-12,-0.2254,2026,10
-33.5,-35.5,2,2026-12,-0.1932,2026,10
-33.5,-34.5,2,2026-12,-0.2113,2026,10
-33.5,-33.5,2,2026-12,-0.2039,2026,10
-33.5,-32.5,2,2026-12,-0.1207,2026,10
-33.5,-31.5,2,2026-12,-0.1104,2026,10
-33.5,-30.5,2,2026-12,-0.1263,2026,10
-34.5,-89.5,2,2026-12,0.3188,2026,10
-34.5,-88.5,2,2026-12,0.3886,2026,10
-34.5,-87.5,2,2026-12,0.4125,2026,10
-34.5,-86.5,2,2026-12,0.3705,2026,10
-34.5,-85.5,2,2026-12,0.3918,2026,10
-34.5,-84.5,2,2026-12,0.4594,2026,10
-34.5,-83.5,2,2026-12,0.5023,2026,10
-34.5,-82.5,2,2026-12,0.517,2026,10
-34.5,-81.5,2,2026-12,0.5727,2026,10
-34.5,-80.5,2,2026-12,0.6469,2026,10
-34.5,-79.5,2,2026-12,0.6928,2026,10
-34.5,-78.5,2,2026-12,0.7179,2026,10
-34.5,-77.5,2,2026-12,0.8727,2026,10
-34.5,-76.5,2,2026-12,1.0536,2026,10
-34.5,-75.5,2,2026-12,1.2873,2026,10
-34.5,-74.5,2,2026-12,1.5429,2026,10
-34.5,-73.5,2,2026-12,1.7755,2026,10
-34.5,-72.5,2,2026-12,2.0832,2026,10
-34.5,-71.5,2,2026-12,-0.2289,2026,10
-34.5,-70.5,2,2026-12,-2.5509,2026,10
-34.5,-69.5,2,2026-12,-2.2025,2026,10
-34.5,-68.5,2,2026-12,-0.94,2026,10
-34.5,-67.5,2,2026-12,-1.2809,2026,10
-34.5,-66.5,2,2026-12,-1.1605,2026,10
-34.5,-65.5,2,2026-12,-0.8734,2026,10
-34.5,-64.5,2,2026-12,-0.565,2026,10
-34.5,-63.5,2,2026-12,-0.5162,2026,10
-34.5,-62.5,2,2026-12,-0.5191,2026,10
-34.5,-61.5,2,2026-12,-0.3849,2026,10
-34.5,-60.5,2,2026-12,-0.2747,2026,10
-34.5,-59.5,2,2026-12,-0.1349,2026,10
-34.5,-58.5,2,2026-12,-0.1749,2026,10
-34.5,-57.5,2,2026-12,-0.2247,2026,10
-34.5,-56.5,2,2026-12,-0.2408,2026,10
-34.5,-55.5,2,2026-12,-0.2367,2026,10
-34.5,-54.5,2,2026-12,-0.2433,2026,10
-34.5,-53.5,2,2026-12,-0.3946,2026,10
-34.5,-52.5,2,2026-12,-0.6002,2026,10
-34.5,-51.5,2,2026-12,-1.2745,2026,10
-34.5,-50.5,2,2026-12,-0.3016,2026,10
-34.5,-49.5,2,2026-12,-0.1944,2026,10
-34.5,-48.5,2,2026-12,-0.3529,2026,10
-34.5,-47.5,2,2026-12,-0.3226,2026,10
-34.5,-46.5,2,2026-12,-0.2716,2026,10
-34.5,-45.5,2,2026-12,-0.2169,2026,10
-34.5,-44.5,2,2026-12,-0.2162,2026,10
-34.5,-43.5,2,2026-12,-0.2108,2026,10
-34.5,-42.5,2,2026-12,-0.2166,2026,10
-34.5,-41.5,2,2026-12,-0.2308,2026,10
-34.5,-40.5,2,2026-12,-0.2162,2026,10
-34.5,-39.5,2,2026-12,-0.2354,2026,10
-34.5,-38.5,2,2026-12,-0.2223,2026,10
-34.5,-37.5,2,2026-12,-0.2689,2026,10
-34.5,-36.5,2,2026-12,-0.2633,2026,10
-34.5,-35.5,2,2026-12,-0.2237,2026,10
-34.5,-34.5,2,2026-12,-0.2489,2026,10
-34.5,-33.5,2,2026-12,-0.2386,2026,10
-34.5,-32.5,2,2026-12,-0.2152,2026,10
-34.5,-31.5,2,2026-12,-0.18,2026,10
-34.5,-30.5,2,2026-12,-0.1664,2026,10
-35.5,-89.5,2,2026-12,0.3446,2026,10
-35.5,-88.5,2,2026-12,0.4225,2026,10
-35.5,-87.5,2,2026-12,0.4389,2026,10
-35.5,-86.5,2,2026-12,0.403,2026,10
-35.5,-85.5,2,2026-12,0.3937,2026,10
-35.5,-84.5,2,2026-12,0.4633,2026,10
-35.5,-83.5,2,2026-12,0.4994,2026,10
-35.5,-82.5,2,2026-12,0.5111,2026,10
-35.5,-81.5,2,2026-12,0.5563,2026,10
-35.5,-80.5,2,2026-12,0.5563,2026,10
-35.5,-79.5,2,2026-12,0.5981,2026,10
-35.5,-78.5,2,2026-12,0.694,2026,10
-35.5,-77.5,2,2026-12,0.8185,2026,10
-35.5,-76.5,2,2026-12,1.0282,2026,10
-35.5,-75.5,2,2026-12,1.2785,2026,10
-35.5,-74.5,2,2026-12,1.5534,2026,10
-35.5,-73.5,2,2026-12,1.8454,2026,10
-35.5,-72.5,2,2026-12,1.0282,2026,10
-35.5,-71.5,2,2026-12,-0.7498,2026,10
-35.5,-70.5,2,2026-12,-2.7032,2026,10
-35.5,-69.5,2,2026-12,-1.6944,2026,10
-35.5,-68.5,2,2026-12,-1.3329,2026,10
-35.5,-67.5,2,2026-12,-1.5091,2026,10
-35.5,-66.5,2,2026-12,-1.3895,2026,10
-35.5,-65.5,2,2026-12,-1.075,2026,10
-35.5,-64.5,2,2026-12,-0.7528,2026,10
-35.5,-63.5,2,2026-12,-0.6454,2026,10
-35.5,-62.5,2,2026-12,-0.6234,2026,10
-35.5,-61.5,2,2026-12,-0.6053,2026,10
-35.5,-60.5,2,2026-12,-0.4996,2026,10
-35.5,-59.5,2,2026-12,-0.3917,2026,10
-35.5,-58.5,2,2026-12,-0.2535,2026,10
-35.5,-57.5,2,2026-12,-0.2782,2026,10
-35.5,-56.5,2,2026-12,-0.3438,2026,10
-35.5,-55.5,2,2026-12,-0.3289,2026,10
-35.5,-54.5,2,2026-12,-0.295,2026,10
-35.5,-53.5,2,2026-12,-0.3331,2026,10
-35.5,-52.5,2,2026-12,-0.8031,2026,10
-35.5,-51.5,2,2026-12,-0.659,2026,10
-35.5,-50.5,2,2026-12,-0.0182,2026,10
-35.5,-49.5,2,2026-12,-0.2557,2026,10
-35.5,-48.5,2,2026-12,-0.3189,2026,10
-35.5,-47.5,2,2026-12,-0.2418,2026,10
-35.5,-46.5,2,2026-12,-0.1546,2026,10
-35.5,-45.5,2,2026-12,-0.1737,2026,10
-35.5,-44.5,2,2026-12,-0.2198,2026,10
-35.5,-43.5,2,2026-12,-0.1349,2026,10
-35.5,-42.5,2,2026-12,-0.1639,2026,10
-35.5,-41.5,2,2026-12,-0.2347,2026,10
-35.5,-40.5,2,2026-12,-0.2494,2026,10
-35.5,-39.5,2,2026-12,-0.2437,2026,10
-35.5,-38.5,2,2026-12,-0.2938,2026,10
-35.5,-37.5,2,2026-12,-0.2957,2026,10
-35.5,-36.5,2,2026-12,-0.2621,2026,10
-35.5,-35.5,2,2026-12,-0.1849,2026,10
-35.5,-34.5,2,2026-12,-0.2181,2026,10
-35.5,-33.5,2,2026-12,-0.2411,2026,10
-35.5,-32.5,2,2026-12,-0.2618,2026,10
-35.5,-31.5,2,2026-12,-0.2289,2026,10
-35.5,-30.5,2,2026-12,-0.1954,2026,10
-36.5,-89.5,2,2026-12,0.4289,2026,10
-36.5,-88.5,2,2026-12,0.5194,2026,10
-36.5,-87.5,2,2026-12,0.496,2026,10
-36.5,-86.5,2,2026-12,0.4735,2026,10
-36.5,-85.5,2,2026-12,0.444,2026,10
-36.5,-84.5,2,2026-12,0.4584,2026,10
-36.5,-83.5,2,2026-12,0.4833,2026,10
-36.5,-82.5,2,2026-12,0.5375,2026,10
-36.5,-81.5,2,2026-12,0.5717,2026,10
-36.5,-80.5,2,2026-12,0.5512,2026,10
-36.5,-79.5,2,2026-12,0.5619,2026,10
-36.5,-78.5,2,2026-12,0.633,2026,10
-36.5,-77.5,2,2026-12,0.758,2026,10
-36.5,-76.5,2,2026-12,0.9264,2026,10
-36.5,-75.5,2,2026-12,1.1991,2026,10
-36.5,-74.5,2,2026-12,1.5063,2026,10
-36.5,-73.5,2,2026-12,1.5548,2026,10
-36.5,-72.5,2,2026-12,0.1786,2026,10
-36.5,-71.5,2,2026-12,-0.8148,2026,10
-36.5,-70.5,2,2026-12,-2.3416,2026,10
-36.5,-69.5,2,2026-12,-1.6986,2026,10
-36.5,-68.5,2,2026-12,-1.6295,2026,10
-36.5,-67.5,2,2026-12,-1.7779,2026,10
-36.5,-66.5,2,2026-12,-1.6424,2026,10
-36.5,-65.5,2,2026-12,-1.2352,2026,10
-36.5,-64.5,2,2026-12,-0.952,2026,10
-36.5,-63.5,2,2026-12,-0.8385,2026,10
-36.5,-62.5,2,2026-12,-0.7247,2026,10
-36.5,-61.5,2,2026-12,-0.7037,2026,10
-36.5,-60.5,2,2026-12,-0.6131,2026,10
-36.5,-59.5,2,2026-12,-0.4959,2026,10
-36.5,-58.5,2,2026-12,-0.4178,2026,10
-36.5,-57.5,2,2026-12,-0.3768,2026,10
-36.5,-56.5,2,2026-12,-0.337,2026,10
-36.5,-55.5,2,2026-12,-0.307,2026,10
-36.5,-54.5,2,2026-12,-0.264,2026,10
-36.5,-53.5,2,2026-12,-0.3868,2026,10
-36.5,-52.5,2,2026-12,-0.6368,2026,10
-36.5,-51.5,2,2026-12,-0.169,2026,10
-36.5,-50.5,2,2026-12,-0.0174,2026,10
-36.5,-49.5,2,2026-12,-0.1786,2026,10
-36.5,-48.5,2,2026-12,-0.2494,2026,10
-36.5,-47.5,2,2026-12,-0.2816,2026,10
-36.5,-46.5,2,2026-12,-0.1883,2026,10
-36.5,-45.5,2,2026-12,-0.138,2026,10
-36.5,-44.5,2,2026-12,-0.0904,2026,10
-36.5,-43.5,2,2026-12,-0.0731,2026,10
-36.5,-42.5,2,2026-12,-0.1056,2026,10
-36.5,-41.5,2,2026-12,-0.2091,2026,10
-36.5,-40.5,2,2026-12,-0.2481,2026,10
-36.5,-39.5,2,2026-12,-0.2445,2026,10
-36.5,-38.5,2,2026-12,-0.3289,2026,10
-36.5,-37.5,2,2026-12,-0.3753,2026,10
-36.5,-36.5,2,2026-12,-0.3504,2026,10
-36.5,-35.5,2,2026-12,-0.2274,2026,10
-36.5,-34.5,2,2026-12,-0.1351,2026,10
-36.5,-33.5,2,2026-12,-0.1414,2026,10
-36.5,-32.5,2,2026-12,-0.2015,2026,10
-36.5,-31.5,2,2026-12,-0.2057,2026,10
-36.5,-30.5,2,2026-12,-0.1624,2026,10
-37.5,-89.5,2,2026-12,0.5797,2026,10
-37.5,-88.5,2,2026-12,0.6303,2026,10
-37.5,-87.5,2,2026-12,0.6007,2026,10
-37.5,-86.5,2,2026-12,0.5583,2026,10
-37.5,-85.5,2,2026-12,0.4855,2026,10
-37.5,-84.5,2,2026-12,0.5148,2026,10
-37.5,-83.5,2,2026-12,0.5387,2026,10
-37.5,-82.5,2,2026-12,0.5617,2026,10
-37.5,-81.5,2,2026-12,0.6125,2026,10
-37.5,-80.5,2,2026-12,0.5912,2026,10
-37.5,-79.5,2,2026-12,0.5746,2026,10
-37.5,-78.5,2,2026-12,0.6371,2026,10
-37.5,-77.5,2,2026-12,0.7272,2026,10
-37.5,-76.5,2,2026-12,0.87,2026,10
-37.5,-75.5,2,2026-12,1.1391,2026,10
-37.5,-74.5,2,2026-12,1.4484,2026,10
-37.5,-73.5,2,2026-12,0.9491,2026,10
-37.5,-72.5,2,2026-12,-0.0016,2026,10
-37.5,-71.5,2,2026-12,-0.4154,2026,10
-37.5,-70.5,2,2026-12,-1.0548,2026,10
-37.5,-69.5,2,2026-12,-1.5672,2026,10
-37.5,-68.5,2,2026-12,-1.7752,2026,10
-37.5,-67.5,2,2026-12,-1.8641,2026,10
-37.5,-66.5,2,2026-12,-1.6165,2026,10
-37.5,-65.5,2,2026-12,-1.4061,2026,10
-37.5,-64.5,2,2026-12,-1.358,2026,10
-37.5,-63.5,2,2026-12,-1.1666,2026,10
-37.5,-62.5,2,2026-12,-0.8443,2026,10
-37.5,-61.5,2,2026-12,-0.7386,2026,10
-37.5,-60.5,2,2026-12,-0.6751,2026,10
-37.5,-59.5,2,2026-12,-0.535,2026,10
-37.5,-58.5,2,2026-12,-0.421,2026,10
-37.5,-57.5,2,2026-12,-0.348,2026,10
-37.5,-56.5,2,2026-12,-0.287,2026,10
-37.5,-55.5,2,2026-12,-0.2264,2026,10
-37.5,-54.5,2,2026-12,-0.2091,2026,10
-37.5,-53.5,2,2026-12,-0.3585,2026,10
-37.5,-52.5,2,2026-12,-0.1998,2026,10
-37.5,-51.5,2,2026-12,-0.0199,2026,10
-37.5,-50.5,2,2026-12,0.1991,2026,10
-37.5,-49.5,2,2026-12,0.1886,2026,10
-37.5,-48.5,2,2026-12,-0.0516,2026,10
-37.5,-47.5,2,2026-12,-0.2838,2026,10
-37.5,-46.5,2,2026-12,-0.2179,2026,10
-37.5,-45.5,2,2026-12,-0.1146,2026,10
-37.5,-44.5,2,2026-12,-0.0543,2026,10
-37.5,-43.5,2,2026-12,-0.0584,2026,10
-37.5,-42.5,2,2026-12,-0.1378,2026,10
-37.5,-41.5,2,2026-12,-0.2506,2026,10
-37.5,-40.5,2,2026-12,-0.3018,2026,10
-37.5,-39.5,2,2026-12,-0.306,2026,10
-37.5,-38.5,2,2026-12,-0.3216,2026,10
-37.5,-37.5,2,2026-12,-0.3331,2026,10
-37.5,-36.5,2,2026-12,-0.4308,2026,10
-37.5,-35.5,2,2026-12,-0.442,2026,10
-37.5,-34.5,2,2026-12,-0.1954,2026,10
-37.5,-33.5,2,2026-12,-0.0606,2026,10
-37.5,-32.5,2,2026-12,-0.1205,2026,10
-37.5,-31.5,2,2026-12,-0.1471,2026,10
-37.5,-30.5,2,2026-12,-0.1292,2026,10
-38.5,-89.5,2,2026-12,0.5817,2026,10
-38.5,-88.5,2,2026-12,0.5971,2026,10
-38.5,-87.5,2,2026-12,0.5968,2026,10
-38.5,-86.5,2,2026-12,0.5739,2026,10
-38.5,-85.5,2,2026-12,0.5356,2026,10
-38.5,-84.5,2,2026-12,0.5605,2026,10
-38.5,-83.5,2,2026-12,0.5353,2026,10
-38.5,-82.5,2,2026-12,0.5624,2026,10
-38.5,-81.5,2,2026-12,0.6337,2026,10
-38.5,-80.5,2,2026-12,0.6535,2026,10
-38.5,-79.5,2,2026-12,0.6342,2026,10
-38.5,-78.5,2,2026-12,0.6554,2026,10
-38.5,-77.5,2,2026-12,0.7179,2026,10
-38.5,-76.5,2,2026-12,0.83,2026,10
-38.5,-75.5,2,2026-12,1.1024,2026,10
-38.5,-74.5,2,2026-12,1.3947,2026,10
-38.5,-73.5,2,2026-12,1.1618,2026,10
-38.5,-72.5,2,2026-12,0.5324,2026,10
-38.5,-71.5,2,2026-12,-0.1302,2026,10
-38.5,-70.5,2,2026-12,-0.8956,2026,10
-38.5,-69.5,2,2026-12,-1.4183,2026,10
-38.5,-68.5,2,2026-12,-1.5374,2026,10
-38.5,-67.5,2,2026-12,-1.6549,2026,10
-38.5,-66.5,2,2026-12,-1.5619,2026,10
-38.5,-65.5,2,2026-12,-1.5897,2026,10
-38.5,-64.5,2,2026-12,-1.6109,2026,10
-38.5,-63.5,2,2026-12,-1.4845,2026,10
-38.5,-62.5,2,2026-12,-1.0875,2026,10
-38.5,-61.5,2,2026-12,-0.8067,2026,10
-38.5,-60.5,2,2026-12,-0.711,2026,10
-38.5,-59.5,2,2026-12,-0.5294,2026,10
-38.5,-58.5,2,2026-12,-0.338,2026,10
-38.5,-57.5,2,2026-12,-0.1566,2026,10
-38.5,-56.5,2,2026-12,-0.1168,2026,10
-38.5,-55.5,2,2026-12,-0.0335,2026,10
-38.5,-54.5,2,2026-12,-0.1561,2026,10
-38.5,-53.5,2,2026-12,-0.3104,2026,10
-38.5,-52.5,2,2026-12,-0.0321,2026,10
-38.5,-51.5,2,2026-12,0.0592,2026,10
-38.5,-50.5,2,2026-12,0.351,2026,10
-38.5,-49.5,2,2026-12,0.3878,2026,10
-38.5,-48.5,2,2026-12,0.0426,2026,10
-38.5,-47.5,2,2026-12,-0.0826,2026,10
-38.5,-46.5,2,2026-12,-0.0309,2026,10
-38.5,-45.5,2,2026-12,-0.0811,2026,10
-38.5,-44.5,2,2026-12,-0.0975,2026,10
-38.5,-43.5,2,2026-12,-0.0443,2026,10
-38.5,-42.5,2,2026-12,-0.0252,2026,10
-38.5,-41.5,2,2026-12,-0.1034,2026,10
-38.5,-40.5,2,2026-12,-0.2159,2026,10
-38.5,-39.5,2,2026-12,-0.273,2026,10
-38.5,-38.5,2,2026-12,-0.2955,2026,10
-38.5,-37.5,2,2026-12,-0.2987,2026,10
-38.5,-36.5,2,2026-12,-0.4417,2026,10
-38.5,-35.5,2,2026-12,-0.4957,2026,10
-38.5,-34.5,2,2026-12,-0.2686,2026,10
-38.5,-33.5,2,2026-12,-0.1312,2026,10
-38.5,-32.5,2,2026-12,-0.1483,2026,10
-38.5,-31.5,2,2026-12,-0.1571,2026,10
-38.5,-30.5,2,2026-12,-0.1368,2026,10
-39.5,-89.5,2,2026-12,0.6393,2026,10
-39.5,-88.5,2,2026-12,0.6569,2026,10
-39.5,-87.5,2,2026-12,0.6566,2026,10
-39.5,-86.5,2,2026-12,0.6134,2026,10
-39.5,-85.5,2,2026-12,0.589,2026,10
-39.5,-84.5,2,2026-12,0.6178,2026,10
-39.5,-83.5,2,2026-12,0.6,2026,10
-39.5,-82.5,2,2026-12,0.5895,2026,10
-39.5,-81.5,2,2026-12,0.6479,2026,10
-39.5,-80.5,2,2026-12,0.6505,2026,10
-39.5,-79.5,2,2026-12,0.643,2026,10
-39.5,-78.5,2,2026-12,0.6586,2026,10
-39.5,-77.5,2,2026-12,0.675,2026,10
-39.5,-76.5,2,2026-12,0.7787,2026,10
-39.5,-75.5,2,2026-12,1.0414,2026,10
-39.5,-74.5,2,2026-12,1.4142,2026,10
-39.5,-73.5,2,2026-12,1.256,2026,10
-39.5,-72.5,2,2026-12,0.633,2026,10
-39.5,-71.5,2,2026-12,0.0863,2026,10
-39.5,-70.5,2,2026-12,-0.5631,2026,10
-39.5,-69.5,2,2026-12,-0.9942,2026,10
-39.5,-68.5,2,2026-12,-1.1073,2026,10
-39.5,-67.5,2,2026-12,-1.3905,2026,10
-39.5,-66.5,2,2026-12,-1.4207,2026,10
-39.5,-65.5,2,2026-12,-1.4483,2026,10
-39.5,-64.5,2,2026-12,-1.2013,2026,10
-39.5,-63.5,2,2026-12,-1.3751,2026,10
-39.5,-62.5,2,2026-12,-1.0421,2026,10
-39.5,-61.5,2,2026-12,-0.3934,2026,10
-39.5,-60.5,2,2026-12,-0.2879,2026,10
-39.5,-59.5,2,2026-12,-0.1715,2026,10
-39.5,-58.5,2,2026-12,-0.1248,2026,10
-39.5,-57.5,2,2026-12,-0.0892,2026,10
-39.5,-56.5,2,2026-12,-0.0558,2026,10
-39.5,-55.5,2,2026-12,0.1064,2026,10
-39.5,-54.5,2,2026-12,0.0089,2026,10
-39.5,-53.5,2,2026-12,-0.2867,2026,10
-39.5,-52.5,2,2026-12,0.0424,2026,10
-39.5,-51.5,2,2026-12,0.2506,2026,10
-39.5,-50.5,2,2026-12,0.4313,2026,10
-39.5,-49.5,2,2026-12,0.3166,2026,10
-39.5,-48.5,2,2026-12,0.0409,2026,10
-39.5,-47.5,2,2026-12,0.1383,2026,10
-39.5,-46.5,2,2026-12,0.0251,2026,10
-39.5,-45.5,2,2026-12,-0.2137,2026,10
-39.5,-44.5,2,2026-12,-0.2271,2026,10
-39.5,-43.5,2,2026-12,-0.0562,2026,10
-39.5,-42.5,2,2026-12,-0.0223,2026,10
-39.5,-41.5,2,2026-12,-0.1097,2026,10
-39.5,-40.5,2,2026-12,-0.2149,2026,10
-39.5,-39.5,2,2026-12,-0.1935,2026,10
-39.5,-38.5,2,2026-12,-0.12,2026,10
-39.5,-37.5,2,2026-12,-0.12,2026,10
-39.5,-36.5,2,2026-12,-0.2669,2026,10
-39.5,-35.5,2,2026-12,-0.391,2026,10
-39.5,-34.5,2,2026-12,-0.214,2026,10
-39.5,-33.5,2,2026-12,-0.0621,2026,10
-39.5,-32.5,2,2026-12,-0.0177,2026,10
-39.5,-31.5,2,2026-12,-0.0416,2026,10
-39.5,-30.5,2,2026-12,-0.1319,2026,10
-40.5,-89.5,2,2026-12,0.7948,2026,10
-40.5,-88.5,2,2026-12,0.734,2026,10
-40.5,-87.5,2,2026-12,0.6999,2026,10
-40.5,-86.5,2,2026-12,0.6813,2026,10
-40.5,-85.5,2,2026-12,0.6581,2026,10
-40.5,-84.5,2,2026-12,0.6542,2026,10
-40.5,-83.5,2,2026-12,0.6476,2026,10
-40.5,-82.5,2,2026-12,0.6684,2026,10
-40.5,-81.5,2,2026-12,0.6735,2026,10
-40.5,-80.5,2,2026-12,0.6681,2026,10
-40.5,-79.5,2,2026-12,0.6754,2026,10
-40.5,-78.5,2,2026-12,0.6681,2026,10
-40.5,-77.5,2,2026-12,0.7065,2026,10
-40.5,-76.5,2,2026-12,0.8476,2026,10
-40.5,-75.5,2,2026-12,1.0807,2026,10
-40.5,-74.5,2,2026-12,1.3368,2026,10
-40.5,-73.5,2,2026-12,1.0124,2026,10
-40.5,-72.5,2,2026-12,0.6886,2026,10
-40.5,-71.5,2,2026-12,0.1942,2026,10
-40.5,-70.5,2,2026-12,-0.3065,2026,10
-40.5,-69.5,2,2026-12,-0.7164,2026,10
-40.5,-68.5,2,2026-12,-0.9325,2026,10
-40.5,-67.5,2,2026-12,-1.1549,2026,10
-40.5,-66.5,2,2026-12,-1.4618,2026,10
-40.5,-65.5,2,2026-12,-1.4454,2026,10
-40.5,-64.5,2,2026-12,-1.0235,2026,10
-40.5,-63.5,2,2026-12,-1.0765,2026,10
-40.5,-62.5,2,2026-12,-0.6288,2026,10
-40.5,-61.5,2,2026-12,-0.179,2026,10
-40.5,-60.5,2,2026-12,-0.0824,2026,10
-40.5,-59.5,2,2026-12,-0.0736,2026,10
-40.5,-58.5,2,2026-12,-0.0968,2026,10
-40.5,-57.5,2,2026-12,-0.0345,2026,10
-40.5,-56.5,2,2026-12,0.0946,2026,10
-40.5,-55.5,2,2026-12,0.2184,2026,10
-40.5,-54.5,2,2026-12,0.0973,2026,10
-40.5,-53.5,2,2026-12,-0.2633,2026,10
-40.5,-52.5,2,2026-12,-0.1839,2026,10
-40.5,-51.5,2,2026-12,0.0014,2026,10
-40.5,-50.5,2,2026-12,0.2089,2026,10
-40.5,-49.5,2,2026-12,0.2494,2026,10
-40.5,-48.5,2,2026-12,0.1054,2026,10
-40.5,-47.5,2,2026-12,0.2057,2026,10
-40.5,-46.5,2,2026-12,0.1308,2026,10
-40.5,-45.5,2,2026-12,-0.0333,2026,10
-40.5,-44.5,2,2026-12,0.0253,2026,10
-40.5,-43.5,2,2026-12,0.047,2026,10
-40.5,-42.5,2,2026-12,-0.0099,2026,10
-40.5,-41.5,2,2026-12,-0.1502,2026,10
-40.5,-40.5,2,2026-12,-0.2418,2026,10
-40.5,-39.5,2,2026-12,-0.1632,2026,10
-40.5,-38.5,2,2026-12,-0.0304,2026,10
-40.5,-37.5,2,2026-12,0.0678,2026,10
-40.5,-36.5,2,2026-12,-0.0245,2026,10
-40.5,-35.5,2,2026-12,-0.3099,2026,10
-40.5,-34.5,2,2026-12,-0.2672,2026,10
-40.5,-33.5,2,2026-12,-0.0841,2026,10
-40.5,-32.5,2,2026-12,0.0741,2026,10
-40.5,-31.5,2,2026-12,-0.015,2026,10
-40.5,-30.5,2,2026-12,-0.2196,2026,10
-41.5,-89.5,2,2026-12,0.8173,2026,10
-41.5,-88.5,2,2026-12,0.7511,2026,10
-41.5,-87.5,2,2026-12,0.7201,2026,10
-41.5,-86.5,2,2026-12,0.7294,2026,10
-41.5,-85.5,2,2026-12,0.7614,2026,10
-41.5,-84.5,2,2026-12,0.7289,2026,10
-41.5,-83.5,2,2026-12,0.716,2026,10
-41.5,-82.5,2,2026-12,0.7279,2026,10
-41.5,-81.5,2,2026-12,0.6938,2026,10
-41.5,-80.5,2,2026-12,0.6945,2026,10
-41.5,-79.5,2,2026-12,0.7221,2026,10
-41.5,-78.5,2,2026-12,0.7157,2026,10
-41.5,-77.5,2,2026-12,0.7567,2026,10
-41.5,-76.5,2,2026-12,0.9562,2026,10
-41.5,-75.5,2,2026-12,1.153,2026,10
-41.5,-74.5,2,2026-12,1.2921,2026,10
-41.5,-73.5,2,2026-12,0.9723,2026,10
-41.5,-72.5,2,2026-12,0.7939,2026,10
-41.5,-71.5,2,2026-12,0.4462,2026,10
-41.5,-70.5,2,2026-12,-0.1063,2026,10
-41.5,-69.5,2,2026-12,-0.534,2026,10
-41.5,-68.5,2,2026-12,-0.8228,2026,10
-41.5,-67.5,2,2026-12,-0.9879,2026,10
-41.5,-66.5,2,2026-12,-1.1236,2026,10
-41.5,-65.5,2,2026-12,-1.0321,2026,10
-41.5,-64.5,2,2026-12,-0.1712,2026,10
-41.5,-63.5,2,2026-12,-0.0768,2026,10
-41.5,-62.5,2,2026-12,-0.0431,2026,10
-41.5,-61.5,2,2026-12,0.0099,2026,10
-41.5,-60.5,2,2026-12,0.0402,2026,10
-41.5,-59.5,2,2026-12,-0.0016,2026,10
-41.5,-58.5,2,2026-12,-0.014,2026,10
-41.5,-57.5,2,2026-12,0.111,2026,10
-41.5,-56.5,2,2026-12,0.224,2026,10
-41.5,-55.5,2,2026-12,0.1156,2026,10
-41.5,-54.5,2,2026-12,-0.0125,2026,10
-41.5,-53.5,2,2026-12,-0.3123,2026,10
-41.5,-52.5,2,2026-12,-0.3612,2026,10
-41.5,-51.5,2,2026-12,-0.3255,2026,10
-41.5,-50.5,2,2026-12,-0.0638,2026,10
-41.5,-49.5,2,2026-12,0.1247,2026,10
-41.5,-48.5,2,2026-12,0.1239,2026,10
-41.5,-47.5,2,2026-12,0.1772,2026,10
-41.5,-46.5,2,2026-12,0.2494,2026,10
-41.5,-45.5,2,2026-12,0.1452,2026,10
-41.5,-44.5,2,2026-12,0.1469,2026,10
-41.5,-43.5,2,2026-12,0.1608,2026,10
-41.5,-42.5,2,2026-12,0.0473,2026,10
-41.5,-41.5,2,2026-12,-0.1244,2026,10
-41.5,-40.5,2,2026-12,-0.0736,2026,10
-41.5,-39.5,2,2026-12,0.0348,2026,10
-41.5,-38.5,2,2026-12,0.1212,2026,10
-41.5,-37.5,2,2026-12,0.1488,2026,10
-41.5,-36.5,2,2026-12,0.0553,2026,10
-41.5,-35.5,2,2026-12,-0.1168,2026,10
-41.5,-34.5,2,2026-12,-0.0577,2026,10
-41.5,-33.5,2,2026-12,-0.0396,2026,10
-41.5,-32.5,2,2026-12,0.0717,2026,10
-41.5,-31.5,2,2026-12,0.0028,2026,10
-41.5,-30.5,2,2026-12,-0.1363,2026,10
-42.5,-89.5,2,2026-12,0.8407,2026,10
-42.5,-88.5,2,2026-12,0.8119,2026,10
-42.5,-87.5,2,2026-12,0.7953,2026,10
-42.5,-86.5,2,2026-12,0.817,2026,10
-42.5,-85.5,2,2026-12,0.7948,2026,10
-42.5,-84.5,2,2026-12,0.7104,2026,10
-42.5,-83.5,2,2026-12,0.6623,2026,10
-42.5,-82.5,2,2026-12,0.7057,2026,10
-42.5,-81.5,2,2026-12,0.7692,2026,10
-42.5,-80.5,2,2026-12,0.7528,2026,10
-42.5,-79.5,2,2026-12,0.7357,2026,10
-42.5,-78.5,2,2026-12,0.7387,2026,10
-42.5,-77.5,2,2026-12,0.8129,2026,10
-42.5,-76.5,2,2026-12,0.9975,2026,10
-42.5,-75.5,2,2026-12,1.1808,2026,10
-42.5,-74.5,2,2026-12,1.2082,2026,10
-42.5,-73.5,2,2026-12,0.9721,2026,10
-42.5,-72.5,2,2026-12,0.8852,2026,10
-42.5,-71.5,2,2026-12,0.6537,2026,10
-42.5,-70.5,2,2026-12,0.2941,2026,10
-42.5,-69.5,2,2026-12,-0.0189,2026,10
-42.5,-68.5,2,2026-12,-0.3673,2026,10
-42.5,-67.5,2,2026-12,-0.681,2026,10
-42.5,-66.5,2,2026-12,-0.796,2026,10
-42.5,-65.5,2,2026-12,-0.7892,2026,10
-42.5,-64.5,2,2026-12,-0.326,2026,10
-42.5,-63.5,2,2026-12,-0.0626,2026,10
-42.5,-62.5,2,2026-12,0.0502,2026,10
-42.5,-61.5,2,2026-12,0.0895,2026,10
-42.5,-60.5,2,2026-12,0.0822,2026,10
-42.5,-59.5,2,2026-12,0.0522,2026,10
-42.5,-58.5,2,2026-12,0.1505,2026,10
-42.5,-57.5,2,2026-12,0.2453,2026,10
-42.5,-56.5,2,2026-12,0.0526,2026,10
-42.5,-55.5,2,2026-12,-0.1278,2026,10
-42.5,-54.5,2,2026-12,-0.2726,2026,10
-42.5,-53.5,2,2026-12,-0.287,2026,10
-42.5,-52.5,2,2026-12,-0.1717,2026,10
-42.5,-51.5,2,2026-12,-0.1378,2026,10
-42.5,-50.5,2,2026-12,-0.0338,2026,10
-42.5,-49.5,2,2026-12,0.0766,2026,10
-42.5,-48.5,2,2026-12,0.0421,2026,10
-42.5,-47.5,2,2026-12,0.1288,2026,10
-42.5,-46.5,2,2026-12,0.2084,2026,10
-42.5,-45.5,2,2026-12,0.1303,2026,10
-42.5,-44.5,2,2026-12,0.1361,2026,10
-42.5,-43.5,2,2026-12,0.0771,2026,10
-42.5,-42.5,2,2026-12,0.015,2026,10
-42.5,-41.5,2,2026-12,-0.0147,2026,10
-42.5,-40.5,2,2026-12,0.0417,2026,10
-42.5,-39.5,2,2026-12,0.0722,2026,10
-42.5,-38.5,2,2026-12,0.0175,2026,10
-42.5,-37.5,2,2026-12,-0.077,2026,10
-42.5,-36.5,2,2026-12,-0.0628,2026,10
-42.5,-35.5,2,2026-12,0.0263,2026,10
-42.5,-34.5,2,2026-12,0.0775,2026,10
-42.5,-33.5,2,2026-12,-0.0042,2026,10
-42.5,-32.5,2,2026-12,0.0653,2026,10
-42.5,-31.5,2,2026-12,0.0644,2026,10
-42.5,-30.5,2,2026-12,0.05,2026,10
-43.5,-89.5,2,2026-12,0.8776,2026,10
-43.5,-88.5,2,2026-12,0.9098,2026,10
-43.5,-87.5,2,2026-12,0.8891,2026,10
-43.5,-86.5,2,2026-12,0.8524,2026,10
-43.5,-85.5,2,2026-12,0.7965,2026,10
-43.5,-84.5,2,2026-12,0.7758,2026,10
-43.5,-83.5,2,2026-12,0.8324,2026,10
-43.5,-82.5,2,2026-12,0.8261,2026,10
-43.5,-81.5,2,2026-12,0.8319,2026,10
-43.5,-80.5,2,2026-12,0.8253,2026,10
-43.5,-79.5,2,2026-12,0.8146,2026,10
-43.5,-78.5,2,2026-12,0.8124,2026,10
-43.5,-77.5,2,2026-12,0.869,2026,10
-43.5,-76.5,2,2026-12,0.9916,2026,10
-43.5,-75.5,2,2026-12,1.1752,2026,10
-43.5,-74.5,2,2026-12,1.133,2026,10
-43.5,-73.5,2,2026-12,1.0006,2026,10
-43.5,-72.5,2,2026-12,0.996,2026,10
-43.5,-71.5,2,2026-12,0.8449,2026,10
-43.5,-70.5,2,2026-12,0.5905,2026,10
-43.5,-69.5,2,2026-12,0.2172,2026,10
-43.5,-68.5,2,2026-12,0.0439,2026,10
-43.5,-67.5,2,2026-12,-0.1434,2026,10
-43.5,-66.5,2,2026-12,-0.3209,2026,10
-43.5,-65.5,2,2026-12,-0.5316,2026,10
-43.5,-64.5,2,2026-12,-0.0565,2026,10
-43.5,-63.5,2,2026-12,0.0775,2026,10
-43.5,-62.5,2,2026-12,0.1078,2026,10
-43.5,-61.5,2,2026-12,0.1332,2026,10
-43.5,-60.5,2,2026-12,0.1068,2026,10
-43.5,-59.5,2,2026-12,0.1618,2026,10
-43.5,-58.5,2,2026-12,0.2775,2026,10
-43.5,-57.5,2,2026-12,0.133,2026,10
-43.5,-56.5,2,2026-12,-0.1407,2026,10
-43.5,-55.5,2,2026-12,-0.1839,2026,10
-43.5,-54.5,2,2026-12,-0.3844,2026,10
-43.5,-53.5,2,2026-12,-0.3868,2026,10
-43.5,-52.5,2,2026-12,-0.1395,2026,10
-43.5,-51.5,2,2026-12,0.1088,2026,10
-43.5,-50.5,2,2026-12,0.1337,2026,10
-43.5,-49.5,2,2026-12,0.1276,2026,10
-43.5,-48.5,2,2026-12,0.1337,2026,10
-43.5,-47.5,2,2026-12,0.1681,2026,10
-43.5,-46.5,2,2026-12,0.2028,2026,10
-43.5,-45.5,2,2026-12,0.2394,2026,10
-43.5,-44.5,2,2026-12,0.2511,2026,10
-43.5,-43.5,2,2026-12,0.244,2026,10
-43.5,-42.5,2,2026-12,0.2213,2026,10
-43.5,-41.5,2,2026-12,0.204,2026,10
-43.5,-40.5,2,2026-12,0.1552,2026,10
-43.5,-39.5,2,2026-12,0.0951,2026,10
-43.5,-38.5,2,2026-12,-0.0018,2026,10
-43.5,-37.5,2,2026-12,-0.1341,2026,10
-43.5,-36.5,2,2026-12,-0.1202,2026,10
-43.5,-35.5,2,2026-12,0.0026,2026,10
-43.5,-34.5,2,2026-12,0.1266,2026,10
-43.5,-33.5,2,2026-12,0.0482,2026,10
-43.5,-32.5,2,2026-12,-0.0211,2026,10
-43.5,-31.5,2,2026-12,0.0126,2026,10
-43.5,-30.5,2,2026-12,0.1347,2026,10
-44.5,-89.5,2,2026-12,0.9171,2026,10
-44.5,-88.5,2,2026-12,0.8837,2026,10
-44.5,-87.5,2,2026-12,0.8678,2026,10
-44.5,-86.5,2,2026-12,0.8551,2026,10
-44.5,-85.5,2,2026-12,0.8588,2026,10
-44.5,-84.5,2,2026-12,0.8988,2026,10
-44.5,-83.5,2,2026-12,0.9364,2026,10
-44.5,-82.5,2,2026-12,0.8927,2026,10
-44.5,-81.5,2,2026-12,0.8473,2026,10
-44.5,-80.5,2,2026-12,0.8805,2026,10
-44.5,-79.5,2,2026-12,0.8825,2026,10
-44.5,-78.5,2,2026-12,0.8478,2026,10
-44.5,-77.5,2,2026-12,0.8988,2026,10
-44.5,-76.5,2,2026-12,1.047,2026,10
-44.5,-75.5,2,2026-12,1.1696,2026,10
-44.5,-74.5,2,2026-12,1.1107,2026,10
-44.5,-73.5,2,2026-12,1.1164,2026,10
-44.5,-72.5,2,2026-12,1.2431,2026,10
-44.5,-71.5,2,2026-12,1.0524,2026,10
-44.5,-70.5,2,2026-12,0.7433,2026,10
-44.5,-69.5,2,2026-12,0.4674,2026,10
-44.5,-68.5,2,2026-12,0.2758,2026,10
-44.5,-67.5,2,2026-12,0.07,2026,10
-44.5,-66.5,2,2026-12,-0.1869,2026,10
-44.5,-65.5,2,2026-12,-0.1251,2026,10
-44.5,-64.5,2,2026-12,0.1686,2026,10
-44.5,-63.5,2,2026-12,0.154,2026,10
-44.5,-62.5,2,2026-12,0.1581,2026,10
-44.5,-61.5,2,2026-12,0.1471,2026,10
-44.5,-60.5,2,2026-12,0.1769,2026,10
-44.5,-59.5,2,2026-12,0.2509,2026,10
-44.5,-58.5,2,2026-12,0.2899,2026,10
-44.5,-57.5,2,2026-12,0.1769,2026,10
-44.5,-56.5,2,2026-12,-0.0484,2026,10
-44.5,-55.5,2,2026-12,-0.0921,2026,10
-44.5,-54.5,2,2026-12,-0.2054,2026,10
-44.5,-53.5,2,2026-12,-0.2716,2026,10
-44.5,-52.5,2,2026-12,-0.0738,2026,10
-44.5,-51.5,2,2026-12,0.1542,2026,10
-44.5,-50.5,2,2026-12,0.1337,2026,10
-44.5,-49.5,2,2026-12,0.1305,2026,10
-44.5,-48.5,2,2026-12,0.1957,2026,10
-44.5,-47.5,2,2026-12,0.1754,2026,10
-44.5,-46.5,2,2026-12,0.1916,2026,10
-44.5,-45.5,2,2026-12,0.1972,2026,10
-44.5,-44.5,2,2026-12,0.2025,2026,10
-44.5,-43.5,2,2026-12,0.2289,2026,10
-44.5,-42.5,2,2026-12,0.2694,2026,10
-44.5,-41.5,2,2026-12,0.2987,2026,10
-44.5,-40.5,2,2026-12,0.321,2026,10
-44.5,-39.5,2,2026-12,0.3297,2026,10
-44.5,-38.5,2,2026-12,0.3014,2026,10
-44.5,-37.5,2,2026-12,0.1488,2026,10
-44.5,-36.5,2,2026-12,0.018,2026,10
-44.5,-35.5,2,2026-12,-0.0157,2026,10
-44.5,-34.5,2,2026-12,0.0793,2026,10
-44.5,-33.5,2,2026-12,0.0812,2026,10
-44.5,-32.5,2,2026-12,-0.0167,2026,10
-44.5,-31.5,2,2026-12,-0.0025,2026,10
-44.5,-30.5,2,2026-12,0.1818,2026,10
-45.5,-89.5,2,2026-12,0.9384,2026,10
-45.5,-88.5,2,2026-12,0.8793,2026,10
-45.5,-87.5,2,2026-12,0.8615,2026,10
-45.5,-86.5,2,2026-12,0.8761,2026,10
-45.5,-85.5,2,2026-12,0.9489,2026,10
-45.5,-84.5,2,2026-12,0.9643,2026,10
-45.5,-83.5,2,2026-12,0.9254,2026,10
-45.5,-82.5,2,2026-12,0.8905,2026,10
-45.5,-81.5,2,2026-12,0.88,2026,10
-45.5,-80.5,2,2026-12,0.8683,2026,10
-45.5,-79.5,2,2026-12,0.89,2026,10
-45.5,-78.5,2,2026-12,0.8942,2026,10
-45.5,-77.5,2,2026-12,0.9613,2026,10
-45.5,-76.5,2,2026-12,1.0849,2026,10
-45.5,-75.5,2,2026-12,1.1962,2026,10
-45.5,-74.5,2,2026-12,1.1591,2026,10
-45.5,-73.5,2,2026-12,1.2336,2026,10
-45.5,-72.5,2,2026-12,1.4416,2026,10
-45.5,-71.5,2,2026-12,1.1156,2026,10
-45.5,-70.5,2,2026-12,0.9518,2026,10
-45.5,-69.5,2,2026-12,0.7223,2026,10
-45.5,-68.5,2,2026-12,0.4972,2026,10
-45.5,-67.5,2,2026-12,0.1217,2026,10
-45.5,-66.5,2,2026-12,0.1896,2026,10
-45.5,-65.5,2,2026-12,0.277,2026,10
-45.5,-64.5,2,2026-12,0.2274,2026,10
-45.5,-63.5,2,2026-12,0.1947,2026,10
-45.5,-62.5,2,2026-12,0.1991,2026,10
-45.5,-61.5,2,2026-12,0.224,2026,10
-45.5,-60.5,2,2026-12,0.2421,2026,10
-45.5,-59.5,2,2026-12,0.2731,2026,10
-45.5,-58.5,2,2026-12,0.3214,2026,10
-45.5,-57.5,2,2026-12,0.2379,2026,10
-45.5,-56.5,2,2026-12,0.1476,2026,10
-45.5,-55.5,2,2026-12,0.1479,2026,10
-45.5,-54.5,2,2026-12,0.1107,2026,10
-45.5,-53.5,2,2026-12,0.0385,2026,10
-45.5,-52.5,2,2026-12,0.0876,2026,10
-45.5,-51.5,2,2026-12,0.0785,2026,10
-45.5,-50.5,2,2026-12,0.0109,2026,10
-45.5,-49.5,2,2026-12,0.0548,2026,10
-45.5,-48.5,2,2026-12,0.1679,2026,10
-45.5,-47.5,2,2026-12,0.1942,2026,10
-45.5,-46.5,2,2026-12,0.1833,2026,10
-45.5,-45.5,2,2026-12,0.1762,2026,10
-45.5,-44.5,2,2026-12,0.1628,2026,10
-45.5,-43.5,2,2026-12,0.1874,2026,10
-45.5,-42.5,2,2026-12,0.2282,2026,10
-45.5,-41.5,2,2026-12,0.2724,2026,10
-45.5,-40.5,2,2026-12,0.3,2026,10
-45.5,-39.5,2,2026-12,0.3278,2026,10
-45.5,-38.5,2,2026-12,0.3576,2026,10
-45.5,-37.5,2,2026-12,0.2785,2026,10
-45.5,-36.5,2,2026-12,0.1762,2026,10
-45.5,-35.5,2,2026-12,0.1017,2026,10
-45.5,-34.5,2,2026-12,0.0797,2026,10
-45.5,-33.5,2,2026-12,0.0722,2026,10
-45.5,-32.5,2,2026-12,0.0937,2026,10
-45.5,-31.5,2,2026-12,0.1691,2026,10
-45.5,-30.5,2,2026-12,0.1735,2026,10
-46.5,-89.5,2,2026-12,0.9596,2026,10
-46.5,-88.5,2,2026-12,0.923,2026,10
-46.5,-87.5,2,2026-12,0.9242,2026,10
-46.5,-86.5,2,2026-12,0.9274,2026,10
-46.5,-85.5,2,2026-12,0.9135,2026,10
-46.5,-84.5,2,2026-12,0.9547,2026,10
-46.5,-83.5,2,2026-12,0.8925,2026,10
-46.5,-82.5,2,2026-12,0.8498,2026,10
-46.5,-81.5,2,2026-12,0.8815,2026,10
-46.5,-80.5,2,2026-12,0.8918,2026,10
-46.5,-79.5,2,2026-12,0.9384,2026,10
-46.5,-78.5,2,2026-12,1.0233,2026,10
-46.5,-77.5,2,2026-12,1.0985,2026,10
-46.5,-76.5,2,2026-12,1.1637,2026,10
-46.5,-75.5,2,2026-12,1.1754,2026,10
-46.5,-74.5,2,2026-12,1.1918,2026,10
-46.5,-73.5,2,2026-12,1.2265,2026,10
-46.5,-72.5,2,2026-12,1.4853,2026,10
-46.5,-71.5,2,2026-12,1.3136,2026,10
-46.5,-70.5,2,2026-12,1.0619,2026,10
-46.5,-69.5,2,2026-12,0.8083,2026,10
-46.5,-68.5,2,2026-12,0.4638,2026,10
-46.5,-67.5,2,2026-12,0.1957,2026,10
-46.5,-66.5,2,2026-12,0.2697,2026,10
-46.5,-65.5,2,2026-12,0.2899,2026,10
-46.5,-64.5,2,2026-12,0.2917,2026,10
-46.5,-63.5,2,2026-12,0.2968,2026,10
-46.5,-62.5,2,2026-12,0.2992,2026,10
-46.5,-61.5,2,2026-12,0.3112,2026,10
-46.5,-60.5,2,2026-12,0.2694,2026,10
-46.5,-59.5,2,2026-12,0.2802,2026,10
-46.5,-58.5,2,2026-12,0.3068,2026,10
-46.5,-57.5,2,2026-12,0.3454,2026,10
-46.5,-56.5,2,2026-12,0.3429,2026,10
-46.5,-55.5,2,2026-12,0.2702,2026,10
-46.5,-54.5,2,2026-12,0.2191,2026,10
-46.5,-53.5,2,2026-12,0.1586,2026,10
-46.5,-52.5,2,2026-12,0.067,2026,10
-46.5,-51.5,2,2026-12,0.0304,2026,10
-46.5,-50.5,2,2026-12,0.029,2026,10
-46.5,-49.5,2,2026-12,0.0622,2026,10
-46.5,-48.5,2,2026-12,0.1232,2026,10
-46.5,-47.5,2,2026-12,0.1837,2026,10
-46.5,-46.5,2,2026-12,0.1874,2026,10
-46.5,-45.5,2,2026-12,0.184,2026,10
-46.5,-44.5,2,2026-12,0.1986,2026,10
-46.5,-43.5,2,2026-12,0.2287,2026,10
-46.5,-42.5,2,2026-12,0.2572,2026,10
-46.5,-41.5,2,2026-12,0.2914,2026,10
-46.5,-40.5,2,2026-12,0.3163,2026,10
-46.5,-39.5,2,2026-12,0.3251,2026,10
-46.5,-38.5,2,2026-12,0.3285,2026,10
-46.5,-37.5,2,2026-12,0.2982,2026,10
-46.5,-36.5,2,2026-12,0.2353,2026,10
-46.5,-35.5,2,2026-12,0.1696,2026,10
-46.5,-34.5,2,2026-12,0.13,2026,10
-46.5,-33.5,2,2026-12,0.1671,2026,10
-46.5,-32.5,2,2026-12,0.1408,2026,10
-46.5,-31.5,2,2026-12,0.1505,2026,10
-46.5,-30.5,2,2026-12,0.1332,2026,10
-47.5,-89.5,2,2026-12,0.9342,2026,10
-47.5,-88.5,2,2026-12,0.9132,2026,10
-47.5,-87.5,2,2026-12,0.9318,2026,10
-47.5,-86.5,2,2026-12,0.9442,2026,10
-47.5,-85.5,2,2026-12,0.893,2026,10
-47.5,-84.5,2,2026-12,0.9206,2026,10
-47.5,-83.5,2,2026-12,0.9228,2026,10
-47.5,-82.5,2,2026-12,0.9308,2026,10
-47.5,-81.5,2,2026-12,0.9635,2026,10
-47.5,-80.5,2,2026-12,0.974,2026,10
-47.5,-79.5,2,2026-12,0.9796,2026,10
-47.5,-78.5,2,2026-12,1.0631,2026,10
-47.5,-77.5,2,2026-12,1.1554,2026,10
-47.5,-76.5,2,2026-12,1.163,2026,10
-47.5,-75.5,2,2026-12,1.1835,2026,10
-47.5,-74.5,2,2026-12,1.3349,2026,10
-47.5,-73.5,2,2026-12,1.4425,2026,10
-47.5,-72.5,2,2026-12,1.3761,2026,10
-47.5,-71.5,2,2026-12,1.3427,2026,10
-47.5,-70.5,2,2026-12,1.0036,2026,10
-47.5,-69.5,2,2026-12,0.7799,2026,10
-47.5,-68.5,2,2026-12,0.4086,2026,10
-47.5,-67.5,2,2026-12,0.2055,2026,10
-47.5,-66.5,2,2026-12,-0.0245,2026,10
-47.5,-65.5,2,2026-12,0.0304,2026,10
-47.5,-64.5,2,2026-12,0.2433,2026,10
-47.5,-63.5,2,2026-12,0.3366,2026,10
-47.5,-62.5,2,2026-12,0.3498,2026,10
-47.5,-61.5,2,2026-12,0.3444,2026,10
-47.5,-60.5,2,2026-12,0.2445,2026,10
-47.5,-59.5,2,2026-12,0.2672,2026,10
-47.5,-58.5,2,2026-12,0.2765,2026,10
-47.5,-57.5,2,2026-12,0.2878,2026,10
-47.5,-56.5,2,2026-12,0.3232,2026,10
-47.5,-55.5,2,2026-12,0.2023,2026,10
-47.5,-54.5,2,2026-12,0.1689,2026,10
-47.5,-53.5,2,2026-12,0.2758,2026,10
-47.5,-52.5,2,2026-12,0.2438,2026,10
-47.5,-51.5,2,2026-12,0.1857,2026,10
-47.5,-50.5,2,2026-12,0.0949,2026,10
-47.5,-49.5,2,2026-12,0.0309,2026,10
-47.5,-48.5,2,2026-12,0.0436,2026,10
-47.5,-47.5,2,2026-12,0.0819,2026,10
-47.5,-46.5,2,2026-12,0.0968,2026,10
-47.5,-45.5,2,2026-12,0.1242,2026,10
-47.5,-44.5,2,2026-12,0.1828,2026,10
-47.5,-43.5,2,2026-12,0.2306,2026,10
-47.5,-42.5,2,2026-12,0.2426,2026,10
-47.5,-41.5,2,2026-12,0.2526,2026,10
-47.5,-40.5,2,2026-12,0.2624,2026,10
-47.5,-39.5,2,2026-12,0.2721,2026,10
-47.5,-38.5,2,2026-12,0.2484,2026,10
-47.5,-37.5,2,2026-12,0.2074,2026,10
-47.5,-36.5,2,2026-12,0.1833,2026,10
-47.5,-35.5,2,2026-12,0.2253,2026,10
-47.5,-34.5,2,2026-12,0.2094,2026,10
-47.5,-33.5,2,2026-12,0.2008,2026,10
-47.5,-32.5,2,2026-12,0.1427,2026,10
-47.5,-31.5,2,2026-12,0.0373,2026,10
-47.5,-30.5,2,2026-12,-0.0174,2026,10
-48.5,-89.5,2,2026-12,0.9308,2026,10
-48.5,-88.5,2,2026-12,0.9047,2026,10
-48.5,-87.5,2,2026-12,0.8739,2026,10
-48.5,-86.5,2,2026-12,0.9171,2026,10
-48.5,-85.5,2,2026-12,0.923,2026,10
-48.5,-84.5,2,2026-12,0.8983,2026,10
-48.5,-83.5,2,2026-12,0.8898,2026,10
-48.5,-82.5,2,2026-12,0.8898,2026,10
-48.5,-81.5,2,2026-12,0.8712,2026,10
-48.5,-80.5,2,2026-12,0.9455,2026,10
-48.5,-79.5,2,2026-12,1.0226,2026,10
-48.5,-78.5,2,2026-12,1.0656,2026,10
-48.5,-77.5,2,2026-12,1.1271,2026,10
-48.5,-76.5,2,2026-12,1.1525,2026,10
-48.5,-75.5,2,2026-12,1.194,2026,10
-48.5,-74.5,2,2026-12,1.3388,2026,10
-48.5,-73.5,2,2026-12,1.2189,2026,10
-48.5,-72.5,2,2026-12,1.3959,2026,10
-48.5,-71.5,2,2026-12,1.3134,2026,10
-48.5,-70.5,2,2026-12,1.0312,2026,10
-48.5,-69.5,2,2026-12,0.7978,2026,10
-48.5,-68.5,2,2026-12,0.4975,2026,10
-48.5,-67.5,2,2026-12,0.1693,2026,10
-48.5,-66.5,2,2026-12,0.0509,2026,10
-48.5,-65.5,2,2026-12,0.173,2026,10
-48.5,-64.5,2,2026-12,0.3161,2026,10
-48.5,-63.5,2,2026-12,0.3944,2026,10
-48.5,-62.5,2,2026-12,0.4015,2026,10
-48.5,-61.5,2,2026-12,0.3615,2026,10
-48.5,-60.5,2,2026-12,0.2553,2026,10
-48.5,-59.5,2,2026-12,0.2206,2026,10
-48.5,-58.5,2,2026-12,0.2462,2026,10
-48.5,-57.5,2,2026-12,0.2619,2026,10
-48.5,-56.5,2,2026-12,0.2655,2026,10
-48.5,-55.5,2,2026-12,0.2372,2026,10
-48.5,-54.5,2,2026-12,0.1835,2026,10
-48.5,-53.5,2,2026-12,0.1342,2026,10
-48.5,-52.5,2,2026-12,0.057,2026,10
-48.5,-51.5,2,2026-12,0.0175,2026,10
-48.5,-50.5,2,2026-12,0.0702,2026,10
-48.5,-49.5,2,2026-12,0.0849,2026,10
-48.5,-48.5,2,2026-12,0.0795,2026,10
-48.5,-47.5,2,2026-12,0.0673,2026,10
-48.5,-46.5,2,2026-12,0.0629,2026,10
-48.5,-45.5,2,2026-12,0.0636,2026,10
-48.5,-44.5,2,2026-12,0.1193,2026,10
-48.5,-43.5,2,2026-12,0.1559,2026,10
-48.5,-42.5,2,2026-12,0.1259,2026,10
-48.5,-41.5,2,2026-12,0.0968,2026,10
-48.5,-40.5,2,2026-12,-0.0328,2026,10
-48.5,-39.5,2,2026-12,-0.1383,2026,10
-48.5,-38.5,2,2026-12,0.0133,2026,10
-48.5,-37.5,2,2026-12,0.2531,2026,10
-48.5,-36.5,2,2026-12,0.2777,2026,10
-48.5,-35.5,2,2026-12,0.0346,2026,10
-48.5,-34.5,2,2026-12,-0.1422,2026,10
-48.5,-33.5,2,2026-12,-0.0704,2026,10
-48.5,-32.5,2,2026-12,0.0729,2026,10
-48.5,-31.5,2,2026-12,0.0893,2026,10
-48.5,-30.5,2,2026-12,0.0544,2026,10
-49.5,-89.5,2,2026-12,0.9623,2026,10
-49.5,-88.5,2,2026-12,0.9325,2026,10
-49.5,-87.5,2,2026-12,0.8952,2026,10
-49.5,-86.5,2,2026-12,0.9069,2026,10
-49.5,-85.5,2,2026-12,0.8998,2026,10
-49.5,-84.5,2,2026-12,0.8915,2026,10
-49.5,-83.5,2,2026-12,0.8722,2026,10
-49.5,-82.5,2,2026-12,0.8341,2026,10
-49.5,-81.5,2,2026-12,0.8581,2026,10
-49.5,-80.5,2,2026-12,0.9599,2026,10
-49.5,-79.5,2,2026-12,1.0907,2026,10
-49.5,-78.5,2,2026-12,1.1252,2026,10
-49.5,-77.5,2,2026-12,1.1286,2026,10
-49.5,-76.5,2,2026-12,1.1942,2026,10
-49.5,-75.5,2,2026-12,1.1669,2026,10
-49.5,-74.5,2,2026-12,1.3942,2026,10
-49.5,-73.5,2,2026-12,0.9879,2026,10
-49.5,-72.5,2,2026-12,1.3158,2026,10
-49.5,-71.5,2,2026-12,1.2253,2026,10
-49.5,-70.5,2,2026-12,0.9264,2026,10
-49.5,-69.5,2,2026-12,0.6515,2026,10
-49.5,-68.5,2,2026-12,0.3988,2026,10
-49.5,-67.5,2,2026-12,0.1801,2026,10
-49.5,-66.5,2,2026-12,0.2235,2026,10
-49.5,-65.5,2,2026-12,0.3593,2026,10
-49.5,-64.5,2,2026-12,0.4447,2026,10
-49.5,-63.5,2,2026-12,0.4623,2026,10
-49.5,-62.5,2,2026-12,0.4272,2026,10
-49.5,-61.5,2,2026-12,0.3695,2026,10
-49.5,-60.5,2,2026-12,0.2736,2026,10
-49.5,-59.5,2,2026-12,0.2343,2026,10
-49.5,-58.5,2,2026-12,0.2182,2026,10
-49.5,-57.5,2,2026-12,0.2138,2026,10
-49.5,-56.5,2,2026-12,0.2199,2026,10
-49.5,-55.5,2,2026-12,0.2414,2026,10
-49.5,-54.5,2,2026-12,0.2624,2026,10
-49.5,-53.5,2,2026-12,0.2289,2026,10
-49.5,-52.5,2,2026-12,0.1547,2026,10
-49.5,-51.5,2,2026-12,0.1662,2026,10
-49.5,-50.5,2,2026-12,0.256,2026,10
-49.5,-49.5,2,2026-12,0.2746,2026,10
-49.5,-48.5,2,2026-12,0.2394,2026,10
-49.5,-47.5,2,2026-12,0.1894,2026,10
-49.5,-46.5,2,2026-12,0.0732,2026,10
-49.5,-45.5,2,2026-12,0.0544,2026,10
-49.5,-44.5,2,2026-12,0.047,2026,10
-49.5,-43.5,2,2026-12,-0.023,2026,10
-49.5,-42.5,2,2026-12,-0.0694,2026,10
-49.5,-41.5,2,2026-12,-0.1026,2026,10
-49.5,-40.5,2,2026-12,-0.2689,2026,10
-49.5,-39.5,2,2026-12,-0.3141,2026,10
-49.5,-38.5,2,2026-12,-0.1842,2026,10
-49.5,-37.5,2,2026-12,0.0021,2026,10
-49.5,-36.5,2,2026-12,0.0461,2026,10
-49.5,-35.5,2,2026-12,-0.0426,2026,10
-49.5,-34.5,2,2026-12,-0.0699,2026,10
-49.5,-33.5,2,2026-12,-0.0169,2026,10
-49.5,-32.5,2,2026-12,0.0619,2026,10
-49.5,-31.5,2,2026-12,0.0775,2026,10
-49.5,-30.5,2,2026-12,0.0976,2026,10
-50.5,-89.5,2,2026-12,0.9816,2026,10
-50.5,-88.5,2,2026-12,0.9333,2026,10
-50.5,-87.5,2,2026-12,0.9023,2026,10
-50.5,-86.5,2,2026-12,0.8983,2026,10
-50.5,-85.5,2,2026-12,0.894,2026,10
-50.5,-84.5,2,2026-12,0.8883,2026,10
-50.5,-83.5,2,2026-12,0.8971,2026,10
-50.5,-82.5,2,2026-12,0.9274,2026,10
-50.5,-81.5,2,2026-12,0.9853,2026,10
-50.5,-80.5,2,2026-12,1.0236,2026,10
-50.5,-79.5,2,2026-12,1.0854,2026,10
-50.5,-78.5,2,2026-12,1.0834,2026,10
-50.5,-77.5,2,2026-12,1.0578,2026,10
-50.5,-76.5,2,2026-12,1.142,2026,10
-50.5,-75.5,2,2026-12,1.1479,2026,10
-50.5,-74.5,2,2026-12,1.247,2026,10
-50.5,-73.5,2,2026-12,1.2506,2026,10
-50.5,-72.5,2,2026-12,1.4525,2026,10
-50.5,-71.5,2,2026-12,1.0834,2026,10
-50.5,-70.5,2,2026-12,0.7853,2026,10
-50.5,-69.5,2,2026-12,0.5683,2026,10
-50.5,-68.5,2,2026-12,0.3522,2026,10
-50.5,-67.5,2,2026-12,0.2907,2026,10
-50.5,-66.5,2,2026-12,0.4008,2026,10
-50.5,-65.5,2,2026-12,0.4799,2026,10
-50.5,-64.5,2,2026-12,0.4762,2026,10
-50.5,-63.5,2,2026-12,0.4538,2026,10
-50.5,-62.5,2,2026-12,0.4164,2026,10
-50.5,-61.5,2,2026-12,0.3727,2026,10
-50.5,-60.5,2,2026-12,0.2926,2026,10
-50.5,-59.5,2,2026-12,0.2101,2026,10
-50.5,-58.5,2,2026-12,0.1762,2026,10
-50.5,-57.5,2,2026-12,0.1894,2026,10
-50.5,-56.5,2,2026-12,0.2074,2026,10
-50.5,-55.5,2,2026-12,0.2338,2026,10
-50.5,-54.5,2,2026-12,0.2516,2026,10
-50.5,-53.5,2,2026-12,0.2624,2026,10
-50.5,-52.5,2,2026-12,0.2228,2026,10
-50.5,-51.5,2,2026-12,0.1562,2026,10
-50.5,-50.5,2,2026-12,0.1513,2026,10
-50.5,-49.5,2,2026-12,0.1728,2026,10
-50.5,-48.5,2,2026-12,0.195,2026,10
-50.5,-47.5,2,2026-12,0.2072,2026,10
-50.5,-46.5,2,2026-12,0.1586,2026,10
-50.5,-45.5,2,2026-12,0.1151,2026,10
-50.5,-44.5,2,2026-12,0.0597,2026,10
-50.5,-43.5,2,2026-12,0.0202,2026,10
-50.5,-42.5,2,2026-12,-0.0167,2026,10
-50.5,-41.5,2,2026-12,-0.0274,2026,10
-50.5,-40.5,2,2026-12,-0.1253,2026,10
-50.5,-39.5,2,2026-12,-0.1624,2026,10
-50.5,-38.5,2,2026-12,-0.1678,2026,10
-50.5,-37.5,2,2026-12,-0.1497,2026,10
-50.5,-36.5,2,2026-12,-0.1219,2026,10
-50.5,-35.5,2,2026-12,-0.1222,2026,10
-50.5,-34.5,2,2026-12,-0.0255,2026,10
-50.5,-33.5,2,2026-12,0.0927,2026,10
-50.5,-32.5,2,2026-12,0.0326,2026,10
-50.5,-31.5,2,2026-12,0.0294,2026,10
-50.5,-30.5,2,2026-12,-0.0138,2026,10
-51.5,-89.5,2,2026-12,0.9435,2026,10
-51.5,-88.5,2,2026-12,0.9098,2026,10
-51.5,-87.5,2,2026-12,0.9015,2026,10
-51.5,-86.5,2,2026-12,0.9147,2026,10
-51.5,-85.5,2,2026-12,0.9054,2026,10
-51.5,-84.5,2,2026-12,0.8847,2026,10
-51.5,-83.5,2,2026-12,0.8771,2026,10
-51.5,-82.5,2,2026-12,0.9269,2026,10
-51.5,-81.5,2,2026-12,1.0126,2026,10
-51.5,-80.5,2,2026-12,1.0526,2026,10
-51.5,-79.5,2,2026-12,1.0585,2026,10
-51.5,-78.5,2,2026-12,1.0075,2026,10
-51.5,-77.5,2,2026-12,1.0119,2026,10
-51.5,-76.5,2,2026-12,1.0746,2026,10
-51.5,-75.5,2,2026-12,1.101,2026,10
-51.5,-74.5,2,2026-12,1.1713,2026,10
-51.5,-73.5,2,2026-12,1.2611,2026,10
-51.5,-72.5,2,2026-12,1.1649,2026,10
-51.5,-71.5,2,2026-12,0.9867,2026,10
-51.5,-70.5,2,2026-12,0.8649,2026,10
-51.5,-69.5,2,2026-12,0.7179,2026,10
-51.5,-68.5,2,2026-12,0.4713,2026,10
-51.5,-67.5,2,2026-12,0.4057,2026,10
-51.5,-66.5,2,2026-12,0.5197,2026,10
-51.5,-65.5,2,2026-12,0.5009,2026,10
-51.5,-64.5,2,2026-12,0.4403,2026,10
-51.5,-63.5,2,2026-12,0.4313,2026,10
-51.5,-62.5,2,2026-12,0.3959,2026,10
-51.5,-61.5,2,2026-12,0.3568,2026,10
-51.5,-60.5,2,2026-12,0.2948,2026,10
-51.5,-59.5,2,2026-12,0.2421,2026,10
-51.5,-58.5,2,2026-12,0.1566,2026,10
-51.5,-57.5,2,2026-12,0.162,2026,10
-51.5,-56.5,2,2026-12,0.2084,2026,10
-51.5,-55.5,2,2026-12,0.2248,2026,10
-51.5,-54.5,2,2026-12,0.2384,2026,10
-51.5,-53.5,2,2026-12,0.2311,2026,10
-51.5,-52.5,2,2026-12,0.2057,2026,10
-51.5,-51.5,2,2026-12,0.1742,2026,10
-51.5,-50.5,2,2026-12,0.152,2026,10
-51.5,-49.5,2,2026-12,0.1437,2026,10
-51.5,-48.5,2,2026-12,0.1742,2026,10
-51.5,-47.5,2,2026-12,0.214,2026,10
-51.5,-46.5,2,2026-12,0.2206,2026,10
-51.5,-45.5,2,2026-12,0.1881,2026,10
-51.5,-44.5,2,2026-12,0.133,2026,10
-51.5,-43.5,2,2026-12,0.0758,2026,10
-51.5,-42.5,2,2026-12,0.028,2026,10
-51.5,-41.5,2,2026-12,-0.0526,2026,10
-51.5,-40.5,2,2026-12,-0.1375,2026,10
-51.5,-39.5,2,2026-12,-0.1036,2026,10
-51.5,-38.5,2,2026-12,-0.1397,2026,10
-51.5,-37.5,2,2026-12,-0.2164,2026,10
-51.5,-36.5,2,2026-12,-0.1524,2026,10
-51.5,-35.5,2,2026-12,-0.0462,2026,10
-51.5,-34.5,2,2026-12,-0.054,2026,10
-51.5,-33.5,2,2026-12,-0.1229,2026,10
-51.5,-32.5,2,2026-12,-0.2677,2026,10
-51.5,-31.5,2,2026-12,-0.2435,2026,10
-51.5,-30.5,2,2026-12,-0.1534,2026,10
-52.5,-89.5,2,2026-12,0.9115,2026,10
-52.5,-88.5,2,2026-12,0.8957,2026,10
-52.5,-87.5,2,2026-12,0.8798,2026,10
-52.5,-86.5,2,2026-12,0.8783,2026,10
-52.5,-85.5,2,2026-12,0.862,2026,10
-52.5,-84.5,2,2026-12,0.8488,2026,10
-52.5,-83.5,2,2026-12,0.8503,2026,10
-52.5,-82.5,2,2026-12,0.8857,2026,10
-52.5,-81.5,2,2026-12,0.9362,2026,10
-52.5,-80.5,2,2026-12,0.9826,2026,10
-52.5,-79.5,2,2026-12,1.0175,2026,10
-52.5,-78.5,2,2026-12,0.9836,2026,10
-52.5,-77.5,2,2026-12,0.995,2026,10
-52.5,-76.5,2,2026-12,1.048,2026,10
-52.5,-75.5,2,2026-12,1.088,2026,10
-52.5,-74.5,2,2026-12,1.0378,2026,10
-52.5,-73.5,2,2026-12,1.1122,2026,10
-52.5,-72.5,2,2026-12,1.1344,2026,10
-52.5,-71.5,2,2026-12,1.005,2026,10
-52.5,-70.5,2,2026-12,0.9047,2026,10
-52.5,-69.5,2,2026-12,0.8781,2026,10
-52.5,-68.5,2,2026-12,0.6076,2026,10
-52.5,-67.5,2,2026-12,0.4428,2026,10
-52.5,-66.5,2,2026-12,0.5277,2026,10
-52.5,-65.5,2,2026-12,0.4799,2026,10
-52.5,-64.5,2,2026-12,0.4682,2026,10
-52.5,-63.5,2,2026-12,0.4511,2026,10
-52.5,-62.5,2,2026-12,0.402,2026,10
-52.5,-61.5,2,2026-12,0.3451,2026,10
-52.5,-60.5,2,2026-12,0.2982,2026,10
-52.5,-59.5,2,2026-12,0.2484,2026,10
-52.5,-58.5,2,2026-12,0.2255,2026,10
-52.5,-57.5,2,2026-12,0.2235,2026,10
-52.5,-56.5,2,2026-12,0.2245,2026,10
-52.5,-55.5,2,2026-12,0.1935,2026,10
-52.5,-54.5,2,2026-12,0.1615,2026,10
-52.5,-53.5,2,2026-12,0.1425,2026,10
-52.5,-52.5,2,2026-12,0.1383,2026,10
-52.5,-51.5,2,2026-12,0.142,2026,10
-52.5,-50.5,2,2026-12,0.1444,2026,10
-52.5,-49.5,2,2026-12,0.1464,2026,10
-52.5,-48.5,2,2026-12,0.1584,2026,10
-52.5,-47.5,2,2026-12,0.1527,2026,10
-52.5,-46.5,2,2026-12,0.162,2026,10
-52.5,-45.5,2,2026-12,0.1264,2026,10
-52.5,-44.5,2,2026-12,0.0702,2026,10
-52.5,-43.5,2,2026-12,0.0216,2026,10
-52.5,-42.5,2,2026-12,-0.0184,2026,10
-52.5,-41.5,2,2026-12,-0.0958,2026,10
-52.5,-40.5,2,2026-12,-0.1407,2026,10
-52.5,-39.5,2,2026-12,-0.1273,2026,10
-52.5,-38.5,2,2026-12,-0.1759,2026,10
-52.5,-37.5,2,2026-12,-0.2166,2026,10
-52.5,-36.5,2,2026-12,-0.1549,2026,10
-52.5,-35.5,2,2026-12,-0.1095,2026,10
-52.5,-34.5,2,2026-12,-0.0973,2026,10
-52.5,-33.5,2,2026-12,-0.1329,2026,10
-52.5,-32.5,2,2026-12,-0.2689,2026,10
-52.5,-31.5,2,2026-12,-0.3675,2026,10
-52.5,-30.5,2,2026-12,-0.3731,2026,10
-53.5,-89.5,2,2026-12,0.8817,2026,10
-53.5,-88.5,2,2026-12,0.8727,2026,10
-53.5,-87.5,2,2026-12,0.8781,2026,10
-53.5,-86.5,2,2026-12,0.8739,2026,10
-53.5,-85.5,2,2026-12,0.8615,2026,10
-53.5,-84.5,2,2026-12,0.8449,2026,10
-53.5,-83.5,2,2026-12,0.8295,2026,10
-53.5,-82.5,2,2026-12,0.8417,2026,10
-53.5,-81.5,2,2026-12,0.8747,2026,10
-53.5,-80.5,2,2026-12,0.9079,2026,10
-53.5,-79.5,2,2026-12,0.9384,2026,10
-53.5,-78.5,2,2026-12,0.9616,2026,10
-53.5,-77.5,2,2026-12,1.0143,2026,10
-53.5,-76.5,2,2026-12,1.029,2026,10
-53.5,-75.5,2,2026-12,1.08,2026,10
-53.5,-74.5,2,2026-12,1.0614,2026,10
-53.5,-73.5,2,2026-12,1.0177,2026,10
-53.5,-72.5,2,2026-12,1.0392,2026,10
-53.5,-71.5,2,2026-12,0.9682,2026,10
-53.5,-70.5,2,2026-12,0.8564,2026,10
-53.5,-69.5,2,2026-12,0.8483,2026,10
-53.5,-68.5,2,2026-12,0.788,2026,10
-53.5,-67.5,2,2026-12,0.63,2026,10
-53.5,-66.5,2,2026-12,0.5458,2026,10
-53.5,-65.5,2,2026-12,0.4923,2026,10
-53.5,-64.5,2,2026-12,0.4987,2026,10
-53.5,-63.5,2,2026-12,0.4682,2026,10
-53.5,-62.5,2,2026-12,0.382,2026,10
-53.5,-61.5,2,2026-12,0.2921,2026,10
-53.5,-60.5,2,2026-12,0.2497,2026,10
-53.5,-59.5,2,2026-12,0.2299,2026,10
-53.5,-58.5,2,2026-12,0.2191,2026,10
-53.5,-57.5,2,2026-12,0.2223,2026,10
-53.5,-56.5,2,2026-12,0.2116,2026,10
-53.5,-55.5,2,2026-12,0.1366,2026,10
-53.5,-54.5,2,2026-12,0.1068,2026,10
-53.5,-53.5,2,2026-12,0.1134,2026,10
-53.5,-52.5,2,2026-12,0.1154,2026,10
-53.5,-51.5,2,2026-12,0.1107,2026,10
-53.5,-50.5,2,2026-12,0.1086,2026,10
-53.5,-49.5,2,2026-12,0.1405,2026,10
-53.5,-48.5,2,2026-12,0.1857,2026,10
-53.5,-47.5,2,2026-12,0.1332,2026,10
-53.5,-46.5,2,2026-12,0.1247,2026,10
-53.5,-45.5,2,2026-12,0.1339,2026,10
-53.5,-44.5,2,2026-12,0.0951,2026,10
-53.5,-43.5,2,2026-12,0.0365,2026,10
-53.5,-42.5,2,2026-12,-0.0069,2026,10
-53.5,-41.5,2,2026-12,-0.0311,2026,10
-53.5,-40.5,2,2026-12,-0.0743,2026,10
-53.5,-39.5,2,2026-12,-0.1241,2026,10
-53.5,-38.5,2,2026-12,-0.1522,2026,10
-53.5,-37.5,2,2026-12,-0.1788,2026,10
-53.5,-36.5,2,2026-12,-0.1727,2026,10
-53.5,-35.5,2,2026-12,-0.1571,2026,10
-53.5,-34.5,2,2026-12,-0.1529,2026,10
-53.5,-33.5,2,2026-12,-0.1947,2026,10
-53.5,-32.5,2,2026-12,-0.3321,2026,10
-53.5,-31.5,2,2026-12,-0.4173,2026,10
-53.5,-30.5,2,2026-12,-0.3888,2026,10
-54.5,-89.5,2,2026-12,0.8817,2026,10
-54.5,-88.5,2,2026-12,0.8556,2026,10
-54.5,-87.5,2,2026-12,0.8434,2026,10
-54.5,-86.5,2,2026-12,0.8376,2026,10
-54.5,-85.5,2,2026-12,0.8461,2026,10
-54.5,-84.5,2,2026-12,0.8471,2026,10
-54.5,-83.5,2,2026-12,0.8214,2026,10
-54.5,-82.5,2,2026-12,0.7956,2026,10
-54.5,-81.5,2,2026-12,0.7963,2026,10
-54.5,-80.5,2,2026-12,0.8092,2026,10
-54.5,-79.5,2,2026-12,0.8419,2026,10
-54.5,-78.5,2,2026-12,0.8517,2026,10
-54.5,-77.5,2,2026-12,0.8903,2026,10
-54.5,-76.5,2,2026-12,0.9518,2026,10
-54.5,-75.5,2,2026-12,0.9254,2026,10
-54.5,-74.5,2,2026-12,0.9694,2026,10
-54.5,-73.5,2,2026-12,0.9794,2026,10
-54.5,-72.5,2,2026-12,0.9435,2026,10
-54.5,-71.5,2,2026-12,0.9201,2026,10
-54.5,-70.5,2,2026-12,1.0099,2026,10
-54.5,-69.5,2,2026-12,1.1369,2026,10
-54.5,-68.5,2,2026-12,0.9345,2026,10
-54.5,-67.5,2,2026-12,0.7316,2026,10
-54.5,-66.5,2,2026-12,0.5522,2026,10
-54.5,-65.5,2,2026-12,0.4755,2026,10
-54.5,-64.5,2,2026-12,0.4711,2026,10
-54.5,-63.5,2,2026-12,0.4308,2026,10
-54.5,-62.5,2,2026-12,0.3463,2026,10
-54.5,-61.5,2,2026-12,0.2545,2026,10
-54.5,-60.5,2,2026-12,0.1994,2026,10
-54.5,-59.5,2,2026-12,0.182,2026,10
-54.5,-58.5,2,2026-12,0.1725,2026,10
-54.5,-57.5,2,2026-12,0.1669,2026,10
-54.5,-56.5,2,2026-12,0.1825,2026,10
-54.5,-55.5,2,2026-12,0.1295,2026,10
-54.5,-54.5,2,2026-12,0.0414,2026,10
-54.5,-53.5,2,2026-12,0.0277,2026,10
-54.5,-52.5,2,2026-12,0.0702,2026,10
-54.5,-51.5,2,2026-12,0.1164,2026,10
-54.5,-50.5,2,2026-12,0.1596,2026,10
-54.5,-49.5,2,2026-12,0.1872,2026,10
-54.5,-48.5,2,2026-12,0.2138,2026,10
-54.5,-47.5,2,2026-12,0.1862,2026,10
-54.5,-46.5,2,2026-12,0.1405,2026,10
-54.5,-45.5,2,2026-12,0.143,2026,10
-54.5,-44.5,2,2026-12,0.1137,2026,10
-54.5,-43.5,2,2026-12,0.049,2026,10
-54.5,-42.5,2,2026-12,0.0172,2026,10
-54.5,-41.5,2,2026-12,0.0016,2026,10
-54.5,-40.5,2,2026-12,-0.0323,2026,10
-54.5,-39.5,2,2026-12,-0.0572,2026,10
-54.5,-38.5,2,2026-12,-0.0992,2026,10
-54.5,-37.5,2,2026-12,-0.1393,2026,10
-54.5,-36.5,2,2026-12,-0.2745,2026,10
-54.5,-35.5,2,2026-12,-0.2816,2026,10
-54.5,-34.5,2,2026-12,-0.2794,2026,10
-54.5,-33.5,2,2026-12,-0.4098,2026,10
-54.5,-32.5,2,2026-12,-0.5301,2026,10
-54.5,-31.5,2,2026-12,-0.5326,2026,10
-54.5,-30.5,2,2026-12,-0.4185,2026,10
-55.5,-89.5,2,2026-12,0.9025,2026,10
-55.5,-88.5,2,2026-12,0.8666,2026,10
-55.5,-87.5,2,2026-12,0.8185,2026,10
-55.5,-86.5,2,2026-12,0.7743,2026,10
-55.5,-85.5,2,2026-12,0.7921,2026,10
-55.5,-84.5,2,2026-12,0.8207,2026,10
-55.5,-83.5,2,2026-12,0.8041,2026,10
-55.5,-82.5,2,2026-12,0.7892,2026,10
-55.5,-81.5,2,2026-12,0.7875,2026,10
-55.5,-80.5,2,2026-12,0.7917,2026,10
-55.5,-79.5,2,2026-12,0.7914,2026,10
-55.5,-78.5,2,2026-12,0.7797,2026,10
-55.5,-77.5,2,2026-12,0.7611,2026,10
-55.5,-76.5,2,2026-12,0.8083,2026,10
-55.5,-75.5,2,2026-12,0.839,2026,10
-55.5,-74.5,2,2026-12,0.8417,2026,10
-55.5,-73.5,2,2026-12,0.8942,2026,10
-55.5,-72.5,2,2026-12,0.9384,2026,10
-55.5,-71.5,2,2026-12,0.925,2026,10
-55.5,-70.5,2,2026-12,0.8835,2026,10
-55.5,-69.5,2,2026-12,0.8605,2026,10
-55.5,-68.5,2,2026-12,0.7172,2026,10
-55.5,-67.5,2,2026-12,0.5858,2026,10
-55.5,-66.5,2,2026-12,0.5492,2026,10
-55.5,-65.5,2,2026-12,0.3739,2026,10
-55.5,-64.5,2,2026-12,0.1415,2026,10
-55.5,-63.5,2,2026-12,0.0968,2026,10
-55.5,-62.5,2,2026-12,0.1107,2026,10
-55.5,-61.5,2,2026-12,0.0988,2026,10
-55.5,-60.5,2,2026-12,0.0807,2026,10
-55.5,-59.5,2,2026-12,0.0678,2026,10
-55.5,-58.5,2,2026-12,0.047,2026,10
-55.5,-57.5,2,2026-12,0.0351,2026,10
-55.5,-56.5,2,2026-12,0.0309,2026,10
-55.5,-55.5,2,2026-12,-0.0018,2026,10
-55.5,-54.5,2,2026-12,-0.0179,2026,10
-55.5,-53.5,2,2026-12,0.0233,2026,10
-55.5,-52.5,2,2026-12,0.1322,2026,10
-55.5,-51.5,2,2026-12,0.2204,2026,10
-55.5,-50.5,2,2026-12,0.2253,2026,10
-55.5,-49.5,2,2026-12,0.2543,2026,10
-55.5,-48.5,2,2026-12,0.2711,2026,10
-55.5,-47.5,2,2026-12,0.2348,2026,10
-55.5,-46.5,2,2026-12,0.2272,2026,10
-55.5,-45.5,2,2026-12,0.175,2026,10
-55.5,-44.5,2,2026-12,0.0609,2026,10
-55.5,-43.5,2,2026-12,0.0214,2026,10
-55.5,-42.5,2,2026-12,0.0324,2026,10
-55.5,-41.5,2,2026-12,-0.0023,2026,10
-55.5,-40.5,2,2026-12,-0.1378,2026,10
-55.5,-39.5,2,2026-12,-0.2274,2026,10
-55.5,-38.5,2,2026-12,-0.3143,2026,10
-55.5,-37.5,2,2026-12,-0.3277,2026,10
-55.5,-36.5,2,2026-12,-0.3082,2026,10
-55.5,-35.5,2,2026-12,-0.3077,2026,10
-55.5,-34.5,2,2026-12,-0.3372,2026,10
-55.5,-33.5,2,2026-12,-0.4537,2026,10
-55.5,-32.5,2,2026-12,-0.5819,2026,10
-55.5,-31.5,2,2026-12,-0.6407,2026,10
-55.5,-30.5,2,2026-12,-0.6534,2026,10
-56.5,-89.5,2,2026-12,0.882,2026,10
-56.5,-88.5,2,2026-12,0.8588,2026,10
-56.5,-87.5,2,2026-12,0.8507,2026,10
-56.5,-86.5,2,2026-12,0.8134,2026,10
-56.5,-85.5,2,2026-12,0.7838,2026,10
-56.5,-84.5,2,2026-12,0.7897,2026,10
-56.5,-83.5,2,2026-12,0.7868,2026,10
-56.5,-82.5,2,2026-12,0.7904,2026,10
-56.5,-81.5,2,2026-12,0.7912,2026,10
-56.5,-80.5,2,2026-12,0.7873,2026,10
-56.5,-79.5,2,2026-12,0.767,2026,10
-56.5,-78.5,2,2026-12,0.736,2026,10
-56.5,-77.5,2,2026-12,0.727,2026,10
-56.5,-76.5,2,2026-12,0.7321,2026,10
-56.5,-75.5,2,2026-12,0.7336,2026,10
-56.5,-74.5,2,2026-12,0.7101,2026,10
-56.5,-73.5,2,2026-12,0.7492,2026,10
-56.5,-72.5,2,2026-12,0.8202,2026,10
-56.5,-71.5,2,2026-12,0.8114,2026,10
-56.5,-70.5,2,2026-12,0.778,2026,10
-56.5,-69.5,2,2026-12,0.7411,2026,10
-56.5,-68.5,2,2026-12,0.673,2026,10
-56.5,-67.5,2,2026-12,0.5819,2026,10
-56.5,-66.5,2,2026-12,0.328,2026,10
-56.5,-65.5,2,2026-12,-0.0035,2026,10
-56.5,-64.5,2,2026-12,-0.0062,2026,10
-56.5,-63.5,2,2026-12,0.1198,2026,10
-56.5,-62.5,2,2026-12,0.1098,2026,10
-56.5,-61.5,2,2026-12,0.0314,2026,10
-56.5,-60.5,2,2026-12,-0.0069,2026,10
-56.5,-59.5,2,2026-12,-0.0379,2026,10
-56.5,-58.5,2,2026-12,-0.0704,2026,10
-56.5,-57.5,2,2026-12,-0.1253,2026,10
-56.5,-56.5,2,2026-12,-0.1143,2026,10
-56.5,-55.5,2,2026-12,-0.0279,2026,10
-56.5,-54.5,2,2026-12,0.0155,2026,10
-56.5,-53.5,2,2026-12,0.0815,2026,10
-56.5,-52.5,2,2026-12,0.1286,2026,10
-56.5,-51.5,2,2026-12,0.2445,2026,10
-56.5,-50.5,2,2026-12,0.2777,2026,10
-56.5,-49.5,2,2026-12,0.2555,2026,10
-56.5,-48.5,2,2026-12,0.2433,2026,10
-56.5,-47.5,2,2026-12,0.2106,2026,10
-56.5,-46.5,2,2026-12,0.1933,2026,10
-56.5,-45.5,2,2026-12,0.1281,2026,10
-56.5,-44.5,2,2026-12,0.0297,2026,10
-56.5,-43.5,2,2026-12,-0.0501,2026,10
-56.5,-42.5,2,2026-12,-0.087,2026,10
-56.5,-41.5,2,2026-12,-0.0934,2026,10
-56.5,-40.5,2,2026-12,-0.1651,2026,10
-56.5,-39.5,2,2026-12,-0.3004,2026,10
-56.5,-38.5,2,2026-12,-0.409,2026,10
-56.5,-37.5,2,2026-12,-0.4947,2026,10
-56.5,-36.5,2,2026-12,-0.5728,2026,10
-56.5,-35.5,2,2026-12,-0.6082,2026,10
-56.5,-34.5,2,2026-12,-0.6239,2026,10
-56.5,-33.5,2,2026-12,-0.6844,2026,10
-56.5,-32.5,2,2026-12,-0.7247,2026,10
-56.5,-31.5,2,2026-12,-0.7184,2026,10
-56.5,-30.5,2,2026-12,-0.6974,2026,10
-57.5,-89.5,2,2026-12,0.7819,2026,10
-57.5,-88.5,2,2026-12,0.7878,2026,10
-57.5,-87.5,2,2026-12,0.8102,2026,10
-57.5,-86.5,2,2026-12,0.818,2026,10
-57.5,-85.5,2,2026-12,0.8031,2026,10
-57.5,-84.5,2,2026-12,0.8009,2026,10
-57.5,-83.5,2,2026-12,0.798,2026,10
-57.5,-82.5,2,2026-12,0.7716,2026,10
-57.5,-81.5,2,2026-12,0.7519,2026,10
-57.5,-80.5,2,2026-12,0.7499,2026,10
-57.5,-79.5,2,2026-12,0.7455,2026,10
-57.5,-78.5,2,2026-12,0.7411,2026,10
-57.5,-77.5,2,2026-12,0.724,2026,10
-57.5,-76.5,2,2026-12,0.6823,2026,10
-57.5,-75.5,2,2026-12,0.6535,2026,10
-57.5,-74.5,2,2026-12,0.6437,2026,10
-57.5,-73.5,2,2026-12,0.6535,2026,10
-57.5,-72.5,2,2026-12,0.6916,2026,10
-57.5,-71.5,2,2026-12,0.6794,2026,10
-57.5,-70.5,2,2026-12,0.6357,2026,10
-57.5,-69.5,2,2026-12,0.5082,2026,10
-57.5,-68.5,2,2026-12,0.2287,2026,10
-57.5,-67.5,2,2026-12,-0.0694,2026,10
-57.5,-66.5,2,2026-12,-0.2608,2026,10
-57.5,-65.5,2,2026-12,-0.1129,2026,10
-57.5,-64.5,2,2026-12,0.0309,2026,10
-57.5,-63.5,2,2026-12,-0.0477,2026,10
-57.5,-62.5,2,2026-12,-0.0863,2026,10
-57.5,-61.5,2,2026-12,-0.0973,2026,10
-57.5,-60.5,2,2026-12,-0.1456,2026,10
-57.5,-59.5,2,2026-12,-0.1988,2026,10
-57.5,-58.5,2,2026-12,-0.1798,2026,10
-57.5,-57.5,2,2026-12,-0.1439,2026,10
-57.5,-56.5,2,2026-12,-0.0714,2026,10
-57.5,-55.5,2,2026-12,0.0468,2026,10
-57.5,-54.5,2,2026-12,0.0702,2026,10
-57.5,-53.5,2,2026-12,0.1125,2026,10
-57.5,-52.5,2,2026-12,0.1823,2026,10
-57.5,-51.5,2,2026-12,0.2428,2026,10
-57.5,-50.5,2,2026-12,0.245,2026,10
-57.5,-49.5,2,2026-12,0.2392,2026,10
-57.5,-48.5,2,2026-12,0.1955,2026,10
-57.5,-47.5,2,2026-12,0.1015,2026,10
-57.5,-46.5,2,2026-12,0.0583,2026,10
-57.5,-45.5,2,2026-12,-0.014,2026,10
-57.5,-44.5,2,2026-12,-0.1764,2026,10
-57.5,-43.5,2,2026-12,-0.2818,2026,10
-57.5,-42.5,2,2026-12,-0.276,2026,10
-57.5,-41.5,2,2026-12,-0.2804,2026,10
-57.5,-40.5,2,2026-12,-0.2926,2026,10
-57.5,-39.5,2,2026-12,-0.3724,2026,10
-57.5,-38.5,2,2026-12,-0.4859,2026,10
-57.5,-37.5,2,2026-12,-0.5785,2026,10
-57.5,-36.5,2,2026-12,-0.6668,2026,10
-57.5,-35.5,2,2026-12,-0.7584,2026,10
-57.5,-34.5,2,2026-12,-0.8075,2026,10
-57.5,-33.5,2,2026-12,-0.7557,2026,10
-57.5,-32.5,2,2026-12,-0.701,2026,10
-57.5,-31.5,2,2026-12,-0.6793,2026,10
-57.5,-30.5,2,2026-12,-0.6346,2026,10
-58.5,-89.5,2,2026-12,0.8979,2026,10
-58.5,-88.5,2,2026-12,0.9005,2026,10
-58.5,-87.5,2,2026-12,0.8673,2026,10
-58.5,-86.5,2,2026-12,0.8139,2026,10
-58.5,-85.5,2,2026-12,0.7711,2026,10
-58.5,-84.5,2,2026-12,0.7709,2026,10
-58.5,-83.5,2,2026-12,0.787,2026,10
-58.5,-82.5,2,2026-12,0.7921,2026,10
-58.5,-81.5,2,2026-12,0.8068,2026,10
-58.5,-80.5,2,2026-12,0.8156,2026,10
-58.5,-79.5,2,2026-12,0.8058,2026,10
-58.5,-78.5,2,2026-12,0.777,2026,10
-58.5,-77.5,2,2026-12,0.706,2026,10
-58.5,-76.5,2,2026-12,0.6337,2026,10
-58.5,-75.5,2,2026-12,0.5768,2026,10
-58.5,-74.5,2,2026-12,0.5419,2026,10
-58.5,-73.5,2,2026-12,0.5392,2026,10
-58.5,-72.5,2,2026-12,0.5888,2026,10
-58.5,-71.5,2,2026-12,0.6212,2026,10
-58.5,-70.5,2,2026-12,0.6054,2026,10
-58.5,-69.5,2,2026-12,0.4447,2026,10
-58.5,-68.5,2,2026-12,0.0534,2026,10
-58.5,-67.5,2,2026-12,-0.2157,2026,10
-58.5,-66.5,2,2026-12,-0.3453,2026,10
-58.5,-65.5,2,2026-12,-0.4166,2026,10
-58.5,-64.5,2,2026-12,-0.3177,2026,10
-58.5,-63.5,2,2026-12,-0.1639,2026,10
-58.5,-62.5,2,2026-12,-0.0763,2026,10
-58.5,-61.5,2,2026-12,-0.0269,2026,10
-58.5,-60.5,2,2026-12,-0.0887,2026,10
-58.5,-59.5,2,2026-12,-0.16,2026,10
-58.5,-58.5,2,2026-12,-0.1427,2026,10
-58.5,-57.5,2,2026-12,-0.1202,2026,10
-58.5,-56.5,2,2026-12,-0.0562,2026,10
-58.5,-55.5,2,2026-12,0.0136,2026,10
-58.5,-54.5,2,2026-12,0.0656,2026,10
-58.5,-53.5,2,2026-12,0.0963,2026,10
-58.5,-52.5,2,2026-12,0.0736,2026,10
-58.5,-51.5,2,2026-12,0.0675,2026,10
-58.5,-50.5,2,2026-12,0.0839,2026,10
-58.5,-49.5,2,2026-12,0.1156,2026,10
-58.5,-48.5,2,2026-12,0.1017,2026,10
-58.5,-47.5,2,2026-12,0.0595,2026,10
-58.5,-46.5,2,2026-12,-0.0304,2026,10
-58.5,-45.5,2,2026-12,-0.1939,2026,10
-58.5,-44.5,2,2026-12,-0.3001,2026,10
-58.5,-43.5,2,2026-12,-0.3678,2026,10
-58.5,-42.5,2,2026-12,-0.4791,2026,10
-58.5,-41.5,2,2026-12,-0.534,2026,10
-58.5,-40.5,2,2026-12,-0.5016,2026,10
-58.5,-39.5,2,2026-12,-0.5013,2026,10
-58.5,-38.5,2,2026-12,-0.5504,2026,10
-58.5,-37.5,2,2026-12,-0.6097,2026,10
-58.5,-36.5,2,2026-12,-0.6136,2026,10
-58.5,-35.5,2,2026-12,-0.6351,2026,10
-58.5,-34.5,2,2026-12,-0.6419,2026,10
-58.5,-33.5,2,2026-12,-0.5604,2026,10
-58.5,-32.5,2,2026-12,-0.5038,2026,10
-58.5,-31.5,2,2026-12,-0.4759,2026,10
-58.5,-30.5,2,2026-12,-0.442,2026,10
-59.5,-89.5,2,2026-12,0.9066,2026,10
-59.5,-88.5,2,2026-12,0.8861,2026,10
-59.5,-87.5,2,2026-12,0.8627,2026,10
-59.5,-86.5,2,2026-12,0.8339,2026,10
-59.5,-85.5,2,2026-12,0.8288,2026,10
-59.5,-84.5,2,2026-12,0.8512,2026,10
-59.5,-83.5,2,2026-12,0.8549,2026,10
-59.5,-82.5,2,2026-12,0.8202,2026,10
-59.5,-81.5,2,2026-12,0.786,2026,10
-59.5,-80.5,2,2026-12,0.7665,2026,10
-59.5,-79.5,2,2026-12,0.7514,2026,10
-59.5,-78.5,2,2026-12,0.7143,2026,10
-59.5,-77.5,2,2026-12,0.6447,2026,10
-59.5,-76.5,2,2026-12,0.5968,2026,10
-59.5,-75.5,2,2026-12,0.5304,2026,10
-59.5,-74.5,2,2026-12,0.4367,2026,10
-59.5,-73.5,2,2026-12,0.4211,2026,10
-59.5,-72.5,2,2026-12,0.5238,2026,10
-59.5,-71.5,2,2026-12,0.6264,2026,10
-59.5,-70.5,2,2026-12,0.6244,2026,10
-59.5,-69.5,2,2026-12,0.5358,2026,10
-59.5,-68.5,2,2026-12,0.2978,2026,10
-59.5,-67.5,2,2026-12,-0.0404,2026,10
-59.5,-66.5,2,2026-12,-0.211,2026,10
-59.5,-65.5,2,2026-12,-0.2447,2026,10
-59.5,-64.5,2,2026-12,-0.2628,2026,10
-59.5,-63.5,2,2026-12,-0.1805,2026,10
-59.5,-62.5,2,2026-12,-0.1075,2026,10
-59.5,-61.5,2,2026-12,-0.1087,2026,10
-59.5,-60.5,2,2026-12,-0.1444,2026,10
-59.5,-59.5,2,2026-12,-0.1659,2026,10
-59.5,-58.5,2,2026-12,-0.1385,2026,10
-59.5,-57.5,2,2026-12,-0.1026,2026,10
-59.5,-56.5,2,2026-12,-0.0536,2026,10
-59.5,-55.5,2,2026-12,0.0158,2026,10
-59.5,-54.5,2,2026-12,0.0634,2026,10
-59.5,-53.5,2,2026-12,0.0546,2026,10
-59.5,-52.5,2,2026-12,0.0478,2026,10
-59.5,-51.5,2,2026-12,0.0485,2026,10
-59.5,-50.5,2,2026-12,0.0104,2026,10
-59.5,-49.5,2,2026-12,0.0194,2026,10
-59.5,-48.5,2,2026-12,-0.0033,2026,10
-59.5,-47.5,2,2026-12,-0.0775,2026,10
-59.5,-46.5,2,2026-12,-0.1375,2026,10
-59.5,-45.5,2,2026-12,-0.2325,2026,10
-59.5,-44.5,2,2026-12,-0.3238,2026,10
-59.5,-43.5,2,2026-12,-0.4146,2026,10
-59.5,-42.5,2,2026-12,-0.4889,2026,10
-59.5,-41.5,2,2026-12,-0.5079,2026,10
-59.5,-40.5,2,2026-12,-0.4925,2026,10
-59.5,-39.5,2,2026-12,-0.4559,2026,10
-59.5,-38.5,2,2026-12,-0.4364,2026,10
-59.5,-37.5,2,2026-12,-0.4452,2026,10
-59.5,-36.5,2,2026-12,-0.3934,2026,10
-59.5,-35.5,2,2026-12,-0.3626,2026,10
-59.5,-34.5,2,2026-12,-0.3778,2026,10
-59.5,-33.5,2,2026-12,-0.3485,2026,10
-59.5,-32.5,2,2026-12,-0.3153,2026,10
-59.5,-31.5,2,2026-12,-0.2926,2026,10
-59.5,-30.5,2,2026-12,-0.2787,2026,10
14.5,-89.5,3,2027-01,1.5528,2026,10
14.5,-88.5,3,2027-01,1.573,2026,10
14.5,-87.5,3,2027-01,1.6978,2026,10
14.5,-86.5,3,2027-01,1.917,2026,10
14.5,-85.5,3,2027-01,1.6682,2026,10
14.5,-84.5,3,2027-01,1.4773,2026,10
14.5,-83.5,3,2027-01,1.3885,2026,10
14.5,-82.5,3,2027-01,1.2661,2026,10
14.5,-81.5,3,2027-01,1.2395,2026,10
14.5,-80.5,3,2027-01,1.239,2026,10
14.5,-79.5,3,2027-01,1.2556,2026,10
14.5,-78.5,3,2027-01,1.262,2026,10
14.5,-77.5,3,2027-01,1.2742,2026,10
14.5,-76.5,3,2027-01,1.274,2026,10
14.5,-75.5,3,2027-01,1.284,2026,10
14.5,-74.5,3,2027-01,1.3091,2026,10
14.5,-73.5,3,2027-01,1.3404,2026,10
14.5,-72.5,3,2027-01,1.368,2026,10
14.5,-71.5,3,2027-01,1.3677,2026,10
14.5,-70.5,3,2027-01,1.3584,2026,10
14.5,-69.5,3,2027-01,1.3387,2026,10
14.5,-68.5,3,2027-01,1.3079,2026,10
14.5,-67.5,3,2027-01,1.2815,2026,10
14.5,-66.5,3,2027-01,1.2515,2026,10
14.5,-65.5,3,2027-01,1.2307,2026,10
14.5,-64.5,3,2027-01,1.2107,2026,10
14.5,-63.5,3,2027-01,1.1953,2026,10
14.5,-62.5,3,2027-01,1.169,2026,10
14.5,-61.5,3,2027-01,1.1641,2026,10
14.5,-60.5,3,2027-01,1.1687,2026,10
14.5,-59.5,3,2027-01,1.1568,2026,10
14.5,-58.5,3,2027-01,1.1353,2026,10
14.5,-57.5,3,2027-01,1.1048,2026,10
14.5,-56.5,3,2027-01,1.0828,2026,10
14.5,-55.5,3,2027-01,1.073,2026,10
14.5,-54.5,3,2027-01,1.0725,2026,10
14.5,-53.5,3,2027-01,1.064,2026,10
14.5,-52.5,3,2027-01,1.0401,2026,10
14.5,-51.5,3,2027-01,1.032,2026,10
14.5,-50.5,3,2027-01,1.0454,2026,10
14.5,-49.5,3,2027-01,1.0489,2026,10
14.5,-48.5,3,2027-01,1.0345,2026,10
14.5,-47.5,3,2027-01,1.0135,2026,10
14.5,-46.5,3,2027-01,0.9991,2026,10
14.5,-45.5,3,2027-01,1.0003,2026,10
14.5,-44.5,3,2027-01,1.012,2026,10
14.5,-43.5,3,2027-01,1.0081,2026,10
14.5,-42.5,3,2027-01,0.9937,2026,10
14.5,-41.5,3,2027-01,0.9793,2026,10
14.5,-40.5,3,2027-01,0.9615,2026,10
14.5,-39.5,3,2027-01,0.9551,2026,10
14.5,-38.5,3,2027-01,0.9492,2026,10
14.5,-37.5,3,2027-01,0.9341,2026,10
14.5,-36.5,3,2027-01,0.9207,2026,10
14.5,-35.5,3,2027-01,0.909,2026,10
14.5,-34.5,3,2027-01,0.8806,2026,10
14.5,-33.5,3,2027-01,0.8501,2026,10
14.5,-32.5,3,2027-01,0.8384,2026,10
14.5,-31.5,3,2027-01,0.8413,2026,10
14.5,-30.5,3,2027-01,0.8509,2026,10
13.5,-89.5,3,2027-01,1.7046,2026,10
13.5,-88.5,3,2027-01,1.8155,2026,10
13.5,-87.5,3,2027-01,1.7237,2026,10
13.5,-86.5,3,2027-01,2.0022,2026,10
13.5,-85.5,3,2027-01,1.6641,2026,10
13.5,-84.5,3,2027-01,1.6082,2026,10
13.5,-83.5,3,2027-01,1.4766,2026,10
13.5,-82.5,3,2027-01,1.3296,2026,10
13.5,-81.5,3,2027-01,1.2854,2026,10
13.5,-80.5,3,2027-01,1.27,2026,10
13.5,-79.5,3,2027-01,1.2727,2026,10
13.5,-78.5,3,2027-01,1.2725,2026,10
13.5,-77.5,3,2027-01,1.26,2026,10
13.5,-76.5,3,2027-01,1.2373,2026,10
13.5,-75.5,3,2027-01,1.2273,2026,10
13.5,-74.5,3,2027-01,1.2473,2026,10
13.5,-73.5,3,2027-01,1.2747,2026,10
13.5,-72.5,3,2027-01,1.3059,2026,10
13.5,-71.5,3,2027-01,1.3199,2026,10
13.5,-70.5,3,2027-01,1.3489,2026,10
13.5,-69.5,3,2027-01,1.3377,2026,10
13.5,-68.5,3,2027-01,1.2974,2026,10
13.5,-67.5,3,2027-01,1.2522,2026,10
13.5,-66.5,3,2027-01,1.1929,2026,10
13.5,-65.5,3,2027-01,1.1575,2026,10
13.5,-64.5,3,2027-01,1.1482,2026,10
13.5,-63.5,3,2027-01,1.1494,2026,10
13.5,-62.5,3,2027-01,1.1468,2026,10
13.5,-61.5,3,2027-01,1.1448,2026,10
13.5,-60.5,3,2027-01,1.1516,2026,10
13.5,-59.5,3,2027-01,1.1548,2026,10
13.5,-58.5,3,2027-01,1.1446,2026,10
13.5,-57.5,3,2027-01,1.1123,2026,10
13.5,-56.5,3,2027-01,1.0911,2026,10
13.5,-55.5,3,2027-01,1.0891,2026,10
13.5,-54.5,3,2027-01,1.084,2026,10
13.5,-53.5,3,2027-01,1.0786,2026,10
13.5,-52.5,3,2027-01,1.0684,2026,10
13.5,-51.5,3,2027-01,1.0625,2026,10
13.5,-50.5,3,2027-01,1.0486,2026,10
13.5,-49.5,3,2027-01,1.0393,2026,10
13.5,-48.5,3,2027-01,1.0452,2026,10
13.5,-47.5,3,2027-01,1.0388,2026,10
13.5,-46.5,3,2027-01,1.033,2026,10
13.5,-45.5,3,2027-01,1.0347,2026,10
13.5,-44.5,3,2027-01,1.0303,2026,10
13.5,-43.5,3,2027-01,1.0225,2026,10
13.5,-42.5,3,2027-01,1.0139,2026,10
13.5,-41.5,3,2027-01,1.01,2026,10
13.5,-40.5,3,2027-01,1.0098,2026,10
13.5,-39.5,3,2027-01,0.9986,2026,10
13.5,-38.5,3,2027-01,0.9898,2026,10
13.5,-37.5,3,2027-01,0.9768,2026,10
13.5,-36.5,3,2027-01,0.9698,2026,10
13.5,-35.5,3,2027-01,0.9571,2026,10
13.5,-34.5,3,2027-01,0.897,2026,10
13.5,-33.5,3,2027-01,0.8526,2026,10
13.5,-32.5,3,2027-01,0.8662,2026,10
13.5,-31.5,3,2027-01,0.8677,2026,10
13.5,-30.5,3,2027-01,0.854,2026,10
12.5,-89.5,3,2027-01,1.74,2026,10
12.5,-88.5,3,2027-01,1.7386,2026,10
12.5,-87.5,3,2027-01,1.9107,2026,10
12.5,-86.5,3,2027-01,2.2327,2026,10
12.5,-85.5,3,2027-01,1.9129,2026,10
12.5,-84.5,3,2027-01,1.6768,2026,10
12.5,-83.5,3,2027-01,1.5266,2026,10
12.5,-82.5,3,2027-01,1.3804,2026,10
12.5,-81.5,3,2027-01,1.3033,2026,10
12.5,-80.5,3,2027-01,1.2549,2026,10
12.5,-79.5,3,2027-01,1.2447,2026,10
12.5,-78.5,3,2027-01,1.2683,2026,10
12.5,-77.5,3,2027-01,1.2664,2026,10
12.5,-76.5,3,2027-01,1.2359,2026,10
12.5,-75.5,3,2027-01,1.2234,2026,10
12.5,-74.5,3,2027-01,1.2754,2026,10
12.5,-73.5,3,2027-01,1.2722,2026,10
12.5,-72.5,3,2027-01,1.2566,2026,10
12.5,-71.5,3,2027-01,1.4563,2026,10
12.5,-70.5,3,2027-01,1.3765,2026,10
12.5,-69.5,3,2027-01,1.3836,2026,10
12.5,-68.5,3,2027-01,1.3484,2026,10
12.5,-67.5,3,2027-01,1.2869,2026,10
12.5,-66.5,3,2027-01,1.2056,2026,10
12.5,-65.5,3,2027-01,1.1194,2026,10
12.5,-64.5,3,2027-01,1.0598,2026,10
12.5,-63.5,3,2027-01,1.0742,2026,10
12.5,-62.5,3,2027-01,1.126,2026,10
12.5,-61.5,3,2027-01,1.1402,2026,10
12.5,-60.5,3,2027-01,1.1465,2026,10
12.5,-59.5,3,2027-01,1.1595,2026,10
12.5,-58.5,3,2027-01,1.1512,2026,10
12.5,-57.5,3,2027-01,1.1316,2026,10
12.5,-56.5,3,2027-01,1.1294,2026,10
12.5,-55.5,3,2027-01,1.128,2026,10
12.5,-54.5,3,2027-01,1.114,2026,10
12.5,-53.5,3,2027-01,1.1101,2026,10
12.5,-52.5,3,2027-01,1.107,2026,10
12.5,-51.5,3,2027-01,1.1009,2026,10
12.5,-50.5,3,2027-01,1.0826,2026,10
12.5,-49.5,3,2027-01,1.0625,2026,10
12.5,-48.5,3,2027-01,1.0596,2026,10
12.5,-47.5,3,2027-01,1.073,2026,10
12.5,-46.5,3,2027-01,1.0625,2026,10
12.5,-45.5,3,2027-01,1.0288,2026,10
12.5,-44.5,3,2027-01,1.0117,2026,10
12.5,-43.5,3,2027-01,1.0183,2026,10
12.5,-42.5,3,2027-01,1.0303,2026,10
12.5,-41.5,3,2027-01,1.0484,2026,10
12.5,-40.5,3,2027-01,1.0569,2026,10
12.5,-39.5,3,2027-01,1.0533,2026,10
12.5,-38.5,3,2027-01,1.0533,2026,10
12.5,-37.5,3,2027-01,1.0616,2026,10
12.5,-36.5,3,2027-01,1.0594,2026,10
12.5,-35.5,3,2027-01,1.0237,2026,10
12.5,-34.5,3,2027-01,0.9527,2026,10
12.5,-33.5,3,2027-01,0.9046,2026,10
12.5,-32.5,3,2027-01,0.8977,2026,10
12.5,-31.5,3,2027-01,0.8626,2026,10
12.5,-30.5,3,2027-01,0.8101,2026,10
11.5,-89.5,3,2027-01,1.8828,2026,10
11.5,-88.5,3,2027-01,1.9007,2026,10
11.5,-87.5,3,2027-01,1.9468,2026,10
11.5,-86.5,3,2027-01,2.0091,2026,10
11.5,-85.5,3,2027-01,1.9969,2026,10
11.5,-84.5,3,2027-01,1.8316,2026,10
11.5,-83.5,3,2027-01,1.6243,2026,10
11.5,-82.5,3,2027-01,1.4427,2026,10
11.5,-81.5,3,2027-01,1.3133,2026,10
11.5,-80.5,3,2027-01,1.2307,2026,10
11.5,-79.5,3,2027-01,1.2112,2026,10
11.5,-78.5,3,2027-01,1.23,2026,10
11.5,-77.5,3,2027-01,1.2649,2026,10
11.5,-76.5,3,2027-01,1.252,2026,10
11.5,-75.5,3,2027-01,1.1931,2026,10
11.5,-74.5,3,2027-01,1.273,2026,10
11.5,-73.5,3,2027-01,1.6302,2026,10
11.5,-72.5,3,2027-01,2.3858,2026,10
11.5,-71.5,3,2027-01,1.7105,2026,10
11.5,-70.5,3,2027-01,2.0274,2026,10
11.5,-69.5,3,2027-01,2.1721,2026,10
11.5,-68.5,3,2027-01,1.6765,2026,10
11.5,-67.5,3,2027-01,1.3245,2026,10
11.5,-66.5,3,2027-01,1.2539,2026,10
11.5,-65.5,3,2027-01,1.1057,2026,10
11.5,-64.5,3,2027-01,0.9585,2026,10
11.5,-63.5,3,2027-01,0.9138,2026,10
11.5,-62.5,3,2027-01,1.0923,2026,10
11.5,-61.5,3,2027-01,1.1231,2026,10
11.5,-60.5,3,2027-01,1.1375,2026,10
11.5,-59.5,3,2027-01,1.1431,2026,10
11.5,-58.5,3,2027-01,1.1385,2026,10
11.5,-57.5,3,2027-01,1.1309,2026,10
11.5,-56.5,3,2027-01,1.1343,2026,10
11.5,-55.5,3,2027-01,1.1221,2026,10
11.5,-54.5,3,2027-01,1.1158,2026,10
11.5,-53.5,3,2027-01,1.1094,2026,10
11.5,-52.5,3,2027-01,1.105,2026,10
11.5,-51.5,3,2027-01,1.1011,2026,10
11.5,-50.5,3,2027-01,1.0928,2026,10
11.5,-49.5,3,2027-01,1.0777,2026,10
11.5,-48.5,3,2027-01,1.0638,2026,10
11.5,-47.5,3,2027-01,1.054,2026,10
11.5,-46.5,3,2027-01,1.0415,2026,10
11.5,-45.5,3,2027-01,1.0164,2026,10
11.5,-44.5,3,2027-01,1.011,2026,10
11.5,-43.5,3,2027-01,1.0367,2026,10
11.5,-42.5,3,2027-01,1.0874,2026,10
11.5,-41.5,3,2027-01,1.1324,2026,10
11.5,-40.5,3,2027-01,1.1341,2026,10
11.5,-39.5,3,2027-01,1.1272,2026,10
11.5,-38.5,3,2027-01,1.114,2026,10
11.5,-37.5,3,2027-01,1.1075,2026,10
11.5,-36.5,3,2027-01,1.0901,2026,10
11.5,-35.5,3,2027-01,1.043,2026,10
11.5,-34.5,3,2027-01,0.98,2026,10
11.5,-33.5,3,2027-01,0.9305,2026,10
11.5,-32.5,3,2027-01,0.897,2026,10
11.5,-31.5,3,2027-01,0.835,2026,10
11.5,-30.5,3,2027-01,0.7776,2026,10
10.5,-89.5,3,2027-01,2.3255,2026,10
10.5,-88.5,3,2027-01,2.3433,2026,10
10.5,-87.5,3,2027-01,2.334,2026,10
10.5,-86.5,3,2027-01,2.0723,2026,10
10.5,-85.5,3,2027-01,2.1468,2026,10
10.5,-84.5,3,2027-01,1.8575,2026,10
10.5,-83.5,3,2027-01,1.7239,2026,10
10.5,-82.5,3,2027-01,1.6468,2026,10
10.5,-81.5,3,2027-01,1.4324,2026,10
10.5,-80.5,3,2027-01,1.3523,2026,10
10.5,-79.5,3,2027-01,1.3072,2026,10
10.5,-78.5,3,2027-01,1.2779,2026,10
10.5,-77.5,3,2027-01,1.274,2026,10
10.5,-76.5,3,2027-01,1.2837,2026,10
10.5,-75.5,3,2027-01,1.8648,2026,10
10.5,-74.5,3,2027-01,3.1785,2026,10
10.5,-73.5,3,2027-01,2.4903,2026,10
10.5,-72.5,3,2027-01,2.576,2026,10
10.5,-71.5,3,2027-01,2.5362,2026,10
10.5,-70.5,3,2027-01,2.8753,2026,10
10.5,-69.5,3,2027-01,2.6267,2026,10
10.5,-68.5,3,2027-01,2.1175,2026,10
10.5,-67.5,3,2027-01,2.0769,2026,10
10.5,-66.5,3,2027-01,1.8338,2026,10
10.5,-65.5,3,2027-01,1.1475,2026,10
10.5,-64.5,3,2027-01,1.4073,2026,10
10.5,-63.5,3,2027-01,1.6187,2026,10
10.5,-62.5,3,2027-01,1.3806,2026,10
10.5,-61.5,3,2027-01,1.4375,2026,10
10.5,-60.5,3,2027-01,1.166,2026,10
10.5,-59.5,3,2027-01,1.1614,2026,10
10.5,-58.5,3,2027-01,1.1531,2026,10
10.5,-57.5,3,2027-01,1.1394,2026,10
10.5,-56.5,3,2027-01,1.1333,2026,10
10.5,-55.5,3,2027-01,1.1199,2026,10
10.5,-54.5,3,2027-01,1.1045,2026,10
10.5,-53.5,3,2027-01,1.0957,2026,10
10.5,-52.5,3,2027-01,1.0901,2026,10
10.5,-51.5,3,2027-01,1.0935,2026,10
10.5,-50.5,3,2027-01,1.0984,2026,10
10.5,-49.5,3,2027-01,1.0857,2026,10
10.5,-48.5,3,2027-01,1.0677,2026,10
10.5,-47.5,3,2027-01,1.0476,2026,10
10.5,-46.5,3,2027-01,1.0369,2026,10
10.5,-45.5,3,2027-01,1.0435,2026,10
10.5,-44.5,3,2027-01,1.0574,2026,10
10.5,-43.5,3,2027-01,1.0774,2026,10
10.5,-42.5,3,2027-01,1.1114,2026,10
10.5,-41.5,3,2027-01,1.1328,2026,10
10.5,-40.5,3,2027-01,1.1226,2026,10
10.5,-39.5,3,2027-01,1.1067,2026,10
10.5,-38.5,3,2027-01,1.0843,2026,10
10.5,-37.5,3,2027-01,1.0657,2026,10
10.5,-36.5,3,2027-01,1.0467,2026,10
10.5,-35.5,3,2027-01,1.0218,2026,10
10.5,-34.5,3,2027-01,0.981,2026,10
10.5,-33.5,3,2027-01,0.9283,2026,10
10.5,-32.5,3,2027-01,0.8633,2026,10
10.5,-31.5,3,2027-01,0.8252,2026,10
10.5,-30.5,3,2027-01,0.8081,2026,10
9.5,-89.5,3,2027-01,3.0696,2026,10
9.5,-88.5,3,2027-01,3.0716,2026,10
9.5,-87.5,3,2027-01,2.7913,2026,10
9.5,-86.5,3,2027-01,2.2766,2026,10
9.5,-85.5,3,2027-01,2.2464,2026,10
9.5,-84.5,3,2027-01,2.3308,2026,10
9.5,-83.5,3,2027-01,1.9695,2026,10
9.5,-82.5,3,2027-01,1.6988,2026,10
9.5,-81.5,3,2027-01,1.6602,2026,10
9.5,-80.5,3,2027-01,1.5745,2026,10
9.5,-79.5,3,2027-01,1.6184,2026,10
9.5,-78.5,3,2027-01,1.5388,2026,10
9.5,-77.5,3,2027-01,1.4243,2026,10
9.5,-76.5,3,2027-01,1.5252,2026,10
9.5,-75.5,3,2027-01,2.4344,2026,10
9.5,-74.5,3,2027-01,2.7945,2026,10
9.5,-73.5,3,2027-01,3.137,2026,10
9.5,-72.5,3,2027-01,2.3736,2026,10
9.5,-71.5,3,2027-01,1.8113,2026,10
9.5,-70.5,3,2027-01,2.283,2026,10
9.5,-69.5,3,2027-01,1.9385,2026,10
9.5,-68.5,3,2027-01,2.4812,2026,10
9.5,-67.5,3,2027-01,3.1455,2026,10
9.5,-66.5,3,2027-01,2.8482,2026,10
9.5,-65.5,3,2027-01,2.678,2026,10
9.5,-64.5,3,2027-01,2.7574,2026,10
9.5,-63.5,3,2027-01,2.2813,2026,10
9.5,-62.5,3,2027-01,2.0384,2026,10
9.5,-61.5,3,2027-01,1.6053,2026,10
9.5,-60.5,3,2027-01,1.2068,2026,10
9.5,-59.5,3,2027-01,1.1824,2026,10
9.5,-58.5,3,2027-01,1.1763,2026,10
9.5,-57.5,3,2027-01,1.1599,2026,10
9.5,-56.5,3,2027-01,1.1426,2026,10
9.5,-55.5,3,2027-01,1.1241,2026,10
9.5,-54.5,3,2027-01,1.1016,2026,10
9.5,-53.5,3,2027-01,1.0745,2026,10
9.5,-52.5,3,2027-01,1.0804,2026,10
9.5,-51.5,3,2027-01,1.0833,2026,10
9.5,-50.5,3,2027-01,1.1016,2026,10
9.5,-49.5,3,2027-01,1.1016,2026,10
9.5,-48.5,3,2027-01,1.0923,2026,10
9.5,-47.5,3,2027-01,1.0835,2026,10
9.5,-46.5,3,2027-01,1.0757,2026,10
9.5,-45.5,3,2027-01,1.0791,2026,10
9.5,-44.5,3,2027-01,1.0786,2026,10
9.5,-43.5,3,2027-01,1.0779,2026,10
9.5,-42.5,3,2027-01,1.0772,2026,10
9.5,-41.5,3,2027-01,1.0664,2026,10
9.5,-40.5,3,2027-01,1.0428,2026,10
9.5,-39.5,3,2027-01,1.0191,2026,10
9.5,-38.5,3,2027-01,0.9995,2026,10
9.5,-37.5,3,2027-01,0.9837,2026,10
9.5,-36.5,3,2027-01,0.9785,2026,10
9.5,-35.5,3,2027-01,0.972,2026,10
9.5,-34.5,3,2027-01,0.9407,2026,10
9.5,-33.5,3,2027-01,0.8838,2026,10
9.5,-32.5,3,2027-01,0.8221,2026,10
9.5,-31.5,3,2027-01,0.8037,2026,10
9.5,-30.5,3,2027-01,0.8308,2026,10
8.5,-89.5,3,2027-01,3.2024,2026,10
8.5,-88.5,3,2027-01,3.0459,2026,10
8.5,-87.5,3,2027-01,2.708,2026,10
8.5,-86.5,3,2027-01,2.479,2026,10
8.5,-85.5,3,2027-01,2.4514,2026,10
8.5,-84.5,3,2027-01,2.4314,2026,10
8.5,-83.5,3,2027-01,2.3638,2026,10
8.5,-82.5,3,2027-01,2.2371,2026,10
8.5,-81.5,3,2027-01,1.9143,2026,10
8.5,-80.5,3,2027-01,1.9029,2026,10
8.5,-79.5,3,2027-01,1.958,2026,10
8.5,-78.5,3,2027-01,2.0464,2026,10
8.5,-77.5,3,2027-01,1.8731,2026,10
8.5,-76.5,3,2027-01,1.961,2026,10
8.5,-75.5,3,2027-01,2.1226,2026,10
8.5,-74.5,3,2027-01,2.1158,2026,10
8.5,-73.5,3,2027-01,2.448,2026,10
8.5,-72.5,3,2027-01,2.428,2026,10
8.5,-71.5,3,2027-01,2.0811,2026,10
8.5,-70.5,3,2027-01,1.7159,2026,10
8.5,-69.5,3,2027-01,1.7442,2026,10
8.5,-68.5,3,2027-01,2.4959,2026,10
8.5,-67.5,3,2027-01,3.1966,2026,10
8.5,-66.5,3,2027-01,3.6284,2026,10
8.5,-65.5,3,2027-01,3.4375,2026,10
8.5,-64.5,3,2027-01,2.9329,2026,10
8.5,-63.5,3,2027-01,2.635,2026,10
8.5,-62.5,3,2027-01,2.3267,2026,10
8.5,-61.5,3,2027-01,1.7725,2026,10
8.5,-60.5,3,2027-01,1.5911,2026,10
8.5,-59.5,3,2027-01,1.3238,2026,10
8.5,-58.5,3,2027-01,1.1783,2026,10
8.5,-57.5,3,2027-01,1.179,2026,10
8.5,-56.5,3,2027-01,1.1778,2026,10
8.5,-55.5,3,2027-01,1.126,2026,10
8.5,-54.5,3,2027-01,1.0999,2026,10
8.5,-53.5,3,2027-01,1.1221,2026,10
8.5,-52.5,3,2027-01,1.1392,2026,10
8.5,-51.5,3,2027-01,1.1341,2026,10
8.5,-50.5,3,2027-01,1.1114,2026,10
8.5,-49.5,3,2027-01,1.1263,2026,10
8.5,-48.5,3,2027-01,1.1245,2026,10
8.5,-47.5,3,2027-01,1.1209,2026,10
8.5,-46.5,3,2027-01,1.1206,2026,10
8.5,-45.5,3,2027-01,1.1143,2026,10
8.5,-44.5,3,2027-01,1.1031,2026,10
8.5,-43.5,3,2027-01,1.086,2026,10
8.5,-42.5,3,2027-01,1.0713,2026,10
8.5,-41.5,3,2027-01,1.0611,2026,10
8.5,-40.5,3,2027-01,1.0437,2026,10
8.5,-39.5,3,2027-01,1.0196,2026,10
8.5,-38.5,3,2027-01,0.992,2026,10
8.5,-37.5,3,2027-01,0.9781,2026,10
8.5,-36.5,3,2027-01,0.9671,2026,10
8.5,-35.5,3,2027-01,0.9524,2026,10
8.5,-34.5,3,2027-01,0.9326,2026,10
8.5,-33.5,3,2027-01,0.9043,2026,10
8.5,-32.5,3,2027-01,0.8909,2026,10
8.5,-31.5,3,2027-01,0.8997,2026,10
8.5,-30.5,3,2027-01,0.9053,2026,10
7.5,-89.5,3,2027-01,2.9048,2026,10
7.5,-88.5,3,2027-01,2.7906,2026,10
7.5,-87.5,3,2027-01,2.6575,2026,10
7.5,-86.5,3,2027-01,2.5818,2026,10
7.5,-85.5,3,2027-01,2.544,2026,10
7.5,-84.5,3,2027-01,2.4781,2026,10
7.5,-83.5,3,2027-01,2.481,2026,10
7.5,-82.5,3,2027-01,2.4114,2026,10
7.5,-81.5,3,2027-01,2.4251,2026,10
7.5,-80.5,3,2027-01,2.2317,2026,10
7.5,-79.5,3,2027-01,2.149,2026,10
7.5,-78.5,3,2027-01,2.252,2026,10
7.5,-77.5,3,2027-01,2.2442,2026,10
7.5,-76.5,3,2027-01,2.1558,2026,10
7.5,-75.5,3,2027-01,2.1031,2026,10
7.5,-74.5,3,2027-01,2.137,2026,10
7.5,-73.5,3,2027-01,2.1324,2026,10
7.5,-72.5,3,2027-01,2.0418,2026,10
7.5,-71.5,3,2027-01,1.9248,2026,10
7.5,-70.5,3,2027-01,2.0852,2026,10
7.5,-69.5,3,2027-01,2.1805,2026,10
7.5,-68.5,3,2027-01,2.6206,2026,10
7.5,-67.5,3,2027-01,3.0161,2026,10
7.5,-66.5,3,2027-01,3.2288,2026,10
7.5,-65.5,3,2027-01,3.0071,2026,10
7.5,-64.5,3,2027-01,3.0611,2026,10
7.5,-63.5,3,2027-01,2.7088,2026,10
7.5,-62.5,3,2027-01,2.3411,2026,10
7.5,-61.5,3,2027-01,2.1617,2026,10
7.5,-60.5,3,2027-01,1.8343,2026,10
7.5,-59.5,3,2027-01,1.7305,2026,10
7.5,-58.5,3,2027-01,1.3784,2026,10
7.5,-57.5,3,2027-01,1.1292,2026,10
7.5,-56.5,3,2027-01,1.1592,2026,10
7.5,-55.5,3,2027-01,1.0979,2026,10
7.5,-54.5,3,2027-01,1.0869,2026,10
7.5,-53.5,3,2027-01,1.1641,2026,10
7.5,-52.5,3,2027-01,1.1856,2026,10
7.5,-51.5,3,2027-01,1.1619,2026,10
7.5,-50.5,3,2027-01,1.1343,2026,10
7.5,-49.5,3,2027-01,1.1419,2026,10
7.5,-48.5,3,2027-01,1.1568,2026,10
7.5,-47.5,3,2027-01,1.1331,2026,10
7.5,-46.5,3,2027-01,1.1297,2026,10
7.5,-45.5,3,2027-01,1.1297,2026,10
7.5,-44.5,3,2027-01,1.1265,2026,10
7.5,-43.5,3,2027-01,1.1162,2026,10
7.5,-42.5,3,2027-01,1.0992,2026,10
7.5,-41.5,3,2027-01,1.0882,2026,10
7.5,-40.5,3,2027-01,1.0801,2026,10
7.5,-39.5,3,2027-01,1.0581,2026,10
7.5,-38.5,3,2027-01,1.0301,2026,10
7.5,-37.5,3,2027-01,1.0117,2026,10
7.5,-36.5,3,2027-01,0.9981,2026,10
7.5,-35.5,3,2027-01,0.9829,2026,10
7.5,-34.5,3,2027-01,0.9771,2026,10
7.5,-33.5,3,2027-01,0.9807,2026,10
7.5,-32.5,3,2027-01,0.9961,2026,10
7.5,-31.5,3,2027-01,1.0017,2026,10
7.5,-30.5,3,2027-01,0.9942,2026,10
6.5,-89.5,3,2027-01,2.7288,2026,10
6.5,-88.5,3,2027-01,2.6995,2026,10
6.5,-87.5,3,2027-01,2.67,2026,10
6.5,-86.5,3,2027-01,2.6468,2026,10
6.5,-85.5,3,2027-01,2.5965,2026,10
6.5,-84.5,3,2027-01,2.6131,2026,10
6.5,-83.5,3,2027-01,2.5742,2026,10
6.5,-82.5,3,2027-01,2.5784,2026,10
6.5,-81.5,3,2027-01,2.4763,2026,10
6.5,-80.5,3,2027-01,2.3345,2026,10
6.5,-79.5,3,2027-01,2.262,2026,10
6.5,-78.5,3,2027-01,2.3443,2026,10
6.5,-77.5,3,2027-01,2.3985,2026,10
6.5,-76.5,3,2027-01,2.2105,2026,10
6.5,-75.5,3,2027-01,2.0569,2026,10
6.5,-74.5,3,2027-01,2.1575,2026,10
6.5,-73.5,3,2027-01,2.1221,2026,10
6.5,-72.5,3,2027-01,1.9641,2026,10
6.5,-71.5,3,2027-01,2.0952,2026,10
6.5,-70.5,3,2027-01,2.1543,2026,10
6.5,-69.5,3,2027-01,2.2581,2026,10
6.5,-68.5,3,2027-01,2.5806,2026,10
6.5,-67.5,3,2027-01,2.6856,2026,10
6.5,-66.5,3,2027-01,2.7141,2026,10
6.5,-65.5,3,2027-01,2.554,2026,10
6.5,-64.5,3,2027-01,2.8216,2026,10
6.5,-63.5,3,2027-01,2.8111,2026,10
6.5,-62.5,3,2027-01,2.345,2026,10
6.5,-61.5,3,2027-01,2.3867,2026,10
6.5,-60.5,3,2027-01,1.7349,2026,10
6.5,-59.5,3,2027-01,1.7622,2026,10
6.5,-58.5,3,2027-01,1.8179,2026,10
6.5,-57.5,3,2027-01,1.4712,2026,10
6.5,-56.5,3,2027-01,1.0432,2026,10
6.5,-55.5,3,2027-01,0.9661,2026,10
6.5,-54.5,3,2027-01,1.0049,2026,10
6.5,-53.5,3,2027-01,1.1092,2026,10
6.5,-52.5,3,2027-01,1.1912,2026,10
6.5,-51.5,3,2027-01,1.1678,2026,10
6.5,-50.5,3,2027-01,1.147,2026,10
6.5,-49.5,3,2027-01,1.1548,2026,10
6.5,-48.5,3,2027-01,1.1599,2026,10
6.5,-47.5,3,2027-01,1.1433,2026,10
6.5,-46.5,3,2027-01,1.118,2026,10
6.5,-45.5,3,2027-01,1.1177,2026,10
6.5,-44.5,3,2027-01,1.1238,2026,10
6.5,-43.5,3,2027-01,1.1133,2026,10
6.5,-42.5,3,2027-01,1.1018,2026,10
6.5,-41.5,3,2027-01,1.106,2026,10
6.5,-40.5,3,2027-01,1.1062,2026,10
6.5,-39.5,3,2027-01,1.0926,2026,10
6.5,-38.5,3,2027-01,1.0784,2026,10
6.5,-37.5,3,2027-01,1.0618,2026,10
6.5,-36.5,3,2027-01,1.0418,2026,10
6.5,-35.5,3,2027-01,1.0386,2026,10
6.5,-34.5,3,2027-01,1.0423,2026,10
6.5,-33.5,3,2027-01,1.055,2026,10
6.5,-32.5,3,2027-01,1.0747,2026,10
6.5,-31.5,3,2027-01,1.0794,2026,10
6.5,-30.5,3,2027-01,1.0826,2026,10
5.5,-89.5,3,2027-01,2.7034,2026,10
5.5,-88.5,3,2027-01,2.6997,2026,10
5.5,-87.5,3,2027-01,2.6907,2026,10
5.5,-86.5,3,2027-01,2.6814,2026,10
5.5,-85.5,3,2027-01,2.69,2026,10
5.5,-84.5,3,2027-01,2.7005,2026,10
5.5,-83.5,3,2027-01,2.6927,2026,10
5.5,-82.5,3,2027-01,2.635,2026,10
5.5,-81.5,3,2027-01,2.541,2026,10
5.5,-80.5,3,2027-01,2.4236,2026,10
5.5,-79.5,3,2027-01,2.3286,2026,10
5.5,-78.5,3,2027-01,2.3225,2026,10
5.5,-77.5,3,2027-01,2.4012,2026,10
5.5,-76.5,3,2027-01,2.3108,2026,10
5.5,-75.5,3,2027-01,2.054,2026,10
5.5,-74.5,3,2027-01,2.2415,2026,10
5.5,-73.5,3,2027-01,1.8787,2026,10
5.5,-72.5,3,2027-01,1.958,2026,10
5.5,-71.5,3,2027-01,2.0601,2026,10
5.5,-70.5,3,2027-01,2.0799,2026,10
5.5,-69.5,3,2027-01,2.0799,2026,10
5.5,-68.5,3,2027-01,2.0943,2026,10
5.5,-67.5,3,2027-01,2.148,2026,10
5.5,-66.5,3,2027-01,2.3955,2026,10
5.5,-65.5,3,2027-01,2.2603,2026,10
5.5,-64.5,3,2027-01,2.4551,2026,10
5.5,-63.5,3,2027-01,2.5513,2026,10
5.5,-62.5,3,2027-01,2.2129,2026,10
5.5,-61.5,3,2027-01,1.928,2026,10
5.5,-60.5,3,2027-01,1.6621,2026,10
5.5,-59.5,3,2027-01,1.6221,2026,10
5.5,-58.5,3,2027-01,2.1284,2026,10
5.5,-57.5,3,2027-01,2.2539,2026,10
5.5,-56.5,3,2027-01,2.0948,2026,10
5.5,-55.5,3,2027-01,1.9556,2026,10
5.5,-54.5,3,2027-01,1.8035,2026,10
5.5,-53.5,3,2027-01,1.5257,2026,10
5.5,-52.5,3,2027-01,1.2178,2026,10
5.5,-51.5,3,2027-01,1.1856,2026,10
5.5,-50.5,3,2027-01,1.1446,2026,10
5.5,-49.5,3,2027-01,1.1375,2026,10
5.5,-48.5,3,2027-01,1.1536,2026,10
5.5,-47.5,3,2027-01,1.1538,2026,10
5.5,-46.5,3,2027-01,1.1326,2026,10
5.5,-45.5,3,2027-01,1.1189,2026,10
5.5,-44.5,3,2027-01,1.1109,2026,10
5.5,-43.5,3,2027-01,1.1028,2026,10
5.5,-42.5,3,2027-01,1.0987,2026,10
5.5,-41.5,3,2027-01,1.1104,2026,10
5.5,-40.5,3,2027-01,1.1192,2026,10
5.5,-39.5,3,2027-01,1.1167,2026,10
5.5,-38.5,3,2027-01,1.1038,2026,10
5.5,-37.5,3,2027-01,1.093,2026,10
5.5,-36.5,3,2027-01,1.0821,2026,10
5.5,-35.5,3,2027-01,1.086,2026,10
5.5,-34.5,3,2027-01,1.0994,2026,10
5.5,-33.5,3,2027-01,1.114,2026,10
5.5,-32.5,3,2027-01,1.1299,2026,10
5.5,-31.5,3,2027-01,1.1382,2026,10
5.5,-30.5,3,2027-01,1.1472,2026,10
4.5,-89.5,3,2027-01,2.7198,2026,10
4.5,-88.5,3,2027-01,2.7232,2026,10
4.5,-87.5,3,2027-01,2.7381,2026,10
4.5,-86.5,3,2027-01,2.7249,2026,10
4.5,-85.5,3,2027-01,2.7432,2026,10
4.5,-84.5,3,2027-01,2.7359,2026,10
4.5,-83.5,3,2027-01,2.7085,2026,10
4.5,-82.5,3,2027-01,2.6426,2026,10
4.5,-81.5,3,2027-01,2.5335,2026,10
4.5,-80.5,3,2027-01,2.4429,2026,10
4.5,-79.5,3,2027-01,2.3806,2026,10
4.5,-78.5,3,2027-01,2.3716,2026,10
4.5,-77.5,3,2027-01,2.3841,2026,10
4.5,-76.5,3,2027-01,2.2732,2026,10
4.5,-75.5,3,2027-01,2.1114,2026,10
4.5,-74.5,3,2027-01,2.0894,2026,10
4.5,-73.5,3,2027-01,1.9668,2026,10
4.5,-72.5,3,2027-01,2.021,2026,10
4.5,-71.5,3,2027-01,1.8721,2026,10
4.5,-70.5,3,2027-01,1.8723,2026,10
4.5,-69.5,3,2027-01,1.8416,2026,10
4.5,-68.5,3,2027-01,1.8494,2026,10
4.5,-67.5,3,2027-01,1.9754,2026,10
4.5,-66.5,3,2027-01,2.1275,2026,10
4.5,-65.5,3,2027-01,2.1595,2026,10
4.5,-64.5,3,2027-01,2.1712,2026,10
4.5,-63.5,3,2027-01,2.4588,2026,10
4.5,-62.5,3,2027-01,2.8089,2026,10
4.5,-61.5,3,2027-01,2.9639,2026,10
4.5,-60.5,3,2027-01,2.7791,2026,10
4.5,-59.5,3,2027-01,2.1758,2026,10
4.5,-58.5,3,2027-01,2.5039,2026,10
4.5,-57.5,3,2027-01,2.7713,2026,10
4.5,-56.5,3,2027-01,2.4458,2026,10
4.5,-55.5,3,2027-01,2.1612,2026,10
4.5,-54.5,3,2027-01,1.9851,2026,10
4.5,-53.5,3,2027-01,1.8108,2026,10
4.5,-52.5,3,2027-01,1.574,2026,10
4.5,-51.5,3,2027-01,1.2952,2026,10
4.5,-50.5,3,2027-01,1.1604,2026,10
4.5,-49.5,3,2027-01,1.1148,2026,10
4.5,-48.5,3,2027-01,1.138,2026,10
4.5,-47.5,3,2027-01,1.1553,2026,10
4.5,-46.5,3,2027-01,1.1458,2026,10
4.5,-45.5,3,2027-01,1.1353,2026,10
4.5,-44.5,3,2027-01,1.1201,2026,10
4.5,-43.5,3,2027-01,1.1075,2026,10
4.5,-42.5,3,2027-01,1.1043,2026,10
4.5,-41.5,3,2027-01,1.1116,2026,10
4.5,-40.5,3,2027-01,1.1209,2026,10
4.5,-39.5,3,2027-01,1.1277,2026,10
4.5,-38.5,3,2027-01,1.1087,2026,10
4.5,-37.5,3,2027-01,1.0994,2026,10
4.5,-36.5,3,2027-01,1.0992,2026,10
4.5,-35.5,3,2027-01,1.1101,2026,10
4.5,-34.5,3,2027-01,1.1187,2026,10
4.5,-33.5,3,2027-01,1.1302,2026,10
4.5,-32.5,3,2027-01,1.1429,2026,10
4.5,-31.5,3,2027-01,1.1604,2026,10
4.5,-30.5,3,2027-01,1.1692,2026,10
3.5,-89.5,3,2027-01,2.7556,2026,10
3.5,-88.5,3,2027-01,2.7649,2026,10
3.5,-87.5,3,2027-01,2.76,2026,10
3.5,-86.5,3,2027-01,2.752,2026,10
3.5,-85.5,3,2027-01,2.7376,2026,10
3.5,-84.5,3,2027-01,2.71,2026,10
3.5,-83.5,3,2027-01,2.6709,2026,10
3.5,-82.5,3,2027-01,2.605,2026,10
3.5,-81.5,3,2027-01,2.5325,2026,10
3.5,-80.5,3,2027-01,2.4388,2026,10
3.5,-79.5,3,2027-01,2.3589,2026,10
3.5,-78.5,3,2027-01,2.3067,2026,10
3.5,-77.5,3,2027-01,2.3924,2026,10
3.5,-76.5,3,2027-01,2.1282,2026,10
3.5,-75.5,3,2027-01,2.6075,2026,10
3.5,-74.5,3,2027-01,2.0262,2026,10
3.5,-73.5,3,2027-01,2.0745,2026,10
3.5,-72.5,3,2027-01,1.8772,2026,10
3.5,-71.5,3,2027-01,1.7571,2026,10
3.5,-70.5,3,2027-01,1.7788,2026,10
3.5,-69.5,3,2027-01,1.8037,2026,10
3.5,-68.5,3,2027-01,1.8369,2026,10
3.5,-67.5,3,2027-01,1.9453,2026,10
3.5,-66.5,3,2027-01,1.9783,2026,10
3.5,-65.5,3,2027-01,2.0923,2026,10
3.5,-64.5,3,2027-01,2.2393,2026,10
3.5,-63.5,3,2027-01,2.5659,2026,10
3.5,-62.5,3,2027-01,3.2996,2026,10
3.5,-61.5,3,2027-01,3.8462,2026,10
3.5,-60.5,3,2027-01,3.368,2026,10
3.5,-59.5,3,2027-01,2.9082,2026,10
3.5,-58.5,3,2027-01,3.0586,2026,10
3.5,-57.5,3,2027-01,3.137,2026,10
3.5,-56.5,3,2027-01,2.51,2026,10
3.5,-55.5,3,2027-01,2.2661,2026,10
3.5,-54.5,3,2027-01,2.0686,2026,10
3.5,-53.5,3,2027-01,1.8658,2026,10
3.5,-52.5,3,2027-01,1.6988,2026,10
3.5,-51.5,3,2027-01,1.5274,2026,10
3.5,-50.5,3,2027-01,1.1929,2026,10
3.5,-49.5,3,2027-01,1.1023,2026,10
3.5,-48.5,3,2027-01,1.0896,2026,10
3.5,-47.5,3,2027-01,1.1123,2026,10
3.5,-46.5,3,2027-01,1.1201,2026,10
3.5,-45.5,3,2027-01,1.1148,2026,10
3.5,-44.5,3,2027-01,1.1045,2026,10
3.5,-43.5,3,2027-01,1.0943,2026,10
3.5,-42.5,3,2027-01,1.0989,2026,10
3.5,-41.5,3,2027-01,1.1035,2026,10
3.5,-40.5,3,2027-01,1.106,2026,10
3.5,-39.5,3,2027-01,1.1077,2026,10
3.5,-38.5,3,2027-01,1.0955,2026,10
3.5,-37.5,3,2027-01,1.086,2026,10
3.5,-36.5,3,2027-01,1.0894,2026,10
3.5,-35.5,3,2027-01,1.093,2026,10
3.5,-34.5,3,2027-01,1.0982,2026,10
3.5,-33.5,3,2027-01,1.1118,2026,10
3.5,-32.5,3,2027-01,1.1255,2026,10
3.5,-31.5,3,2027-01,1.1341,2026,10
3.5,-30.5,3,2027-01,1.1468,2026,10
2.5,-89.5,3,2027-01,2.8767,2026,10
2.5,-88.5,3,2027-01,2.8443,2026,10
2.5,-87.5,3,2027-01,2.8045,2026,10
2.5,-86.5,3,2027-01,2.7747,2026,10
2.5,-85.5,3,2027-01,2.7327,2026,10
2.5,-84.5,3,2027-01,2.6968,2026,10
2.5,-83.5,3,2027-01,2.6411,2026,10
2.5,-82.5,3,2027-01,2.562,2026,10
2.5,-81.5,3,2027-01,2.4722,2026,10
2.5,-80.5,3,2027-01,2.3753,2026,10
2.5,-79.5,3,2027-01,2.2325,2026,10
2.5,-78.5,3,2027-01,2.2159,2026,10
2.5,-77.5,3,2027-01,2.2315,2026,10
2.5,-76.5,3,2027-01,1.8553,2026,10
2.5,-75.5,3,2027-01,1.8064,2026,10
2.5,-74.5,3,2027-01,1.8333,2026,10
2.5,-73.5,3,2027-01,1.783,2026,10
2.5,-72.5,3,2027-01,1.7263,2026,10
2.5,-71.5,3,2027-01,1.743,2026,10
2.5,-70.5,3,2027-01,1.731,2026,10
2.5,-69.5,3,2027-01,1.7803,2026,10
2.5,-68.5,3,2027-01,1.8614,2026,10
2.5,-67.5,3,2027-01,1.9148,2026,10
2.5,-66.5,3,2027-01,1.9607,2026,10
2.5,-65.5,3,2027-01,2.0467,2026,10
2.5,-64.5,3,2027-01,2.209,2026,10
2.5,-63.5,3,2027-01,2.5034,2026,10
2.5,-62.5,3,2027-01,3.1248,2026,10
2.5,-61.5,3,2027-01,3.229,2026,10
2.5,-60.5,3,2027-01,3.5222,2026,10
2.5,-59.5,3,2027-01,3.5083,2026,10
2.5,-58.5,3,2027-01,3.439,2026,10
2.5,-57.5,3,2027-01,3.3814,2026,10
2.5,-56.5,3,2027-01,2.9263,2026,10
2.5,-55.5,3,2027-01,2.3611,2026,10
2.5,-54.5,3,2027-01,2.0696,2026,10
2.5,-53.5,3,2027-01,1.9341,2026,10
2.5,-52.5,3,2027-01,1.8985,2026,10
2.5,-51.5,3,2027-01,1.6609,2026,10
2.5,-50.5,3,2027-01,1.2549,2026,10
2.5,-49.5,3,2027-01,1.1255,2026,10
2.5,-48.5,3,2027-01,1.0271,2026,10
2.5,-47.5,3,2027-01,1.0398,2026,10
2.5,-46.5,3,2027-01,1.0608,2026,10
2.5,-45.5,3,2027-01,1.0579,2026,10
2.5,-44.5,3,2027-01,1.0515,2026,10
2.5,-43.5,3,2027-01,1.0508,2026,10
2.5,-42.5,3,2027-01,1.0584,2026,10
2.5,-41.5,3,2027-01,1.0633,2026,10
2.5,-40.5,3,2027-01,1.063,2026,10
2.5,-39.5,3,2027-01,1.0662,2026,10
2.5,-38.5,3,2027-01,1.0581,2026,10
2.5,-37.5,3,2027-01,1.0528,2026,10
2.5,-36.5,3,2027-01,1.0489,2026,10
2.5,-35.5,3,2027-01,1.0535,2026,10
2.5,-34.5,3,2027-01,1.0699,2026,10
2.5,-33.5,3,2027-01,1.0882,2026,10
2.5,-32.5,3,2027-01,1.0916,2026,10
2.5,-31.5,3,2027-01,1.0967,2026,10
2.5,-30.5,3,2027-01,1.1096,2026,10
1.5,-89.5,3,2027-01,3.1885,2026,10
1.5,-88.5,3,2027-01,3.0782,2026,10
1.5,-87.5,3,2027-01,2.9966,2026,10
1.5,-86.5,3,2027-01,2.9297,2026,10
1.5,-85.5,3,2027-01,2.867,2026,10
1.5,-84.5,3,2027-01,2.8179,2026,10
1.5,-83.5,3,2027-01,2.7464,2026,10
1.5,-82.5,3,2027-01,2.6475,2026,10
1.5,-81.5,3,2027-01,2.5044,2026,10
1.5,-80.5,3,2027-01,2.2959,2026,10
1.5,-79.5,3,2027-01,2.1158,2026,10
1.5,-78.5,3,2027-01,2.0965,2026,10
1.5,-77.5,3,2027-01,2.0247,2026,10
1.5,-76.5,3,2027-01,1.636,2026,10
1.5,-75.5,3,2027-01,1.6065,2026,10
1.5,-74.5,3,2027-01,1.5169,2026,10
1.5,-73.5,3,2027-01,1.593,2026,10
1.5,-72.5,3,2027-01,1.6526,2026,10
1.5,-71.5,3,2027-01,1.6787,2026,10
1.5,-70.5,3,2027-01,1.7185,2026,10
1.5,-69.5,3,2027-01,1.7747,2026,10
1.5,-68.5,3,2027-01,1.8589,2026,10
1.5,-67.5,3,2027-01,1.9014,2026,10
1.5,-66.5,3,2027-01,1.8936,2026,10
1.5,-65.5,3,2027-01,1.8985,2026,10
1.5,-64.5,3,2027-01,2.1494,2026,10
1.5,-63.5,3,2027-01,2.3208,2026,10
1.5,-62.5,3,2027-01,2.5481,2026,10
1.5,-61.5,3,2027-01,2.8059,2026,10
1.5,-60.5,3,2027-01,3.3982,2026,10
1.5,-59.5,3,2027-01,3.6116,2026,10
1.5,-58.5,3,2027-01,3.4138,2026,10
1.5,-57.5,3,2027-01,3.47,2026,10
1.5,-56.5,3,2027-01,3.3123,2026,10
1.5,-55.5,3,2027-01,2.699,2026,10
1.5,-54.5,3,2027-01,2.3379,2026,10
1.5,-53.5,3,2027-01,2.0904,2026,10
1.5,-52.5,3,2027-01,2.0161,2026,10
1.5,-51.5,3,2027-01,1.9348,2026,10
1.5,-50.5,3,2027-01,1.7386,2026,10
1.5,-49.5,3,2027-01,1.179,2026,10
1.5,-48.5,3,2027-01,1.0254,2026,10
1.5,-47.5,3,2027-01,0.9707,2026,10
1.5,-46.5,3,2027-01,0.9803,2026,10
1.5,-45.5,3,2027-01,0.9883,2026,10
1.5,-44.5,3,2027-01,0.9893,2026,10
1.5,-43.5,3,2027-01,0.9883,2026,10
1.5,-42.5,3,2027-01,0.9954,2026,10
1.5,-41.5,3,2027-01,0.9998,2026,10
1.5,-40.5,3,2027-01,0.9898,2026,10
1.5,-39.5,3,2027-01,0.98,2026,10
1.5,-38.5,3,2027-01,0.9766,2026,10
1.5,-37.5,3,2027-01,0.9756,2026,10
1.5,-36.5,3,2027-01,0.9871,2026,10
1.5,-35.5,3,2027-01,1.0127,2026,10
1.5,-34.5,3,2027-01,1.0327,2026,10
1.5,-33.5,3,2027-01,1.0474,2026,10
1.5,-32.5,3,2027-01,1.0647,2026,10
1.5,-31.5,3,2027-01,1.0791,2026,10
1.5,-30.5,3,2027-01,1.0923,2026,10
0.5,-89.5,3,2027-01,3.5796,2026,10
0.5,-88.5,3,2027-01,3.4356,2026,10
0.5,-87.5,3,2027-01,3.3455,2026,10
0.5,-86.5,3,2027-01,3.284,2026,10
0.5,-85.5,3,2027-01,3.2273,2026,10
0.5,-84.5,3,2027-01,3.166,2026,10
0.5,-83.5,3,2027-01,3.0833,2026,10
0.5,-82.5,3,2027-01,2.9637,2026,10
0.5,-81.5,3,2027-01,2.7764,2026,10
0.5,-80.5,3,2027-01,2.3848,2026,10
0.5,-79.5,3,2027-01,2.1106,2026,10
0.5,-78.5,3,2027-01,1.9617,2026,10
0.5,-77.5,3,2027-01,1.5823,2026,10
0.5,-76.5,3,2027-01,1.6892,2026,10
0.5,-75.5,3,2027-01,1.5059,2026,10
0.5,-74.5,3,2027-01,1.5017,2026,10
0.5,-73.5,3,2027-01,1.5462,2026,10
0.5,-72.5,3,2027-01,1.6038,2026,10
0.5,-71.5,3,2027-01,1.6358,2026,10
0.5,-70.5,3,2027-01,1.6861,2026,10
0.5,-69.5,3,2027-01,1.7742,2026,10
0.5,-68.5,3,2027-01,1.8518,2026,10
0.5,-67.5,3,2027-01,1.866,2026,10
0.5,-66.5,3,2027-01,1.8733,2026,10
0.5,-65.5,3,2027-01,1.8775,2026,10
0.5,-64.5,3,2027-01,1.951,2026,10
0.5,-63.5,3,2027-01,1.9973,2026,10
0.5,-62.5,3,2027-01,2.158,2026,10
0.5,-61.5,3,2027-01,2.4859,2026,10
0.5,-60.5,3,2027-01,3.0284,2026,10
0.5,-59.5,3,2027-01,3.5923,2026,10
0.5,-58.5,3,2027-01,3.8169,2026,10
0.5,-57.5,3,2027-01,3.9012,2026,10
0.5,-56.5,3,2027-01,3.8074,2026,10
0.5,-55.5,3,2027-01,3.1729,2026,10
0.5,-54.5,3,2027-01,2.6814,2026,10
0.5,-53.5,3,2027-01,2.4407,2026,10
0.5,-52.5,3,2027-01,2.2329,2026,10
0.5,-51.5,3,2027-01,2.1734,2026,10
0.5,-50.5,3,2027-01,1.7874,2026,10
0.5,-49.5,3,2027-01,1.2473,2026,10
0.5,-48.5,3,2027-01,1.0806,2026,10
0.5,-47.5,3,2027-01,0.99,2026,10
0.5,-46.5,3,2027-01,0.9388,2026,10
0.5,-45.5,3,2027-01,0.9207,2026,10
0.5,-44.5,3,2027-01,0.9221,2026,10
0.5,-43.5,3,2027-01,0.9165,2026,10
0.5,-42.5,3,2027-01,0.9143,2026,10
0.5,-41.5,3,2027-01,0.9068,2026,10
0.5,-40.5,3,2027-01,0.896,2026,10
0.5,-39.5,3,2027-01,0.8938,2026,10
0.5,-38.5,3,2027-01,0.8946,2026,10
0.5,-37.5,3,2027-01,0.9073,2026,10
0.5,-36.5,3,2027-01,0.9246,2026,10
0.5,-35.5,3,2027-01,0.9532,2026,10
0.5,-34.5,3,2027-01,0.9771,2026,10
0.5,-33.5,3,2027-01,0.9927,2026,10
0.5,-32.5,3,2027-01,1.012,2026,10
0.5,-31.5,3,2027-01,1.034,2026,10
0.5,-30.5,3,2027-01,1.0396,2026,10
-0.5,-89.5,3,2027-01,3.9202,2026,10
-0.5,-88.5,3,2027-01,3.8665,2026,10
-0.5,-87.5,3,2027-01,3.7998,2026,10
-0.5,-86.5,3,2027-01,3.7674,2026,10
-0.5,-85.5,3,2027-01,3.7652,2026,10
-0.5,-84.5,3,2027-01,3.7647,2026,10
-0.5,-83.5,3,2027-01,3.7034,2026,10
-0.5,-82.5,3,2027-01,3.5235,2026,10
-0.5,-81.5,3,2027-01,3.2137,2026,10
-0.5,-80.5,3,2027-01,2.3806,2026,10
-0.5,-79.5,3,2027-01,1.9419,2026,10
-0.5,-78.5,3,2027-01,1.8255,2026,10
-0.5,-77.5,3,2027-01,1.701,2026,10
-0.5,-76.5,3,2027-01,1.5696,2026,10
-0.5,-75.5,3,2027-01,1.502,2026,10
-0.5,-74.5,3,2027-01,1.5015,2026,10
-0.5,-73.5,3,2027-01,1.5603,2026,10
-0.5,-72.5,3,2027-01,1.5894,2026,10
-0.5,-71.5,3,2027-01,1.6433,2026,10
-0.5,-70.5,3,2027-01,1.6636,2026,10
-0.5,-69.5,3,2027-01,1.7408,2026,10
-0.5,-68.5,3,2027-01,1.8465,2026,10
-0.5,-67.5,3,2027-01,1.8921,2026,10
-0.5,-66.5,3,2027-01,1.8792,2026,10
-0.5,-65.5,3,2027-01,1.8457,2026,10
-0.5,-64.5,3,2027-01,1.7989,2026,10
-0.5,-63.5,3,2027-01,1.8028,2026,10
-0.5,-62.5,3,2027-01,1.9637,2026,10
-0.5,-61.5,3,2027-01,2.1678,2026,10
-0.5,-60.5,3,2027-01,2.5801,2026,10
-0.5,-59.5,3,2027-01,3.1441,2026,10
-0.5,-58.5,3,2027-01,3.7691,2026,10
-0.5,-57.5,3,2027-01,4.1275,2026,10
-0.5,-56.5,3,2027-01,4.2224,2026,10
-0.5,-55.5,3,2027-01,3.6358,2026,10
-0.5,-54.5,3,2027-01,3.0242,2026,10
-0.5,-53.5,3,2027-01,2.8623,2026,10
-0.5,-52.5,3,2027-01,2.5738,2026,10
-0.5,-51.5,3,2027-01,2.2503,2026,10
-0.5,-50.5,3,2027-01,2.1441,2026,10
-0.5,-49.5,3,2027-01,1.9441,2026,10
-0.5,-48.5,3,2027-01,1.4207,2026,10
-0.5,-47.5,3,2027-01,1.3145,2026,10
-0.5,-46.5,3,2027-01,1.0603,2026,10
-0.5,-45.5,3,2027-01,0.9473,2026,10
-0.5,-44.5,3,2027-01,0.8943,2026,10
-0.5,-43.5,3,2027-01,0.8631,2026,10
-0.5,-42.5,3,2027-01,0.8511,2026,10
-0.5,-41.5,3,2027-01,0.8499,2026,10
-0.5,-40.5,3,2027-01,0.8538,2026,10
-0.5,-39.5,3,2027-01,0.8609,2026,10
-0.5,-38.5,3,2027-01,0.8687,2026,10
-0.5,-37.5,3,2027-01,0.875,2026,10
-0.5,-36.5,3,2027-01,0.8885,2026,10
-0.5,-35.5,3,2027-01,0.9041,2026,10
-0.5,-34.5,3,2027-01,0.9285,2026,10
-0.5,-33.5,3,2027-01,0.9536,2026,10
-0.5,-32.5,3,2027-01,0.9727,2026,10
-0.5,-31.5,3,2027-01,0.9942,2026,10
-0.5,-30.5,3,2027-01,1.0052,2026,10
-1.5,-89.5,3,2027-01,4.253,2026,10
-1.5,-88.5,3,2027-01,4.2285,2026,10
-1.5,-87.5,3,2027-01,4.1961,2026,10
-1.5,-86.5,3,2027-01,4.2,2026,10
-1.5,-85.5,3,2027-01,4.25,2026,10
-1.5,-84.5,3,2027-01,4.3352,2026,10
-1.5,-83.5,3,2027-01,4.3794,2026,10
-1.5,-82.5,3,2027-01,4.2427,2026,10
-1.5,-81.5,3,2027-01,3.6756,2026,10
-1.5,-80.5,3,2027-01,2.4261,2026,10
-1.5,-79.5,3,2027-01,1.8911,2026,10
-1.5,-78.5,3,2027-01,1.6267,2026,10
-1.5,-77.5,3,2027-01,1.6905,2026,10
-1.5,-76.5,3,2027-01,1.6282,2026,10
-1.5,-75.5,3,2027-01,1.5376,2026,10
-1.5,-74.5,3,2027-01,1.5447,2026,10
-1.5,-73.5,3,2027-01,1.5623,2026,10
-1.5,-72.5,3,2027-01,1.5899,2026,10
-1.5,-71.5,3,2027-01,1.6028,2026,10
-1.5,-70.5,3,2027-01,1.6245,2026,10
-1.5,-69.5,3,2027-01,1.7237,2026,10
-1.5,-68.5,3,2027-01,1.8313,2026,10
-1.5,-67.5,3,2027-01,1.8916,2026,10
-1.5,-66.5,3,2027-01,1.8604,2026,10
-1.5,-65.5,3,2027-01,1.8477,2026,10
-1.5,-64.5,3,2027-01,1.8201,2026,10
-1.5,-63.5,3,2027-01,1.795,2026,10
-1.5,-62.5,3,2027-01,1.8482,2026,10
-1.5,-61.5,3,2027-01,2.0545,2026,10
-1.5,-60.5,3,2027-01,2.312,2026,10
-1.5,-59.5,3,2027-01,2.7339,2026,10
-1.5,-58.5,3,2027-01,3.5305,2026,10
-1.5,-57.5,3,2027-01,3.9881,2026,10
-1.5,-56.5,3,2027-01,3.9397,2026,10
-1.5,-55.5,3,2027-01,4.0657,2026,10
-1.5,-54.5,3,2027-01,3.7935,2026,10
-1.5,-53.5,3,2027-01,3.2764,2026,10
-1.5,-52.5,3,2027-01,2.9163,2026,10
-1.5,-51.5,3,2027-01,2.7588,2026,10
-1.5,-50.5,3,2027-01,2.708,2026,10
-1.5,-49.5,3,2027-01,2.3399,2026,10
-1.5,-48.5,3,2027-01,2.1331,2026,10
-1.5,-47.5,3,2027-01,2.2388,2026,10
-1.5,-46.5,3,2027-01,1.9705,2026,10
-1.5,-45.5,3,2027-01,1.4536,2026,10
-1.5,-44.5,3,2027-01,1.0157,2026,10
-1.5,-43.5,3,2027-01,0.8784,2026,10
-1.5,-42.5,3,2027-01,0.8531,2026,10
-1.5,-41.5,3,2027-01,0.855,2026,10
-1.5,-40.5,3,2027-01,0.8604,2026,10
-1.5,-39.5,3,2027-01,0.8448,2026,10
-1.5,-38.5,3,2027-01,0.8401,2026,10
-1.5,-37.5,3,2027-01,0.8401,2026,10
-1.5,-36.5,3,2027-01,0.8543,2026,10
-1.5,-35.5,3,2027-01,0.8755,2026,10
-1.5,-34.5,3,2027-01,0.8985,2026,10
-1.5,-33.5,3,2027-01,0.9248,2026,10
-1.5,-32.5,3,2027-01,0.9471,2026,10
-1.5,-31.5,3,2027-01,0.9629,2026,10
-1.5,-30.5,3,2027-01,0.9698,2026,10
-2.5,-89.5,3,2027-01,4.4143,2026,10
-2.5,-88.5,3,2027-01,4.416,2026,10
-2.5,-87.5,3,2027-01,4.4414,2026,10
-2.5,-86.5,3,2027-01,4.4812,2026,10
-2.5,-85.5,3,2027-01,4.5816,2026,10
-2.5,-84.5,3,2027-01,4.7371,2026,10
-2.5,-83.5,3,2027-01,4.9265,2026,10
-2.5,-82.5,3,2027-01,4.9971,2026,10
-2.5,-81.5,3,2027-01,4.5047,2026,10
-2.5,-80.5,3,2027-01,2.8159,2026,10
-2.5,-79.5,3,2027-01,2.0638,2026,10
-2.5,-78.5,3,2027-01,1.647,2026,10
-2.5,-77.5,3,2027-01,1.7054,2026,10
-2.5,-76.5,3,2027-01,1.6397,2026,10
-2.5,-75.5,3,2027-01,1.5774,2026,10
-2.5,-74.5,3,2027-01,1.5762,2026,10
-2.5,-73.5,3,2027-01,1.5581,2026,10
-2.5,-72.5,3,2027-01,1.5567,2026,10
-2.5,-71.5,3,2027-01,1.5826,2026,10
-2.5,-70.5,3,2027-01,1.6214,2026,10
-2.5,-69.5,3,2027-01,1.7036,2026,10
-2.5,-68.5,3,2027-01,1.7928,2026,10
-2.5,-67.5,3,2027-01,1.8672,2026,10
-2.5,-66.5,3,2027-01,1.8972,2026,10
-2.5,-65.5,3,2027-01,1.8719,2026,10
-2.5,-64.5,3,2027-01,1.8118,2026,10
-2.5,-63.5,3,2027-01,1.8238,2026,10
-2.5,-62.5,3,2027-01,1.9356,2026,10
-2.5,-61.5,3,2027-01,2.0423,2026,10
-2.5,-60.5,3,2027-01,2.3189,2026,10
-2.5,-59.5,3,2027-01,2.7569,2026,10
-2.5,-58.5,3,2027-01,3.1617,2026,10
-2.5,-57.5,3,2027-01,3.3504,2026,10
-2.5,-56.5,3,2027-01,3.5889,2026,10
-2.5,-55.5,3,2027-01,3.4646,2026,10
-2.5,-54.5,3,2027-01,3.4156,2026,10
-2.5,-53.5,3,2027-01,3.5794,2026,10
-2.5,-52.5,3,2027-01,3.3677,2026,10
-2.5,-51.5,3,2027-01,3.3858,2026,10
-2.5,-50.5,3,2027-01,3.1856,2026,10
-2.5,-49.5,3,2027-01,2.8445,2026,10
-2.5,-48.5,3,2027-01,2.909,2026,10
-2.5,-47.5,3,2027-01,2.6907,2026,10
-2.5,-46.5,3,2027-01,2.4576,2026,10
-2.5,-45.5,3,2027-01,2.0149,2026,10
-2.5,-44.5,3,2027-01,1.4087,2026,10
-2.5,-43.5,3,2027-01,1.1966,2026,10
-2.5,-42.5,3,2027-01,1.0608,2026,10
-2.5,-41.5,3,2027-01,1.0252,2026,10
-2.5,-40.5,3,2027-01,1.021,2026,10
-2.5,-39.5,3,2027-01,0.9436,2026,10
-2.5,-38.5,3,2027-01,0.8743,2026,10
-2.5,-37.5,3,2027-01,0.8528,2026,10
-2.5,-36.5,3,2027-01,0.8577,2026,10
-2.5,-35.5,3,2027-01,0.8726,2026,10
-2.5,-34.5,3,2027-01,0.8948,2026,10
-2.5,-33.5,3,2027-01,0.9143,2026,10
-2.5,-32.5,3,2027-01,0.93,2026,10
-2.5,-31.5,3,2027-01,0.9431,2026,10
-2.5,-30.5,3,2027-01,0.95,2026,10
-3.5,-89.5,3,2027-01,4.3787,2026,10
-3.5,-88.5,3,2027-01,4.4087,2026,10
-3.5,-87.5,3,2027-01,4.4717,2026,10
-3.5,-86.5,3,2027-01,4.5572,2026,10
-3.5,-85.5,3,2027-01,4.6861,2026,10
-3.5,-84.5,3,2027-01,4.8531,2026,10
-3.5,-83.5,3,2027-01,5.136,2026,10
-3.5,-82.5,3,2027-01,5.3955,2026,10
-3.5,-81.5,3,2027-01,4.9519,2026,10
-3.5,-80.5,3,2027-01,2.6831,2026,10
-3.5,-79.5,3,2027-01,1.8584,2026,10
-3.5,-78.5,3,2027-01,1.5523,2026,10
-3.5,-77.5,3,2027-01,1.6636,2026,10
-3.5,-76.5,3,2027-01,1.6365,2026,10
-3.5,-75.5,3,2027-01,1.6026,2026,10
-3.5,-74.5,3,2027-01,1.5962,2026,10
-3.5,-73.5,3,2027-01,1.5774,2026,10
-3.5,-72.5,3,2027-01,1.5689,2026,10
-3.5,-71.5,3,2027-01,1.586,2026,10
-3.5,-70.5,3,2027-01,1.6363,2026,10
-3.5,-69.5,3,2027-01,1.6768,2026,10
-3.5,-68.5,3,2027-01,1.7569,2026,10
-3.5,-67.5,3,2027-01,1.8455,2026,10
-3.5,-66.5,3,2027-01,1.8867,2026,10
-3.5,-65.5,3,2027-01,1.9256,2026,10
-3.5,-64.5,3,2027-01,1.8819,2026,10
-3.5,-63.5,3,2027-01,1.898,2026,10
-3.5,-62.5,3,2027-01,1.9419,2026,10
-3.5,-61.5,3,2027-01,2.0628,2026,10
-3.5,-60.5,3,2027-01,2.148,2026,10
-3.5,-59.5,3,2027-01,2.4258,2026,10
-3.5,-58.5,3,2027-01,2.7366,2026,10
-3.5,-57.5,3,2027-01,3.1983,2026,10
-3.5,-56.5,3,2027-01,3.7112,2026,10
-3.5,-55.5,3,2027-01,3.5979,2026,10
-3.5,-54.5,3,2027-01,3.8318,2026,10
-3.5,-53.5,3,2027-01,3.7779,2026,10
-3.5,-52.5,3,2027-01,3.6292,2026,10
-3.5,-51.5,3,2027-01,3.6441,2026,10
-3.5,-50.5,3,2027-01,3.5767,2026,10
-3.5,-49.5,3,2027-01,3.3411,2026,10
-3.5,-48.5,3,2027-01,3.1963,2026,10
-3.5,-47.5,3,2027-01,3.0237,2026,10
-3.5,-46.5,3,2027-01,2.7451,2026,10
-3.5,-45.5,3,2027-01,2.2657,2026,10
-3.5,-44.5,3,2027-01,1.991,2026,10
-3.5,-43.5,3,2027-01,1.6958,2026,10
-3.5,-42.5,3,2027-01,1.4966,2026,10
-3.5,-41.5,3,2027-01,1.5147,2026,10
-3.5,-40.5,3,2027-01,1.406,2026,10
-3.5,-39.5,3,2027-01,1.2578,2026,10
-3.5,-38.5,3,2027-01,1.0393,2026,10
-3.5,-37.5,3,2027-01,0.9095,2026,10
-3.5,-36.5,3,2027-01,0.887,2026,10
-3.5,-35.5,3,2027-01,0.897,2026,10
-3.5,-34.5,3,2027-01,0.9095,2026,10
-3.5,-33.5,3,2027-01,0.9153,2026,10
-3.5,-32.5,3,2027-01,0.9195,2026,10
-3.5,-31.5,3,2027-01,0.9285,2026,10
-3.5,-30.5,3,2027-01,0.94,2026,10
-4.5,-89.5,3,2027-01,4.2513,2026,10
-4.5,-88.5,3,2027-01,4.2874,2026,10
-4.5,-87.5,3,2027-01,4.3511,2026,10
-4.5,-86.5,3,2027-01,4.4624,2026,10
-4.5,-85.5,3,2027-01,4.6175,2026,10
-4.5,-84.5,3,2027-01,4.8079,2026,10
-4.5,-83.5,3,2027-01,5.114,2026,10
-4.5,-82.5,3,2027-01,5.4776,2026,10
-4.5,-81.5,3,2027-01,5.1702,2026,10
-4.5,-80.5,3,2027-01,2.2068,2026,10
-4.5,-79.5,3,2027-01,1.7732,2026,10
-4.5,-78.5,3,2027-01,1.4846,2026,10
-4.5,-77.5,3,2027-01,1.6297,2026,10
-4.5,-76.5,3,2027-01,1.6446,2026,10
-4.5,-75.5,3,2027-01,1.6619,2026,10
-4.5,-74.5,3,2027-01,1.6306,2026,10
-4.5,-73.5,3,2027-01,1.6006,2026,10
-4.5,-72.5,3,2027-01,1.5896,2026,10
-4.5,-71.5,3,2027-01,1.6253,2026,10
-4.5,-70.5,3,2027-01,1.6648,2026,10
-4.5,-69.5,3,2027-01,1.6907,2026,10
-4.5,-68.5,3,2027-01,1.7471,2026,10
-4.5,-67.5,3,2027-01,1.824,2026,10
-4.5,-66.5,3,2027-01,1.8655,2026,10
-4.5,-65.5,3,2027-01,1.9275,2026,10
-4.5,-64.5,3,2027-01,1.9795,2026,10
-4.5,-63.5,3,2027-01,1.9954,2026,10
-4.5,-62.5,3,2027-01,2.0037,2026,10
-4.5,-61.5,3,2027-01,2.0938,2026,10
-4.5,-60.5,3,2027-01,2.2044,2026,10
-4.5,-59.5,3,2027-01,2.3306,2026,10
-4.5,-58.5,3,2027-01,2.6831,2026,10
-4.5,-57.5,3,2027-01,3.0396,2026,10
-4.5,-56.5,3,2027-01,3.2532,2026,10
-4.5,-55.5,3,2027-01,3.3518,2026,10
-4.5,-54.5,3,2027-01,3.4046,2026,10
-4.5,-53.5,3,2027-01,3.3909,2026,10
-4.5,-52.5,3,2027-01,3.4524,2026,10
-4.5,-51.5,3,2027-01,3.6909,2026,10
-4.5,-50.5,3,2027-01,3.6287,2026,10
-4.5,-49.5,3,2027-01,3.4475,2026,10
-4.5,-48.5,3,2027-01,3.5769,2026,10
-4.5,-47.5,3,2027-01,3.2884,2026,10
-4.5,-46.5,3,2027-01,2.991,2026,10
-4.5,-45.5,3,2027-01,2.6927,2026,10
-4.5,-44.5,3,2027-01,2.5367,2026,10
-4.5,-43.5,3,2027-01,2.2137,2026,10
-4.5,-42.5,3,2027-01,2.0264,2026,10
-4.5,-41.5,3,2027-01,1.783,2026,10
-4.5,-40.5,3,2027-01,1.5203,2026,10
-4.5,-39.5,3,2027-01,1.4292,2026,10
-4.5,-38.5,3,2027-01,1.2246,2026,10
-4.5,-37.5,3,2027-01,1.0586,2026,10
-4.5,-36.5,3,2027-01,0.9685,2026,10
-4.5,-35.5,3,2027-01,0.9522,2026,10
-4.5,-34.5,3,2027-01,0.9366,2026,10
-4.5,-33.5,3,2027-01,0.9344,2026,10
-4.5,-32.5,3,2027-01,0.927,2026,10
-4.5,-31.5,3,2027-01,0.9253,2026,10
-4.5,-30.5,3,2027-01,0.9329,2026,10
-5.5,-89.5,3,2027-01,4.1429,2026,10
-5.5,-88.5,3,2027-01,4.1551,2026,10
-5.5,-87.5,3,2027-01,4.1812,2026,10
-5.5,-86.5,3,2027-01,4.282,2026,10
-5.5,-85.5,3,2027-01,4.4634,2026,10
-5.5,-84.5,3,2027-01,4.6485,2026,10
-5.5,-83.5,3,2027-01,4.9305,2026,10
-5.5,-82.5,3,2027-01,5.357,2026,10
-5.5,-81.5,3,2027-01,5.7229,2026,10
-5.5,-80.5,3,2027-01,4.2752,2026,10
-5.5,-79.5,3,2027-01,2.0515,2026,10
-5.5,-78.5,3,2027-01,1.481,2026,10
-5.5,-77.5,3,2027-01,1.711,2026,10
-5.5,-76.5,3,2027-01,1.7364,2026,10
-5.5,-75.5,3,2027-01,1.6966,2026,10
-5.5,-74.5,3,2027-01,1.6761,2026,10
-5.5,-73.5,3,2027-01,1.6805,2026,10
-5.5,-72.5,3,2027-01,1.6868,2026,10
-5.5,-71.5,3,2027-01,1.6851,2026,10
-5.5,-70.5,3,2027-01,1.6971,2026,10
-5.5,-69.5,3,2027-01,1.7036,2026,10
-5.5,-68.5,3,2027-01,1.7539,2026,10
-5.5,-67.5,3,2027-01,1.8028,2026,10
-5.5,-66.5,3,2027-01,1.8543,2026,10
-5.5,-65.5,3,2027-01,1.9178,2026,10
-5.5,-64.5,3,2027-01,1.9834,2026,10
-5.5,-63.5,3,2027-01,2.0218,2026,10
-5.5,-62.5,3,2027-01,2.0381,2026,10
-5.5,-61.5,3,2027-01,2.0642,2026,10
-5.5,-60.5,3,2027-01,2.126,2026,10
-5.5,-59.5,3,2027-01,2.219,2026,10
-5.5,-58.5,3,2027-01,2.3955,2026,10
-5.5,-57.5,3,2027-01,2.5454,2026,10
-5.5,-56.5,3,2027-01,2.8033,2026,10
-5.5,-55.5,3,2027-01,2.9825,2026,10
-5.5,-54.5,3,2027-01,3.042,2026,10
-5.5,-53.5,3,2027-01,3.1299,2026,10
-5.5,-52.5,3,2027-01,3.2715,2026,10
-5.5,-51.5,3,2027-01,3.4226,2026,10
-5.5,-50.5,3,2027-01,3.5423,2026,10
-5.5,-49.5,3,2027-01,3.8279,2026,10
-5.5,-48.5,3,2027-01,3.8025,2026,10
-5.5,-47.5,3,2027-01,3.5967,2026,10
-5.5,-46.5,3,2027-01,3.231,2026,10
-5.5,-45.5,3,2027-01,2.8992,2026,10
-5.5,-44.5,3,2027-01,2.7693,2026,10
-5.5,-43.5,3,2027-01,2.625,2026,10
-5.5,-42.5,3,2027-01,2.5298,2026,10
-5.5,-41.5,3,2027-01,2.0779,2026,10
-5.5,-40.5,3,2027-01,1.6651,2026,10
-5.5,-39.5,3,2027-01,1.4558,2026,10
-5.5,-38.5,3,2027-01,1.3628,2026,10
-5.5,-37.5,3,2027-01,1.251,2026,10
-5.5,-36.5,3,2027-01,1.2705,2026,10
-5.5,-35.5,3,2027-01,1.1687,2026,10
-5.5,-34.5,3,2027-01,0.9854,2026,10
-5.5,-33.5,3,2027-01,0.971,2026,10
-5.5,-32.5,3,2027-01,0.9639,2026,10
-5.5,-31.5,3,2027-01,0.9539,2026,10
-5.5,-30.5,3,2027-01,0.9505,2026,10
-6.5,-89.5,3,2027-01,4.0274,2026,10
-6.5,-88.5,3,2027-01,4.0369,2026,10
-6.5,-87.5,3,2027-01,4.0484,2026,10
-6.5,-86.5,3,2027-01,4.115,2026,10
-6.5,-85.5,3,2027-01,4.2491,2026,10
-6.5,-84.5,3,2027-01,4.4014,2026,10
-6.5,-83.5,3,2027-01,4.6258,2026,10
-6.5,-82.5,3,2027-01,5.0645,2026,10
-6.5,-81.5,3,2027-01,5.7034,2026,10
-6.5,-80.5,3,2027-01,5.8958,2026,10
-6.5,-79.5,3,2027-01,3.3108,2026,10
-6.5,-78.5,3,2027-01,1.6551,2026,10
-6.5,-77.5,3,2027-01,1.6836,2026,10
-6.5,-76.5,3,2027-01,1.7576,2026,10
-6.5,-75.5,3,2027-01,1.7593,2026,10
-6.5,-74.5,3,2027-01,1.7715,2026,10
-6.5,-73.5,3,2027-01,1.7654,2026,10
-6.5,-72.5,3,2027-01,1.7522,2026,10
-6.5,-71.5,3,2027-01,1.7159,2026,10
-6.5,-70.5,3,2027-01,1.7134,2026,10
-6.5,-69.5,3,2027-01,1.7351,2026,10
-6.5,-68.5,3,2027-01,1.7637,2026,10
-6.5,-67.5,3,2027-01,1.7845,2026,10
-6.5,-66.5,3,2027-01,1.8289,2026,10
-6.5,-65.5,3,2027-01,1.9082,2026,10
-6.5,-64.5,3,2027-01,1.9761,2026,10
-6.5,-63.5,3,2027-01,2.0144,2026,10
-6.5,-62.5,3,2027-01,2.0464,2026,10
-6.5,-61.5,3,2027-01,2.0703,2026,10
-6.5,-60.5,3,2027-01,2.1089,2026,10
-6.5,-59.5,3,2027-01,2.1292,2026,10
-6.5,-58.5,3,2027-01,2.1824,2026,10
-6.5,-57.5,3,2027-01,2.3072,2026,10
-6.5,-56.5,3,2027-01,2.5059,2026,10
-6.5,-55.5,3,2027-01,2.6575,2026,10
-6.5,-54.5,3,2027-01,2.7364,2026,10
-6.5,-53.5,3,2027-01,2.9312,2026,10
-6.5,-52.5,3,2027-01,3.0064,2026,10
-6.5,-51.5,3,2027-01,3.2661,2026,10
-6.5,-50.5,3,2027-01,3.3062,2026,10
-6.5,-49.5,3,2027-01,3.5601,2026,10
-6.5,-48.5,3,2027-01,3.7044,2026,10
-6.5,-47.5,3,2027-01,3.6331,2026,10
-6.5,-46.5,3,2027-01,3.3946,2026,10
-6.5,-45.5,3,2027-01,3.2791,2026,10
-6.5,-44.5,3,2027-01,3.2242,2026,10
-6.5,-43.5,3,2027-01,3.0689,2026,10
-6.5,-42.5,3,2027-01,2.8699,2026,10
-6.5,-41.5,3,2027-01,2.42,2026,10
-6.5,-40.5,3,2027-01,1.9292,2026,10
-6.5,-39.5,3,2027-01,1.6861,2026,10
-6.5,-38.5,3,2027-01,1.4458,2026,10
-6.5,-37.5,3,2027-01,1.3606,2026,10
-6.5,-36.5,3,2027-01,1.3172,2026,10
-6.5,-35.5,3,2027-01,1.2835,2026,10
-6.5,-34.5,3,2027-01,1.0701,2026,10
-6.5,-33.5,3,2027-01,1.0252,2026,10
-6.5,-32.5,3,2027-01,1.0171,2026,10
-6.5,-31.5,3,2027-01,1.0149,2026,10
-6.5,-30.5,3,2027-01,1.0052,2026,10
-7.5,-89.5,3,2027-01,3.8594,2026,10
-7.5,-88.5,3,2027-01,3.8897,2026,10
-7.5,-87.5,3,2027-01,3.8787,2026,10
-7.5,-86.5,3,2027-01,3.9077,2026,10
-7.5,-85.5,3,2027-01,4.0144,2026,10
-7.5,-84.5,3,2027-01,4.1468,2026,10
-7.5,-83.5,3,2027-01,4.2649,2026,10
-7.5,-82.5,3,2027-01,4.6026,2026,10
-7.5,-81.5,3,2027-01,5.0318,2026,10
-7.5,-80.5,3,2027-01,5.8323,2026,10
-7.5,-79.5,3,2027-01,5.3433,2026,10
-7.5,-78.5,3,2027-01,1.9905,2026,10
-7.5,-77.5,3,2027-01,1.7867,2026,10
-7.5,-76.5,3,2027-01,1.8145,2026,10
-7.5,-75.5,3,2027-01,1.8152,2026,10
-7.5,-74.5,3,2027-01,1.7813,2026,10
-7.5,-73.5,3,2027-01,1.7945,2026,10
-7.5,-72.5,3,2027-01,1.7962,2026,10
-7.5,-71.5,3,2027-01,1.7896,2026,10
-7.5,-70.5,3,2027-01,1.7664,2026,10
-7.5,-69.5,3,2027-01,1.7727,2026,10
-7.5,-68.5,3,2027-01,1.7642,2026,10
-7.5,-67.5,3,2027-01,1.804,2026,10
-7.5,-66.5,3,2027-01,1.8286,2026,10
-7.5,-65.5,3,2027-01,1.897,2026,10
-7.5,-64.5,3,2027-01,1.9517,2026,10
-7.5,-63.5,3,2027-01,2.0152,2026,10
-7.5,-62.5,3,2027-01,2.0235,2026,10
-7.5,-61.5,3,2027-01,2.0428,2026,10
-7.5,-60.5,3,2027-01,2.0904,2026,10
-7.5,-59.5,3,2027-01,2.0943,2026,10
-7.5,-58.5,3,2027-01,2.1421,2026,10
-7.5,-57.5,3,2027-01,2.2346,2026,10
-7.5,-56.5,3,2027-01,2.3479,2026,10
-7.5,-55.5,3,2027-01,2.4768,2026,10
-7.5,-54.5,3,2027-01,2.6001,2026,10
-7.5,-53.5,3,2027-01,2.6629,2026,10
-7.5,-52.5,3,2027-01,2.711,2026,10
-7.5,-51.5,3,2027-01,2.8108,2026,10
-7.5,-50.5,3,2027-01,2.9302,2026,10
-7.5,-49.5,3,2027-01,3.0955,2026,10
-7.5,-48.5,3,2027-01,3.3159,2026,10
-7.5,-47.5,3,2027-01,3.4221,2026,10
-7.5,-46.5,3,2027-01,3.3489,2026,10
-7.5,-45.5,3,2027-01,3.3418,2026,10
-7.5,-44.5,3,2027-01,3.3345,2026,10
-7.5,-43.5,3,2027-01,3.2571,2026,10
-7.5,-42.5,3,2027-01,3.0303,2026,10
-7.5,-41.5,3,2027-01,2.5882,2026,10
-7.5,-40.5,3,2027-01,2.1741,2026,10
-7.5,-39.5,3,2027-01,1.9705,2026,10
-7.5,-38.5,3,2027-01,1.6717,2026,10
-7.5,-37.5,3,2027-01,1.4429,2026,10
-7.5,-36.5,3,2027-01,1.3816,2026,10
-7.5,-35.5,3,2027-01,1.3626,2026,10
-7.5,-34.5,3,2027-01,1.1211,2026,10
-7.5,-33.5,3,2027-01,1.0923,2026,10
-7.5,-32.5,3,2027-01,1.0867,2026,10
-7.5,-31.5,3,2027-01,1.0821,2026,10
-7.5,-30.5,3,2027-01,1.0677,2026,10
-8.5,-89.5,3,2027-01,3.6404,2026,10
-8.5,-88.5,3,2027-01,3.679,2026,10
-8.5,-87.5,3,2027-01,3.6853,2026,10
-8.5,-86.5,3,2027-01,3.7054,2026,10
-8.5,-85.5,3,2027-01,3.8062,2026,10
-8.5,-84.5,3,2027-01,3.9568,2026,10
-8.5,-83.5,3,2027-01,4.0545,2026,10
-8.5,-82.5,3,2027-01,4.3108,2026,10
-8.5,-81.5,3,2027-01,4.6641,2026,10
-8.5,-80.5,3,2027-01,5.3072,2026,10
-8.5,-79.5,3,2027-01,6.148,2026,10
-8.5,-78.5,3,2027-01,2.9849,2026,10
-8.5,-77.5,3,2027-01,1.9619,2026,10
-8.5,-76.5,3,2027-01,1.8304,2026,10
-8.5,-75.5,3,2027-01,1.8438,2026,10
-8.5,-74.5,3,2027-01,1.8274,2026,10
-8.5,-73.5,3,2027-01,1.8301,2026,10
-8.5,-72.5,3,2027-01,1.8274,2026,10
-8.5,-71.5,3,2027-01,1.8177,2026,10
-8.5,-70.5,3,2027-01,1.8272,2026,10
-8.5,-69.5,3,2027-01,1.8406,2026,10
-8.5,-68.5,3,2027-01,1.8267,2026,10
-8.5,-67.5,3,2027-01,1.8059,2026,10
-8.5,-66.5,3,2027-01,1.8592,2026,10
-8.5,-65.5,3,2027-01,1.9053,2026,10
-8.5,-64.5,3,2027-01,1.9607,2026,10
-8.5,-63.5,3,2027-01,1.9944,2026,10
-8.5,-62.5,3,2027-01,2.0305,2026,10
-8.5,-61.5,3,2027-01,2.0386,2026,10
-8.5,-60.5,3,2027-01,2.0667,2026,10
-8.5,-59.5,3,2027-01,2.0867,2026,10
-8.5,-58.5,3,2027-01,2.1062,2026,10
-8.5,-57.5,3,2027-01,2.1516,2026,10
-8.5,-56.5,3,2027-01,2.2215,2026,10
-8.5,-55.5,3,2027-01,2.3784,2026,10
-8.5,-54.5,3,2027-01,2.4656,2026,10
-8.5,-53.5,3,2027-01,2.4705,2026,10
-8.5,-52.5,3,2027-01,2.437,2026,10
-8.5,-51.5,3,2027-01,2.4429,2026,10
-8.5,-50.5,3,2027-01,2.6743,2026,10
-8.5,-49.5,3,2027-01,2.8753,2026,10
-8.5,-48.5,3,2027-01,2.9766,2026,10
-8.5,-47.5,3,2027-01,3.126,2026,10
-8.5,-46.5,3,2027-01,3.1756,2026,10
-8.5,-45.5,3,2027-01,3.1768,2026,10
-8.5,-44.5,3,2027-01,3.2522,2026,10
-8.5,-43.5,3,2027-01,3.1238,2026,10
-8.5,-42.5,3,2027-01,2.9124,2026,10
-8.5,-41.5,3,2027-01,2.5896,2026,10
-8.5,-40.5,3,2027-01,2.3125,2026,10
-8.5,-39.5,3,2027-01,2.0847,2026,10
-8.5,-38.5,3,2027-01,1.8907,2026,10
-8.5,-37.5,3,2027-01,1.6651,2026,10
-8.5,-36.5,3,2027-01,1.4888,2026,10
-8.5,-35.5,3,2027-01,1.3704,2026,10
-8.5,-34.5,3,2027-01,1.1182,2026,10
-8.5,-33.5,3,2027-01,1.1258,2026,10
-8.5,-32.5,3,2027-01,1.1316,2026,10
-8.5,-31.5,3,2027-01,1.1206,2026,10
-8.5,-30.5,3,2027-01,1.1028,2026,10
-9.5,-89.5,3,2027-01,3.3489,2026,10
-9.5,-88.5,3,2027-01,3.418,2026,10
-9.5,-87.5,3,2027-01,3.4798,2026,10
-9.5,-86.5,3,2027-01,3.5423,2026,10
-9.5,-85.5,3,2027-01,3.6241,2026,10
-9.5,-84.5,3,2027-01,3.7285,2026,10
-9.5,-83.5,3,2027-01,3.8867,2026,10
-9.5,-82.5,3,2027-01,4.1277,2026,10
-9.5,-81.5,3,2027-01,4.5147,2026,10
-9.5,-80.5,3,2027-01,4.8423,2026,10
-9.5,-79.5,3,2027-01,5.3982,2026,10
-9.5,-78.5,3,2027-01,5.2329,2026,10
-9.5,-77.5,3,2027-01,2.1033,2026,10
-9.5,-76.5,3,2027-01,1.9353,2026,10
-9.5,-75.5,3,2027-01,1.8326,2026,10
-9.5,-74.5,3,2027-01,1.8452,2026,10
-9.5,-73.5,3,2027-01,1.9102,2026,10
-9.5,-72.5,3,2027-01,1.8487,2026,10
-9.5,-71.5,3,2027-01,1.8601,2026,10
-9.5,-70.5,3,2027-01,1.8601,2026,10
-9.5,-69.5,3,2027-01,1.8819,2026,10
-9.5,-68.5,3,2027-01,1.8765,2026,10
-9.5,-67.5,3,2027-01,1.8975,2026,10
-9.5,-66.5,3,2027-01,1.9143,2026,10
-9.5,-65.5,3,2027-01,1.938,2026,10
-9.5,-64.5,3,2027-01,1.9734,2026,10
-9.5,-63.5,3,2027-01,2.0056,2026,10
-9.5,-62.5,3,2027-01,2.0174,2026,10
-9.5,-61.5,3,2027-01,2.0445,2026,10
-9.5,-60.5,3,2027-01,2.0711,2026,10
-9.5,-59.5,3,2027-01,2.117,2026,10
-9.5,-58.5,3,2027-01,2.0923,2026,10
-9.5,-57.5,3,2027-01,2.1175,2026,10
-9.5,-56.5,3,2027-01,2.1485,2026,10
-9.5,-55.5,3,2027-01,2.1927,2026,10
-9.5,-54.5,3,2027-01,2.3013,2026,10
-9.5,-53.5,3,2027-01,2.385,2026,10
-9.5,-52.5,3,2027-01,2.376,2026,10
-9.5,-51.5,3,2027-01,2.3074,2026,10
-9.5,-50.5,3,2027-01,2.4517,2026,10
-9.5,-49.5,3,2027-01,2.7056,2026,10
-9.5,-48.5,3,2027-01,2.742,2026,10
-9.5,-47.5,3,2027-01,2.9429,2026,10
-9.5,-46.5,3,2027-01,3.1421,2026,10
-9.5,-45.5,3,2027-01,3.2222,2026,10
-9.5,-44.5,3,2027-01,3.2488,2026,10
-9.5,-43.5,3,2027-01,3.0181,2026,10
-9.5,-42.5,3,2027-01,2.666,2026,10
-9.5,-41.5,3,2027-01,2.3345,2026,10
-9.5,-40.5,3,2027-01,2.2915,2026,10
-9.5,-39.5,3,2027-01,2.1072,2026,10
-9.5,-38.5,3,2027-01,1.8933,2026,10
-9.5,-37.5,3,2027-01,1.8511,2026,10
-9.5,-36.5,3,2027-01,1.7168,2026,10
-9.5,-35.5,3,2027-01,1.2679,2026,10
-9.5,-34.5,3,2027-01,1.1223,2026,10
-9.5,-33.5,3,2027-01,1.1287,2026,10
-9.5,-32.5,3,2027-01,1.1311,2026,10
-9.5,-31.5,3,2027-01,1.1375,2026,10
-9.5,-30.5,3,2027-01,1.1541,2026,10
-10.5,-89.5,3,2027-01,3.0723,2026,10
-10.5,-88.5,3,2027-01,3.1812,2026,10
-10.5,-87.5,3,2027-01,3.2669,2026,10
-10.5,-86.5,3,2027-01,3.3599,2026,10
-10.5,-85.5,3,2027-01,3.4524,2026,10
-10.5,-84.5,3,2027-01,3.5264,2026,10
-10.5,-83.5,3,2027-01,3.668,2026,10
-10.5,-82.5,3,2027-01,3.9532,2026,10
-10.5,-81.5,3,2027-01,4.2307,2026,10
-10.5,-80.5,3,2027-01,4.4055,2026,10
-10.5,-79.5,3,2027-01,4.9182,2026,10
-10.5,-78.5,3,2027-01,5.7942,2026,10
-10.5,-77.5,3,2027-01,2.6748,2026,10
-10.5,-76.5,3,2027-01,2.0828,2026,10
-10.5,-75.5,3,2027-01,1.8748,2026,10
-10.5,-74.5,3,2027-01,1.8618,2026,10
-10.5,-73.5,3,2027-01,1.927,2026,10
-10.5,-72.5,3,2027-01,1.8802,2026,10
-10.5,-71.5,3,2027-01,1.8672,2026,10
-10.5,-70.5,3,2027-01,1.9063,2026,10
-10.5,-69.5,3,2027-01,1.938,2026,10
-10.5,-68.5,3,2027-01,1.9278,2026,10
-10.5,-67.5,3,2027-01,1.9536,2026,10
-10.5,-66.5,3,2027-01,1.927,2026,10
-10.5,-65.5,3,2027-01,1.9651,2026,10
-10.5,-64.5,3,2027-01,1.9722,2026,10
-10.5,-63.5,3,2027-01,1.9651,2026,10
-10.5,-62.5,3,2027-01,2.0179,2026,10
-10.5,-61.5,3,2027-01,2.0232,2026,10
-10.5,-60.5,3,2027-01,2.0703,2026,10
-10.5,-59.5,3,2027-01,2.0662,2026,10
-10.5,-58.5,3,2027-01,2.0782,2026,10
-10.5,-57.5,3,2027-01,2.0791,2026,10
-10.5,-56.5,3,2027-01,2.1431,2026,10
-10.5,-55.5,3,2027-01,2.1646,2026,10
-10.5,-54.5,3,2027-01,2.1861,2026,10
-10.5,-53.5,3,2027-01,2.2261,2026,10
-10.5,-52.5,3,2027-01,2.2837,2026,10
-10.5,-51.5,3,2027-01,2.3138,2026,10
-10.5,-50.5,3,2027-01,2.4148,2026,10
-10.5,-49.5,3,2027-01,2.6055,2026,10
-10.5,-48.5,3,2027-01,2.6416,2026,10
-10.5,-47.5,3,2027-01,2.878,2026,10
-10.5,-46.5,3,2027-01,3.1136,2026,10
-10.5,-45.5,3,2027-01,3.1241,2026,10
-10.5,-44.5,3,2027-01,3.1165,2026,10
-10.5,-43.5,3,2027-01,2.9781,2026,10
-10.5,-42.5,3,2027-01,2.6577,2026,10
-10.5,-41.5,3,2027-01,2.3579,2026,10
-10.5,-40.5,3,2027-01,2.2198,2026,10
-10.5,-39.5,3,2027-01,2.0984,2026,10
-10.5,-38.5,3,2027-01,1.981,2026,10
-10.5,-37.5,3,2027-01,1.9556,2026,10
-10.5,-36.5,3,2027-01,1.3784,2026,10
-10.5,-35.5,3,2027-01,1.1031,2026,10
-10.5,-34.5,3,2027-01,1.1306,2026,10
-10.5,-33.5,3,2027-01,1.1426,2026,10
-10.5,-32.5,3,2027-01,1.1331,2026,10
-10.5,-31.5,3,2027-01,1.1175,2026,10
-10.5,-30.5,3,2027-01,1.1228,2026,10
-11.5,-89.5,3,2027-01,2.8091,2026,10
-11.5,-88.5,3,2027-01,2.919,2026,10
-11.5,-87.5,3,2027-01,3.0237,2026,10
-11.5,-86.5,3,2027-01,3.106,2026,10
-11.5,-85.5,3,2027-01,3.2327,2026,10
-11.5,-84.5,3,2027-01,3.3294,2026,10
-11.5,-83.5,3,2027-01,3.4256,2026,10
-11.5,-82.5,3,2027-01,3.6707,2026,10
-11.5,-81.5,3,2027-01,4.0096,2026,10
-11.5,-80.5,3,2027-01,4.3157,2026,10
-11.5,-79.5,3,2027-01,4.6101,2026,10
-11.5,-78.5,3,2027-01,5.2124,2026,10
-11.5,-77.5,3,2027-01,5.1292,2026,10
-11.5,-76.5,3,2027-01,1.8643,2026,10
-11.5,-75.5,3,2027-01,1.9942,2026,10
-11.5,-74.5,3,2027-01,1.9121,2026,10
-11.5,-73.5,3,2027-01,1.8907,2026,10
-11.5,-72.5,3,2027-01,1.9351,2026,10
-11.5,-71.5,3,2027-01,1.9473,2026,10
-11.5,-70.5,3,2027-01,1.9261,2026,10
-11.5,-69.5,3,2027-01,1.9507,2026,10
-11.5,-68.5,3,2027-01,1.9756,2026,10
-11.5,-67.5,3,2027-01,1.9746,2026,10
-11.5,-66.5,3,2027-01,1.968,2026,10
-11.5,-65.5,3,2027-01,1.9732,2026,10
-11.5,-64.5,3,2027-01,1.9876,2026,10
-11.5,-63.5,3,2027-01,1.9605,2026,10
-11.5,-62.5,3,2027-01,1.9986,2026,10
-11.5,-61.5,3,2027-01,2.0284,2026,10
-11.5,-60.5,3,2027-01,2.0279,2026,10
-11.5,-59.5,3,2027-01,2.0088,2026,10
-11.5,-58.5,3,2027-01,2.0606,2026,10
-11.5,-57.5,3,2027-01,2.0616,2026,10
-11.5,-56.5,3,2027-01,2.1109,2026,10
-11.5,-55.5,3,2027-01,2.1509,2026,10
-11.5,-54.5,3,2027-01,2.1629,2026,10
-11.5,-53.5,3,2027-01,2.1961,2026,10
-11.5,-52.5,3,2027-01,2.2412,2026,10
-11.5,-51.5,3,2027-01,2.3435,2026,10
-11.5,-50.5,3,2027-01,2.4063,2026,10
-11.5,-49.5,3,2027-01,2.5713,2026,10
-11.5,-48.5,3,2027-01,2.7381,2026,10
-11.5,-47.5,3,2027-01,2.8269,2026,10
-11.5,-46.5,3,2027-01,2.9182,2026,10
-11.5,-45.5,3,2027-01,3.0696,2026,10
-11.5,-44.5,3,2027-01,3.0506,2026,10
-11.5,-43.5,3,2027-01,3.0049,2026,10
-11.5,-42.5,3,2027-01,2.6321,2026,10
-11.5,-41.5,3,2027-01,2.3057,2026,10
-11.5,-40.5,3,2027-01,2.1983,2026,10
-11.5,-39.5,3,2027-01,2.2639,2026,10
-11.5,-38.5,3,2027-01,2.1885,2026,10
-11.5,-37.5,3,2027-01,1.5891,2026,10
-11.5,-36.5,3,2027-01,1.1084,2026,10
-11.5,-35.5,3,2027-01,1.1265,2026,10
-11.5,-34.5,3,2027-01,1.1458,2026,10
-11.5,-33.5,3,2027-01,1.1643,2026,10
-11.5,-32.5,3,2027-01,1.1617,2026,10
-11.5,-31.5,3,2027-01,1.1302,2026,10
-11.5,-30.5,3,2027-01,1.1023,2026,10
-12.5,-89.5,3,2027-01,2.5799,2026,10
-12.5,-88.5,3,2027-01,2.6543,2026,10
-12.5,-87.5,3,2027-01,2.752,2026,10
-12.5,-86.5,3,2027-01,2.8543,2026,10
-12.5,-85.5,3,2027-01,2.9517,2026,10
-12.5,-84.5,3,2027-01,3.0594,2026,10
-12.5,-83.5,3,2027-01,3.2161,2026,10
-12.5,-82.5,3,2027-01,3.4912,2026,10
-12.5,-81.5,3,2027-01,3.8284,2026,10
-12.5,-80.5,3,2027-01,4.0113,2026,10
-12.5,-79.5,3,2027-01,4.2315,2026,10
-12.5,-78.5,3,2027-01,4.8523,2026,10
-12.5,-77.5,3,2027-01,5.6721,2026,10
-12.5,-76.5,3,2027-01,3.1004,2026,10
-12.5,-75.5,3,2027-01,2.1658,2026,10
-12.5,-74.5,3,2027-01,1.9549,2026,10
-12.5,-73.5,3,2027-01,1.9522,2026,10
-12.5,-72.5,3,2027-01,1.9436,2026,10
-12.5,-71.5,3,2027-01,1.8506,2026,10
-12.5,-70.5,3,2027-01,1.7954,2026,10
-12.5,-69.5,3,2027-01,1.8062,2026,10
-12.5,-68.5,3,2027-01,1.868,2026,10
-12.5,-67.5,3,2027-01,1.9422,2026,10
-12.5,-66.5,3,2027-01,2.0069,2026,10
-12.5,-65.5,3,2027-01,1.9356,2026,10
-12.5,-64.5,3,2027-01,1.9644,2026,10
-12.5,-63.5,3,2027-01,2.0093,2026,10
-12.5,-62.5,3,2027-01,2.0301,2026,10
-12.5,-61.5,3,2027-01,2.0337,2026,10
-12.5,-60.5,3,2027-01,1.9991,2026,10
-12.5,-59.5,3,2027-01,1.9551,2026,10
-12.5,-58.5,3,2027-01,2.0235,2026,10
-12.5,-57.5,3,2027-01,2.062,2026,10
-12.5,-56.5,3,2027-01,2.1228,2026,10
-12.5,-55.5,3,2027-01,2.1538,2026,10
-12.5,-54.5,3,2027-01,2.1465,2026,10
-12.5,-53.5,3,2027-01,2.1939,2026,10
-12.5,-52.5,3,2027-01,2.221,2026,10
-12.5,-51.5,3,2027-01,2.2954,2026,10
-12.5,-50.5,3,2027-01,2.3948,2026,10
-12.5,-49.5,3,2027-01,2.5847,2026,10
-12.5,-48.5,3,2027-01,2.7076,2026,10
-12.5,-47.5,3,2027-01,2.8794,2026,10
-12.5,-46.5,3,2027-01,2.868,2026,10
-12.5,-45.5,3,2027-01,2.9822,2026,10
-12.5,-44.5,3,2027-01,3.0,2026,10
-12.5,-43.5,3,2027-01,2.9182,2026,10
-12.5,-42.5,3,2027-01,2.6096,2026,10
-12.5,-41.5,3,2027-01,2.1394,2026,10
-12.5,-40.5,3,2027-01,2.2368,2026,10
-12.5,-39.5,3,2027-01,2.2224,2026,10
-12.5,-38.5,3,2027-01,1.8631,2026,10
-12.5,-37.5,3,2027-01,1.2085,2026,10
-12.5,-36.5,3,2027-01,1.149,2026,10
-12.5,-35.5,3,2027-01,1.1575,2026,10
-12.5,-34.5,3,2027-01,1.1631,2026,10
-12.5,-33.5,3,2027-01,1.1751,2026,10
-12.5,-32.5,3,2027-01,1.188,2026,10
-12.5,-31.5,3,2027-01,1.1724,2026,10
-12.5,-30.5,3,2027-01,1.1446,2026,10
-13.5,-89.5,3,2027-01,2.3396,2026,10
-13.5,-88.5,3,2027-01,2.4195,2026,10
-13.5,-87.5,3,2027-01,2.5005,2026,10
-13.5,-86.5,3,2027-01,2.5694,2026,10
-13.5,-85.5,3,2027-01,2.6575,2026,10
-13.5,-84.5,3,2027-01,2.7935,2026,10
-13.5,-83.5,3,2027-01,2.9812,2026,10
-13.5,-82.5,3,2027-01,3.2354,2026,10
-13.5,-81.5,3,2027-01,3.482,2026,10
-13.5,-80.5,3,2027-01,3.7056,2026,10
-13.5,-79.5,3,2027-01,3.9683,2026,10
-13.5,-78.5,3,2027-01,4.378,2026,10
-13.5,-77.5,3,2027-01,5.1997,2026,10
-13.5,-76.5,3,2027-01,5.2134,2026,10
-13.5,-75.5,3,2027-01,2.2945,2026,10
-13.5,-74.5,3,2027-01,2.1939,2026,10
-13.5,-73.5,3,2027-01,1.937,2026,10
-13.5,-72.5,3,2027-01,1.9937,2026,10
-13.5,-71.5,3,2027-01,2.0909,2026,10
-13.5,-70.5,3,2027-01,1.9615,2026,10
-13.5,-69.5,3,2027-01,1.7508,2026,10
-13.5,-68.5,3,2027-01,1.6934,2026,10
-13.5,-67.5,3,2027-01,1.7908,2026,10
-13.5,-66.5,3,2027-01,1.8872,2026,10
-13.5,-65.5,3,2027-01,1.8677,2026,10
-13.5,-64.5,3,2027-01,1.9151,2026,10
-13.5,-63.5,3,2027-01,1.9644,2026,10
-13.5,-62.5,3,2027-01,2.0401,2026,10
-13.5,-61.5,3,2027-01,2.0835,2026,10
-13.5,-60.5,3,2027-01,2.0398,2026,10
-13.5,-59.5,3,2027-01,1.9673,2026,10
-13.5,-58.5,3,2027-01,1.9593,2026,10
-13.5,-57.5,3,2027-01,2.0037,2026,10
-13.5,-56.5,3,2027-01,2.083,2026,10
-13.5,-55.5,3,2027-01,2.1101,2026,10
-13.5,-54.5,3,2027-01,2.1177,2026,10
-13.5,-53.5,3,2027-01,2.1602,2026,10
-13.5,-52.5,3,2027-01,2.1897,2026,10
-13.5,-51.5,3,2027-01,2.3035,2026,10
-13.5,-50.5,3,2027-01,2.4048,2026,10
-13.5,-49.5,3,2027-01,2.5096,2026,10
-13.5,-48.5,3,2027-01,2.5413,2026,10
-13.5,-47.5,3,2027-01,2.6187,2026,10
-13.5,-46.5,3,2027-01,2.6638,2026,10
-13.5,-45.5,3,2027-01,2.7517,2026,10
-13.5,-44.5,3,2027-01,2.867,2026,10
-13.5,-43.5,3,2027-01,2.8733,2026,10
-13.5,-42.5,3,2027-01,2.5926,2026,10
-13.5,-41.5,3,2027-01,2.3169,2026,10
-13.5,-40.5,3,2027-01,2.1272,2026,10
-13.5,-39.5,3,2027-01,1.8455,2026,10
-13.5,-38.5,3,2027-01,1.1568,2026,10
-13.5,-37.5,3,2027-01,1.1731,2026,10
-13.5,-36.5,3,2027-01,1.1685,2026,10
-13.5,-35.5,3,2027-01,1.1853,2026,10
-13.5,-34.5,3,2027-01,1.1983,2026,10
-13.5,-33.5,3,2027-01,1.2058,2026,10
-13.5,-32.5,3,2027-01,1.2078,2026,10
-13.5,-31.5,3,2027-01,1.1966,2026,10
-13.5,-30.5,3,2027-01,1.1839,2026,10
-14.5,-89.5,3,2027-01,2.1299,2026,10
-14.5,-88.5,3,2027-01,2.1956,2026,10
-14.5,-87.5,3,2027-01,2.2617,2026,10
-14.5,-86.5,3,2027-01,2.3286,2026,10
-14.5,-85.5,3,2027-01,2.4036,2026,10
-14.5,-84.5,3,2027-01,2.4893,2026,10
-14.5,-83.5,3,2027-01,2.5769,2026,10
-14.5,-82.5,3,2027-01,2.7813,2026,10
-14.5,-81.5,3,2027-01,3.084,2026,10
-14.5,-80.5,3,2027-01,3.2901,2026,10
-14.5,-79.5,3,2027-01,3.4212,2026,10
-14.5,-78.5,3,2027-01,3.8057,2026,10
-14.5,-77.5,3,2027-01,4.458,2026,10
-14.5,-76.5,3,2027-01,5.1358,2026,10
-14.5,-75.5,3,2027-01,3.2442,2026,10
-14.5,-74.5,3,2027-01,2.2378,2026,10
-14.5,-73.5,3,2027-01,2.21,2026,10
-14.5,-72.5,3,2027-01,2.3531,2026,10
-14.5,-71.5,3,2027-01,2.4131,2026,10
-14.5,-70.5,3,2027-01,2.5452,2026,10
-14.5,-69.5,3,2027-01,2.1411,2026,10
-14.5,-68.5,3,2027-01,1.7334,2026,10
-14.5,-67.5,3,2027-01,1.7498,2026,10
-14.5,-66.5,3,2027-01,1.7693,2026,10
-14.5,-65.5,3,2027-01,1.7784,2026,10
-14.5,-64.5,3,2027-01,1.8252,2026,10
-14.5,-63.5,3,2027-01,1.8875,2026,10
-14.5,-62.5,3,2027-01,1.9944,2026,10
-14.5,-61.5,3,2027-01,2.0869,2026,10
-14.5,-60.5,3,2027-01,2.0515,2026,10
-14.5,-59.5,3,2027-01,2.0772,2026,10
-14.5,-58.5,3,2027-01,1.9346,2026,10
-14.5,-57.5,3,2027-01,2.0437,2026,10
-14.5,-56.5,3,2027-01,2.1282,2026,10
-14.5,-55.5,3,2027-01,2.0767,2026,10
-14.5,-54.5,3,2027-01,2.0811,2026,10
-14.5,-53.5,3,2027-01,2.1265,2026,10
-14.5,-52.5,3,2027-01,2.1934,2026,10
-14.5,-51.5,3,2027-01,2.3133,2026,10
-14.5,-50.5,3,2027-01,2.4221,2026,10
-14.5,-49.5,3,2027-01,2.4578,2026,10
-14.5,-48.5,3,2027-01,2.3643,2026,10
-14.5,-47.5,3,2027-01,2.3404,2026,10
-14.5,-46.5,3,2027-01,2.5867,2026,10
-14.5,-45.5,3,2027-01,2.6763,2026,10
-14.5,-44.5,3,2027-01,2.7869,2026,10
-14.5,-43.5,3,2027-01,2.7639,2026,10
-14.5,-42.5,3,2027-01,2.4617,2026,10
-14.5,-41.5,3,2027-01,2.3028,2026,10
-14.5,-40.5,3,2027-01,2.0003,2026,10
-14.5,-39.5,3,2027-01,1.8682,2026,10
-14.5,-38.5,3,2027-01,1.1563,2026,10
-14.5,-37.5,3,2027-01,1.1729,2026,10
-14.5,-36.5,3,2027-01,1.2102,2026,10
-14.5,-35.5,3,2027-01,1.2386,2026,10
-14.5,-34.5,3,2027-01,1.2503,2026,10
-14.5,-33.5,3,2027-01,1.2598,2026,10
-14.5,-32.5,3,2027-01,1.2754,2026,10
-14.5,-31.5,3,2027-01,1.2788,2026,10
-14.5,-30.5,3,2027-01,1.2835,2026,10
-15.5,-89.5,3,2027-01,1.9702,2026,10
-15.5,-88.5,3,2027-01,2.024,2026,10
-15.5,-87.5,3,2027-01,2.0869,2026,10
-15.5,-86.5,3,2027-01,2.1324,2026,10
-15.5,-85.5,3,2027-01,2.1731,2026,10
-15.5,-84.5,3,2027-01,2.18,2026,10
-15.5,-83.5,3,2027-01,2.2129,2026,10
-15.5,-82.5,3,2027-01,2.3794,2026,10
-15.5,-81.5,3,2027-01,2.6668,2026,10
-15.5,-80.5,3,2027-01,2.8719,2026,10
-15.5,-79.5,3,2027-01,3.0066,2026,10
-15.5,-78.5,3,2027-01,3.1719,2026,10
-15.5,-77.5,3,2027-01,3.4793,2026,10
-15.5,-76.5,3,2027-01,3.886,2026,10
-15.5,-75.5,3,2027-01,4.3304,2026,10
-15.5,-74.5,3,2027-01,2.9248,2026,10
-15.5,-73.5,3,2027-01,2.3033,2026,10
-15.5,-72.5,3,2027-01,2.3694,2026,10
-15.5,-71.5,3,2027-01,2.5579,2026,10
-15.5,-70.5,3,2027-01,2.7871,2026,10
-15.5,-69.5,3,2027-01,2.5076,2026,10
-15.5,-68.5,3,2027-01,1.8745,2026,10
-15.5,-67.5,3,2027-01,1.5972,2026,10
-15.5,-66.5,3,2027-01,1.6326,2026,10
-15.5,-65.5,3,2027-01,1.6829,2026,10
-15.5,-64.5,3,2027-01,1.6824,2026,10
-15.5,-63.5,3,2027-01,1.7698,2026,10
-15.5,-62.5,3,2027-01,1.8391,2026,10
-15.5,-61.5,3,2027-01,1.9207,2026,10
-15.5,-60.5,3,2027-01,2.0638,2026,10
-15.5,-59.5,3,2027-01,2.1121,2026,10
-15.5,-58.5,3,2027-01,2.1121,2026,10
-15.5,-57.5,3,2027-01,2.1743,2026,10
-15.5,-56.5,3,2027-01,2.2835,2026,10
-15.5,-55.5,3,2027-01,2.1626,2026,10
-15.5,-54.5,3,2027-01,2.0435,2026,10
-15.5,-53.5,3,2027-01,2.0418,2026,10
-15.5,-52.5,3,2027-01,2.1433,2026,10
-15.5,-51.5,3,2027-01,2.2862,2026,10
-15.5,-50.5,3,2027-01,2.3299,2026,10
-15.5,-49.5,3,2027-01,2.2808,2026,10
-15.5,-48.5,3,2027-01,2.2986,2026,10
-15.5,-47.5,3,2027-01,2.2725,2026,10
-15.5,-46.5,3,2027-01,2.3853,2026,10
-15.5,-45.5,3,2027-01,2.5489,2026,10
-15.5,-44.5,3,2027-01,2.6302,2026,10
-15.5,-43.5,3,2027-01,2.7322,2026,10
-15.5,-42.5,3,2027-01,2.407,2026,10
-15.5,-41.5,3,2027-01,2.2327,2026,10
-15.5,-40.5,3,2027-01,2.1763,2026,10
-15.5,-39.5,3,2027-01,1.9673,2026,10
-15.5,-38.5,3,2027-01,1.2202,2026,10
-15.5,-37.5,3,2027-01,1.242,2026,10
-15.5,-36.5,3,2027-01,1.2752,2026,10
-15.5,-35.5,3,2027-01,1.2862,2026,10
-15.5,-34.5,3,2027-01,1.2881,2026,10
-15.5,-33.5,3,2027-01,1.305,2026,10
-15.5,-32.5,3,2027-01,1.335,2026,10
-15.5,-31.5,3,2027-01,1.364,2026,10
-15.5,-30.5,3,2027-01,1.3867,2026,10
-16.5,-89.5,3,2027-01,1.8655,2026,10
-16.5,-88.5,3,2027-01,1.8992,2026,10
-16.5,-87.5,3,2027-01,1.9285,2026,10
-16.5,-86.5,3,2027-01,1.9441,2026,10
-16.5,-85.5,3,2027-01,1.9705,2026,10
-16.5,-84.5,3,2027-01,1.98,2026,10
-16.5,-83.5,3,2027-01,1.9195,2026,10
-16.5,-82.5,3,2027-01,1.9759,2026,10
-16.5,-81.5,3,2027-01,2.2134,2026,10
-16.5,-80.5,3,2027-01,2.4192,2026,10
-16.5,-79.5,3,2027-01,2.5398,2026,10
-16.5,-78.5,3,2027-01,2.6524,2026,10
-16.5,-77.5,3,2027-01,2.7859,2026,10
-16.5,-76.5,3,2027-01,2.9563,2026,10
-16.5,-75.5,3,2027-01,3.0576,2026,10
-16.5,-74.5,3,2027-01,3.5784,2026,10
-16.5,-73.5,3,2027-01,3.3621,2026,10
-16.5,-72.5,3,2027-01,2.9336,2026,10
-16.5,-71.5,3,2027-01,2.4214,2026,10
-16.5,-70.5,3,2027-01,2.7229,2026,10
-16.5,-69.5,3,2027-01,2.804,2026,10
-16.5,-68.5,3,2027-01,2.5559,2026,10
-16.5,-67.5,3,2027-01,1.9265,2026,10
-16.5,-66.5,3,2027-01,1.7317,2026,10
-16.5,-65.5,3,2027-01,1.5847,2026,10
-16.5,-64.5,3,2027-01,1.4844,2026,10
-16.5,-63.5,3,2027-01,1.5774,2026,10
-16.5,-62.5,3,2027-01,1.6741,2026,10
-16.5,-61.5,3,2027-01,1.7827,2026,10
-16.5,-60.5,3,2027-01,1.8667,2026,10
-16.5,-59.5,3,2027-01,2.0357,2026,10
-16.5,-58.5,3,2027-01,2.2415,2026,10
-16.5,-57.5,3,2027-01,2.2605,2026,10
-16.5,-56.5,3,2027-01,2.2879,2026,10
-16.5,-55.5,3,2027-01,2.211,2026,10
-16.5,-54.5,3,2027-01,2.0899,2026,10
-16.5,-53.5,3,2027-01,2.0076,2026,10
-16.5,-52.5,3,2027-01,2.0882,2026,10
-16.5,-51.5,3,2027-01,2.1922,2026,10
-16.5,-50.5,3,2027-01,2.2054,2026,10
-16.5,-49.5,3,2027-01,2.1507,2026,10
-16.5,-48.5,3,2027-01,2.0955,2026,10
-16.5,-47.5,3,2027-01,2.1221,2026,10
-16.5,-46.5,3,2027-01,2.2742,2026,10
-16.5,-45.5,3,2027-01,2.43,2026,10
-16.5,-44.5,3,2027-01,2.4561,2026,10
-16.5,-43.5,3,2027-01,2.4866,2026,10
-16.5,-42.5,3,2027-01,2.4378,2026,10
-16.5,-41.5,3,2027-01,2.2664,2026,10
-16.5,-40.5,3,2027-01,2.2513,2026,10
-16.5,-39.5,3,2027-01,1.92,2026,10
-16.5,-38.5,3,2027-01,1.1211,2026,10
-16.5,-37.5,3,2027-01,1.2732,2026,10
-16.5,-36.5,3,2027-01,1.3218,2026,10
-16.5,-35.5,3,2027-01,1.3355,2026,10
-16.5,-34.5,3,2027-01,1.3433,2026,10
-16.5,-33.5,3,2027-01,1.3567,2026,10
-16.5,-32.5,3,2027-01,1.3831,2026,10
-16.5,-31.5,3,2027-01,1.4119,2026,10
-16.5,-30.5,3,2027-01,1.4329,2026,10
-17.5,-89.5,3,2027-01,1.7676,2026,10
-17.5,-88.5,3,2027-01,1.7752,2026,10
-17.5,-87.5,3,2027-01,1.7925,2026,10
-17.5,-86.5,3,2027-01,1.8201,2026,10
-17.5,-85.5,3,2027-01,1.8301,2026,10
-17.5,-84.5,3,2027-01,1.8181,2026,10
-17.5,-83.5,3,2027-01,1.7688,2026,10
-17.5,-82.5,3,2027-01,1.802,2026,10
-17.5,-81.5,3,2027-01,1.8863,2026,10
-17.5,-80.5,3,2027-01,1.9866,2026,10
-17.5,-79.5,3,2027-01,2.1016,2026,10
-17.5,-78.5,3,2027-01,2.1328,2026,10
-17.5,-77.5,3,2027-01,2.2376,2026,10
-17.5,-76.5,3,2027-01,2.418,2026,10
-17.5,-75.5,3,2027-01,2.4278,2026,10
-17.5,-74.5,3,2027-01,2.4314,2026,10
-17.5,-73.5,3,2027-01,2.5518,2026,10
-17.5,-72.5,3,2027-01,3.0393,2026,10
-17.5,-71.5,3,2027-01,3.2564,2026,10
-17.5,-70.5,3,2027-01,2.5598,2026,10
-17.5,-69.5,3,2027-01,2.7224,2026,10
-17.5,-68.5,3,2027-01,3.0738,2026,10
-17.5,-67.5,3,2027-01,2.8958,2026,10
-17.5,-66.5,3,2027-01,2.8245,2026,10
-17.5,-65.5,3,2027-01,2.0047,2026,10
-17.5,-64.5,3,2027-01,1.3125,2026,10
-17.5,-63.5,3,2027-01,1.1504,2026,10
-17.5,-62.5,3,2027-01,1.3333,2026,10
-17.5,-61.5,3,2027-01,1.6575,2026,10
-17.5,-60.5,3,2027-01,1.7718,2026,10
-17.5,-59.5,3,2027-01,1.9143,2026,10
-17.5,-58.5,3,2027-01,2.0659,2026,10
-17.5,-57.5,3,2027-01,2.1158,2026,10
-17.5,-56.5,3,2027-01,2.273,2026,10
-17.5,-55.5,3,2027-01,2.2842,2026,10
-17.5,-54.5,3,2027-01,2.1033,2026,10
-17.5,-53.5,3,2027-01,1.95,2026,10
-17.5,-52.5,3,2027-01,1.9441,2026,10
-17.5,-51.5,3,2027-01,1.9546,2026,10
-17.5,-50.5,3,2027-01,1.9854,2026,10
-17.5,-49.5,3,2027-01,2.0618,2026,10
-17.5,-48.5,3,2027-01,2.0584,2026,10
-17.5,-47.5,3,2027-01,2.0699,2026,10
-17.5,-46.5,3,2027-01,2.1868,2026,10
-17.5,-45.5,3,2027-01,2.2676,2026,10
-17.5,-44.5,3,2027-01,2.2923,2026,10
-17.5,-43.5,3,2027-01,2.2447,2026,10
-17.5,-42.5,3,2027-01,2.2295,2026,10
-17.5,-41.5,3,2027-01,2.2676,2026,10
-17.5,-40.5,3,2027-01,2.3545,2026,10
-17.5,-39.5,3,2027-01,1.7888,2026,10
-17.5,-38.5,3,2027-01,1.0857,2026,10
-17.5,-37.5,3,2027-01,1.2896,2026,10
-17.5,-36.5,3,2027-01,1.3562,2026,10
-17.5,-35.5,3,2027-01,1.3865,2026,10
-17.5,-34.5,3,2027-01,1.4051,2026,10
-17.5,-33.5,3,2027-01,1.4075,2026,10
-17.5,-32.5,3,2027-01,1.4136,2026,10
-17.5,-31.5,3,2027-01,1.4214,2026,10
-17.5,-30.5,3,2027-01,1.4344,2026,10
-18.5,-89.5,3,2027-01,1.6802,2026,10
-18.5,-88.5,3,2027-01,1.6846,2026,10
-18.5,-87.5,3,2027-01,1.6846,2026,10
-18.5,-86.5,3,2027-01,1.7032,2026,10
-18.5,-85.5,3,2027-01,1.7405,2026,10
-18.5,-84.5,3,2027-01,1.7383,2026,10
-18.5,-83.5,3,2027-01,1.7132,2026,10
-18.5,-82.5,3,2027-01,1.6997,2026,10
-18.5,-81.5,3,2027-01,1.6997,2026,10
-18.5,-80.5,3,2027-01,1.7129,2026,10
-18.5,-79.5,3,2027-01,1.7964,2026,10
-18.5,-78.5,3,2027-01,1.7901,2026,10
-18.5,-77.5,3,2027-01,1.8352,2026,10
-18.5,-76.5,3,2027-01,2.0039,2026,10
-18.5,-75.5,3,2027-01,2.135,2026,10
-18.5,-74.5,3,2027-01,2.1631,2026,10
-18.5,-73.5,3,2027-01,2.2144,2026,10
-18.5,-72.5,3,2027-01,2.4576,2026,10
-18.5,-71.5,3,2027-01,3.3174,2026,10
-18.5,-70.5,3,2027-01,3.7388,2026,10
-18.5,-69.5,3,2027-01,2.5039,2026,10
-18.5,-68.5,3,2027-01,2.9141,2026,10
-18.5,-67.5,3,2027-01,3.2486,2026,10
-18.5,-66.5,3,2027-01,3.2635,2026,10
-18.5,-65.5,3,2027-01,2.6878,2026,10
-18.5,-64.5,3,2027-01,1.9639,2026,10
-18.5,-63.5,3,2027-01,1.3535,2026,10
-18.5,-62.5,3,2027-01,1.114,2026,10
-18.5,-61.5,3,2027-01,1.3452,2026,10
-18.5,-60.5,3,2027-01,1.5845,2026,10
-18.5,-59.5,3,2027-01,1.7708,2026,10
-18.5,-58.5,3,2027-01,1.8775,2026,10
-18.5,-57.5,3,2027-01,2.0122,2026,10
-18.5,-56.5,3,2027-01,2.1167,2026,10
-18.5,-55.5,3,2027-01,2.0728,2026,10
-18.5,-54.5,3,2027-01,1.9685,2026,10
-18.5,-53.5,3,2027-01,1.8902,2026,10
-18.5,-52.5,3,2027-01,1.7935,2026,10
-18.5,-51.5,3,2027-01,1.7901,2026,10
-18.5,-50.5,3,2027-01,1.8472,2026,10
-18.5,-49.5,3,2027-01,1.9241,2026,10
-18.5,-48.5,3,2027-01,1.9519,2026,10
-18.5,-47.5,3,2027-01,2.0025,2026,10
-18.5,-46.5,3,2027-01,2.0552,2026,10
-18.5,-45.5,3,2027-01,2.0467,2026,10
-18.5,-44.5,3,2027-01,2.1382,2026,10
-18.5,-43.5,3,2027-01,2.0335,2026,10
-18.5,-42.5,3,2027-01,2.1209,2026,10
-18.5,-41.5,3,2027-01,2.3096,2026,10
-18.5,-40.5,3,2027-01,2.1675,2026,10
-18.5,-39.5,3,2027-01,1.4173,2026,10
-18.5,-38.5,3,2027-01,1.1316,2026,10
-18.5,-37.5,3,2027-01,1.2776,2026,10
-18.5,-36.5,3,2027-01,1.3846,2026,10
-18.5,-35.5,3,2027-01,1.4085,2026,10
-18.5,-34.5,3,2027-01,1.4307,2026,10
-18.5,-33.5,3,2027-01,1.4229,2026,10
-18.5,-32.5,3,2027-01,1.4058,2026,10
-18.5,-31.5,3,2027-01,1.4131,2026,10
-18.5,-30.5,3,2027-01,1.4278,2026,10
-19.5,-89.5,3,2027-01,1.5962,2026,10
-19.5,-88.5,3,2027-01,1.5962,2026,10
-19.5,-87.5,3,2027-01,1.596,2026,10
-19.5,-86.5,3,2027-01,1.6143,2026,10
-19.5,-85.5,3,2027-01,1.6316,2026,10
-19.5,-84.5,3,2027-01,1.6595,2026,10
-19.5,-83.5,3,2027-01,1.6621,2026,10
-19.5,-82.5,3,2027-01,1.6346,2026,10
-19.5,-81.5,3,2027-01,1.6282,2026,10
-19.5,-80.5,3,2027-01,1.6277,2026,10
-19.5,-79.5,3,2027-01,1.6331,2026,10
-19.5,-78.5,3,2027-01,1.6553,2026,10
-19.5,-77.5,3,2027-01,1.6785,2026,10
-19.5,-76.5,3,2027-01,1.8443,2026,10
-19.5,-75.5,3,2027-01,1.9717,2026,10
-19.5,-74.5,3,2027-01,2.0281,2026,10
-19.5,-73.5,3,2027-01,2.1612,2026,10
-19.5,-72.5,3,2027-01,2.3069,2026,10
-19.5,-71.5,3,2027-01,3.0298,2026,10
-19.5,-70.5,3,2027-01,3.8335,2026,10
-19.5,-69.5,3,2027-01,2.5323,2026,10
-19.5,-68.5,3,2027-01,2.4829,2026,10
-19.5,-67.5,3,2027-01,2.93,2026,10
-19.5,-66.5,3,2027-01,3.2513,2026,10
-19.5,-65.5,3,2027-01,2.8618,2026,10
-19.5,-64.5,3,2027-01,2.0349,2026,10
-19.5,-63.5,3,2027-01,1.1263,2026,10
-19.5,-62.5,3,2027-01,0.8841,2026,10
-19.5,-61.5,3,2027-01,1.0972,2026,10
-19.5,-60.5,3,2027-01,1.3164,2026,10
-19.5,-59.5,3,2027-01,1.5379,2026,10
-19.5,-58.5,3,2027-01,1.658,2026,10
-19.5,-57.5,3,2027-01,1.823,2026,10
-19.5,-56.5,3,2027-01,1.8372,2026,10
-19.5,-55.5,3,2027-01,1.7913,2026,10
-19.5,-54.5,3,2027-01,1.773,2026,10
-19.5,-53.5,3,2027-01,1.7832,2026,10
-19.5,-52.5,3,2027-01,1.7373,2026,10
-19.5,-51.5,3,2027-01,1.7132,2026,10
-19.5,-50.5,3,2027-01,1.7386,2026,10
-19.5,-49.5,3,2027-01,1.8311,2026,10
-19.5,-48.5,3,2027-01,1.8648,2026,10
-19.5,-47.5,3,2027-01,1.8799,2026,10
-19.5,-46.5,3,2027-01,1.9283,2026,10
-19.5,-45.5,3,2027-01,1.9009,2026,10
-19.5,-44.5,3,2027-01,1.9881,2026,10
-19.5,-43.5,3,2027-01,1.9138,2026,10
-19.5,-42.5,3,2027-01,1.9832,2026,10
-19.5,-41.5,3,2027-01,2.1211,2026,10
-19.5,-40.5,3,2027-01,1.9571,2026,10
-19.5,-39.5,3,2027-01,1.3787,2026,10
-19.5,-38.5,3,2027-01,1.2205,2026,10
-19.5,-37.5,3,2027-01,1.3155,2026,10
-19.5,-36.5,3,2027-01,1.398,2026,10
-19.5,-35.5,3,2027-01,1.4136,2026,10
-19.5,-34.5,3,2027-01,1.4146,2026,10
-19.5,-33.5,3,2027-01,1.4107,2026,10
-19.5,-32.5,3,2027-01,1.3955,2026,10
-19.5,-31.5,3,2027-01,1.3987,2026,10
-19.5,-30.5,3,2027-01,1.409,2026,10
-20.5,-89.5,3,2027-01,1.5113,2026,10
-20.5,-88.5,3,2027-01,1.5249,2026,10
-20.5,-87.5,3,2027-01,1.5401,2026,10
-20.5,-86.5,3,2027-01,1.544,2026,10
-20.5,-85.5,3,2027-01,1.5491,2026,10
-20.5,-84.5,3,2027-01,1.5784,2026,10
-20.5,-83.5,3,2027-01,1.6089,2026,10
-20.5,-82.5,3,2027-01,1.6109,2026,10
-20.5,-81.5,3,2027-01,1.5865,2026,10
-20.5,-80.5,3,2027-01,1.5879,2026,10
-20.5,-79.5,3,2027-01,1.5884,2026,10
-20.5,-78.5,3,2027-01,1.6082,2026,10
-20.5,-77.5,3,2027-01,1.6712,2026,10
-20.5,-76.5,3,2027-01,1.7725,2026,10
-20.5,-75.5,3,2027-01,1.9087,2026,10
-20.5,-74.5,3,2027-01,2.0513,2026,10
-20.5,-73.5,3,2027-01,2.1465,2026,10
-20.5,-72.5,3,2027-01,2.303,2026,10
-20.5,-71.5,3,2027-01,2.9722,2026,10
-20.5,-70.5,3,2027-01,3.8733,2026,10
-20.5,-69.5,3,2027-01,2.6956,2026,10
-20.5,-68.5,3,2027-01,2.1121,2026,10
-20.5,-67.5,3,2027-01,2.4085,2026,10
-20.5,-66.5,3,2027-01,3.3692,2026,10
-20.5,-65.5,3,2027-01,3.5352,2026,10
-20.5,-64.5,3,2027-01,1.7603,2026,10
-20.5,-63.5,3,2027-01,0.8294,2026,10
-20.5,-62.5,3,2027-01,0.5835,2026,10
-20.5,-61.5,3,2027-01,0.8108,2026,10
-20.5,-60.5,3,2027-01,0.9629,2026,10
-20.5,-59.5,3,2027-01,1.1973,2026,10
-20.5,-58.5,3,2027-01,1.3218,2026,10
-20.5,-57.5,3,2027-01,1.5274,2026,10
-20.5,-56.5,3,2027-01,1.5518,2026,10
-20.5,-55.5,3,2027-01,1.5493,2026,10
-20.5,-54.5,3,2027-01,1.5457,2026,10
-20.5,-53.5,3,2027-01,1.5635,2026,10
-20.5,-52.5,3,2027-01,1.6192,2026,10
-20.5,-51.5,3,2027-01,1.6375,2026,10
-20.5,-50.5,3,2027-01,1.647,2026,10
-20.5,-49.5,3,2027-01,1.6892,2026,10
-20.5,-48.5,3,2027-01,1.7293,2026,10
-20.5,-47.5,3,2027-01,1.7566,2026,10
-20.5,-46.5,3,2027-01,1.7788,2026,10
-20.5,-45.5,3,2027-01,1.7871,2026,10
-20.5,-44.5,3,2027-01,1.7859,2026,10
-20.5,-43.5,3,2027-01,1.8003,2026,10
-20.5,-42.5,3,2027-01,1.8631,2026,10
-20.5,-41.5,3,2027-01,1.8816,2026,10
-20.5,-40.5,3,2027-01,1.5835,2026,10
-20.5,-39.5,3,2027-01,1.2591,2026,10
-20.5,-38.5,3,2027-01,1.2596,2026,10
-20.5,-37.5,3,2027-01,1.3221,2026,10
-20.5,-36.5,3,2027-01,1.3706,2026,10
-20.5,-35.5,3,2027-01,1.3758,2026,10
-20.5,-34.5,3,2027-01,1.3745,2026,10
-20.5,-33.5,3,2027-01,1.386,2026,10
-20.5,-32.5,3,2027-01,1.3841,2026,10
-20.5,-31.5,3,2027-01,1.3716,2026,10
-20.5,-30.5,3,2027-01,1.3655,2026,10
-21.5,-89.5,3,2027-01,1.4334,2026,10
-21.5,-88.5,3,2027-01,1.4466,2026,10
-21.5,-87.5,3,2027-01,1.4668,2026,10
-21.5,-86.5,3,2027-01,1.479,2026,10
-21.5,-85.5,3,2027-01,1.4866,2026,10
-21.5,-84.5,3,2027-01,1.4986,2026,10
-21.5,-83.5,3,2027-01,1.543,2026,10
-21.5,-82.5,3,2027-01,1.555,2026,10
-21.5,-81.5,3,2027-01,1.5503,2026,10
-21.5,-80.5,3,2027-01,1.5464,2026,10
-21.5,-79.5,3,2027-01,1.5618,2026,10
-21.5,-78.5,3,2027-01,1.5779,2026,10
-21.5,-77.5,3,2027-01,1.6446,2026,10
-21.5,-76.5,3,2027-01,1.7539,2026,10
-21.5,-75.5,3,2027-01,1.9597,2026,10
-21.5,-74.5,3,2027-01,2.1741,2026,10
-21.5,-73.5,3,2027-01,2.2525,2026,10
-21.5,-72.5,3,2027-01,2.3308,2026,10
-21.5,-71.5,3,2027-01,2.9366,2026,10
-21.5,-70.5,3,2027-01,3.9715,2026,10
-21.5,-69.5,3,2027-01,2.8116,2026,10
-21.5,-68.5,3,2027-01,2.024,2026,10
-21.5,-67.5,3,2027-01,2.1941,2026,10
-21.5,-66.5,3,2027-01,3.2439,2026,10
-21.5,-65.5,3,2027-01,3.1397,2026,10
-21.5,-64.5,3,2027-01,1.4168,2026,10
-21.5,-63.5,3,2027-01,0.5647,2026,10
-21.5,-62.5,3,2027-01,0.4905,2026,10
-21.5,-61.5,3,2027-01,0.6033,2026,10
-21.5,-60.5,3,2027-01,0.6975,2026,10
-21.5,-59.5,3,2027-01,0.8484,2026,10
-21.5,-58.5,3,2027-01,1.0144,2026,10
-21.5,-57.5,3,2027-01,1.2159,2026,10
-21.5,-56.5,3,2027-01,1.3091,2026,10
-21.5,-55.5,3,2027-01,1.3211,2026,10
-21.5,-54.5,3,2027-01,1.3531,2026,10
-21.5,-53.5,3,2027-01,1.4305,2026,10
-21.5,-52.5,3,2027-01,1.4532,2026,10
-21.5,-51.5,3,2027-01,1.4561,2026,10
-21.5,-50.5,3,2027-01,1.5303,2026,10
-21.5,-49.5,3,2027-01,1.5623,2026,10
-21.5,-48.5,3,2027-01,1.6258,2026,10
-21.5,-47.5,3,2027-01,1.6577,2026,10
-21.5,-46.5,3,2027-01,1.7119,2026,10
-21.5,-45.5,3,2027-01,1.6936,2026,10
-21.5,-44.5,3,2027-01,1.7305,2026,10
-21.5,-43.5,3,2027-01,1.7581,2026,10
-21.5,-42.5,3,2027-01,1.7185,2026,10
-21.5,-41.5,3,2027-01,1.6292,2026,10
-21.5,-40.5,3,2027-01,1.1931,2026,10
-21.5,-39.5,3,2027-01,1.2412,2026,10
-21.5,-38.5,3,2027-01,1.2388,2026,10
-21.5,-37.5,3,2027-01,1.2598,2026,10
-21.5,-36.5,3,2027-01,1.3299,2026,10
-21.5,-35.5,3,2027-01,1.3347,2026,10
-21.5,-34.5,3,2027-01,1.3028,2026,10
-21.5,-33.5,3,2027-01,1.3262,2026,10
-21.5,-32.5,3,2027-01,1.3372,2026,10
-21.5,-31.5,3,2027-01,1.3294,2026,10
-21.5,-30.5,3,2027-01,1.3123,2026,10
-22.5,-89.5,3,2027-01,1.3072,2026,10
-22.5,-88.5,3,2027-01,1.3245,2026,10
-22.5,-87.5,3,2027-01,1.3511,2026,10
-22.5,-86.5,3,2027-01,1.3782,2026,10
-22.5,-85.5,3,2027-01,1.3887,2026,10
-22.5,-84.5,3,2027-01,1.4031,2026,10
-22.5,-83.5,3,2027-01,1.458,2026,10
-22.5,-82.5,3,2027-01,1.4908,2026,10
-22.5,-81.5,3,2027-01,1.5093,2026,10
-22.5,-80.5,3,2027-01,1.5235,2026,10
-22.5,-79.5,3,2027-01,1.5369,2026,10
-22.5,-78.5,3,2027-01,1.5774,2026,10
-22.5,-77.5,3,2027-01,1.6431,2026,10
-22.5,-76.5,3,2027-01,1.7503,2026,10
-22.5,-75.5,3,2027-01,1.9141,2026,10
-22.5,-74.5,3,2027-01,2.0691,2026,10
-22.5,-73.5,3,2027-01,2.2488,2026,10
-22.5,-72.5,3,2027-01,2.3621,2026,10
-22.5,-71.5,3,2027-01,3.1013,2026,10
-22.5,-70.5,3,2027-01,3.7925,2026,10
-22.5,-69.5,3,2027-01,2.6272,2026,10
-22.5,-68.5,3,2027-01,2.1267,2026,10
-22.5,-67.5,3,2027-01,1.4671,2026,10
-22.5,-66.5,3,2027-01,2.7327,2026,10
-22.5,-65.5,3,2027-01,2.5711,2026,10
-22.5,-64.5,3,2027-01,0.8316,2026,10
-22.5,-63.5,3,2027-01,0.2747,2026,10
-22.5,-62.5,3,2027-01,0.1817,2026,10
-22.5,-61.5,3,2027-01,0.2259,2026,10
-22.5,-60.5,3,2027-01,0.3621,2026,10
-22.5,-59.5,3,2027-01,0.6126,2026,10
-22.5,-58.5,3,2027-01,0.7244,2026,10
-22.5,-57.5,3,2027-01,0.8621,2026,10
-22.5,-56.5,3,2027-01,1.1018,2026,10
-22.5,-55.5,3,2027-01,1.2359,2026,10
-22.5,-54.5,3,2027-01,1.2537,2026,10
-22.5,-53.5,3,2027-01,1.2764,2026,10
-22.5,-52.5,3,2027-01,1.2818,2026,10
-22.5,-51.5,3,2027-01,1.3306,2026,10
-22.5,-50.5,3,2027-01,1.3892,2026,10
-22.5,-49.5,3,2027-01,1.4871,2026,10
-22.5,-48.5,3,2027-01,1.5445,2026,10
-22.5,-47.5,3,2027-01,1.5952,2026,10
-22.5,-46.5,3,2027-01,1.6631,2026,10
-22.5,-45.5,3,2027-01,1.6839,2026,10
-22.5,-44.5,3,2027-01,1.7488,2026,10
-22.5,-43.5,3,2027-01,1.69,2026,10
-22.5,-42.5,3,2027-01,1.5811,2026,10
-22.5,-41.5,3,2027-01,1.2115,2026,10
-22.5,-40.5,3,2027-01,1.1253,2026,10
-22.5,-39.5,3,2027-01,1.2063,2026,10
-22.5,-38.5,3,2027-01,1.2017,2026,10
-22.5,-37.5,3,2027-01,1.2058,2026,10
-22.5,-36.5,3,2027-01,1.2639,2026,10
-22.5,-35.5,3,2027-01,1.263,2026,10
-22.5,-34.5,3,2027-01,1.2068,2026,10
-22.5,-33.5,3,2027-01,1.2044,2026,10
-22.5,-32.5,3,2027-01,1.2271,2026,10
-22.5,-31.5,3,2027-01,1.2503,2026,10
-22.5,-30.5,3,2027-01,1.2593,2026,10
-23.5,-89.5,3,2027-01,1.1905,2026,10
-23.5,-88.5,3,2027-01,1.2176,2026,10
-23.5,-87.5,3,2027-01,1.2578,2026,10
-23.5,-86.5,3,2027-01,1.2852,2026,10
-23.5,-85.5,3,2027-01,1.2908,2026,10
-23.5,-84.5,3,2027-01,1.3086,2026,10
-23.5,-83.5,3,2027-01,1.3391,2026,10
-23.5,-82.5,3,2027-01,1.376,2026,10
-23.5,-81.5,3,2027-01,1.4234,2026,10
-23.5,-80.5,3,2027-01,1.4773,2026,10
-23.5,-79.5,3,2027-01,1.5022,2026,10
-23.5,-78.5,3,2027-01,1.5303,2026,10
-23.5,-77.5,3,2027-01,1.5867,2026,10
-23.5,-76.5,3,2027-01,1.7156,2026,10
-23.5,-75.5,3,2027-01,1.8365,2026,10
-23.5,-74.5,3,2027-01,2.0745,2026,10
-23.5,-73.5,3,2027-01,2.2718,2026,10
-23.5,-72.5,3,2027-01,2.291,2026,10
-23.5,-71.5,3,2027-01,3.2054,2026,10
-23.5,-70.5,3,2027-01,3.7867,2026,10
-23.5,-69.5,3,2027-01,2.6397,2026,10
-23.5,-68.5,3,2027-01,1.9651,2026,10
-23.5,-67.5,3,2027-01,1.242,2026,10
-23.5,-66.5,3,2027-01,2.22,2026,10
-23.5,-65.5,3,2027-01,2.3133,2026,10
-23.5,-64.5,3,2027-01,0.3052,2026,10
-23.5,-63.5,3,2027-01,0.1165,2026,10
-23.5,-62.5,3,2027-01,0.042,2026,10
-23.5,-61.5,3,2027-01,-0.0005,2026,10
-23.5,-60.5,3,2027-01,0.011,2026,10
-23.5,-59.5,3,2027-01,0.1753,2026,10
-23.5,-58.5,3,2027-01,0.3694,2026,10
-23.5,-57.5,3,2027-01,0.5713,2026,10
-23.5,-56.5,3,2027-01,0.8865,2026,10
-23.5,-55.5,3,2027-01,1.0552,2026,10
-23.5,-54.5,3,2027-01,1.0742,2026,10
-23.5,-53.5,3,2027-01,1.107,2026,10
-23.5,-52.5,3,2027-01,1.179,2026,10
-23.5,-51.5,3,2027-01,1.1909,2026,10
-23.5,-50.5,3,2027-01,1.2334,2026,10
-23.5,-49.5,3,2027-01,1.3465,2026,10
-23.5,-48.5,3,2027-01,1.4956,2026,10
-23.5,-47.5,3,2027-01,1.5511,2026,10
-23.5,-46.5,3,2027-01,1.6546,2026,10
-23.5,-45.5,3,2027-01,1.6228,2026,10
-23.5,-44.5,3,2027-01,1.3609,2026,10
-23.5,-43.5,3,2027-01,1.1575,2026,10
-23.5,-42.5,3,2027-01,1.045,2026,10
-23.5,-41.5,3,2027-01,1.0274,2026,10
-23.5,-40.5,3,2027-01,1.1192,2026,10
-23.5,-39.5,3,2027-01,1.1519,2026,10
-23.5,-38.5,3,2027-01,1.1453,2026,10
-23.5,-37.5,3,2027-01,1.1155,2026,10
-23.5,-36.5,3,2027-01,1.1587,2026,10
-23.5,-35.5,3,2027-01,1.1475,2026,10
-23.5,-34.5,3,2027-01,1.117,2026,10
-23.5,-33.5,3,2027-01,1.083,2026,10
-23.5,-32.5,3,2027-01,1.0537,2026,10
-23.5,-31.5,3,2027-01,1.052,2026,10
-23.5,-30.5,3,2027-01,1.0796,2026,10
-24.5,-89.5,3,2027-01,1.0454,2026,10
-24.5,-88.5,3,2027-01,1.0916,2026,10
-24.5,-87.5,3,2027-01,1.1555,2026,10
-24.5,-86.5,3,2027-01,1.1934,2026,10
-24.5,-85.5,3,2027-01,1.2002,2026,10
-24.5,-84.5,3,2027-01,1.2017,2026,10
-24.5,-83.5,3,2027-01,1.2307,2026,10
-24.5,-82.5,3,2027-01,1.2674,2026,10
-24.5,-81.5,3,2027-01,1.3216,2026,10
-24.5,-80.5,3,2027-01,1.3904,2026,10
-24.5,-79.5,3,2027-01,1.4529,2026,10
-24.5,-78.5,3,2027-01,1.4973,2026,10
-24.5,-77.5,3,2027-01,1.5176,2026,10
-24.5,-76.5,3,2027-01,1.628,2026,10
-24.5,-75.5,3,2027-01,1.802,2026,10
-24.5,-74.5,3,2027-01,2.0154,2026,10
-24.5,-73.5,3,2027-01,2.2056,2026,10
-24.5,-72.5,3,2027-01,2.2998,2026,10
-24.5,-71.5,3,2027-01,3.2727,2026,10
-24.5,-70.5,3,2027-01,3.2649,2026,10
-24.5,-69.5,3,2027-01,2.1617,2026,10
-24.5,-68.5,3,2027-01,0.9202,2026,10
-24.5,-67.5,3,2027-01,0.7957,2026,10
-24.5,-66.5,3,2027-01,2.074,2026,10
-24.5,-65.5,3,2027-01,0.993,2026,10
-24.5,-64.5,3,2027-01,0.0137,2026,10
-24.5,-63.5,3,2027-01,-0.0041,2026,10
-24.5,-62.5,3,2027-01,-0.1687,2026,10
-24.5,-61.5,3,2027-01,-0.164,2026,10
-24.5,-60.5,3,2027-01,-0.2917,2026,10
-24.5,-59.5,3,2027-01,-0.0583,2026,10
-24.5,-58.5,3,2027-01,0.1568,2026,10
-24.5,-57.5,3,2027-01,0.3521,2026,10
-24.5,-56.5,3,2027-01,0.6287,2026,10
-24.5,-55.5,3,2027-01,0.8247,2026,10
-24.5,-54.5,3,2027-01,0.8902,2026,10
-24.5,-53.5,3,2027-01,0.9822,2026,10
-24.5,-52.5,3,2027-01,1.0337,2026,10
-24.5,-51.5,3,2027-01,1.1079,2026,10
-24.5,-50.5,3,2027-01,1.2173,2026,10
-24.5,-49.5,3,2027-01,1.3384,2026,10
-24.5,-48.5,3,2027-01,1.4507,2026,10
-24.5,-47.5,3,2027-01,1.3931,2026,10
-24.5,-46.5,3,2027-01,1.2639,2026,10
-24.5,-45.5,3,2027-01,1.2063,2026,10
-24.5,-44.5,3,2027-01,1.085,2026,10
-24.5,-43.5,3,2027-01,1.0159,2026,10
-24.5,-42.5,3,2027-01,0.991,2026,10
-24.5,-41.5,3,2027-01,1.0318,2026,10
-24.5,-40.5,3,2027-01,1.0784,2026,10
-24.5,-39.5,3,2027-01,1.0459,2026,10
-24.5,-38.5,3,2027-01,1.0408,2026,10
-24.5,-37.5,3,2027-01,1.0335,2026,10
-24.5,-36.5,3,2027-01,1.0186,2026,10
-24.5,-35.5,3,2027-01,0.9981,2026,10
-24.5,-34.5,3,2027-01,1.0203,2026,10
-24.5,-33.5,3,2027-01,1.0159,2026,10
-24.5,-32.5,3,2027-01,0.9707,2026,10
-24.5,-31.5,3,2027-01,0.9209,2026,10
-24.5,-30.5,3,2027-01,0.9031,2026,10
-25.5,-89.5,3,2027-01,0.9178,2026,10
-25.5,-88.5,3,2027-01,0.9351,2026,10
-25.5,-87.5,3,2027-01,0.9942,2026,10
-25.5,-86.5,3,2027-01,1.0594,2026,10
-25.5,-85.5,3,2027-01,1.0996,2026,10
-25.5,-84.5,3,2027-01,1.1033,2026,10
-25.5,-83.5,3,2027-01,1.1155,2026,10
-25.5,-82.5,3,2027-01,1.1394,2026,10
-25.5,-81.5,3,2027-01,1.1961,2026,10
-25.5,-80.5,3,2027-01,1.2759,2026,10
-25.5,-79.5,3,2027-01,1.3587,2026,10
-25.5,-78.5,3,2027-01,1.4087,2026,10
-25.5,-77.5,3,2027-01,1.4646,2026,10
-25.5,-76.5,3,2027-01,1.5305,2026,10
-25.5,-75.5,3,2027-01,1.6629,2026,10
-25.5,-74.5,3,2027-01,1.8333,2026,10
-25.5,-73.5,3,2027-01,2.1136,2026,10
-25.5,-72.5,3,2027-01,2.4412,2026,10
-25.5,-71.5,3,2027-01,3.3313,2026,10
-25.5,-70.5,3,2027-01,3.283,2026,10
-25.5,-69.5,3,2027-01,1.6997,2026,10
-25.5,-68.5,3,2027-01,0.4092,2026,10
-25.5,-67.5,3,2027-01,0.9568,2026,10
-25.5,-66.5,3,2027-01,1.981,2026,10
-25.5,-65.5,3,2027-01,0.3282,2026,10
-25.5,-64.5,3,2027-01,0.0506,2026,10
-25.5,-63.5,3,2027-01,-0.101,2026,10
-25.5,-62.5,3,2027-01,-0.2517,2026,10
-25.5,-61.5,3,2027-01,-0.3532,2026,10
-25.5,-60.5,3,2027-01,-0.4653,2026,10
-25.5,-59.5,3,2027-01,-0.3293,2026,10
-25.5,-58.5,3,2027-01,-0.029,2026,10
-25.5,-57.5,3,2027-01,0.2444,2026,10
-25.5,-56.5,3,2027-01,0.4429,2026,10
-25.5,-55.5,3,2027-01,0.6245,2026,10
-25.5,-54.5,3,2027-01,0.7146,2026,10
-25.5,-53.5,3,2027-01,0.8814,2026,10
-25.5,-52.5,3,2027-01,0.9673,2026,10
-25.5,-51.5,3,2027-01,1.1463,2026,10
-25.5,-50.5,3,2027-01,1.1951,2026,10
-25.5,-49.5,3,2027-01,1.2759,2026,10
-25.5,-48.5,3,2027-01,1.1892,2026,10
-25.5,-47.5,3,2027-01,1.0232,2026,10
-25.5,-46.5,3,2027-01,1.0633,2026,10
-25.5,-45.5,3,2027-01,1.0139,2026,10
-25.5,-44.5,3,2027-01,0.9243,2026,10
-25.5,-43.5,3,2027-01,0.8189,2026,10
-25.5,-42.5,3,2027-01,0.774,2026,10
-25.5,-41.5,3,2027-01,0.8628,2026,10
-25.5,-40.5,3,2027-01,0.9292,2026,10
-25.5,-39.5,3,2027-01,0.9258,2026,10
-25.5,-38.5,3,2027-01,0.9534,2026,10
-25.5,-37.5,3,2027-01,0.9129,2026,10
-25.5,-36.5,3,2027-01,0.8645,2026,10
-25.5,-35.5,3,2027-01,0.7771,2026,10
-25.5,-34.5,3,2027-01,0.7815,2026,10
-25.5,-33.5,3,2027-01,0.8594,2026,10
-25.5,-32.5,3,2027-01,0.8387,2026,10
-25.5,-31.5,3,2027-01,0.7495,2026,10
-25.5,-30.5,3,2027-01,0.7058,2026,10
-26.5,-89.5,3,2027-01,0.8089,2026,10
-26.5,-88.5,3,2027-01,0.844,2026,10
-26.5,-87.5,3,2027-01,0.8916,2026,10
-26.5,-86.5,3,2027-01,0.9558,2026,10
-26.5,-85.5,3,2027-01,0.9881,2026,10
-26.5,-84.5,3,2027-01,0.9986,2026,10
-26.5,-83.5,3,2027-01,1.0293,2026,10
-26.5,-82.5,3,2027-01,1.044,2026,10
-26.5,-81.5,3,2027-01,1.0804,2026,10
-26.5,-80.5,3,2027-01,1.1682,2026,10
-26.5,-79.5,3,2027-01,1.2327,2026,10
-26.5,-78.5,3,2027-01,1.2981,2026,10
-26.5,-77.5,3,2027-01,1.3819,2026,10
-26.5,-76.5,3,2027-01,1.48,2026,10
-26.5,-75.5,3,2027-01,1.583,2026,10
-26.5,-74.5,3,2027-01,1.7637,2026,10
-26.5,-73.5,3,2027-01,2.1931,2026,10
-26.5,-72.5,3,2027-01,2.7024,2026,10
-26.5,-71.5,3,2027-01,3.5034,2026,10
-26.5,-70.5,3,2027-01,3.2805,2026,10
-26.5,-69.5,3,2027-01,1.208,2026,10
-26.5,-68.5,3,2027-01,-1.477,2026,10
-26.5,-67.5,3,2027-01,1.5635,2026,10
-26.5,-66.5,3,2027-01,1.8291,2026,10
-26.5,-65.5,3,2027-01,0.4287,2026,10
-26.5,-64.5,3,2027-01,-0.1789,2026,10
-26.5,-63.5,3,2027-01,-0.2717,2026,10
-26.5,-62.5,3,2027-01,-0.1438,2026,10
-26.5,-61.5,3,2027-01,-0.3645,2026,10
-26.5,-60.5,3,2027-01,-0.4795,2026,10
-26.5,-59.5,3,2027-01,-0.4638,2026,10
-26.5,-58.5,3,2027-01,-0.0764,2026,10
-26.5,-57.5,3,2027-01,0.1617,2026,10
-26.5,-56.5,3,2027-01,0.3377,2026,10
-26.5,-55.5,3,2027-01,0.5078,2026,10
-26.5,-54.5,3,2027-01,0.6436,2026,10
-26.5,-53.5,3,2027-01,0.8108,2026,10
-26.5,-52.5,3,2027-01,0.9214,2026,10
-26.5,-51.5,3,2027-01,1.0596,2026,10
-26.5,-50.5,3,2027-01,1.0996,2026,10
-26.5,-49.5,3,2027-01,1.1756,2026,10
-26.5,-48.5,3,2027-01,0.8902,2026,10
-26.5,-47.5,3,2027-01,0.8909,2026,10
-26.5,-46.5,3,2027-01,0.9258,2026,10
-26.5,-45.5,3,2027-01,0.8824,2026,10
-26.5,-44.5,3,2027-01,0.7303,2026,10
-26.5,-43.5,3,2027-01,0.5655,2026,10
-26.5,-42.5,3,2027-01,0.4737,2026,10
-26.5,-41.5,3,2027-01,0.461,2026,10
-26.5,-40.5,3,2027-01,0.4666,2026,10
-26.5,-39.5,3,2027-01,0.628,2026,10
-26.5,-38.5,3,2027-01,0.8433,2026,10
-26.5,-37.5,3,2027-01,0.8282,2026,10
-26.5,-36.5,3,2027-01,0.7779,2026,10
-26.5,-35.5,3,2027-01,0.6961,2026,10
-26.5,-34.5,3,2027-01,0.6492,2026,10
-26.5,-33.5,3,2027-01,0.7368,2026,10
-26.5,-32.5,3,2027-01,0.7578,2026,10
-26.5,-31.5,3,2027-01,0.6885,2026,10
-26.5,-30.5,3,2027-01,0.6302,2026,10
-27.5,-89.5,3,2027-01,0.6909,2026,10
-27.5,-88.5,3,2027-01,0.7305,2026,10
-27.5,-87.5,3,2027-01,0.7686,2026,10
-27.5,-86.5,3,2027-01,0.8091,2026,10
-27.5,-85.5,3,2027-01,0.8401,2026,10
-27.5,-84.5,3,2027-01,0.8504,2026,10
-27.5,-83.5,3,2027-01,0.8982,2026,10
-27.5,-82.5,3,2027-01,0.9456,2026,10
-27.5,-81.5,3,2027-01,0.982,2026,10
-27.5,-80.5,3,2027-01,1.0523,2026,10
-27.5,-79.5,3,2027-01,1.135,2026,10
-27.5,-78.5,3,2027-01,1.2261,2026,10
-27.5,-77.5,3,2027-01,1.292,2026,10
-27.5,-76.5,3,2027-01,1.409,2026,10
-27.5,-75.5,3,2027-01,1.5489,2026,10
-27.5,-74.5,3,2027-01,1.7471,2026,10
-27.5,-73.5,3,2027-01,2.1263,2026,10
-27.5,-72.5,3,2027-01,2.8501,2026,10
-27.5,-71.5,3,2027-01,4.1458,2026,10
-27.5,-70.5,3,2027-01,3.1131,2026,10
-27.5,-69.5,3,2027-01,-1.0578,2026,10
-27.5,-68.5,3,2027-01,-1.7639,2026,10
-27.5,-67.5,3,2027-01,1.1507,2026,10
-27.5,-66.5,3,2027-01,0.7993,2026,10
-27.5,-65.5,3,2027-01,0.1568,2026,10
-27.5,-64.5,3,2027-01,-0.1689,2026,10
-27.5,-63.5,3,2027-01,-0.205,2026,10
-27.5,-62.5,3,2027-01,-0.1787,2026,10
-27.5,-61.5,3,2027-01,-0.1794,2026,10
-27.5,-60.5,3,2027-01,-0.3925,2026,10
-27.5,-59.5,3,2027-01,-0.3799,2026,10
-27.5,-58.5,3,2027-01,-0.091,2026,10
-27.5,-57.5,3,2027-01,0.0633,2026,10
-27.5,-56.5,3,2027-01,0.1895,2026,10
-27.5,-55.5,3,2027-01,0.3577,2026,10
-27.5,-54.5,3,2027-01,0.4585,2026,10
-27.5,-53.5,3,2027-01,0.6194,2026,10
-27.5,-52.5,3,2027-01,0.7605,2026,10
-27.5,-51.5,3,2027-01,0.8745,2026,10
-27.5,-50.5,3,2027-01,0.9043,2026,10
-27.5,-49.5,3,2027-01,0.9622,2026,10
-27.5,-48.5,3,2027-01,0.7727,2026,10
-27.5,-47.5,3,2027-01,0.783,2026,10
-27.5,-46.5,3,2027-01,0.8118,2026,10
-27.5,-45.5,3,2027-01,0.7263,2026,10
-27.5,-44.5,3,2027-01,0.6839,2026,10
-27.5,-43.5,3,2027-01,0.4505,2026,10
-27.5,-42.5,3,2027-01,0.2791,2026,10
-27.5,-41.5,3,2027-01,0.1892,2026,10
-27.5,-40.5,3,2027-01,0.1333,2026,10
-27.5,-39.5,3,2027-01,0.2705,2026,10
-27.5,-38.5,3,2027-01,0.6023,2026,10
-27.5,-37.5,3,2027-01,0.71,2026,10
-27.5,-36.5,3,2027-01,0.6963,2026,10
-27.5,-35.5,3,2027-01,0.6836,2026,10
-27.5,-34.5,3,2027-01,0.6389,2026,10
-27.5,-33.5,3,2027-01,0.646,2026,10
-27.5,-32.5,3,2027-01,0.7012,2026,10
-27.5,-31.5,3,2027-01,0.6978,2026,10
-27.5,-30.5,3,2027-01,0.6631,2026,10
-28.5,-89.5,3,2027-01,0.5225,2026,10
-28.5,-88.5,3,2027-01,0.5752,2026,10
-28.5,-87.5,3,2027-01,0.6319,2026,10
-28.5,-86.5,3,2027-01,0.666,2026,10
-28.5,-85.5,3,2027-01,0.7005,2026,10
-28.5,-84.5,3,2027-01,0.7437,2026,10
-28.5,-83.5,3,2027-01,0.7898,2026,10
-28.5,-82.5,3,2027-01,0.8335,2026,10
-28.5,-81.5,3,2027-01,0.8811,2026,10
-28.5,-80.5,3,2027-01,0.9378,2026,10
-28.5,-79.5,3,2027-01,1.0598,2026,10
-28.5,-78.5,3,2027-01,1.1648,2026,10
-28.5,-77.5,3,2027-01,1.2581,2026,10
-28.5,-76.5,3,2027-01,1.3494,2026,10
-28.5,-75.5,3,2027-01,1.4793,2026,10
-28.5,-74.5,3,2027-01,1.6853,2026,10
-28.5,-73.5,3,2027-01,2.0393,2026,10
-28.5,-72.5,3,2027-01,2.8333,2026,10
-28.5,-71.5,3,2027-01,3.9737,2026,10
-28.5,-70.5,3,2027-01,1.3855,2026,10
-28.5,-69.5,3,2027-01,-2.6362,2026,10
-28.5,-68.5,3,2027-01,0.7451,2026,10
-28.5,-67.5,3,2027-01,0.6597,2026,10
-28.5,-66.5,3,2027-01,0.3096,2026,10
-28.5,-65.5,3,2027-01,0.0391,2026,10
-28.5,-64.5,3,2027-01,-0.0368,2026,10
-28.5,-63.5,3,2027-01,-0.0857,2026,10
-28.5,-62.5,3,2027-01,-0.1237,2026,10
-28.5,-61.5,3,2027-01,-0.0769,2026,10
-28.5,-60.5,3,2027-01,-0.2744,2026,10
-28.5,-59.5,3,2027-01,-0.1919,2026,10
-28.5,-58.5,3,2027-01,-0.1198,2026,10
-28.5,-57.5,3,2027-01,-0.0691,2026,10
-28.5,-56.5,3,2027-01,0.0325,2026,10
-28.5,-55.5,3,2027-01,0.1641,2026,10
-28.5,-54.5,3,2027-01,0.3042,2026,10
-28.5,-53.5,3,2027-01,0.5076,2026,10
-28.5,-52.5,3,2027-01,0.6707,2026,10
-28.5,-51.5,3,2027-01,0.7876,2026,10
-28.5,-50.5,3,2027-01,0.9002,2026,10
-28.5,-49.5,3,2027-01,0.8875,2026,10
-28.5,-48.5,3,2027-01,0.5855,2026,10
-28.5,-47.5,3,2027-01,0.6929,2026,10
-28.5,-46.5,3,2027-01,0.6663,2026,10
-28.5,-45.5,3,2027-01,0.5916,2026,10
-28.5,-44.5,3,2027-01,0.618,2026,10
-28.5,-43.5,3,2027-01,0.4585,2026,10
-28.5,-42.5,3,2027-01,0.2654,2026,10
-28.5,-41.5,3,2027-01,0.1475,2026,10
-28.5,-40.5,3,2027-01,0.0611,2026,10
-28.5,-39.5,3,2027-01,0.117,2026,10
-28.5,-38.5,3,2027-01,0.3294,2026,10
-28.5,-37.5,3,2027-01,0.46,2026,10
-28.5,-36.5,3,2027-01,0.5337,2026,10
-28.5,-35.5,3,2027-01,0.6055,2026,10
-28.5,-34.5,3,2027-01,0.6324,2026,10
-28.5,-33.5,3,2027-01,0.5579,2026,10
-28.5,-32.5,3,2027-01,0.4981,2026,10
-28.5,-31.5,3,2027-01,0.4934,2026,10
-28.5,-30.5,3,2027-01,0.4947,2026,10
-29.5,-89.5,3,2027-01,0.397,2026,10
-29.5,-88.5,3,2027-01,0.4243,2026,10
-29.5,-87.5,3,2027-01,0.4705,2026,10
-29.5,-86.5,3,2027-01,0.5025,2026,10
-29.5,-85.5,3,2027-01,0.5447,2026,10
-29.5,-84.5,3,2027-01,0.604,2026,10
-29.5,-83.5,3,2027-01,0.666,2026,10
-29.5,-82.5,3,2027-01,0.721,2026,10
-29.5,-81.5,3,2027-01,0.7581,2026,10
-29.5,-80.5,3,2027-01,0.8242,2026,10
-29.5,-79.5,3,2027-01,0.9544,2026,10
-29.5,-78.5,3,2027-01,1.0677,2026,10
-29.5,-77.5,3,2027-01,1.1888,2026,10
-29.5,-76.5,3,2027-01,1.3172,2026,10
-29.5,-75.5,3,2027-01,1.4043,2026,10
-29.5,-74.5,3,2027-01,1.5589,2026,10
-29.5,-73.5,3,2027-01,1.9512,2026,10
-29.5,-72.5,3,2027-01,2.8855,2026,10
-29.5,-71.5,3,2027-01,3.5586,2026,10
-29.5,-70.5,3,2027-01,-0.6711,2026,10
-29.5,-69.5,3,2027-01,-1.8332,2026,10
-29.5,-68.5,3,2027-01,0.9036,2026,10
-29.5,-67.5,3,2027-01,0.5496,2026,10
-29.5,-66.5,3,2027-01,-0.1823,2026,10
-29.5,-65.5,3,2027-01,-0.2219,2026,10
-29.5,-64.5,3,2027-01,-0.0459,2026,10
-29.5,-63.5,3,2027-01,-0.0283,2026,10
-29.5,-62.5,3,2027-01,-0.0068,2026,10
-29.5,-61.5,3,2027-01,0.0391,2026,10
-29.5,-60.5,3,2027-01,-0.1382,2026,10
-29.5,-59.5,3,2027-01,-0.1384,2026,10
-29.5,-58.5,3,2027-01,-0.1533,2026,10
-29.5,-57.5,3,2027-01,-0.1316,2026,10
-29.5,-56.5,3,2027-01,-0.0791,2026,10
-29.5,-55.5,3,2027-01,0.0032,2026,10
-29.5,-54.5,3,2027-01,0.1712,2026,10
-29.5,-53.5,3,2027-01,0.3306,2026,10
-29.5,-52.5,3,2027-01,0.4595,2026,10
-29.5,-51.5,3,2027-01,0.5909,2026,10
-29.5,-50.5,3,2027-01,0.7039,2026,10
-29.5,-49.5,3,2027-01,0.4539,2026,10
-29.5,-48.5,3,2027-01,0.5213,2026,10
-29.5,-47.5,3,2027-01,0.5974,2026,10
-29.5,-46.5,3,2027-01,0.523,2026,10
-29.5,-45.5,3,2027-01,0.459,2026,10
-29.5,-44.5,3,2027-01,0.5218,2026,10
-29.5,-43.5,3,2027-01,0.5091,2026,10
-29.5,-42.5,3,2027-01,0.3316,2026,10
-29.5,-41.5,3,2027-01,0.1365,2026,10
-29.5,-40.5,3,2027-01,0.002,2026,10
-29.5,-39.5,3,2027-01,0.0039,2026,10
-29.5,-38.5,3,2027-01,0.1377,2026,10
-29.5,-37.5,3,2027-01,0.2556,2026,10
-29.5,-36.5,3,2027-01,0.3887,2026,10
-29.5,-35.5,3,2027-01,0.4878,2026,10
-29.5,-34.5,3,2027-01,0.4964,2026,10
-29.5,-33.5,3,2027-01,0.4219,2026,10
-29.5,-32.5,3,2027-01,0.3223,2026,10
-29.5,-31.5,3,2027-01,0.2913,2026,10
-29.5,-30.5,3,2027-01,0.2586,2026,10
-30.5,-89.5,3,2027-01,0.3203,2026,10
-30.5,-88.5,3,2027-01,0.3455,2026,10
-30.5,-87.5,3,2027-01,0.3594,2026,10
-30.5,-86.5,3,2027-01,0.3924,2026,10
-30.5,-85.5,3,2027-01,0.4273,2026,10
-30.5,-84.5,3,2027-01,0.489,2026,10
-30.5,-83.5,3,2027-01,0.5391,2026,10
-30.5,-82.5,3,2027-01,0.6009,2026,10
-30.5,-81.5,3,2027-01,0.6402,2026,10
-30.5,-80.5,3,2027-01,0.7307,2026,10
-30.5,-79.5,3,2027-01,0.8611,2026,10
-30.5,-78.5,3,2027-01,0.961,2026,10
-30.5,-77.5,3,2027-01,1.0847,2026,10
-30.5,-76.5,3,2027-01,1.2376,2026,10
-30.5,-75.5,3,2027-01,1.3863,2026,10
-30.5,-74.5,3,2027-01,1.5174,2026,10
-30.5,-73.5,3,2027-01,1.8347,2026,10
-30.5,-72.5,3,2027-01,2.9651,2026,10
-30.5,-71.5,3,2027-01,2.7315,2026,10
-30.5,-70.5,3,2027-01,-1.447,2026,10
-30.5,-69.5,3,2027-01,-0.717,2026,10
-30.5,-68.5,3,2027-01,0.3452,2026,10
-30.5,-67.5,3,2027-01,0.0352,2026,10
-30.5,-66.5,3,2027-01,-0.0349,2026,10
-30.5,-65.5,3,2027-01,-0.0915,2026,10
-30.5,-64.5,3,2027-01,0.0205,2026,10
-30.5,-63.5,3,2027-01,0.1302,2026,10
-30.5,-62.5,3,2027-01,0.0904,2026,10
-30.5,-61.5,3,2027-01,0.0249,2026,10
-30.5,-60.5,3,2027-01,-0.0698,2026,10
-30.5,-59.5,3,2027-01,-0.0854,2026,10
-30.5,-58.5,3,2027-01,-0.113,2026,10
-30.5,-57.5,3,2027-01,-0.0862,2026,10
-30.5,-56.5,3,2027-01,-0.0503,2026,10
-30.5,-55.5,3,2027-01,-0.0224,2026,10
-30.5,-54.5,3,2027-01,0.0,2026,10
-30.5,-53.5,3,2027-01,0.0486,2026,10
-30.5,-52.5,3,2027-01,0.1477,2026,10
-30.5,-51.5,3,2027-01,0.0796,2026,10
-30.5,-50.5,3,2027-01,0.0647,2026,10
-30.5,-49.5,3,2027-01,0.2637,2026,10
-30.5,-48.5,3,2027-01,0.4568,2026,10
-30.5,-47.5,3,2027-01,0.4248,2026,10
-30.5,-46.5,3,2027-01,0.3106,2026,10
-30.5,-45.5,3,2027-01,0.2676,2026,10
-30.5,-44.5,3,2027-01,0.3164,2026,10
-30.5,-43.5,3,2027-01,0.3357,2026,10
-30.5,-42.5,3,2027-01,0.2093,2026,10
-30.5,-41.5,3,2027-01,0.0691,2026,10
-30.5,-40.5,3,2027-01,0.0132,2026,10
-30.5,-39.5,3,2027-01,-0.0009,2026,10
-30.5,-38.5,3,2027-01,0.0054,2026,10
-30.5,-37.5,3,2027-01,0.0484,2026,10
-30.5,-36.5,3,2027-01,0.1399,2026,10
-30.5,-35.5,3,2027-01,0.2373,2026,10
-30.5,-34.5,3,2027-01,0.3033,2026,10
-30.5,-33.5,3,2027-01,0.2793,2026,10
-30.5,-32.5,3,2027-01,0.2163,2026,10
-30.5,-31.5,3,2027-01,0.1768,2026,10
-30.5,-30.5,3,2027-01,0.1138,2026,10
-31.5,-89.5,3,2027-01,0.2378,2026,10
-31.5,-88.5,3,2027-01,0.2947,2026,10
-31.5,-87.5,3,2027-01,0.3008,2026,10
-31.5,-86.5,3,2027-01,0.3228,2026,10
-31.5,-85.5,3,2027-01,0.3406,2026,10
-31.5,-84.5,3,2027-01,0.3916,2026,10
-31.5,-83.5,3,2027-01,0.4517,2026,10
-31.5,-82.5,3,2027-01,0.4973,2026,10
-31.5,-81.5,3,2027-01,0.544,2026,10
-31.5,-80.5,3,2027-01,0.6316,2026,10
-31.5,-79.5,3,2027-01,0.7361,2026,10
-31.5,-78.5,3,2027-01,0.8623,2026,10
-31.5,-77.5,3,2027-01,0.9939,2026,10
-31.5,-76.5,3,2027-01,1.1795,2026,10
-31.5,-75.5,3,2027-01,1.3299,2026,10
-31.5,-74.5,3,2027-01,1.4746,2026,10
-31.5,-73.5,3,2027-01,1.804,2026,10
-31.5,-72.5,3,2027-01,2.7427,2026,10
-31.5,-71.5,3,2027-01,2.6241,2026,10
-31.5,-70.5,3,2027-01,-2.0371,2026,10
-31.5,-69.5,3,2027-01,-0.5764,2026,10
-31.5,-68.5,3,2027-01,0.0369,2026,10
-31.5,-67.5,3,2027-01,0.0276,2026,10
-31.5,-66.5,3,2027-01,-0.1098,2026,10
-31.5,-65.5,3,2027-01,-0.0798,2026,10
-31.5,-64.5,3,2027-01,0.0078,2026,10
-31.5,-63.5,3,2027-01,0.177,2026,10
-31.5,-62.5,3,2027-01,0.1721,2026,10
-31.5,-61.5,3,2027-01,0.1231,2026,10
-31.5,-60.5,3,2027-01,0.0054,2026,10
-31.5,-59.5,3,2027-01,0.0611,2026,10
-31.5,-58.5,3,2027-01,0.0393,2026,10
-31.5,-57.5,3,2027-01,-0.0149,2026,10
-31.5,-56.5,3,2027-01,-0.01,2026,10
-31.5,-55.5,3,2027-01,0.0008,2026,10
-31.5,-54.5,3,2027-01,0.0066,2026,10
-31.5,-53.5,3,2027-01,0.0252,2026,10
-31.5,-52.5,3,2027-01,0.0215,2026,10
-31.5,-51.5,3,2027-01,-0.2688,2026,10
-31.5,-50.5,3,2027-01,-0.154,2026,10
-31.5,-49.5,3,2027-01,0.2669,2026,10
-31.5,-48.5,3,2027-01,0.3011,2026,10
-31.5,-47.5,3,2027-01,0.2242,2026,10
-31.5,-46.5,3,2027-01,0.1968,2026,10
-31.5,-45.5,3,2027-01,0.1402,2026,10
-31.5,-44.5,3,2027-01,0.1033,2026,10
-31.5,-43.5,3,2027-01,0.1592,2026,10
-31.5,-42.5,3,2027-01,0.1394,2026,10
-31.5,-41.5,3,2027-01,0.0774,2026,10
-31.5,-40.5,3,2027-01,0.0513,2026,10
-31.5,-39.5,3,2027-01,0.0349,2026,10
-31.5,-38.5,3,2027-01,-0.0549,2026,10
-31.5,-37.5,3,2027-01,-0.1504,2026,10
-31.5,-36.5,3,2027-01,-0.157,2026,10
-31.5,-35.5,3,2027-01,-0.0754,2026,10
-31.5,-34.5,3,2027-01,0.1011,2026,10
-31.5,-33.5,3,2027-01,0.1983,2026,10
-31.5,-32.5,3,2027-01,0.1756,2026,10
-31.5,-31.5,3,2027-01,0.1263,2026,10
-31.5,-30.5,3,2027-01,0.0484,2026,10
-32.5,-89.5,3,2027-01,0.1851,2026,10
-32.5,-88.5,3,2027-01,0.2679,2026,10
-32.5,-87.5,3,2027-01,0.2671,2026,10
-32.5,-86.5,3,2027-01,0.2781,2026,10
-32.5,-85.5,3,2027-01,0.2847,2026,10
-32.5,-84.5,3,2027-01,0.3391,2026,10
-32.5,-83.5,3,2027-01,0.3733,2026,10
-32.5,-82.5,3,2027-01,0.417,2026,10
-32.5,-81.5,3,2027-01,0.4873,2026,10
-32.5,-80.5,3,2027-01,0.5496,2026,10
-32.5,-79.5,3,2027-01,0.6126,2026,10
-32.5,-78.5,3,2027-01,0.7356,2026,10
-32.5,-77.5,3,2027-01,0.9112,2026,10
-32.5,-76.5,3,2027-01,1.0887,2026,10
-32.5,-75.5,3,2027-01,1.2632,2026,10
-32.5,-74.5,3,2027-01,1.4993,2026,10
-32.5,-73.5,3,2027-01,1.845,2026,10
-32.5,-72.5,3,2027-01,2.6663,2026,10
-32.5,-71.5,3,2027-01,2.6426,2026,10
-32.5,-70.5,3,2027-01,-1.7402,2026,10
-32.5,-69.5,3,2027-01,-1.831,2026,10
-32.5,-68.5,3,2027-01,-0.0984,2026,10
-32.5,-67.5,3,2027-01,-0.2331,2026,10
-32.5,-66.5,3,2027-01,-0.3781,2026,10
-32.5,-65.5,3,2027-01,-0.3252,2026,10
-32.5,-64.5,3,2027-01,-0.1809,2026,10
-32.5,-63.5,3,2027-01,-0.0818,2026,10
-32.5,-62.5,3,2027-01,-0.0134,2026,10
-32.5,-61.5,3,2027-01,0.0613,2026,10
-32.5,-60.5,3,2027-01,0.1062,2026,10
-32.5,-59.5,3,2027-01,0.1946,2026,10
-32.5,-58.5,3,2027-01,0.2198,2026,10
-32.5,-57.5,3,2027-01,0.166,2026,10
-32.5,-56.5,3,2027-01,0.0669,2026,10
-32.5,-55.5,3,2027-01,0.0628,2026,10
-32.5,-54.5,3,2027-01,0.0484,2026,10
-32.5,-53.5,3,2027-01,-0.0361,2026,10
-32.5,-52.5,3,2027-01,-0.0859,2026,10
-32.5,-51.5,3,2027-01,-0.2617,2026,10
-32.5,-50.5,3,2027-01,-0.165,2026,10
-32.5,-49.5,3,2027-01,0.2085,2026,10
-32.5,-48.5,3,2027-01,0.1634,2026,10
-32.5,-47.5,3,2027-01,0.0999,2026,10
-32.5,-46.5,3,2027-01,0.0606,2026,10
-32.5,-45.5,3,2027-01,-0.0234,2026,10
-32.5,-44.5,3,2027-01,-0.0119,2026,10
-32.5,-43.5,3,2027-01,0.0603,2026,10
-32.5,-42.5,3,2027-01,0.0367,2026,10
-32.5,-41.5,3,2027-01,-0.0073,2026,10
-32.5,-40.5,3,2027-01,0.032,2026,10
-32.5,-39.5,3,2027-01,0.1067,2026,10
-32.5,-38.5,3,2027-01,0.0813,2026,10
-32.5,-37.5,3,2027-01,-0.0112,2026,10
-32.5,-36.5,3,2027-01,-0.0661,2026,10
-32.5,-35.5,3,2027-01,-0.0774,2026,10
-32.5,-34.5,3,2027-01,0.0442,2026,10
-32.5,-33.5,3,2027-01,0.1678,2026,10
-32.5,-32.5,3,2027-01,0.1148,2026,10
-32.5,-31.5,3,2027-01,0.106,2026,10
-32.5,-30.5,3,2027-01,0.0686,2026,10
-33.5,-89.5,3,2027-01,0.1582,2026,10
-33.5,-88.5,3,2027-01,0.2644,2026,10
-33.5,-87.5,3,2027-01,0.2654,2026,10
-33.5,-86.5,3,2027-01,0.2569,2026,10
-33.5,-85.5,3,2027-01,0.2498,2026,10
-33.5,-84.5,3,2027-01,0.304,2026,10
-33.5,-83.5,3,2027-01,0.2959,2026,10
-33.5,-82.5,3,2027-01,0.3618,2026,10
-33.5,-81.5,3,2027-01,0.4654,2026,10
-33.5,-80.5,3,2027-01,0.5056,2026,10
-33.5,-79.5,3,2027-01,0.5418,2026,10
-33.5,-78.5,3,2027-01,0.6443,2026,10
-33.5,-77.5,3,2027-01,0.823,2026,10
-33.5,-76.5,3,2027-01,1.0481,2026,10
-33.5,-75.5,3,2027-01,1.2815,2026,10
-33.5,-74.5,3,2027-01,1.5056,2026,10
-33.5,-73.5,3,2027-01,1.8555,2026,10
-33.5,-72.5,3,2027-01,2.8076,2026,10
-33.5,-71.5,3,2027-01,1.3164,2026,10
-33.5,-70.5,3,2027-01,-1.1523,2026,10
-33.5,-69.5,3,2027-01,-1.6758,2026,10
-33.5,-68.5,3,2027-01,-0.1733,2026,10
-33.5,-67.5,3,2027-01,-0.6862,2026,10
-33.5,-66.5,3,2027-01,-0.7058,2026,10
-33.5,-65.5,3,2027-01,-0.6225,2026,10
-33.5,-64.5,3,2027-01,-0.3886,2026,10
-33.5,-63.5,3,2027-01,-0.2815,2026,10
-33.5,-62.5,3,2027-01,-0.2138,2026,10
-33.5,-61.5,3,2027-01,-0.102,2026,10
-33.5,-60.5,3,2027-01,0.0396,2026,10
-33.5,-59.5,3,2027-01,0.1375,2026,10
-33.5,-58.5,3,2027-01,0.1563,2026,10
-33.5,-57.5,3,2027-01,0.188,2026,10
-33.5,-56.5,3,2027-01,0.1006,2026,10
-33.5,-55.5,3,2027-01,0.0315,2026,10
-33.5,-54.5,3,2027-01,0.0474,2026,10
-33.5,-53.5,3,2027-01,-0.0276,2026,10
-33.5,-52.5,3,2027-01,-0.0945,2026,10
-33.5,-51.5,3,2027-01,-0.3432,2026,10
-33.5,-50.5,3,2027-01,-0.1506,2026,10
-33.5,-49.5,3,2027-01,0.1712,2026,10
-33.5,-48.5,3,2027-01,0.0662,2026,10
-33.5,-47.5,3,2027-01,-0.0251,2026,10
-33.5,-46.5,3,2027-01,-0.0776,2026,10
-33.5,-45.5,3,2027-01,-0.0859,2026,10
-33.5,-44.5,3,2027-01,-0.0427,2026,10
-33.5,-43.5,3,2027-01,0.0025,2026,10
-33.5,-42.5,3,2027-01,0.0003,2026,10
-33.5,-41.5,3,2027-01,-0.019,2026,10
-33.5,-40.5,3,2027-01,-0.0161,2026,10
-33.5,-39.5,3,2027-01,0.0542,2026,10
-33.5,-38.5,3,2027-01,0.1201,2026,10
-33.5,-37.5,3,2027-01,0.034,2026,10
-33.5,-36.5,3,2027-01,-0.0119,2026,10
-33.5,-35.5,3,2027-01,-0.0288,2026,10
-33.5,-34.5,3,2027-01,0.0313,2026,10
-33.5,-33.5,3,2027-01,0.1414,2026,10
-33.5,-32.5,3,2027-01,0.1321,2026,10
-33.5,-31.5,3,2027-01,0.0784,2026,10
-33.5,-30.5,3,2027-01,0.0284,2026,10
-34.5,-89.5,3,2027-01,0.1875,2026,10
-34.5,-88.5,3,2027-01,0.2444,2026,10
-34.5,-87.5,3,2027-01,0.243,2026,10
-34.5,-86.5,3,2027-01,0.1931,2026,10
-34.5,-85.5,3,2027-01,0.2303,2026,10
-34.5,-84.5,3,2027-01,0.2886,2026,10
-34.5,-83.5,3,2027-01,0.2915,2026,10
-34.5,-82.5,3,2027-01,0.3379,2026,10
-34.5,-81.5,3,2027-01,0.4014,2026,10
-34.5,-80.5,3,2027-01,0.4854,2026,10
-34.5,-79.5,3,2027-01,0.5096,2026,10
-34.5,-78.5,3,2027-01,0.5774,2026,10
-34.5,-77.5,3,2027-01,0.782,2026,10
-34.5,-76.5,3,2027-01,0.9783,2026,10
-34.5,-75.5,3,2027-01,1.2652,2026,10
-34.5,-74.5,3,2027-01,1.5398,2026,10
-34.5,-73.5,3,2027-01,1.8294,2026,10
-34.5,-72.5,3,2027-01,2.5918,2026,10
-34.5,-71.5,3,2027-01,0.545,2026,10
-34.5,-70.5,3,2027-01,-2.1865,2026,10
-34.5,-69.5,3,2027-01,-1.6924,2026,10
-34.5,-68.5,3,2027-01,-0.7348,2026,10
-34.5,-67.5,3,2027-01,-1.0578,2026,10
-34.5,-66.5,3,2027-01,-1.0522,2026,10
-34.5,-65.5,3,2027-01,-0.8611,2026,10
-34.5,-64.5,3,2027-01,-0.5217,2026,10
-34.5,-63.5,3,2027-01,-0.458,2026,10
-34.5,-62.5,3,2027-01,-0.4365,2026,10
-34.5,-61.5,3,2027-01,-0.2824,2026,10
-34.5,-60.5,3,2027-01,-0.1364,2026,10
-34.5,-59.5,3,2027-01,0.0284,2026,10
-34.5,-58.5,3,2027-01,0.0662,2026,10
-34.5,-57.5,3,2027-01,0.0877,2026,10
-34.5,-56.5,3,2027-01,0.0276,2026,10
-34.5,-55.5,3,2027-01,-0.0029,2026,10
-34.5,-54.5,3,2027-01,-0.0046,2026,10
-34.5,-53.5,3,2027-01,-0.0053,2026,10
-34.5,-52.5,3,2027-01,-0.0681,2026,10
-34.5,-51.5,3,2027-01,-0.3176,2026,10
-34.5,-50.5,3,2027-01,0.1265,2026,10
-34.5,-49.5,3,2027-01,0.1219,2026,10
-34.5,-48.5,3,2027-01,0.0147,2026,10
-34.5,-47.5,3,2027-01,-0.0459,2026,10
-34.5,-46.5,3,2027-01,-0.0219,2026,10
-34.5,-45.5,3,2027-01,0.0037,2026,10
-34.5,-44.5,3,2027-01,-0.0324,2026,10
-34.5,-43.5,3,2027-01,-0.0405,2026,10
-34.5,-42.5,3,2027-01,-0.0583,2026,10
-34.5,-41.5,3,2027-01,-0.0713,2026,10
-34.5,-40.5,3,2027-01,-0.0478,2026,10
-34.5,-39.5,3,2027-01,0.0603,2026,10
-34.5,-38.5,3,2027-01,0.1128,2026,10
-34.5,-37.5,3,2027-01,0.0237,2026,10
-34.5,-36.5,3,2027-01,-0.0017,2026,10
-34.5,-35.5,3,2027-01,-0.0354,2026,10
-34.5,-34.5,3,2027-01,-0.0564,2026,10
-34.5,-33.5,3,2027-01,-0.0134,2026,10
-34.5,-32.5,3,2027-01,-0.0268,2026,10
-34.5,-31.5,3,2027-01,-0.0207,2026,10
-34.5,-30.5,3,2027-01,-0.0542,2026,10
-35.5,-89.5,3,2027-01,0.253,2026,10
-35.5,-88.5,3,2027-01,0.2942,2026,10
-35.5,-87.5,3,2027-01,0.2993,2026,10
-35.5,-86.5,3,2027-01,0.2566,2026,10
-35.5,-85.5,3,2027-01,0.2632,2026,10
-35.5,-84.5,3,2027-01,0.3067,2026,10
-35.5,-83.5,3,2027-01,0.3037,2026,10
-35.5,-82.5,3,2027-01,0.345,2026,10
-35.5,-81.5,3,2027-01,0.3897,2026,10
-35.5,-80.5,3,2027-01,0.4187,2026,10
-35.5,-79.5,3,2027-01,0.4763,2026,10
-35.5,-78.5,3,2027-01,0.5852,2026,10
-35.5,-77.5,3,2027-01,0.7415,2026,10
-35.5,-76.5,3,2027-01,0.968,2026,10
-35.5,-75.5,3,2027-01,1.2361,2026,10
-35.5,-74.5,3,2027-01,1.4912,2026,10
-35.5,-73.5,3,2027-01,2.0342,2026,10
-35.5,-72.5,3,2027-01,1.5877,2026,10
-35.5,-71.5,3,2027-01,-0.2268,2026,10
-35.5,-70.5,3,2027-01,-2.1318,2026,10
-35.5,-69.5,3,2027-01,-1.0171,2026,10
-35.5,-68.5,3,2027-01,-1.0285,2026,10
-35.5,-67.5,3,2027-01,-1.3105,2026,10
-35.5,-66.5,3,2027-01,-1.3166,2026,10
-35.5,-65.5,3,2027-01,-1.0217,2026,10
-35.5,-64.5,3,2027-01,-0.6836,2026,10
-35.5,-63.5,3,2027-01,-0.6067,2026,10
-35.5,-62.5,3,2027-01,-0.6042,2026,10
-35.5,-61.5,3,2027-01,-0.5683,2026,10
-35.5,-60.5,3,2027-01,-0.4267,2026,10
-35.5,-59.5,3,2027-01,-0.2983,2026,10
-35.5,-58.5,3,2027-01,-0.1425,2026,10
-35.5,-57.5,3,2027-01,-0.0139,2026,10
-35.5,-56.5,3,2027-01,0.0298,2026,10
-35.5,-55.5,3,2027-01,-0.0317,2026,10
-35.5,-54.5,3,2027-01,0.0005,2026,10
-35.5,-53.5,3,2027-01,0.0918,2026,10
-35.5,-52.5,3,2027-01,-0.0632,2026,10
-35.5,-51.5,3,2027-01,0.127,2026,10
-35.5,-50.5,3,2027-01,0.2552,2026,10
-35.5,-49.5,3,2027-01,0.0982,2026,10
-35.5,-48.5,3,2027-01,0.1343,2026,10
-35.5,-47.5,3,2027-01,0.1502,2026,10
-35.5,-46.5,3,2027-01,0.1385,2026,10
-35.5,-45.5,3,2027-01,0.1182,2026,10
-35.5,-44.5,3,2027-01,0.0916,2026,10
-35.5,-43.5,3,2027-01,0.0772,2026,10
-35.5,-42.5,3,2027-01,0.024,2026,10
-35.5,-41.5,3,2027-01,-0.0407,2026,10
-35.5,-40.5,3,2027-01,-0.0695,2026,10
-35.5,-39.5,3,2027-01,-0.01,2026,10
-35.5,-38.5,3,2027-01,0.0174,2026,10
-35.5,-37.5,3,2027-01,0.0171,2026,10
-35.5,-36.5,3,2027-01,0.0349,2026,10
-35.5,-35.5,3,2027-01,0.0181,2026,10
-35.5,-34.5,3,2027-01,-0.0302,2026,10
-35.5,-33.5,3,2027-01,-0.0344,2026,10
-35.5,-32.5,3,2027-01,-0.0825,2026,10
-35.5,-31.5,3,2027-01,-0.0847,2026,10
-35.5,-30.5,3,2027-01,-0.0588,2026,10
-36.5,-89.5,3,2027-01,0.3665,2026,10
-36.5,-88.5,3,2027-01,0.3889,2026,10
-36.5,-87.5,3,2027-01,0.3719,2026,10
-36.5,-86.5,3,2027-01,0.3448,2026,10
-36.5,-85.5,3,2027-01,0.3242,2026,10
-36.5,-84.5,3,2027-01,0.3433,2026,10
-36.5,-83.5,3,2027-01,0.3479,2026,10
-36.5,-82.5,3,2027-01,0.397,2026,10
-36.5,-81.5,3,2027-01,0.4068,2026,10
-36.5,-80.5,3,2027-01,0.4158,2026,10
-36.5,-79.5,3,2027-01,0.4539,2026,10
-36.5,-78.5,3,2027-01,0.5357,2026,10
-36.5,-77.5,3,2027-01,0.6795,2026,10
-36.5,-76.5,3,2027-01,0.8719,2026,10
-36.5,-75.5,3,2027-01,1.1231,2026,10
-36.5,-74.5,3,2027-01,1.409,2026,10
-36.5,-73.5,3,2027-01,1.7827,2026,10
-36.5,-72.5,3,2027-01,0.5159,2026,10
-36.5,-71.5,3,2027-01,-0.509,2026,10
-36.5,-70.5,3,2027-01,-1.33,2026,10
-36.5,-69.5,3,2027-01,-0.9409,2026,10
-36.5,-68.5,3,2027-01,-1.2614,2026,10
-36.5,-67.5,3,2027-01,-1.5107,2026,10
-36.5,-66.5,3,2027-01,-1.467,2026,10
-36.5,-65.5,3,2027-01,-1.134,2026,10
-36.5,-64.5,3,2027-01,-0.9382,2026,10
-36.5,-63.5,3,2027-01,-0.8593,2026,10
-36.5,-62.5,3,2027-01,-0.7187,2026,10
-36.5,-61.5,3,2027-01,-0.6836,2026,10
-36.5,-60.5,3,2027-01,-0.5532,2026,10
-36.5,-59.5,3,2027-01,-0.4135,2026,10
-36.5,-58.5,3,2027-01,-0.3012,2026,10
-36.5,-57.5,3,2027-01,-0.1672,2026,10
-36.5,-56.5,3,2027-01,0.002,2026,10
-36.5,-55.5,3,2027-01,0.0935,2026,10
-36.5,-54.5,3,2027-01,0.1612,2026,10
-36.5,-53.5,3,2027-01,-0.0466,2026,10
-36.5,-52.5,3,2027-01,-0.0522,2026,10
-36.5,-51.5,3,2027-01,0.3181,2026,10
-36.5,-50.5,3,2027-01,0.1975,2026,10
-36.5,-49.5,3,2027-01,0.0979,2026,10
-36.5,-48.5,3,2027-01,0.093,2026,10
-36.5,-47.5,3,2027-01,0.1712,2026,10
-36.5,-46.5,3,2027-01,0.1758,2026,10
-36.5,-45.5,3,2027-01,0.1079,2026,10
-36.5,-44.5,3,2027-01,0.0901,2026,10
-36.5,-43.5,3,2027-01,0.0103,2026,10
-36.5,-42.5,3,2027-01,-0.0656,2026,10
-36.5,-41.5,3,2027-01,-0.0632,2026,10
-36.5,-40.5,3,2027-01,-0.0876,2026,10
-36.5,-39.5,3,2027-01,-0.1013,2026,10
-36.5,-38.5,3,2027-01,-0.0947,2026,10
-36.5,-37.5,3,2027-01,-0.0647,2026,10
-36.5,-36.5,3,2027-01,-0.0219,2026,10
-36.5,-35.5,3,2027-01,0.0857,2026,10
-36.5,-34.5,3,2027-01,0.0896,2026,10
-36.5,-33.5,3,2027-01,0.0117,2026,10
-36.5,-32.5,3,2027-01,-0.0808,2026,10
-36.5,-31.5,3,2027-01,-0.06,2026,10
-36.5,-30.5,3,2027-01,-0.0315,2026,10
-37.5,-89.5,3,2027-01,0.5115,2026,10
-37.5,-88.5,3,2027-01,0.5188,2026,10
-37.5,-87.5,3,2027-01,0.4793,2026,10
-37.5,-86.5,3,2027-01,0.427,2026,10
-37.5,-85.5,3,2027-01,0.3726,2026,10
-37.5,-84.5,3,2027-01,0.4129,2026,10
-37.5,-83.5,3,2027-01,0.4326,2026,10
-37.5,-82.5,3,2027-01,0.4492,2026,10
-37.5,-81.5,3,2027-01,0.491,2026,10
-37.5,-80.5,3,2027-01,0.4732,2026,10
-37.5,-79.5,3,2027-01,0.4812,2026,10
-37.5,-78.5,3,2027-01,0.563,2026,10
-37.5,-77.5,3,2027-01,0.677,2026,10
-37.5,-76.5,3,2027-01,0.833,2026,10
-37.5,-75.5,3,2027-01,1.0594,2026,10
-37.5,-74.5,3,2027-01,1.3101,2026,10
-37.5,-73.5,3,2027-01,1.0511,2026,10
-37.5,-72.5,3,2027-01,0.1236,2026,10
-37.5,-71.5,3,2027-01,-0.2197,2026,10
-37.5,-70.5,3,2027-01,-0.6198,2026,10
-37.5,-69.5,3,2027-01,-0.9541,2026,10
-37.5,-68.5,3,2027-01,-1.3191,2026,10
-37.5,-67.5,3,2027-01,-1.4861,2026,10
-37.5,-66.5,3,2027-01,-1.3654,2026,10
-37.5,-65.5,3,2027-01,-1.2922,2026,10
-37.5,-64.5,3,2027-01,-1.3227,2026,10
-37.5,-63.5,3,2027-01,-1.1601,2026,10
-37.5,-62.5,3,2027-01,-0.7873,2026,10
-37.5,-61.5,3,2027-01,-0.6574,2026,10
-37.5,-60.5,3,2027-01,-0.5295,2026,10
-37.5,-59.5,3,2027-01,-0.3459,2026,10
-37.5,-58.5,3,2027-01,-0.2094,2026,10
-37.5,-57.5,3,2027-01,-0.0798,2026,10
-37.5,-56.5,3,2027-01,0.1367,2026,10
-37.5,-55.5,3,2027-01,0.2019,2026,10
-37.5,-54.5,3,2027-01,0.1941,2026,10
-37.5,-53.5,3,2027-01,-0.1096,2026,10
-37.5,-52.5,3,2027-01,0.2957,2026,10
-37.5,-51.5,3,2027-01,0.4185,2026,10
-37.5,-50.5,3,2027-01,0.3394,2026,10
-37.5,-49.5,3,2027-01,0.2246,2026,10
-37.5,-48.5,3,2027-01,0.1546,2026,10
-37.5,-47.5,3,2027-01,0.1721,2026,10
-37.5,-46.5,3,2027-01,0.1978,2026,10
-37.5,-45.5,3,2027-01,0.2559,2026,10
-37.5,-44.5,3,2027-01,0.2156,2026,10
-37.5,-43.5,3,2027-01,0.0838,2026,10
-37.5,-42.5,3,2027-01,-0.0114,2026,10
-37.5,-41.5,3,2027-01,-0.0366,2026,10
-37.5,-40.5,3,2027-01,-0.0268,2026,10
-37.5,-39.5,3,2027-01,-0.082,2026,10
-37.5,-38.5,3,2027-01,-0.154,2026,10
-37.5,-37.5,3,2027-01,-0.1902,2026,10
-37.5,-36.5,3,2027-01,-0.2285,2026,10
-37.5,-35.5,3,2027-01,-0.0649,2026,10
-37.5,-34.5,3,2027-01,0.0943,2026,10
-37.5,-33.5,3,2027-01,0.0484,2026,10
-37.5,-32.5,3,2027-01,-0.072,2026,10
-37.5,-31.5,3,2027-01,-0.0627,2026,10
-37.5,-30.5,3,2027-01,-0.0464,2026,10
-38.5,-89.5,3,2027-01,0.5274,2026,10
-38.5,-88.5,3,2027-01,0.5354,2026,10
-38.5,-87.5,3,2027-01,0.5318,2026,10
-38.5,-86.5,3,2027-01,0.4842,2026,10
-38.5,-85.5,3,2027-01,0.4605,2026,10
-38.5,-84.5,3,2027-01,0.4893,2026,10
-38.5,-83.5,3,2027-01,0.4612,2026,10
-38.5,-82.5,3,2027-01,0.5142,2026,10
-38.5,-81.5,3,2027-01,0.5774,2026,10
-38.5,-80.5,3,2027-01,0.5681,2026,10
-38.5,-79.5,3,2027-01,0.5567,2026,10
-38.5,-78.5,3,2027-01,0.6001,2026,10
-38.5,-77.5,3,2027-01,0.6873,2026,10
-38.5,-76.5,3,2027-01,0.8304,2026,10
-38.5,-75.5,3,2027-01,1.0718,2026,10
-38.5,-74.5,3,2027-01,1.2657,2026,10
-38.5,-73.5,3,2027-01,1.1624,2026,10
-38.5,-72.5,3,2027-01,0.5137,2026,10
-38.5,-71.5,3,2027-01,0.0977,2026,10
-38.5,-70.5,3,2027-01,-0.4174,2026,10
-38.5,-69.5,3,2027-01,-0.7778,2026,10
-38.5,-68.5,3,2027-01,-0.927,2026,10
-38.5,-67.5,3,2027-01,-1.1184,2026,10
-38.5,-66.5,3,2027-01,-1.164,2026,10
-38.5,-65.5,3,2027-01,-1.2739,2026,10
-38.5,-64.5,3,2027-01,-1.4389,2026,10
-38.5,-63.5,3,2027-01,-1.3581,2026,10
-38.5,-62.5,3,2027-01,-0.966,2026,10
-38.5,-61.5,3,2027-01,-0.6699,2026,10
-38.5,-60.5,3,2027-01,-0.489,2026,10
-38.5,-59.5,3,2027-01,-0.2419,2026,10
-38.5,-58.5,3,2027-01,-0.0288,2026,10
-38.5,-57.5,3,2027-01,0.1602,2026,10
-38.5,-56.5,3,2027-01,0.2325,2026,10
-38.5,-55.5,3,2027-01,0.333,2026,10
-38.5,-54.5,3,2027-01,0.2859,2026,10
-38.5,-53.5,3,2027-01,0.1861,2026,10
-38.5,-52.5,3,2027-01,0.4268,2026,10
-38.5,-51.5,3,2027-01,0.5799,2026,10
-38.5,-50.5,3,2027-01,0.6311,2026,10
-38.5,-49.5,3,2027-01,0.4278,2026,10
-38.5,-48.5,3,2027-01,0.2246,2026,10
-38.5,-47.5,3,2027-01,0.2867,2026,10
-38.5,-46.5,3,2027-01,0.3125,2026,10
-38.5,-45.5,3,2027-01,0.4046,2026,10
-38.5,-44.5,3,2027-01,0.4224,2026,10
-38.5,-43.5,3,2027-01,0.3311,2026,10
-38.5,-42.5,3,2027-01,0.24,2026,10
-38.5,-41.5,3,2027-01,0.1106,2026,10
-38.5,-40.5,3,2027-01,0.0847,2026,10
-38.5,-39.5,3,2027-01,0.0542,2026,10
-38.5,-38.5,3,2027-01,-0.0476,2026,10
-38.5,-37.5,3,2027-01,-0.1394,2026,10
-38.5,-36.5,3,2027-01,-0.1833,2026,10
-38.5,-35.5,3,2027-01,-0.0459,2026,10
-38.5,-34.5,3,2027-01,0.0506,2026,10
-38.5,-33.5,3,2027-01,-0.007,2026,10
-38.5,-32.5,3,2027-01,-0.0918,2026,10
-38.5,-31.5,3,2027-01,-0.0908,2026,10
-38.5,-30.5,3,2027-01,-0.112,2026,10
-39.5,-89.5,3,2027-01,0.6348,2026,10
-39.5,-88.5,3,2027-01,0.6448,2026,10
-39.5,-87.5,3,2027-01,0.6184,2026,10
-39.5,-86.5,3,2027-01,0.5523,2026,10
-39.5,-85.5,3,2027-01,0.5545,2026,10
-39.5,-84.5,3,2027-01,0.5735,2026,10
-39.5,-83.5,3,2027-01,0.5393,2026,10
-39.5,-82.5,3,2027-01,0.5635,2026,10
-39.5,-81.5,3,2027-01,0.6299,2026,10
-39.5,-80.5,3,2027-01,0.6033,2026,10
-39.5,-79.5,3,2027-01,0.6138,2026,10
-39.5,-78.5,3,2027-01,0.6382,2026,10
-39.5,-77.5,3,2027-01,0.6797,2026,10
-39.5,-76.5,3,2027-01,0.823,2026,10
-39.5,-75.5,3,2027-01,1.034,2026,10
-39.5,-74.5,3,2027-01,1.3225,2026,10
-39.5,-73.5,3,2027-01,1.2818,2026,10
-39.5,-72.5,3,2027-01,0.7014,2026,10
-39.5,-71.5,3,2027-01,0.3609,2026,10
-39.5,-70.5,3,2027-01,-0.1113,2026,10
-39.5,-69.5,3,2027-01,-0.3652,2026,10
-39.5,-68.5,3,2027-01,-0.5207,2026,10
-39.5,-67.5,3,2027-01,-0.8088,2026,10
-39.5,-66.5,3,2027-01,-0.9353,2026,10
-39.5,-65.5,3,2027-01,-1.049,2026,10
-39.5,-64.5,3,2027-01,-0.9301,2026,10
-39.5,-63.5,3,2027-01,-1.1003,2026,10
-39.5,-62.5,3,2027-01,-0.7514,2026,10
-39.5,-61.5,3,2027-01,-0.0505,2026,10
-39.5,-60.5,3,2027-01,0.0493,2026,10
-39.5,-59.5,3,2027-01,0.1726,2026,10
-39.5,-58.5,3,2027-01,0.2166,2026,10
-39.5,-57.5,3,2027-01,0.2317,2026,10
-39.5,-56.5,3,2027-01,0.2757,2026,10
-39.5,-55.5,3,2027-01,0.4314,2026,10
-39.5,-54.5,3,2027-01,0.364,2026,10
-39.5,-53.5,3,2027-01,0.3753,2026,10
-39.5,-52.5,3,2027-01,0.4554,2026,10
-39.5,-51.5,3,2027-01,0.6211,2026,10
-39.5,-50.5,3,2027-01,0.6651,2026,10
-39.5,-49.5,3,2027-01,0.4514,2026,10
-39.5,-48.5,3,2027-01,0.1856,2026,10
-39.5,-47.5,3,2027-01,0.333,2026,10
-39.5,-46.5,3,2027-01,0.4439,2026,10
-39.5,-45.5,3,2027-01,0.4573,2026,10
-39.5,-44.5,3,2027-01,0.4117,2026,10
-39.5,-43.5,3,2027-01,0.406,2026,10
-39.5,-42.5,3,2027-01,0.354,2026,10
-39.5,-41.5,3,2027-01,0.2095,2026,10
-39.5,-40.5,3,2027-01,0.1714,2026,10
-39.5,-39.5,3,2027-01,0.1631,2026,10
-39.5,-38.5,3,2027-01,0.1245,2026,10
-39.5,-37.5,3,2027-01,0.0786,2026,10
-39.5,-36.5,3,2027-01,0.0164,2026,10
-39.5,-35.5,3,2027-01,0.0662,2026,10
-39.5,-34.5,3,2027-01,0.1167,2026,10
-39.5,-33.5,3,2027-01,0.085,2026,10
-39.5,-32.5,3,2027-01,0.0655,2026,10
-39.5,-31.5,3,2027-01,0.0572,2026,10
-39.5,-30.5,3,2027-01,-0.0864,2026,10
-40.5,-89.5,3,2027-01,0.8267,2026,10
-40.5,-88.5,3,2027-01,0.7354,2026,10
-40.5,-87.5,3,2027-01,0.7058,2026,10
-40.5,-86.5,3,2027-01,0.6919,2026,10
-40.5,-85.5,3,2027-01,0.6541,2026,10
-40.5,-84.5,3,2027-01,0.6465,2026,10
-40.5,-83.5,3,2027-01,0.6502,2026,10
-40.5,-82.5,3,2027-01,0.6712,2026,10
-40.5,-81.5,3,2027-01,0.6812,2026,10
-40.5,-80.5,3,2027-01,0.6773,2026,10
-40.5,-79.5,3,2027-01,0.6956,2026,10
-40.5,-78.5,3,2027-01,0.6866,2026,10
-40.5,-77.5,3,2027-01,0.774,2026,10
-40.5,-76.5,3,2027-01,0.8987,2026,10
-40.5,-75.5,3,2027-01,1.0498,2026,10
-40.5,-74.5,3,2027-01,1.2495,2026,10
-40.5,-73.5,3,2027-01,1.0711,2026,10
-40.5,-72.5,3,2027-01,0.8333,2026,10
-40.5,-71.5,3,2027-01,0.4776,2026,10
-40.5,-70.5,3,2027-01,0.1524,2026,10
-40.5,-69.5,3,2027-01,-0.0691,2026,10
-40.5,-68.5,3,2027-01,-0.3291,2026,10
-40.5,-67.5,3,2027-01,-0.5935,2026,10
-40.5,-66.5,3,2027-01,-0.8681,2026,10
-40.5,-65.5,3,2027-01,-0.9165,2026,10
-40.5,-64.5,3,2027-01,-0.6662,2026,10
-40.5,-63.5,3,2027-01,-0.7104,2026,10
-40.5,-62.5,3,2027-01,-0.2702,2026,10
-40.5,-61.5,3,2027-01,0.1499,2026,10
-40.5,-60.5,3,2027-01,0.2068,2026,10
-40.5,-59.5,3,2027-01,0.242,2026,10
-40.5,-58.5,3,2027-01,0.2552,2026,10
-40.5,-57.5,3,2027-01,0.3113,2026,10
-40.5,-56.5,3,2027-01,0.4175,2026,10
-40.5,-55.5,3,2027-01,0.4661,2026,10
-40.5,-54.5,3,2027-01,0.3933,2026,10
-40.5,-53.5,3,2027-01,0.4077,2026,10
-40.5,-52.5,3,2027-01,0.4602,2026,10
-40.5,-51.5,3,2027-01,0.4908,2026,10
-40.5,-50.5,3,2027-01,0.4388,2026,10
-40.5,-49.5,3,2027-01,0.3758,2026,10
-40.5,-48.5,3,2027-01,0.2342,2026,10
-40.5,-47.5,3,2027-01,0.419,2026,10
-40.5,-46.5,3,2027-01,0.5415,2026,10
-40.5,-45.5,3,2027-01,0.4561,2026,10
-40.5,-44.5,3,2027-01,0.3247,2026,10
-40.5,-43.5,3,2027-01,0.3213,2026,10
-40.5,-42.5,3,2027-01,0.3289,2026,10
-40.5,-41.5,3,2027-01,0.2464,2026,10
-40.5,-40.5,3,2027-01,0.2566,2026,10
-40.5,-39.5,3,2027-01,0.3235,2026,10
-40.5,-38.5,3,2027-01,0.3924,2026,10
-40.5,-37.5,3,2027-01,0.312,2026,10
-40.5,-36.5,3,2027-01,0.2085,2026,10
-40.5,-35.5,3,2027-01,0.187,2026,10
-40.5,-34.5,3,2027-01,0.0992,2026,10
-40.5,-33.5,3,2027-01,0.1211,2026,10
-40.5,-32.5,3,2027-01,0.1963,2026,10
-40.5,-31.5,3,2027-01,0.1563,2026,10
-40.5,-30.5,3,2027-01,-0.0529,2026,10
-41.5,-89.5,3,2027-01,0.8741,2026,10
-41.5,-88.5,3,2027-01,0.7801,2026,10
-41.5,-87.5,3,2027-01,0.7771,2026,10
-41.5,-86.5,3,2027-01,0.7908,2026,10
-41.5,-85.5,3,2027-01,0.7742,2026,10
-41.5,-84.5,3,2027-01,0.7224,2026,10
-41.5,-83.5,3,2027-01,0.7403,2026,10
-41.5,-82.5,3,2027-01,0.7762,2026,10
-41.5,-81.5,3,2027-01,0.763,2026,10
-41.5,-80.5,3,2027-01,0.7593,2026,10
-41.5,-79.5,3,2027-01,0.7947,2026,10
-41.5,-78.5,3,2027-01,0.7754,2026,10
-41.5,-77.5,3,2027-01,0.8682,2026,10
-41.5,-76.5,3,2027-01,1.02,2026,10
-41.5,-75.5,3,2027-01,1.0811,2026,10
-41.5,-74.5,3,2027-01,1.2049,2026,10
-41.5,-73.5,3,2027-01,1.0845,2026,10
-41.5,-72.5,3,2027-01,0.9556,2026,10
-41.5,-71.5,3,2027-01,0.6897,2026,10
-41.5,-70.5,3,2027-01,0.3777,2026,10
-41.5,-69.5,3,2027-01,0.127,2026,10
-41.5,-68.5,3,2027-01,-0.1594,2026,10
-41.5,-67.5,3,2027-01,-0.4035,2026,10
-41.5,-66.5,3,2027-01,-0.6325,2026,10
-41.5,-65.5,3,2027-01,-0.5886,2026,10
-41.5,-64.5,3,2027-01,0.0699,2026,10
-41.5,-63.5,3,2027-01,0.1172,2026,10
-41.5,-62.5,3,2027-01,0.1763,2026,10
-41.5,-61.5,3,2027-01,0.2578,2026,10
-41.5,-60.5,3,2027-01,0.2896,2026,10
-41.5,-59.5,3,2027-01,0.2701,2026,10
-41.5,-58.5,3,2027-01,0.3096,2026,10
-41.5,-57.5,3,2027-01,0.4202,2026,10
-41.5,-56.5,3,2027-01,0.4524,2026,10
-41.5,-55.5,3,2027-01,0.4688,2026,10
-41.5,-54.5,3,2027-01,0.3487,2026,10
-41.5,-53.5,3,2027-01,0.2813,2026,10
-41.5,-52.5,3,2027-01,0.3833,2026,10
-41.5,-51.5,3,2027-01,0.461,2026,10
-41.5,-50.5,3,2027-01,0.5674,2026,10
-41.5,-49.5,3,2027-01,0.5161,2026,10
-41.5,-48.5,3,2027-01,0.3487,2026,10
-41.5,-47.5,3,2027-01,0.4087,2026,10
-41.5,-46.5,3,2027-01,0.4441,2026,10
-41.5,-45.5,3,2027-01,0.3987,2026,10
-41.5,-44.5,3,2027-01,0.3133,2026,10
-41.5,-43.5,3,2027-01,0.2461,2026,10
-41.5,-42.5,3,2027-01,0.1912,2026,10
-41.5,-41.5,3,2027-01,0.2268,2026,10
-41.5,-40.5,3,2027-01,0.3567,2026,10
-41.5,-39.5,3,2027-01,0.4612,2026,10
-41.5,-38.5,3,2027-01,0.3804,2026,10
-41.5,-37.5,3,2027-01,0.1621,2026,10
-41.5,-36.5,3,2027-01,0.1646,2026,10
-41.5,-35.5,3,2027-01,0.2754,2026,10
-41.5,-34.5,3,2027-01,0.1807,2026,10
-41.5,-33.5,3,2027-01,0.2007,2026,10
-41.5,-32.5,3,2027-01,0.2613,2026,10
-41.5,-31.5,3,2027-01,0.2378,2026,10
-41.5,-30.5,3,2027-01,0.1529,2026,10
-42.5,-89.5,3,2027-01,0.9453,2026,10
-42.5,-88.5,3,2027-01,0.9231,2026,10
-42.5,-87.5,3,2027-01,0.9021,2026,10
-42.5,-86.5,3,2027-01,0.8955,2026,10
-42.5,-85.5,3,2027-01,0.823,2026,10
-42.5,-84.5,3,2027-01,0.7615,2026,10
-42.5,-83.5,3,2027-01,0.7632,2026,10
-42.5,-82.5,3,2027-01,0.8089,2026,10
-42.5,-81.5,3,2027-01,0.8711,2026,10
-42.5,-80.5,3,2027-01,0.8511,2026,10
-42.5,-79.5,3,2027-01,0.8428,2026,10
-42.5,-78.5,3,2027-01,0.8516,2026,10
-42.5,-77.5,3,2027-01,0.9536,2026,10
-42.5,-76.5,3,2027-01,1.0667,2026,10
-42.5,-75.5,3,2027-01,1.105,2026,10
-42.5,-74.5,3,2027-01,1.1316,2026,10
-42.5,-73.5,3,2027-01,1.0838,2026,10
-42.5,-72.5,3,2027-01,1.0296,2026,10
-42.5,-71.5,3,2027-01,0.9353,2026,10
-42.5,-70.5,3,2027-01,0.7405,2026,10
-42.5,-69.5,3,2027-01,0.4859,2026,10
-42.5,-68.5,3,2027-01,0.1255,2026,10
-42.5,-67.5,3,2027-01,-0.2114,2026,10
-42.5,-66.5,3,2027-01,-0.3615,2026,10
-42.5,-65.5,3,2027-01,-0.4465,2026,10
-42.5,-64.5,3,2027-01,-0.0766,2026,10
-42.5,-63.5,3,2027-01,0.1387,2026,10
-42.5,-62.5,3,2027-01,0.2735,2026,10
-42.5,-61.5,3,2027-01,0.3045,2026,10
-42.5,-60.5,3,2027-01,0.3252,2026,10
-42.5,-59.5,3,2027-01,0.3347,2026,10
-42.5,-58.5,3,2027-01,0.4016,2026,10
-42.5,-57.5,3,2027-01,0.4307,2026,10
-42.5,-56.5,3,2027-01,0.4058,2026,10
-42.5,-55.5,3,2027-01,0.4087,2026,10
-42.5,-54.5,3,2027-01,0.2434,2026,10
-42.5,-53.5,3,2027-01,0.1165,2026,10
-42.5,-52.5,3,2027-01,0.3052,2026,10
-42.5,-51.5,3,2027-01,0.5406,2026,10
-42.5,-50.5,3,2027-01,0.6331,2026,10
-42.5,-49.5,3,2027-01,0.4776,2026,10
-42.5,-48.5,3,2027-01,0.3269,2026,10
-42.5,-47.5,3,2027-01,0.3909,2026,10
-42.5,-46.5,3,2027-01,0.4444,2026,10
-42.5,-45.5,3,2027-01,0.3716,2026,10
-42.5,-44.5,3,2027-01,0.3289,2026,10
-42.5,-43.5,3,2027-01,0.2803,2026,10
-42.5,-42.5,3,2027-01,0.2513,2026,10
-42.5,-41.5,3,2027-01,0.2879,2026,10
-42.5,-40.5,3,2027-01,0.3304,2026,10
-42.5,-39.5,3,2027-01,0.2642,2026,10
-42.5,-38.5,3,2027-01,0.1363,2026,10
-42.5,-37.5,3,2027-01,0.083,2026,10
-42.5,-36.5,3,2027-01,0.1177,2026,10
-42.5,-35.5,3,2027-01,0.3074,2026,10
-42.5,-34.5,3,2027-01,0.3345,2026,10
-42.5,-33.5,3,2027-01,0.2532,2026,10
-42.5,-32.5,3,2027-01,0.2483,2026,10
-42.5,-31.5,3,2027-01,0.2722,2026,10
-42.5,-30.5,3,2027-01,0.2918,2026,10
-43.5,-89.5,3,2027-01,1.0542,2026,10
-43.5,-88.5,3,2027-01,1.0574,2026,10
-43.5,-87.5,3,2027-01,1.0081,2026,10
-43.5,-86.5,3,2027-01,0.9466,2026,10
-43.5,-85.5,3,2027-01,0.9063,2026,10
-43.5,-84.5,3,2027-01,0.9458,2026,10
-43.5,-83.5,3,2027-01,0.9798,2026,10
-43.5,-82.5,3,2027-01,0.9463,2026,10
-43.5,-81.5,3,2027-01,0.949,2026,10
-43.5,-80.5,3,2027-01,0.9502,2026,10
-43.5,-79.5,3,2027-01,0.9261,2026,10
-43.5,-78.5,3,2027-01,0.937,2026,10
-43.5,-77.5,3,2027-01,1.0205,2026,10
-43.5,-76.5,3,2027-01,1.0909,2026,10
-43.5,-75.5,3,2027-01,1.1651,2026,10
-43.5,-74.5,3,2027-01,1.158,2026,10
-43.5,-73.5,3,2027-01,1.1038,2026,10
-43.5,-72.5,3,2027-01,1.2012,2026,10
-43.5,-71.5,3,2027-01,1.1409,2026,10
-43.5,-70.5,3,2027-01,0.9624,2026,10
-43.5,-69.5,3,2027-01,0.6306,2026,10
-43.5,-68.5,3,2027-01,0.378,2026,10
-43.5,-67.5,3,2027-01,0.1201,2026,10
-43.5,-66.5,3,2027-01,-0.0571,2026,10
-43.5,-65.5,3,2027-01,-0.2722,2026,10
-43.5,-64.5,3,2027-01,0.0933,2026,10
-43.5,-63.5,3,2027-01,0.2481,2026,10
-43.5,-62.5,3,2027-01,0.3118,2026,10
-43.5,-61.5,3,2027-01,0.3338,2026,10
-43.5,-60.5,3,2027-01,0.3587,2026,10
-43.5,-59.5,3,2027-01,0.3782,2026,10
-43.5,-58.5,3,2027-01,0.3992,2026,10
-43.5,-57.5,3,2027-01,0.4275,2026,10
-43.5,-56.5,3,2027-01,0.4068,2026,10
-43.5,-55.5,3,2027-01,0.4209,2026,10
-43.5,-54.5,3,2027-01,0.1541,2026,10
-43.5,-53.5,3,2027-01,0.0352,2026,10
-43.5,-52.5,3,2027-01,0.1731,2026,10
-43.5,-51.5,3,2027-01,0.4629,2026,10
-43.5,-50.5,3,2027-01,0.5552,2026,10
-43.5,-49.5,3,2027-01,0.5015,2026,10
-43.5,-48.5,3,2027-01,0.5025,2026,10
-43.5,-47.5,3,2027-01,0.5054,2026,10
-43.5,-46.5,3,2027-01,0.5137,2026,10
-43.5,-45.5,3,2027-01,0.5091,2026,10
-43.5,-44.5,3,2027-01,0.4803,2026,10
-43.5,-43.5,3,2027-01,0.4453,2026,10
-43.5,-42.5,3,2027-01,0.4324,2026,10
-43.5,-41.5,3,2027-01,0.4424,2026,10
-43.5,-40.5,3,2027-01,0.4031,2026,10
-43.5,-39.5,3,2027-01,0.3199,2026,10
-43.5,-38.5,3,2027-01,0.2539,2026,10
-43.5,-37.5,3,2027-01,0.2679,2026,10
-43.5,-36.5,3,2027-01,0.2532,2026,10
-43.5,-35.5,3,2027-01,0.2898,2026,10
-43.5,-34.5,3,2027-01,0.282,2026,10
-43.5,-33.5,3,2027-01,0.1988,2026,10
-43.5,-32.5,3,2027-01,0.1721,2026,10
-43.5,-31.5,3,2027-01,0.2312,2026,10
-43.5,-30.5,3,2027-01,0.3211,2026,10
-44.5,-89.5,3,2027-01,1.0808,2026,10
-44.5,-88.5,3,2027-01,1.0166,2026,10
-44.5,-87.5,3,2027-01,0.9861,2026,10
-44.5,-86.5,3,2027-01,0.9873,2026,10
-44.5,-85.5,3,2027-01,1.0284,2026,10
-44.5,-84.5,3,2027-01,1.0708,2026,10
-44.5,-83.5,3,2027-01,1.0745,2026,10
-44.5,-82.5,3,2027-01,1.024,2026,10
-44.5,-81.5,3,2027-01,0.9861,2026,10
-44.5,-80.5,3,2027-01,1.0064,2026,10
-44.5,-79.5,3,2027-01,0.9798,2026,10
-44.5,-78.5,3,2027-01,0.9727,2026,10
-44.5,-77.5,3,2027-01,1.0745,2026,10
-44.5,-76.5,3,2027-01,1.1297,2026,10
-44.5,-75.5,3,2027-01,1.1805,2026,10
-44.5,-74.5,3,2027-01,1.2278,2026,10
-44.5,-73.5,3,2027-01,1.3074,2026,10
-44.5,-72.5,3,2027-01,1.3904,2026,10
-44.5,-71.5,3,2027-01,1.2942,2026,10
-44.5,-70.5,3,2027-01,1.1045,2026,10
-44.5,-69.5,3,2027-01,0.833,2026,10
-44.5,-68.5,3,2027-01,0.5511,2026,10
-44.5,-67.5,3,2027-01,0.2849,2026,10
-44.5,-66.5,3,2027-01,-0.0029,2026,10
-44.5,-65.5,3,2027-01,0.0252,2026,10
-44.5,-64.5,3,2027-01,0.2908,2026,10
-44.5,-63.5,3,2027-01,0.3138,2026,10
-44.5,-62.5,3,2027-01,0.3484,2026,10
-44.5,-61.5,3,2027-01,0.3609,2026,10
-44.5,-60.5,3,2027-01,0.3792,2026,10
-44.5,-59.5,3,2027-01,0.3743,2026,10
-44.5,-58.5,3,2027-01,0.3684,2026,10
-44.5,-57.5,3,2027-01,0.4512,2026,10
-44.5,-56.5,3,2027-01,0.4475,2026,10
-44.5,-55.5,3,2027-01,0.4546,2026,10
-44.5,-54.5,3,2027-01,0.2691,2026,10
-44.5,-53.5,3,2027-01,0.1883,2026,10
-44.5,-52.5,3,2027-01,0.3396,2026,10
-44.5,-51.5,3,2027-01,0.5696,2026,10
-44.5,-50.5,3,2027-01,0.5213,2026,10
-44.5,-49.5,3,2027-01,0.482,2026,10
-44.5,-48.5,3,2027-01,0.531,2026,10
-44.5,-47.5,3,2027-01,0.503,2026,10
-44.5,-46.5,3,2027-01,0.4976,2026,10
-44.5,-45.5,3,2027-01,0.4881,2026,10
-44.5,-44.5,3,2027-01,0.4876,2026,10
-44.5,-43.5,3,2027-01,0.4888,2026,10
-44.5,-42.5,3,2027-01,0.4973,2026,10
-44.5,-41.5,3,2027-01,0.5174,2026,10
-44.5,-40.5,3,2027-01,0.5364,2026,10
-44.5,-39.5,3,2027-01,0.5213,2026,10
-44.5,-38.5,3,2027-01,0.4366,2026,10
-44.5,-37.5,3,2027-01,0.3113,2026,10
-44.5,-36.5,3,2027-01,0.2686,2026,10
-44.5,-35.5,3,2027-01,0.2246,2026,10
-44.5,-34.5,3,2027-01,0.252,2026,10
-44.5,-33.5,3,2027-01,0.2945,2026,10
-44.5,-32.5,3,2027-01,0.2771,2026,10
-44.5,-31.5,3,2027-01,0.1912,2026,10
-44.5,-30.5,3,2027-01,0.1538,2026,10
-45.5,-89.5,3,2027-01,1.0952,2026,10
-45.5,-88.5,3,2027-01,1.0459,2026,10
-45.5,-87.5,3,2027-01,1.0625,2026,10
-45.5,-86.5,3,2027-01,1.0764,2026,10
-45.5,-85.5,3,2027-01,1.1453,2026,10
-45.5,-84.5,3,2027-01,1.1287,2026,10
-45.5,-83.5,3,2027-01,1.0501,2026,10
-45.5,-82.5,3,2027-01,1.033,2026,10
-45.5,-81.5,3,2027-01,1.0193,2026,10
-45.5,-80.5,3,2027-01,0.9995,2026,10
-45.5,-79.5,3,2027-01,1.0183,2026,10
-45.5,-78.5,3,2027-01,1.0352,2026,10
-45.5,-77.5,3,2027-01,1.1158,2026,10
-45.5,-76.5,3,2027-01,1.1524,2026,10
-45.5,-75.5,3,2027-01,1.2259,2026,10
-45.5,-74.5,3,2027-01,1.3282,2026,10
-45.5,-73.5,3,2027-01,1.4551,2026,10
-45.5,-72.5,3,2027-01,1.5547,2026,10
-45.5,-71.5,3,2027-01,1.3875,2026,10
-45.5,-70.5,3,2027-01,1.2561,2026,10
-45.5,-69.5,3,2027-01,1.0088,2026,10
-45.5,-68.5,3,2027-01,0.7339,2026,10
-45.5,-67.5,3,2027-01,0.3028,2026,10
-45.5,-66.5,3,2027-01,0.3042,2026,10
-45.5,-65.5,3,2027-01,0.3904,2026,10
-45.5,-64.5,3,2027-01,0.3428,2026,10
-45.5,-63.5,3,2027-01,0.3426,2026,10
-45.5,-62.5,3,2027-01,0.376,2026,10
-45.5,-61.5,3,2027-01,0.408,2026,10
-45.5,-60.5,3,2027-01,0.3914,2026,10
-45.5,-59.5,3,2027-01,0.3706,2026,10
-45.5,-58.5,3,2027-01,0.3614,2026,10
-45.5,-57.5,3,2027-01,0.4219,2026,10
-45.5,-56.5,3,2027-01,0.4251,2026,10
-45.5,-55.5,3,2027-01,0.416,2026,10
-45.5,-54.5,3,2027-01,0.3445,2026,10
-45.5,-53.5,3,2027-01,0.283,2026,10
-45.5,-52.5,3,2027-01,0.3916,2026,10
-45.5,-51.5,3,2027-01,0.4651,2026,10
-45.5,-50.5,3,2027-01,0.397,2026,10
-45.5,-49.5,3,2027-01,0.3687,2026,10
-45.5,-48.5,3,2027-01,0.4344,2026,10
-45.5,-47.5,3,2027-01,0.4961,2026,10
-45.5,-46.5,3,2027-01,0.4991,2026,10
-45.5,-45.5,3,2027-01,0.4766,2026,10
-45.5,-44.5,3,2027-01,0.4595,2026,10
-45.5,-43.5,3,2027-01,0.471,2026,10
-45.5,-42.5,3,2027-01,0.4988,2026,10
-45.5,-41.5,3,2027-01,0.4807,2026,10
-45.5,-40.5,3,2027-01,0.4827,2026,10
-45.5,-39.5,3,2027-01,0.5325,2026,10
-45.5,-38.5,3,2027-01,0.5613,2026,10
-45.5,-37.5,3,2027-01,0.4803,2026,10
-45.5,-36.5,3,2027-01,0.3958,2026,10
-45.5,-35.5,3,2027-01,0.3213,2026,10
-45.5,-34.5,3,2027-01,0.2979,2026,10
-45.5,-33.5,3,2027-01,0.3245,2026,10
-45.5,-32.5,3,2027-01,0.3626,2026,10
-45.5,-31.5,3,2027-01,0.3062,2026,10
-45.5,-30.5,3,2027-01,0.1914,2026,10
-46.5,-89.5,3,2027-01,1.125,2026,10
-46.5,-88.5,3,2027-01,1.0921,2026,10
-46.5,-87.5,3,2027-01,1.1289,2026,10
-46.5,-86.5,3,2027-01,1.1238,2026,10
-46.5,-85.5,3,2027-01,1.1053,2026,10
-46.5,-84.5,3,2027-01,1.1275,2026,10
-46.5,-83.5,3,2027-01,1.0552,2026,10
-46.5,-82.5,3,2027-01,1.0298,2026,10
-46.5,-81.5,3,2027-01,1.0445,2026,10
-46.5,-80.5,3,2027-01,1.0362,2026,10
-46.5,-79.5,3,2027-01,1.1109,2026,10
-46.5,-78.5,3,2027-01,1.2012,2026,10
-46.5,-77.5,3,2027-01,1.2342,2026,10
-46.5,-76.5,3,2027-01,1.1939,2026,10
-46.5,-75.5,3,2027-01,1.2166,2026,10
-46.5,-74.5,3,2027-01,1.3528,2026,10
-46.5,-73.5,3,2027-01,1.5638,2026,10
-46.5,-72.5,3,2027-01,1.845,2026,10
-46.5,-71.5,3,2027-01,1.6126,2026,10
-46.5,-70.5,3,2027-01,1.3889,2026,10
-46.5,-69.5,3,2027-01,1.0943,2026,10
-46.5,-68.5,3,2027-01,0.6638,2026,10
-46.5,-67.5,3,2027-01,0.3076,2026,10
-46.5,-66.5,3,2027-01,0.3587,2026,10
-46.5,-65.5,3,2027-01,0.3479,2026,10
-46.5,-64.5,3,2027-01,0.354,2026,10
-46.5,-63.5,3,2027-01,0.3853,2026,10
-46.5,-62.5,3,2027-01,0.428,2026,10
-46.5,-61.5,3,2027-01,0.4424,2026,10
-46.5,-60.5,3,2027-01,0.3863,2026,10
-46.5,-59.5,3,2027-01,0.354,2026,10
-46.5,-58.5,3,2027-01,0.3694,2026,10
-46.5,-57.5,3,2027-01,0.4656,2026,10
-46.5,-56.5,3,2027-01,0.4876,2026,10
-46.5,-55.5,3,2027-01,0.4463,2026,10
-46.5,-54.5,3,2027-01,0.3621,2026,10
-46.5,-53.5,3,2027-01,0.2537,2026,10
-46.5,-52.5,3,2027-01,0.2532,2026,10
-46.5,-51.5,3,2027-01,0.2334,2026,10
-46.5,-50.5,3,2027-01,0.2032,2026,10
-46.5,-49.5,3,2027-01,0.2476,2026,10
-46.5,-48.5,3,2027-01,0.304,2026,10
-46.5,-47.5,3,2027-01,0.4138,2026,10
-46.5,-46.5,3,2027-01,0.5008,2026,10
-46.5,-45.5,3,2027-01,0.5061,2026,10
-46.5,-44.5,3,2027-01,0.49,2026,10
-46.5,-43.5,3,2027-01,0.5135,2026,10
-46.5,-42.5,3,2027-01,0.5054,2026,10
-46.5,-41.5,3,2027-01,0.469,2026,10
-46.5,-40.5,3,2027-01,0.4842,2026,10
-46.5,-39.5,3,2027-01,0.5284,2026,10
-46.5,-38.5,3,2027-01,0.5457,2026,10
-46.5,-37.5,3,2027-01,0.5225,2026,10
-46.5,-36.5,3,2027-01,0.4485,2026,10
-46.5,-35.5,3,2027-01,0.3326,2026,10
-46.5,-34.5,3,2027-01,0.2923,2026,10
-46.5,-33.5,3,2027-01,0.3125,2026,10
-46.5,-32.5,3,2027-01,0.2974,2026,10
-46.5,-31.5,3,2027-01,0.2449,2026,10
-46.5,-30.5,3,2027-01,0.1394,2026,10
-47.5,-89.5,3,2027-01,1.1238,2026,10
-47.5,-88.5,3,2027-01,1.0879,2026,10
-47.5,-87.5,3,2027-01,1.1228,2026,10
-47.5,-86.5,3,2027-01,1.1407,2026,10
-47.5,-85.5,3,2027-01,1.0945,2026,10
-47.5,-84.5,3,2027-01,1.1223,2026,10
-47.5,-83.5,3,2027-01,1.1026,2026,10
-47.5,-82.5,3,2027-01,1.1136,2026,10
-47.5,-81.5,3,2027-01,1.1472,2026,10
-47.5,-80.5,3,2027-01,1.1321,2026,10
-47.5,-79.5,3,2027-01,1.1819,2026,10
-47.5,-78.5,3,2027-01,1.2774,2026,10
-47.5,-77.5,3,2027-01,1.2569,2026,10
-47.5,-76.5,3,2027-01,1.1514,2026,10
-47.5,-75.5,3,2027-01,1.2337,2026,10
-47.5,-74.5,3,2027-01,1.4839,2026,10
-47.5,-73.5,3,2027-01,1.9573,2026,10
-47.5,-72.5,3,2027-01,2.0435,2026,10
-47.5,-71.5,3,2027-01,1.6624,2026,10
-47.5,-70.5,3,2027-01,1.3567,2026,10
-47.5,-69.5,3,2027-01,1.0579,2026,10
-47.5,-68.5,3,2027-01,0.575,2026,10
-47.5,-67.5,3,2027-01,0.2984,2026,10
-47.5,-66.5,3,2027-01,0.0469,2026,10
-47.5,-65.5,3,2027-01,0.1289,2026,10
-47.5,-64.5,3,2027-01,0.3264,2026,10
-47.5,-63.5,3,2027-01,0.4358,2026,10
-47.5,-62.5,3,2027-01,0.4673,2026,10
-47.5,-61.5,3,2027-01,0.4471,2026,10
-47.5,-60.5,3,2027-01,0.3548,2026,10
-47.5,-59.5,3,2027-01,0.3472,2026,10
-47.5,-58.5,3,2027-01,0.3716,2026,10
-47.5,-57.5,3,2027-01,0.4217,2026,10
-47.5,-56.5,3,2027-01,0.5003,2026,10
-47.5,-55.5,3,2027-01,0.4517,2026,10
-47.5,-54.5,3,2027-01,0.368,2026,10
-47.5,-53.5,3,2027-01,0.3345,2026,10
-47.5,-52.5,3,2027-01,0.3426,2026,10
-47.5,-51.5,3,2027-01,0.3286,2026,10
-47.5,-50.5,3,2027-01,0.3482,2026,10
-47.5,-49.5,3,2027-01,0.3626,2026,10
-47.5,-48.5,3,2027-01,0.2813,2026,10
-47.5,-47.5,3,2027-01,0.2654,2026,10
-47.5,-46.5,3,2027-01,0.3821,2026,10
-47.5,-45.5,3,2027-01,0.5103,2026,10
-47.5,-44.5,3,2027-01,0.5308,2026,10
-47.5,-43.5,3,2027-01,0.5249,2026,10
-47.5,-42.5,3,2027-01,0.4944,2026,10
-47.5,-41.5,3,2027-01,0.4558,2026,10
-47.5,-40.5,3,2027-01,0.4495,2026,10
-47.5,-39.5,3,2027-01,0.4851,2026,10
-47.5,-38.5,3,2027-01,0.4912,2026,10
-47.5,-37.5,3,2027-01,0.4444,2026,10
-47.5,-36.5,3,2027-01,0.3985,2026,10
-47.5,-35.5,3,2027-01,0.3777,2026,10
-47.5,-34.5,3,2027-01,0.3911,2026,10
-47.5,-33.5,3,2027-01,0.378,2026,10
-47.5,-32.5,3,2027-01,0.2578,2026,10
-47.5,-31.5,3,2027-01,0.1009,2026,10
-47.5,-30.5,3,2027-01,0.0769,2026,10
-48.5,-89.5,3,2027-01,1.1299,2026,10
-48.5,-88.5,3,2027-01,1.0891,2026,10
-48.5,-87.5,3,2027-01,1.0664,2026,10
-48.5,-86.5,3,2027-01,1.1219,2026,10
-48.5,-85.5,3,2027-01,1.1094,2026,10
-48.5,-84.5,3,2027-01,1.0821,2026,10
-48.5,-83.5,3,2027-01,1.0628,2026,10
-48.5,-82.5,3,2027-01,1.0589,2026,10
-48.5,-81.5,3,2027-01,1.0638,2026,10
-48.5,-80.5,3,2027-01,1.1509,2026,10
-48.5,-79.5,3,2027-01,1.2137,2026,10
-48.5,-78.5,3,2027-01,1.232,2026,10
-48.5,-77.5,3,2027-01,1.2434,2026,10
-48.5,-76.5,3,2027-01,1.19,2026,10
-48.5,-75.5,3,2027-01,1.295,2026,10
-48.5,-74.5,3,2027-01,1.4837,2026,10
-48.5,-73.5,3,2027-01,1.5567,2026,10
-48.5,-72.5,3,2027-01,2.0657,2026,10
-48.5,-71.5,3,2027-01,1.6656,2026,10
-48.5,-70.5,3,2027-01,1.2874,2026,10
-48.5,-69.5,3,2027-01,0.9468,2026,10
-48.5,-68.5,3,2027-01,0.5723,2026,10
-48.5,-67.5,3,2027-01,0.2293,2026,10
-48.5,-66.5,3,2027-01,0.1338,2026,10
-48.5,-65.5,3,2027-01,0.282,2026,10
-48.5,-64.5,3,2027-01,0.4217,2026,10
-48.5,-63.5,3,2027-01,0.5049,2026,10
-48.5,-62.5,3,2027-01,0.5186,2026,10
-48.5,-61.5,3,2027-01,0.4685,2026,10
-48.5,-60.5,3,2027-01,0.3889,2026,10
-48.5,-59.5,3,2027-01,0.3496,2026,10
-48.5,-58.5,3,2027-01,0.3775,2026,10
-48.5,-57.5,3,2027-01,0.3958,2026,10
-48.5,-56.5,3,2027-01,0.4119,2026,10
-48.5,-55.5,3,2027-01,0.4324,2026,10
-48.5,-54.5,3,2027-01,0.3994,2026,10
-48.5,-53.5,3,2027-01,0.3279,2026,10
-48.5,-52.5,3,2027-01,0.3167,2026,10
-48.5,-51.5,3,2027-01,0.3418,2026,10
-48.5,-50.5,3,2027-01,0.3467,2026,10
-48.5,-49.5,3,2027-01,0.2849,2026,10
-48.5,-48.5,3,2027-01,0.1795,2026,10
-48.5,-47.5,3,2027-01,0.1975,2026,10
-48.5,-46.5,3,2027-01,0.3516,2026,10
-48.5,-45.5,3,2027-01,0.4519,2026,10
-48.5,-44.5,3,2027-01,0.4341,2026,10
-48.5,-43.5,3,2027-01,0.3667,2026,10
-48.5,-42.5,3,2027-01,0.2967,2026,10
-48.5,-41.5,3,2027-01,0.2412,2026,10
-48.5,-40.5,3,2027-01,0.291,2026,10
-48.5,-39.5,3,2027-01,0.3474,2026,10
-48.5,-38.5,3,2027-01,0.3741,2026,10
-48.5,-37.5,3,2027-01,0.4046,2026,10
-48.5,-36.5,3,2027-01,0.427,2026,10
-48.5,-35.5,3,2027-01,0.3523,2026,10
-48.5,-34.5,3,2027-01,0.1995,2026,10
-48.5,-33.5,3,2027-01,0.065,2026,10
-48.5,-32.5,3,2027-01,0.0511,2026,10
-48.5,-31.5,3,2027-01,0.0896,2026,10
-48.5,-30.5,3,2027-01,0.1116,2026,10
-49.5,-89.5,3,2027-01,1.1419,2026,10
-49.5,-88.5,3,2027-01,1.0852,2026,10
-49.5,-87.5,3,2027-01,1.0616,2026,10
-49.5,-86.5,3,2027-01,1.0852,2026,10
-49.5,-85.5,3,2027-01,1.0691,2026,10
-49.5,-84.5,3,2027-01,1.0574,2026,10
-49.5,-83.5,3,2027-01,1.043,2026,10
-49.5,-82.5,3,2027-01,1.0218,2026,10
-49.5,-81.5,3,2027-01,1.0789,2026,10
-49.5,-80.5,3,2027-01,1.2263,2026,10
-49.5,-79.5,3,2027-01,1.2908,2026,10
-49.5,-78.5,3,2027-01,1.2442,2026,10
-49.5,-77.5,3,2027-01,1.2124,2026,10
-49.5,-76.5,3,2027-01,1.2366,2026,10
-49.5,-75.5,3,2027-01,1.2405,2026,10
-49.5,-74.5,3,2027-01,1.6687,2026,10
-49.5,-73.5,3,2027-01,1.3335,2026,10
-49.5,-72.5,3,2027-01,1.6126,2026,10
-49.5,-71.5,3,2027-01,1.4798,2026,10
-49.5,-70.5,3,2027-01,1.1096,2026,10
-49.5,-69.5,3,2027-01,0.7815,2026,10
-49.5,-68.5,3,2027-01,0.4785,2026,10
-49.5,-67.5,3,2027-01,0.2722,2026,10
-49.5,-66.5,3,2027-01,0.3389,2026,10
-49.5,-65.5,3,2027-01,0.4705,2026,10
-49.5,-64.5,3,2027-01,0.5374,2026,10
-49.5,-63.5,3,2027-01,0.5511,2026,10
-49.5,-62.5,3,2027-01,0.5269,2026,10
-49.5,-61.5,3,2027-01,0.4834,2026,10
-49.5,-60.5,3,2027-01,0.4134,2026,10
-49.5,-59.5,3,2027-01,0.3745,2026,10
-49.5,-58.5,3,2027-01,0.3611,2026,10
-49.5,-57.5,3,2027-01,0.3711,2026,10
-49.5,-56.5,3,2027-01,0.375,2026,10
-49.5,-55.5,3,2027-01,0.3848,2026,10
-49.5,-54.5,3,2027-01,0.4148,2026,10
-49.5,-53.5,3,2027-01,0.3919,2026,10
-49.5,-52.5,3,2027-01,0.3189,2026,10
-49.5,-51.5,3,2027-01,0.2539,2026,10
-49.5,-50.5,3,2027-01,0.2466,2026,10
-49.5,-49.5,3,2027-01,0.2608,2026,10
-49.5,-48.5,3,2027-01,0.3106,2026,10
-49.5,-47.5,3,2027-01,0.4358,2026,10
-49.5,-46.5,3,2027-01,0.4986,2026,10
-49.5,-45.5,3,2027-01,0.4331,2026,10
-49.5,-44.5,3,2027-01,0.2657,2026,10
-49.5,-43.5,3,2027-01,0.1365,2026,10
-49.5,-42.5,3,2027-01,0.0977,2026,10
-49.5,-41.5,3,2027-01,0.0877,2026,10
-49.5,-40.5,3,2027-01,0.0884,2026,10
-49.5,-39.5,3,2027-01,0.1121,2026,10
-49.5,-38.5,3,2027-01,0.2574,2026,10
-49.5,-37.5,3,2027-01,0.3269,2026,10
-49.5,-36.5,3,2027-01,0.2278,2026,10
-49.5,-35.5,3,2027-01,0.1297,2026,10
-49.5,-34.5,3,2027-01,0.085,2026,10
-49.5,-33.5,3,2027-01,0.0664,2026,10
-49.5,-32.5,3,2027-01,0.0764,2026,10
-49.5,-31.5,3,2027-01,0.0843,2026,10
-49.5,-30.5,3,2027-01,0.0738,2026,10
-50.5,-89.5,3,2027-01,1.1206,2026,10
-50.5,-88.5,3,2027-01,1.0537,2026,10
-50.5,-87.5,3,2027-01,1.0349,2026,10
-50.5,-86.5,3,2027-01,1.0437,2026,10
-50.5,-85.5,3,2027-01,1.0423,2026,10
-50.5,-84.5,3,2027-01,1.0327,2026,10
-50.5,-83.5,3,2027-01,1.0464,2026,10
-50.5,-82.5,3,2027-01,1.0962,2026,10
-50.5,-81.5,3,2027-01,1.1482,2026,10
-50.5,-80.5,3,2027-01,1.1973,2026,10
-50.5,-79.5,3,2027-01,1.2647,2026,10
-50.5,-78.5,3,2027-01,1.2088,2026,10
-50.5,-77.5,3,2027-01,1.1704,2026,10
-50.5,-76.5,3,2027-01,1.2036,2026,10
-50.5,-75.5,3,2027-01,1.2049,2026,10
-50.5,-74.5,3,2027-01,1.4353,2026,10
-50.5,-73.5,3,2027-01,1.6128,2026,10
-50.5,-72.5,3,2027-01,1.5091,2026,10
-50.5,-71.5,3,2027-01,1.2495,2026,10
-50.5,-70.5,3,2027-01,0.9265,2026,10
-50.5,-69.5,3,2027-01,0.679,2026,10
-50.5,-68.5,3,2027-01,0.4351,2026,10
-50.5,-67.5,3,2027-01,0.407,2026,10
-50.5,-66.5,3,2027-01,0.5103,2026,10
-50.5,-65.5,3,2027-01,0.576,2026,10
-50.5,-64.5,3,2027-01,0.5601,2026,10
-50.5,-63.5,3,2027-01,0.5496,2026,10
-50.5,-62.5,3,2027-01,0.5332,2026,10
-50.5,-61.5,3,2027-01,0.4917,2026,10
-50.5,-60.5,3,2027-01,0.4424,2026,10
-50.5,-59.5,3,2027-01,0.3865,2026,10
-50.5,-58.5,3,2027-01,0.356,2026,10
-50.5,-57.5,3,2027-01,0.3675,2026,10
-50.5,-56.5,3,2027-01,0.3709,2026,10
-50.5,-55.5,3,2027-01,0.3582,2026,10
-50.5,-54.5,3,2027-01,0.3858,2026,10
-50.5,-53.5,3,2027-01,0.3745,2026,10
-50.5,-52.5,3,2027-01,0.3582,2026,10
-50.5,-51.5,3,2027-01,0.3438,2026,10
-50.5,-50.5,3,2027-01,0.3216,2026,10
-50.5,-49.5,3,2027-01,0.3553,2026,10
-50.5,-48.5,3,2027-01,0.4104,2026,10
-50.5,-47.5,3,2027-01,0.4285,2026,10
-50.5,-46.5,3,2027-01,0.4112,2026,10
-50.5,-45.5,3,2027-01,0.3709,2026,10
-50.5,-44.5,3,2027-01,0.304,2026,10
-50.5,-43.5,3,2027-01,0.2544,2026,10
-50.5,-42.5,3,2027-01,0.2312,2026,10
-50.5,-41.5,3,2027-01,0.2305,2026,10
-50.5,-40.5,3,2027-01,0.1475,2026,10
-50.5,-39.5,3,2027-01,0.0498,2026,10
-50.5,-38.5,3,2027-01,0.0738,2026,10
-50.5,-37.5,3,2027-01,0.1402,2026,10
-50.5,-36.5,3,2027-01,0.1026,2026,10
-50.5,-35.5,3,2027-01,-0.0224,2026,10
-50.5,-34.5,3,2027-01,0.0555,2026,10
-50.5,-33.5,3,2027-01,0.1241,2026,10
-50.5,-32.5,3,2027-01,0.0645,2026,10
-50.5,-31.5,3,2027-01,0.0987,2026,10
-50.5,-30.5,3,2027-01,0.1353,2026,10
-51.5,-89.5,3,2027-01,1.0269,2026,10
-51.5,-88.5,3,2027-01,1.0105,2026,10
-51.5,-87.5,3,2027-01,1.0225,2026,10
-51.5,-86.5,3,2027-01,1.0276,2026,10
-51.5,-85.5,3,2027-01,1.0022,2026,10
-51.5,-84.5,3,2027-01,0.9905,2026,10
-51.5,-83.5,3,2027-01,0.9942,2026,10
-51.5,-82.5,3,2027-01,1.0828,2026,10
-51.5,-81.5,3,2027-01,1.1529,2026,10
-51.5,-80.5,3,2027-01,1.1656,2026,10
-51.5,-79.5,3,2027-01,1.1753,2026,10
-51.5,-78.5,3,2027-01,1.1231,2026,10
-51.5,-77.5,3,2027-01,1.1756,2026,10
-51.5,-76.5,3,2027-01,1.198,2026,10
-51.5,-75.5,3,2027-01,1.2049,2026,10
-51.5,-74.5,3,2027-01,1.2178,2026,10
-51.5,-73.5,3,2027-01,1.3509,2026,10
-51.5,-72.5,3,2027-01,1.304,2026,10
-51.5,-71.5,3,2027-01,1.1551,2026,10
-51.5,-70.5,3,2027-01,1.0545,2026,10
-51.5,-69.5,3,2027-01,0.9117,2026,10
-51.5,-68.5,3,2027-01,0.6055,2026,10
-51.5,-67.5,3,2027-01,0.5369,2026,10
-51.5,-66.5,3,2027-01,0.605,2026,10
-51.5,-65.5,3,2027-01,0.5994,2026,10
-51.5,-64.5,3,2027-01,0.5735,2026,10
-51.5,-63.5,3,2027-01,0.584,2026,10
-51.5,-62.5,3,2027-01,0.5545,2026,10
-51.5,-61.5,3,2027-01,0.5186,2026,10
-51.5,-60.5,3,2027-01,0.4976,2026,10
-51.5,-59.5,3,2027-01,0.4607,2026,10
-51.5,-58.5,3,2027-01,0.3662,2026,10
-51.5,-57.5,3,2027-01,0.3496,2026,10
-51.5,-56.5,3,2027-01,0.3763,2026,10
-51.5,-55.5,3,2027-01,0.3565,2026,10
-51.5,-54.5,3,2027-01,0.3506,2026,10
-51.5,-53.5,3,2027-01,0.3111,2026,10
-51.5,-52.5,3,2027-01,0.3108,2026,10
-51.5,-51.5,3,2027-01,0.3362,2026,10
-51.5,-50.5,3,2027-01,0.2896,2026,10
-51.5,-49.5,3,2027-01,0.2605,2026,10
-51.5,-48.5,3,2027-01,0.3208,2026,10
-51.5,-47.5,3,2027-01,0.376,2026,10
-51.5,-46.5,3,2027-01,0.4087,2026,10
-51.5,-45.5,3,2027-01,0.4107,2026,10
-51.5,-44.5,3,2027-01,0.3902,2026,10
-51.5,-43.5,3,2027-01,0.355,2026,10
-51.5,-42.5,3,2027-01,0.3052,2026,10
-51.5,-41.5,3,2027-01,0.2249,2026,10
-51.5,-40.5,3,2027-01,0.097,2026,10
-51.5,-39.5,3,2027-01,0.1023,2026,10
-51.5,-38.5,3,2027-01,0.0513,2026,10
-51.5,-37.5,3,2027-01,0.0017,2026,10
-51.5,-36.5,3,2027-01,0.0447,2026,10
-51.5,-35.5,3,2027-01,0.1004,2026,10
-51.5,-34.5,3,2027-01,0.0794,2026,10
-51.5,-33.5,3,2027-01,-0.0341,2026,10
-51.5,-32.5,3,2027-01,-0.1543,2026,10
-51.5,-31.5,3,2027-01,-0.0905,2026,10
-51.5,-30.5,3,2027-01,-0.0715,2026,10
-52.5,-89.5,3,2027-01,0.9761,2026,10
-52.5,-88.5,3,2027-01,0.969,2026,10
-52.5,-87.5,3,2027-01,0.9634,2026,10
-52.5,-86.5,3,2027-01,0.9619,2026,10
-52.5,-85.5,3,2027-01,0.9397,2026,10
-52.5,-84.5,3,2027-01,0.9353,2026,10
-52.5,-83.5,3,2027-01,0.9302,2026,10
-52.5,-82.5,3,2027-01,0.9876,2026,10
-52.5,-81.5,3,2027-01,1.0398,2026,10
-52.5,-80.5,3,2027-01,1.0906,2026,10
-52.5,-79.5,3,2027-01,1.1289,2026,10
-52.5,-78.5,3,2027-01,1.1197,2026,10
-52.5,-77.5,3,2027-01,1.146,2026,10
-52.5,-76.5,3,2027-01,1.1619,2026,10
-52.5,-75.5,3,2027-01,1.1756,2026,10
-52.5,-74.5,3,2027-01,1.1448,2026,10
-52.5,-73.5,3,2027-01,1.2163,2026,10
-52.5,-72.5,3,2027-01,1.2637,2026,10
-52.5,-71.5,3,2027-01,1.2146,2026,10
-52.5,-70.5,3,2027-01,1.1309,2026,10
-52.5,-69.5,3,2027-01,1.1062,2026,10
-52.5,-68.5,3,2027-01,0.8587,2026,10
-52.5,-67.5,3,2027-01,0.6626,2026,10
-52.5,-66.5,3,2027-01,0.6756,2026,10
-52.5,-65.5,3,2027-01,0.658,2026,10
-52.5,-64.5,3,2027-01,0.669,2026,10
-52.5,-63.5,3,2027-01,0.6602,2026,10
-52.5,-62.5,3,2027-01,0.6079,2026,10
-52.5,-61.5,3,2027-01,0.5484,2026,10
-52.5,-60.5,3,2027-01,0.513,2026,10
-52.5,-59.5,3,2027-01,0.4717,2026,10
-52.5,-58.5,3,2027-01,0.4356,2026,10
-52.5,-57.5,3,2027-01,0.4117,2026,10
-52.5,-56.5,3,2027-01,0.4004,2026,10
-52.5,-55.5,3,2027-01,0.3621,2026,10
-52.5,-54.5,3,2027-01,0.3269,2026,10
-52.5,-53.5,3,2027-01,0.2952,2026,10
-52.5,-52.5,3,2027-01,0.3047,2026,10
-52.5,-51.5,3,2027-01,0.3084,2026,10
-52.5,-50.5,3,2027-01,0.2659,2026,10
-52.5,-49.5,3,2027-01,0.2464,2026,10
-52.5,-48.5,3,2027-01,0.2674,2026,10
-52.5,-47.5,3,2027-01,0.3106,2026,10
-52.5,-46.5,3,2027-01,0.3521,2026,10
-52.5,-45.5,3,2027-01,0.3572,2026,10
-52.5,-44.5,3,2027-01,0.3255,2026,10
-52.5,-43.5,3,2027-01,0.2784,2026,10
-52.5,-42.5,3,2027-01,0.2415,2026,10
-52.5,-41.5,3,2027-01,0.1643,2026,10
-52.5,-40.5,3,2027-01,0.0706,2026,10
-52.5,-39.5,3,2027-01,0.0733,2026,10
-52.5,-38.5,3,2027-01,-0.0114,2026,10
-52.5,-37.5,3,2027-01,-0.0276,2026,10
-52.5,-36.5,3,2027-01,0.0428,2026,10
-52.5,-35.5,3,2027-01,0.0659,2026,10
-52.5,-34.5,3,2027-01,0.0237,2026,10
-52.5,-33.5,3,2027-01,0.0034,2026,10
-52.5,-32.5,3,2027-01,-0.1328,2026,10
-52.5,-31.5,3,2027-01,-0.2014,2026,10
-52.5,-30.5,3,2027-01,-0.1706,2026,10
-53.5,-89.5,3,2027-01,0.9231,2026,10
-53.5,-88.5,3,2027-01,0.916,2026,10
-53.5,-87.5,3,2027-01,0.9234,2026,10
-53.5,-86.5,3,2027-01,0.927,2026,10
-53.5,-85.5,3,2027-01,0.9148,2026,10
-53.5,-84.5,3,2027-01,0.8997,2026,10
-53.5,-83.5,3,2027-01,0.8821,2026,10
-53.5,-82.5,3,2027-01,0.8887,2026,10
-53.5,-81.5,3,2027-01,0.9136,2026,10
-53.5,-80.5,3,2027-01,0.9554,2026,10
-53.5,-79.5,3,2027-01,0.9969,2026,10
-53.5,-78.5,3,2027-01,1.0699,2026,10
-53.5,-77.5,3,2027-01,1.127,2026,10
-53.5,-76.5,3,2027-01,1.1438,2026,10
-53.5,-75.5,3,2027-01,1.1839,2026,10
-53.5,-74.5,3,2027-01,1.1404,2026,10
-53.5,-73.5,3,2027-01,1.1153,2026,10
-53.5,-72.5,3,2027-01,1.1602,2026,10
-53.5,-71.5,3,2027-01,1.1314,2026,10
-53.5,-70.5,3,2027-01,1.042,2026,10
-53.5,-69.5,3,2027-01,1.065,2026,10
-53.5,-68.5,3,2027-01,1.0225,2026,10
-53.5,-67.5,3,2027-01,0.823,2026,10
-53.5,-66.5,3,2027-01,0.6888,2026,10
-53.5,-65.5,3,2027-01,0.6736,2026,10
-53.5,-64.5,3,2027-01,0.6927,2026,10
-53.5,-63.5,3,2027-01,0.6812,2026,10
-53.5,-62.5,3,2027-01,0.5889,2026,10
-53.5,-61.5,3,2027-01,0.4881,2026,10
-53.5,-60.5,3,2027-01,0.4505,2026,10
-53.5,-59.5,3,2027-01,0.4463,2026,10
-53.5,-58.5,3,2027-01,0.4405,2026,10
-53.5,-57.5,3,2027-01,0.4475,2026,10
-53.5,-56.5,3,2027-01,0.4419,2026,10
-53.5,-55.5,3,2027-01,0.3704,2026,10
-53.5,-54.5,3,2027-01,0.3233,2026,10
-53.5,-53.5,3,2027-01,0.2991,2026,10
-53.5,-52.5,3,2027-01,0.2727,2026,10
-53.5,-51.5,3,2027-01,0.2417,2026,10
-53.5,-50.5,3,2027-01,0.2251,2026,10
-53.5,-49.5,3,2027-01,0.2508,2026,10
-53.5,-48.5,3,2027-01,0.3018,2026,10
-53.5,-47.5,3,2027-01,0.2964,2026,10
-53.5,-46.5,3,2027-01,0.2874,2026,10
-53.5,-45.5,3,2027-01,0.3072,2026,10
-53.5,-44.5,3,2027-01,0.2808,2026,10
-53.5,-43.5,3,2027-01,0.2222,2026,10
-53.5,-42.5,3,2027-01,0.1934,2026,10
-53.5,-41.5,3,2027-01,0.1729,2026,10
-53.5,-40.5,3,2027-01,0.136,2026,10
-53.5,-39.5,3,2027-01,0.0843,2026,10
-53.5,-38.5,3,2027-01,0.0391,2026,10
-53.5,-37.5,3,2027-01,0.0298,2026,10
-53.5,-36.5,3,2027-01,0.0049,2026,10
-53.5,-35.5,3,2027-01,-0.0117,2026,10
-53.5,-34.5,3,2027-01,0.0139,2026,10
-53.5,-33.5,3,2027-01,-0.0027,2026,10
-53.5,-32.5,3,2027-01,-0.1601,2026,10
-53.5,-31.5,3,2027-01,-0.2307,2026,10
-53.5,-30.5,3,2027-01,-0.2553,2026,10
-54.5,-89.5,3,2027-01,0.9097,2026,10
-54.5,-88.5,3,2027-01,0.8721,2026,10
-54.5,-87.5,3,2027-01,0.8487,2026,10
-54.5,-86.5,3,2027-01,0.8445,2026,10
-54.5,-85.5,3,2027-01,0.8672,2026,10
-54.5,-84.5,3,2027-01,0.8816,2026,10
-54.5,-83.5,3,2027-01,0.8565,2026,10
-54.5,-82.5,3,2027-01,0.8169,2026,10
-54.5,-81.5,3,2027-01,0.8033,2026,10
-54.5,-80.5,3,2027-01,0.8269,2026,10
-54.5,-79.5,3,2027-01,0.8694,2026,10
-54.5,-78.5,3,2027-01,0.906,2026,10
-54.5,-77.5,3,2027-01,0.9251,2026,10
-54.5,-76.5,3,2027-01,0.9654,2026,10
-54.5,-75.5,3,2027-01,0.9971,2026,10
-54.5,-74.5,3,2027-01,1.0386,2026,10
-54.5,-73.5,3,2027-01,1.0525,2026,10
-54.5,-72.5,3,2027-01,1.0408,2026,10
-54.5,-71.5,3,2027-01,1.0498,2026,10
-54.5,-70.5,3,2027-01,1.1216,2026,10
-54.5,-69.5,3,2027-01,1.2554,2026,10
-54.5,-68.5,3,2027-01,1.1177,2026,10
-54.5,-67.5,3,2027-01,0.9505,2026,10
-54.5,-66.5,3,2027-01,0.7608,2026,10
-54.5,-65.5,3,2027-01,0.6814,2026,10
-54.5,-64.5,3,2027-01,0.6873,2026,10
-54.5,-63.5,3,2027-01,0.6724,2026,10
-54.5,-62.5,3,2027-01,0.5926,2026,10
-54.5,-61.5,3,2027-01,0.4925,2026,10
-54.5,-60.5,3,2027-01,0.4231,2026,10
-54.5,-59.5,3,2027-01,0.4119,2026,10
-54.5,-58.5,3,2027-01,0.418,2026,10
-54.5,-57.5,3,2027-01,0.4217,2026,10
-54.5,-56.5,3,2027-01,0.4463,2026,10
-54.5,-55.5,3,2027-01,0.4063,2026,10
-54.5,-54.5,3,2027-01,0.2886,2026,10
-54.5,-53.5,3,2027-01,0.2251,2026,10
-54.5,-52.5,3,2027-01,0.2261,2026,10
-54.5,-51.5,3,2027-01,0.2581,2026,10
-54.5,-50.5,3,2027-01,0.2947,2026,10
-54.5,-49.5,3,2027-01,0.335,2026,10
-54.5,-48.5,3,2027-01,0.3599,2026,10
-54.5,-47.5,3,2027-01,0.3389,2026,10
-54.5,-46.5,3,2027-01,0.3279,2026,10
-54.5,-45.5,3,2027-01,0.3267,2026,10
-54.5,-44.5,3,2027-01,0.2635,2026,10
-54.5,-43.5,3,2027-01,0.2112,2026,10
-54.5,-42.5,3,2027-01,0.2154,2026,10
-54.5,-41.5,3,2027-01,0.1939,2026,10
-54.5,-40.5,3,2027-01,0.1433,2026,10
-54.5,-39.5,3,2027-01,0.1136,2026,10
-54.5,-38.5,3,2027-01,0.1011,2026,10
-54.5,-37.5,3,2027-01,0.1162,2026,10
-54.5,-36.5,3,2027-01,0.1326,2026,10
-54.5,-35.5,3,2027-01,0.0323,2026,10
-54.5,-34.5,3,2027-01,-0.0737,2026,10
-54.5,-33.5,3,2027-01,-0.1975,2026,10
-54.5,-32.5,3,2027-01,-0.3391,2026,10
-54.5,-31.5,3,2027-01,-0.3217,2026,10
-54.5,-30.5,3,2027-01,-0.249,2026,10
-55.5,-89.5,3,2027-01,0.919,2026,10
-55.5,-88.5,3,2027-01,0.8716,2026,10
-55.5,-87.5,3,2027-01,0.8211,2026,10
-55.5,-86.5,3,2027-01,0.7586,2026,10
-55.5,-85.5,3,2027-01,0.7556,2026,10
-55.5,-84.5,3,2027-01,0.813,2026,10
-55.5,-83.5,3,2027-01,0.8238,2026,10
-55.5,-82.5,3,2027-01,0.7971,2026,10
-55.5,-81.5,3,2027-01,0.7835,2026,10
-55.5,-80.5,3,2027-01,0.7793,2026,10
-55.5,-79.5,3,2027-01,0.7891,2026,10
-55.5,-78.5,3,2027-01,0.8052,2026,10
-55.5,-77.5,3,2027-01,0.7923,2026,10
-55.5,-76.5,3,2027-01,0.8245,2026,10
-55.5,-75.5,3,2027-01,0.8628,2026,10
-55.5,-74.5,3,2027-01,0.9305,2026,10
-55.5,-73.5,3,2027-01,1.0154,2026,10
-55.5,-72.5,3,2027-01,1.0108,2026,10
-55.5,-71.5,3,2027-01,1.001,2026,10
-55.5,-70.5,3,2027-01,0.9868,2026,10
-55.5,-69.5,3,2027-01,0.9912,2026,10
-55.5,-68.5,3,2027-01,0.8916,2026,10
-55.5,-67.5,3,2027-01,0.7962,2026,10
-55.5,-66.5,3,2027-01,0.7671,2026,10
-55.5,-65.5,3,2027-01,0.6873,2026,10
-55.5,-64.5,3,2027-01,0.5127,2026,10
-55.5,-63.5,3,2027-01,0.3828,2026,10
-55.5,-62.5,3,2027-01,0.3157,2026,10
-55.5,-61.5,3,2027-01,0.2845,2026,10
-55.5,-60.5,3,2027-01,0.284,2026,10
-55.5,-59.5,3,2027-01,0.2823,2026,10
-55.5,-58.5,3,2027-01,0.2871,2026,10
-55.5,-57.5,3,2027-01,0.2932,2026,10
-55.5,-56.5,3,2027-01,0.2984,2026,10
-55.5,-55.5,3,2027-01,0.2901,2026,10
-55.5,-54.5,3,2027-01,0.2683,2026,10
-55.5,-53.5,3,2027-01,0.292,2026,10
-55.5,-52.5,3,2027-01,0.3262,2026,10
-55.5,-51.5,3,2027-01,0.3687,2026,10
-55.5,-50.5,3,2027-01,0.3836,2026,10
-55.5,-49.5,3,2027-01,0.3963,2026,10
-55.5,-48.5,3,2027-01,0.4185,2026,10
-55.5,-47.5,3,2027-01,0.4016,2026,10
-55.5,-46.5,3,2027-01,0.3701,2026,10
-55.5,-45.5,3,2027-01,0.3367,2026,10
-55.5,-44.5,3,2027-01,0.2671,2026,10
-55.5,-43.5,3,2027-01,0.2561,2026,10
-55.5,-42.5,3,2027-01,0.2627,2026,10
-55.5,-41.5,3,2027-01,0.2166,2026,10
-55.5,-40.5,3,2027-01,0.0713,2026,10
-55.5,-39.5,3,2027-01,-0.029,2026,10
-55.5,-38.5,3,2027-01,-0.0703,2026,10
-55.5,-37.5,3,2027-01,-0.0759,2026,10
-55.5,-36.5,3,2027-01,-0.039,2026,10
-55.5,-35.5,3,2027-01,-0.0461,2026,10
-55.5,-34.5,3,2027-01,-0.1035,2026,10
-55.5,-33.5,3,2027-01,-0.2185,2026,10
-55.5,-32.5,3,2027-01,-0.3564,2026,10
-55.5,-31.5,3,2027-01,-0.4206,2026,10
-55.5,-30.5,3,2027-01,-0.4516,2026,10
-56.5,-89.5,3,2027-01,0.9326,2026,10
-56.5,-88.5,3,2027-01,0.8936,2026,10
-56.5,-87.5,3,2027-01,0.8643,2026,10
-56.5,-86.5,3,2027-01,0.8094,2026,10
-56.5,-85.5,3,2027-01,0.7552,2026,10
-56.5,-84.5,3,2027-01,0.7652,2026,10
-56.5,-83.5,3,2027-01,0.7679,2026,10
-56.5,-82.5,3,2027-01,0.752,2026,10
-56.5,-81.5,3,2027-01,0.7351,2026,10
-56.5,-80.5,3,2027-01,0.7342,2026,10
-56.5,-79.5,3,2027-01,0.7281,2026,10
-56.5,-78.5,3,2027-01,0.718,2026,10
-56.5,-77.5,3,2027-01,0.7227,2026,10
-56.5,-76.5,3,2027-01,0.7368,2026,10
-56.5,-75.5,3,2027-01,0.7344,2026,10
-56.5,-74.5,3,2027-01,0.7329,2026,10
-56.5,-73.5,3,2027-01,0.8211,2026,10
-56.5,-72.5,3,2027-01,0.8838,2026,10
-56.5,-71.5,3,2027-01,0.8689,2026,10
-56.5,-70.5,3,2027-01,0.8421,2026,10
-56.5,-69.5,3,2027-01,0.8262,2026,10
-56.5,-68.5,3,2027-01,0.8076,2026,10
-56.5,-67.5,3,2027-01,0.7669,2026,10
-56.5,-66.5,3,2027-01,0.6502,2026,10
-56.5,-65.5,3,2027-01,0.3992,2026,10
-56.5,-64.5,3,2027-01,0.2591,2026,10
-56.5,-63.5,3,2027-01,0.2351,2026,10
-56.5,-62.5,3,2027-01,0.1883,2026,10
-56.5,-61.5,3,2027-01,0.1692,2026,10
-56.5,-60.5,3,2027-01,0.156,2026,10
-56.5,-59.5,3,2027-01,0.1529,2026,10
-56.5,-58.5,3,2027-01,0.157,2026,10
-56.5,-57.5,3,2027-01,0.117,2026,10
-56.5,-56.5,3,2027-01,0.1411,2026,10
-56.5,-55.5,3,2027-01,0.2461,2026,10
-56.5,-54.5,3,2027-01,0.325,2026,10
-56.5,-53.5,3,2027-01,0.3492,2026,10
-56.5,-52.5,3,2027-01,0.3199,2026,10
-56.5,-51.5,3,2027-01,0.3262,2026,10
-56.5,-50.5,3,2027-01,0.3892,2026,10
-56.5,-49.5,3,2027-01,0.4165,2026,10
-56.5,-48.5,3,2027-01,0.3867,2026,10
-56.5,-47.5,3,2027-01,0.3794,2026,10
-56.5,-46.5,3,2027-01,0.3765,2026,10
-56.5,-45.5,3,2027-01,0.3548,2026,10
-56.5,-44.5,3,2027-01,0.2947,2026,10
-56.5,-43.5,3,2027-01,0.2124,2026,10
-56.5,-42.5,3,2027-01,0.1477,2026,10
-56.5,-41.5,3,2027-01,0.1284,2026,10
-56.5,-40.5,3,2027-01,0.0918,2026,10
-56.5,-39.5,3,2027-01,-0.0178,2026,10
-56.5,-38.5,3,2027-01,-0.1186,2026,10
-56.5,-37.5,3,2027-01,-0.1882,2026,10
-56.5,-36.5,3,2027-01,-0.2666,2026,10
-56.5,-35.5,3,2027-01,-0.3127,2026,10
-56.5,-34.5,3,2027-01,-0.3562,2026,10
-56.5,-33.5,3,2027-01,-0.4336,2026,10
-56.5,-32.5,3,2027-01,-0.5151,2026,10
-56.5,-31.5,3,2027-01,-0.5178,2026,10
-56.5,-30.5,3,2027-01,-0.5114,2026,10
-57.5,-89.5,3,2027-01,0.7271,2026,10
-57.5,-88.5,3,2027-01,0.7522,2026,10
-57.5,-87.5,3,2027-01,0.794,2026,10
-57.5,-86.5,3,2027-01,0.7818,2026,10
-57.5,-85.5,3,2027-01,0.7461,2026,10
-57.5,-84.5,3,2027-01,0.7285,2026,10
-57.5,-83.5,3,2027-01,0.721,2026,10
-57.5,-82.5,3,2027-01,0.708,2026,10
-57.5,-81.5,3,2027-01,0.68,2026,10
-57.5,-80.5,3,2027-01,0.6731,2026,10
-57.5,-79.5,3,2027-01,0.6814,2026,10
-57.5,-78.5,3,2027-01,0.6719,2026,10
-57.5,-77.5,3,2027-01,0.6802,2026,10
-57.5,-76.5,3,2027-01,0.6912,2026,10
-57.5,-75.5,3,2027-01,0.6665,2026,10
-57.5,-74.5,3,2027-01,0.6512,2026,10
-57.5,-73.5,3,2027-01,0.6831,2026,10
-57.5,-72.5,3,2027-01,0.7097,2026,10
-57.5,-71.5,3,2027-01,0.6934,2026,10
-57.5,-70.5,3,2027-01,0.6138,2026,10
-57.5,-69.5,3,2027-01,0.4798,2026,10
-57.5,-68.5,3,2027-01,0.3968,2026,10
-57.5,-67.5,3,2027-01,0.3748,2026,10
-57.5,-66.5,3,2027-01,0.2747,2026,10
-57.5,-65.5,3,2027-01,0.1433,2026,10
-57.5,-64.5,3,2027-01,0.1468,2026,10
-57.5,-63.5,3,2027-01,0.1748,2026,10
-57.5,-62.5,3,2027-01,0.1282,2026,10
-57.5,-61.5,3,2027-01,0.0938,2026,10
-57.5,-60.5,3,2027-01,0.1009,2026,10
-57.5,-59.5,3,2027-01,0.0772,2026,10
-57.5,-58.5,3,2027-01,0.1114,2026,10
-57.5,-57.5,3,2027-01,0.1592,2026,10
-57.5,-56.5,3,2027-01,0.1817,2026,10
-57.5,-55.5,3,2027-01,0.2129,2026,10
-57.5,-54.5,3,2027-01,0.2259,2026,10
-57.5,-53.5,3,2027-01,0.2578,2026,10
-57.5,-52.5,3,2027-01,0.3013,2026,10
-57.5,-51.5,3,2027-01,0.3404,2026,10
-57.5,-50.5,3,2027-01,0.3855,2026,10
-57.5,-49.5,3,2027-01,0.397,2026,10
-57.5,-48.5,3,2027-01,0.3296,2026,10
-57.5,-47.5,3,2027-01,0.2735,2026,10
-57.5,-46.5,3,2027-01,0.252,2026,10
-57.5,-45.5,3,2027-01,0.2224,2026,10
-57.5,-44.5,3,2027-01,0.1436,2026,10
-57.5,-43.5,3,2027-01,0.042,2026,10
-57.5,-42.5,3,2027-01,0.0291,2026,10
-57.5,-41.5,3,2027-01,0.0664,2026,10
-57.5,-40.5,3,2027-01,0.0638,2026,10
-57.5,-39.5,3,2027-01,-0.0141,2026,10
-57.5,-38.5,3,2027-01,-0.1147,2026,10
-57.5,-37.5,3,2027-01,-0.2124,2026,10
-57.5,-36.5,3,2027-01,-0.3508,2026,10
-57.5,-35.5,3,2027-01,-0.5451,2026,10
-57.5,-34.5,3,2027-01,-0.7241,2026,10
-57.5,-33.5,3,2027-01,-0.7065,2026,10
-57.5,-32.5,3,2027-01,-0.6555,2026,10
-57.5,-31.5,3,2027-01,-0.6084,2026,10
-57.5,-30.5,3,2027-01,-0.6208,2026,10
-58.5,-89.5,3,2027-01,0.7876,2026,10
-58.5,-88.5,3,2027-01,0.8138,2026,10
-58.5,-87.5,3,2027-01,0.8055,2026,10
-58.5,-86.5,3,2027-01,0.7415,2026,10
-58.5,-85.5,3,2027-01,0.6914,2026,10
-58.5,-84.5,3,2027-01,0.6709,2026,10
-58.5,-83.5,3,2027-01,0.6626,2026,10
-58.5,-82.5,3,2027-01,0.6668,2026,10
-58.5,-81.5,3,2027-01,0.6585,2026,10
-58.5,-80.5,3,2027-01,0.6441,2026,10
-58.5,-79.5,3,2027-01,0.6309,2026,10
-58.5,-78.5,3,2027-01,0.6145,2026,10
-58.5,-77.5,3,2027-01,0.6153,2026,10
-58.5,-76.5,3,2027-01,0.6314,2026,10
-58.5,-75.5,3,2027-01,0.6128,2026,10
-58.5,-74.5,3,2027-01,0.5635,2026,10
-58.5,-73.5,3,2027-01,0.5537,2026,10
-58.5,-72.5,3,2027-01,0.5909,2026,10
-58.5,-71.5,3,2027-01,0.6094,2026,10
-58.5,-70.5,3,2027-01,0.5413,2026,10
-58.5,-69.5,3,2027-01,0.3675,2026,10
-58.5,-68.5,3,2027-01,0.2032,2026,10
-58.5,-67.5,3,2027-01,0.1726,2026,10
-58.5,-66.5,3,2027-01,0.115,2026,10
-58.5,-65.5,3,2027-01,-0.0307,2026,10
-58.5,-64.5,3,2027-01,-0.0412,2026,10
-58.5,-63.5,3,2027-01,0.0628,2026,10
-58.5,-62.5,3,2027-01,0.1096,2026,10
-58.5,-61.5,3,2027-01,0.1187,2026,10
-58.5,-60.5,3,2027-01,0.1214,2026,10
-58.5,-59.5,3,2027-01,0.0845,2026,10
-58.5,-58.5,3,2027-01,0.0889,2026,10
-58.5,-57.5,3,2027-01,0.1233,2026,10
-58.5,-56.5,3,2027-01,0.1548,2026,10
-58.5,-55.5,3,2027-01,0.1831,2026,10
-58.5,-54.5,3,2027-01,0.2242,2026,10
-58.5,-53.5,3,2027-01,0.2556,2026,10
-58.5,-52.5,3,2027-01,0.2649,2026,10
-58.5,-51.5,3,2027-01,0.2784,2026,10
-58.5,-50.5,3,2027-01,0.2945,2026,10
-58.5,-49.5,3,2027-01,0.3128,2026,10
-58.5,-48.5,3,2027-01,0.262,2026,10
-58.5,-47.5,3,2027-01,0.2122,2026,10
-58.5,-46.5,3,2027-01,0.2107,2026,10
-58.5,-45.5,3,2027-01,0.1761,2026,10
-58.5,-44.5,3,2027-01,0.1453,2026,10
-58.5,-43.5,3,2027-01,0.041,2026,10
-58.5,-42.5,3,2027-01,-0.0857,2026,10
-58.5,-41.5,3,2027-01,-0.1037,2026,10
-58.5,-40.5,3,2027-01,-0.115,2026,10
-58.5,-39.5,3,2027-01,-0.1508,2026,10
-58.5,-38.5,3,2027-01,-0.195,2026,10
-58.5,-37.5,3,2027-01,-0.3208,2026,10
-58.5,-36.5,3,2027-01,-0.4529,2026,10
-58.5,-35.5,3,2027-01,-0.5952,2026,10
-58.5,-34.5,3,2027-01,-0.7444,2026,10
-58.5,-33.5,3,2027-01,-0.6831,2026,10
-58.5,-32.5,3,2027-01,-0.6015,2026,10
-58.5,-31.5,3,2027-01,-0.6008,2026,10
-58.5,-30.5,3,2027-01,-0.6023,2026,10
-59.5,-89.5,3,2027-01,0.7598,2026,10
-59.5,-88.5,3,2027-01,0.7527,2026,10
-59.5,-87.5,3,2027-01,0.7283,2026,10
-59.5,-86.5,3,2027-01,0.6973,2026,10
-59.5,-85.5,3,2027-01,0.6477,2026,10
-59.5,-84.5,3,2027-01,0.6292,2026,10
-59.5,-83.5,3,2027-01,0.6472,2026,10
-59.5,-82.5,3,2027-01,0.6536,2026,10
-59.5,-81.5,3,2027-01,0.6402,2026,10
-59.5,-80.5,3,2027-01,0.5996,2026,10
-59.5,-79.5,3,2027-01,0.5879,2026,10
-59.5,-78.5,3,2027-01,0.5774,2026,10
-59.5,-77.5,3,2027-01,0.553,2026,10
-59.5,-76.5,3,2027-01,0.5589,2026,10
-59.5,-75.5,3,2027-01,0.5515,2026,10
-59.5,-74.5,3,2027-01,0.4898,2026,10
-59.5,-73.5,3,2027-01,0.4107,2026,10
-59.5,-72.5,3,2027-01,0.4031,2026,10
-59.5,-71.5,3,2027-01,0.4744,2026,10
-59.5,-70.5,3,2027-01,0.5418,2026,10
-59.5,-69.5,3,2027-01,0.5603,2026,10
-59.5,-68.5,3,2027-01,0.4773,2026,10
-59.5,-67.5,3,2027-01,0.293,2026,10
-59.5,-66.5,3,2027-01,0.1643,2026,10
-59.5,-65.5,3,2027-01,0.0899,2026,10
-59.5,-64.5,3,2027-01,0.0484,2026,10
-59.5,-63.5,3,2027-01,0.0867,2026,10
-59.5,-62.5,3,2027-01,0.1272,2026,10
-59.5,-61.5,3,2027-01,0.128,2026,10
-59.5,-60.5,3,2027-01,0.0943,2026,10
-59.5,-59.5,3,2027-01,0.0591,2026,10
-59.5,-58.5,3,2027-01,0.0745,2026,10
-59.5,-57.5,3,2027-01,0.1123,2026,10
-59.5,-56.5,3,2027-01,0.1475,2026,10
-59.5,-55.5,3,2027-01,0.2202,2026,10
-59.5,-54.5,3,2027-01,0.2637,2026,10
-59.5,-53.5,3,2027-01,0.2554,2026,10
-59.5,-52.5,3,2027-01,0.2671,2026,10
-59.5,-51.5,3,2027-01,0.2464,2026,10
-59.5,-50.5,3,2027-01,0.2237,2026,10
-59.5,-49.5,3,2027-01,0.2681,2026,10
-59.5,-48.5,3,2027-01,0.2346,2026,10
-59.5,-47.5,3,2027-01,0.1353,2026,10
-59.5,-46.5,3,2027-01,0.0835,2026,10
-59.5,-45.5,3,2027-01,0.0642,2026,10
-59.5,-44.5,3,2027-01,0.0362,2026,10
-59.5,-43.5,3,2027-01,-0.0915,2026,10
-59.5,-42.5,3,2027-01,-0.2307,2026,10
-59.5,-41.5,3,2027-01,-0.2895,2026,10
-59.5,-40.5,3,2027-01,-0.3488,2026,10
-59.5,-39.5,3,2027-01,-0.3794,2026,10
-59.5,-38.5,3,2027-01,-0.3828,2026,10
-59.5,-37.5,3,2027-01,-0.4304,2026,10
-59.5,-36.5,3,2027-01,-0.4287,2026,10
-59.5,-35.5,3,2027-01,-0.4265,2026,10
-59.5,-34.5,3,2027-01,-0.4958,2026,10
-59.5,-33.5,3,2027-01,-0.4824,2026,10
-59.5,-32.5,3,2027-01,-0.4126,2026,10
-59.5,-31.5,3,2027-01,-0.3789,2026,10
-59.5,-30.5,3,2027-01,-0.372,2026,10
