lat,lon,lead_month,forecast_date,anom,init_year,init_month
14.5,-89.5,1,2026-11,5.4,2026,10
14.5,-88.5,1,2026-11,6.72,2026,10
14.5,-87.5,1,2026-11,5.3,2026,10
14.5,-86.5,1,2026-11,4.07,2026,10
14.5,-85.5,1,2026-11,4.47,2026,10
14.5,-84.5,1,2026-11,5.79,2026,10
14.5,-83.5,1,2026-11,7.68,2026,10
14.5,-82.5,1,2026-11,7.69,2026,10
14.5,-81.5,1,2026-11,5.36,2026,10
14.5,-80.5,1,2026-11,4.58,2026,10
14.5,-79.5,1,2026-11,4.19,2026,10
14.5,-78.5,1,2026-11,3.99,2026,10
14.5,-77.5,1,2026-11,3.71,2026,10
14.5,-76.5,1,2026-11,3.55,2026,10
14.5,-75.5,1,2026-11,3.36,2026,10
14.5,-74.5,1,2026-11,3.13,2026,10
14.5,-73.5,1,2026-11,2.93,2026,10
14.5,-72.5,1,2026-11,2.78,2026,10
14.5,-71.5,1,2026-11,2.53,2026,10
14.5,-70.5,1,2026-11,2.36,2026,10
14.5,-69.5,1,2026-11,2.28,2026,10
14.5,-68.5,1,2026-11,2.19,2026,10
14.5,-67.5,1,2026-11,2.21,2026,10
14.5,-66.5,1,2026-11,2.23,2026,10
14.5,-65.5,1,2026-11,2.39,2026,10
14.5,-64.5,1,2026-11,2.69,2026,10
14.5,-63.5,1,2026-11,3.07,2026,10
14.5,-62.5,1,2026-11,3.19,2026,10
14.5,-61.5,1,2026-11,3.1,2026,10
14.5,-60.5,1,2026-11,3.31,2026,10
14.5,-59.5,1,2026-11,3.1,2026,10
14.5,-58.5,1,2026-11,3.08,2026,10
14.5,-57.5,1,2026-11,3.17,2026,10
14.5,-56.5,1,2026-11,3.39,2026,10
14.5,-55.5,1,2026-11,3.7,2026,10
14.5,-54.5,1,2026-11,3.79,2026,10
14.5,-53.5,1,2026-11,3.76,2026,10
14.5,-52.5,1,2026-11,3.71,2026,10
14.5,-51.5,1,2026-11,3.74,2026,10
14.5,-50.5,1,2026-11,3.92,2026,10
14.5,-49.5,1,2026-11,4.08,2026,10
14.5,-48.5,1,2026-11,4.21,2026,10
14.5,-47.5,1,2026-11,4.33,2026,10
14.5,-46.5,1,2026-11,4.44,2026,10
14.5,-45.5,1,2026-11,4.68,2026,10
14.5,-44.5,1,2026-11,4.82,2026,10
14.5,-43.5,1,2026-11,4.76,2026,10
14.5,-42.5,1,2026-11,4.74,2026,10
14.5,-41.5,1,2026-11,4.91,2026,10
14.5,-40.5,1,2026-11,4.92,2026,10
14.5,-39.5,1,2026-11,4.89,2026,10
14.5,-38.5,1,2026-11,4.82,2026,10
14.5,-37.5,1,2026-11,4.84,2026,10
14.5,-36.5,1,2026-11,4.96,2026,10
14.5,-35.5,1,2026-11,5.1,2026,10
14.5,-34.5,1,2026-11,5.13,2026,10
14.5,-33.5,1,2026-11,5.24,2026,10
14.5,-32.5,1,2026-11,5.23,2026,10
14.5,-31.5,1,2026-11,5.26,2026,10
14.5,-30.5,1,2026-11,5.1,2026,10
13.5,-89.5,1,2026-11,6.01,2026,10
13.5,-88.5,1,2026-11,6.92,2026,10
13.5,-87.5,1,2026-11,7.29,2026,10
13.5,-86.5,1,2026-11,5.33,2026,10
13.5,-85.5,1,2026-11,5.02,2026,10
13.5,-84.5,1,2026-11,5.93,2026,10
13.5,-83.5,1,2026-11,9.0,2026,10
13.5,-82.5,1,2026-11,7.61,2026,10
13.5,-81.5,1,2026-11,5.79,2026,10
13.5,-80.5,1,2026-11,5.03,2026,10
13.5,-79.5,1,2026-11,4.65,2026,10
13.5,-78.5,1,2026-11,4.25,2026,10
13.5,-77.5,1,2026-11,3.88,2026,10
13.5,-76.5,1,2026-11,3.7,2026,10
13.5,-75.5,1,2026-11,3.35,2026,10
13.5,-74.5,1,2026-11,3.23,2026,10
13.5,-73.5,1,2026-11,2.8,2026,10
13.5,-72.5,1,2026-11,2.36,2026,10
13.5,-71.5,1,2026-11,1.84,2026,10
13.5,-70.5,1,2026-11,1.73,2026,10
13.5,-69.5,1,2026-11,1.79,2026,10
13.5,-68.5,1,2026-11,1.76,2026,10
13.5,-67.5,1,2026-11,1.66,2026,10
13.5,-66.5,1,2026-11,1.59,2026,10
13.5,-65.5,1,2026-11,1.73,2026,10
13.5,-64.5,1,2026-11,2.12,2026,10
13.5,-63.5,1,2026-11,2.74,2026,10
13.5,-62.5,1,2026-11,3.26,2026,10
13.5,-61.5,1,2026-11,3.23,2026,10
13.5,-60.5,1,2026-11,3.29,2026,10
13.5,-59.5,1,2026-11,3.29,2026,10
13.5,-58.5,1,2026-11,3.47,2026,10
13.5,-57.5,1,2026-11,3.74,2026,10
13.5,-56.5,1,2026-11,4.01,2026,10
13.5,-55.5,1,2026-11,4.33,2026,10
13.5,-54.5,1,2026-11,4.34,2026,10
13.5,-53.5,1,2026-11,4.33,2026,10
13.5,-52.5,1,2026-11,4.32,2026,10
13.5,-51.5,1,2026-11,4.42,2026,10
13.5,-50.5,1,2026-11,4.59,2026,10
13.5,-49.5,1,2026-11,4.83,2026,10
13.5,-48.5,1,2026-11,5.06,2026,10
13.5,-47.5,1,2026-11,5.13,2026,10
13.5,-46.5,1,2026-11,5.14,2026,10
13.5,-45.5,1,2026-11,5.28,2026,10
13.5,-44.5,1,2026-11,5.47,2026,10
13.5,-43.5,1,2026-11,5.55,2026,10
13.5,-42.5,1,2026-11,5.61,2026,10
13.5,-41.5,1,2026-11,5.86,2026,10
13.5,-40.5,1,2026-11,6.13,2026,10
13.5,-39.5,1,2026-11,6.17,2026,10
13.5,-38.5,1,2026-11,5.73,2026,10
13.5,-37.5,1,2026-11,5.61,2026,10
13.5,-36.5,1,2026-11,5.81,2026,10
13.5,-35.5,1,2026-11,5.81,2026,10
13.5,-34.5,1,2026-11,5.84,2026,10
13.5,-33.5,1,2026-11,5.94,2026,10
13.5,-32.5,1,2026-11,6.2,2026,10
13.5,-31.5,1,2026-11,6.25,2026,10
13.5,-30.5,1,2026-11,5.87,2026,10
12.5,-89.5,1,2026-11,6.46,2026,10
12.5,-88.5,1,2026-11,7.38,2026,10
12.5,-87.5,1,2026-11,7.79,2026,10
12.5,-86.5,1,2026-11,6.14,2026,10
12.5,-85.5,1,2026-11,4.57,2026,10
12.5,-84.5,1,2026-11,6.01,2026,10
12.5,-83.5,1,2026-11,9.9,2026,10
12.5,-82.5,1,2026-11,7.4,2026,10
12.5,-81.5,1,2026-11,6.19,2026,10
12.5,-80.5,1,2026-11,5.98,2026,10
12.5,-79.5,1,2026-11,5.6,2026,10
12.5,-78.5,1,2026-11,5.49,2026,10
12.5,-77.5,1,2026-11,5.05,2026,10
12.5,-76.5,1,2026-11,4.51,2026,10
12.5,-75.5,1,2026-11,4.3,2026,10
12.5,-74.5,1,2026-11,4.37,2026,10
12.5,-73.5,1,2026-11,4.17,2026,10
12.5,-72.5,1,2026-11,3.34,2026,10
12.5,-71.5,1,2026-11,1.75,2026,10
12.5,-70.5,1,2026-11,1.26,2026,10
12.5,-69.5,1,2026-11,1.7,2026,10
12.5,-68.5,1,2026-11,1.9,2026,10
12.5,-67.5,1,2026-11,1.6,2026,10
12.5,-66.5,1,2026-11,1.49,2026,10
12.5,-65.5,1,2026-11,1.36,2026,10
12.5,-64.5,1,2026-11,1.62,2026,10
12.5,-63.5,1,2026-11,2.17,2026,10
12.5,-62.5,1,2026-11,3.11,2026,10
12.5,-61.5,1,2026-11,3.35,2026,10
12.5,-60.5,1,2026-11,3.46,2026,10
12.5,-59.5,1,2026-11,3.51,2026,10
12.5,-58.5,1,2026-11,3.81,2026,10
12.5,-57.5,1,2026-11,4.16,2026,10
12.5,-56.5,1,2026-11,4.46,2026,10
12.5,-55.5,1,2026-11,4.73,2026,10
12.5,-54.5,1,2026-11,4.83,2026,10
12.5,-53.5,1,2026-11,5.05,2026,10
12.5,-52.5,1,2026-11,5.18,2026,10
12.5,-51.5,1,2026-11,5.19,2026,10
12.5,-50.5,1,2026-11,5.42,2026,10
12.5,-49.5,1,2026-11,5.63,2026,10
12.5,-48.5,1,2026-11,5.81,2026,10
12.5,-47.5,1,2026-11,5.69,2026,10
12.5,-46.5,1,2026-11,5.74,2026,10
12.5,-45.5,1,2026-11,6.06,2026,10
12.5,-44.5,1,2026-11,6.35,2026,10
12.5,-43.5,1,2026-11,6.33,2026,10
12.5,-42.5,1,2026-11,6.22,2026,10
12.5,-41.5,1,2026-11,6.42,2026,10
12.5,-40.5,1,2026-11,6.73,2026,10
12.5,-39.5,1,2026-11,6.78,2026,10
12.5,-38.5,1,2026-11,6.79,2026,10
12.5,-37.5,1,2026-11,6.85,2026,10
12.5,-36.5,1,2026-11,6.66,2026,10
12.5,-35.5,1,2026-11,6.32,2026,10
12.5,-34.5,1,2026-11,6.57,2026,10
12.5,-33.5,1,2026-11,6.83,2026,10
12.5,-32.5,1,2026-11,7.03,2026,10
12.5,-31.5,1,2026-11,7.0,2026,10
12.5,-30.5,1,2026-11,6.67,2026,10
11.5,-89.5,1,2026-11,7.05,2026,10
11.5,-88.5,1,2026-11,7.84,2026,10
11.5,-87.5,1,2026-11,8.24,2026,10
11.5,-86.5,1,2026-11,6.31,2026,10
11.5,-85.5,1,2026-11,6.46,2026,10
11.5,-84.5,1,2026-11,6.74,2026,10
11.5,-83.5,1,2026-11,10.32,2026,10
11.5,-82.5,1,2026-11,7.4,2026,10
11.5,-81.5,1,2026-11,7.07,2026,10
11.5,-80.5,1,2026-11,6.41,2026,10
11.5,-79.5,1,2026-11,6.35,2026,10
11.5,-78.5,1,2026-11,6.08,2026,10
11.5,-77.5,1,2026-11,5.86,2026,10
11.5,-76.5,1,2026-11,5.46,2026,10
11.5,-75.5,1,2026-11,5.15,2026,10
11.5,-74.5,1,2026-11,6.42,2026,10
11.5,-73.5,1,2026-11,6.62,2026,10
11.5,-72.5,1,2026-11,6.71,2026,10
11.5,-71.5,1,2026-11,4.28,2026,10
11.5,-70.5,1,2026-11,2.47,2026,10
11.5,-69.5,1,2026-11,3.26,2026,10
11.5,-68.5,1,2026-11,2.67,2026,10
11.5,-67.5,1,2026-11,1.83,2026,10
11.5,-66.5,1,2026-11,1.83,2026,10
11.5,-65.5,1,2026-11,1.25,2026,10
11.5,-64.5,1,2026-11,0.84,2026,10
11.5,-63.5,1,2026-11,1.37,2026,10
11.5,-62.5,1,2026-11,2.6,2026,10
11.5,-61.5,1,2026-11,3.18,2026,10
11.5,-60.5,1,2026-11,3.91,2026,10
11.5,-59.5,1,2026-11,4.0,2026,10
11.5,-58.5,1,2026-11,4.11,2026,10
11.5,-57.5,1,2026-11,4.5,2026,10
11.5,-56.5,1,2026-11,4.75,2026,10
11.5,-55.5,1,2026-11,4.85,2026,10
11.5,-54.5,1,2026-11,5.15,2026,10
11.5,-53.5,1,2026-11,5.61,2026,10
11.5,-52.5,1,2026-11,5.92,2026,10
11.5,-51.5,1,2026-11,6.04,2026,10
11.5,-50.5,1,2026-11,6.35,2026,10
11.5,-49.5,1,2026-11,6.64,2026,10
11.5,-48.5,1,2026-11,6.74,2026,10
11.5,-47.5,1,2026-11,6.64,2026,10
11.5,-46.5,1,2026-11,6.64,2026,10
11.5,-45.5,1,2026-11,6.85,2026,10
11.5,-44.5,1,2026-11,7.22,2026,10
11.5,-43.5,1,2026-11,7.27,2026,10
11.5,-42.5,1,2026-11,6.67,2026,10
11.5,-41.5,1,2026-11,6.6,2026,10
11.5,-40.5,1,2026-11,7.06,2026,10
11.5,-39.5,1,2026-11,7.4,2026,10
11.5,-38.5,1,2026-11,7.67,2026,10
11.5,-37.5,1,2026-11,7.85,2026,10
11.5,-36.5,1,2026-11,8.17,2026,10
11.5,-35.5,1,2026-11,8.23,2026,10
11.5,-34.5,1,2026-11,8.32,2026,10
11.5,-33.5,1,2026-11,8.43,2026,10
11.5,-32.5,1,2026-11,8.37,2026,10
11.5,-31.5,1,2026-11,8.24,2026,10
11.5,-30.5,1,2026-11,8.01,2026,10
10.5,-89.5,1,2026-11,8.77,2026,10
10.5,-88.5,1,2026-11,9.31,2026,10
10.5,-87.5,1,2026-11,9.18,2026,10
10.5,-86.5,1,2026-11,8.36,2026,10
10.5,-85.5,1,2026-11,7.82,2026,10
10.5,-84.5,1,2026-11,10.43,2026,10
10.5,-83.5,1,2026-11,8.76,2026,10
10.5,-82.5,1,2026-11,8.3,2026,10
10.5,-81.5,1,2026-11,7.69,2026,10
10.5,-80.5,1,2026-11,7.37,2026,10
10.5,-79.5,1,2026-11,6.7,2026,10
10.5,-78.5,1,2026-11,6.34,2026,10
10.5,-77.5,1,2026-11,5.91,2026,10
10.5,-76.5,1,2026-11,5.5,2026,10
10.5,-75.5,1,2026-11,5.88,2026,10
10.5,-74.5,1,2026-11,7.97,2026,10
10.5,-73.5,1,2026-11,9.3,2026,10
10.5,-72.5,1,2026-11,7.16,2026,10
10.5,-71.5,1,2026-11,6.55,2026,10
10.5,-70.5,1,2026-11,6.05,2026,10
10.5,-69.5,1,2026-11,3.47,2026,10
10.5,-68.5,1,2026-11,4.77,2026,10
10.5,-67.5,1,2026-11,4.84,2026,10
10.5,-66.5,1,2026-11,4.01,2026,10
10.5,-65.5,1,2026-11,2.46,2026,10
10.5,-64.5,1,2026-11,1.88,2026,10
10.5,-63.5,1,2026-11,2.66,2026,10
10.5,-62.5,1,2026-11,4.42,2026,10
10.5,-61.5,1,2026-11,3.27,2026,10
10.5,-60.5,1,2026-11,3.87,2026,10
10.5,-59.5,1,2026-11,3.7,2026,10
10.5,-58.5,1,2026-11,3.71,2026,10
10.5,-57.5,1,2026-11,3.83,2026,10
10.5,-56.5,1,2026-11,4.24,2026,10
10.5,-55.5,1,2026-11,4.69,2026,10
10.5,-54.5,1,2026-11,5.12,2026,10
10.5,-53.5,1,2026-11,5.52,2026,10
10.5,-52.5,1,2026-11,6.1,2026,10
10.5,-51.5,1,2026-11,6.55,2026,10
10.5,-50.5,1,2026-11,6.74,2026,10
10.5,-49.5,1,2026-11,7.1,2026,10
10.5,-48.5,1,2026-11,7.51,2026,10
10.5,-47.5,1,2026-11,7.75,2026,10
10.5,-46.5,1,2026-11,7.74,2026,10
10.5,-45.5,1,2026-11,7.73,2026,10
10.5,-44.5,1,2026-11,8.04,2026,10
10.5,-43.5,1,2026-11,8.28,2026,10
10.5,-42.5,1,2026-11,7.77,2026,10
10.5,-41.5,1,2026-11,7.43,2026,10
10.5,-40.5,1,2026-11,7.69,2026,10
10.5,-39.5,1,2026-11,8.25,2026,10
10.5,-38.5,1,2026-11,8.8,2026,10
10.5,-37.5,1,2026-11,9.1,2026,10
10.5,-36.5,1,2026-11,9.32,2026,10
10.5,-35.5,1,2026-11,9.89,2026,10
10.5,-34.5,1,2026-11,10.29,2026,10
10.5,-33.5,1,2026-11,10.52,2026,10
10.5,-32.5,1,2026-11,10.18,2026,10
10.5,-31.5,1,2026-11,9.97,2026,10
10.5,-30.5,1,2026-11,10.23,2026,10
9.5,-89.5,1,2026-11,9.96,2026,10
9.5,-88.5,1,2026-11,10.01,2026,10
9.5,-87.5,1,2026-11,9.54,2026,10
9.5,-86.5,1,2026-11,8.6,2026,10
9.5,-85.5,1,2026-11,8.78,2026,10
9.5,-84.5,1,2026-11,12.08,2026,10
9.5,-83.5,1,2026-11,12.68,2026,10
9.5,-82.5,1,2026-11,7.72,2026,10
9.5,-81.5,1,2026-11,8.37,2026,10
9.5,-80.5,1,2026-11,8.24,2026,10
9.5,-79.5,1,2026-11,8.02,2026,10
9.5,-78.5,1,2026-11,7.12,2026,10
9.5,-77.5,1,2026-11,6.22,2026,10
9.5,-76.5,1,2026-11,7.51,2026,10
9.5,-75.5,1,2026-11,7.11,2026,10
9.5,-74.5,1,2026-11,7.48,2026,10
9.5,-73.5,1,2026-11,7.11,2026,10
9.5,-72.5,1,2026-11,8.24,2026,10
9.5,-71.5,1,2026-11,8.25,2026,10
9.5,-70.5,1,2026-11,6.64,2026,10
9.5,-69.5,1,2026-11,4.46,2026,10
9.5,-68.5,1,2026-11,4.44,2026,10
9.5,-67.5,1,2026-11,3.7,2026,10
9.5,-66.5,1,2026-11,3.06,2026,10
9.5,-65.5,1,2026-11,2.65,2026,10
9.5,-64.5,1,2026-11,2.0,2026,10
9.5,-63.5,1,2026-11,2.07,2026,10
9.5,-62.5,1,2026-11,3.48,2026,10
9.5,-61.5,1,2026-11,3.7,2026,10
9.5,-60.5,1,2026-11,3.5,2026,10
9.5,-59.5,1,2026-11,3.29,2026,10
9.5,-58.5,1,2026-11,3.15,2026,10
9.5,-57.5,1,2026-11,3.12,2026,10
9.5,-56.5,1,2026-11,3.28,2026,10
9.5,-55.5,1,2026-11,3.62,2026,10
9.5,-54.5,1,2026-11,3.94,2026,10
9.5,-53.5,1,2026-11,4.5,2026,10
9.5,-52.5,1,2026-11,4.77,2026,10
9.5,-51.5,1,2026-11,5.05,2026,10
9.5,-50.5,1,2026-11,5.86,2026,10
9.5,-49.5,1,2026-11,6.63,2026,10
9.5,-48.5,1,2026-11,7.25,2026,10
9.5,-47.5,1,2026-11,7.6,2026,10
9.5,-46.5,1,2026-11,7.88,2026,10
9.5,-45.5,1,2026-11,8.16,2026,10
9.5,-44.5,1,2026-11,8.73,2026,10
9.5,-43.5,1,2026-11,9.1,2026,10
9.5,-42.5,1,2026-11,9.16,2026,10
9.5,-41.5,1,2026-11,9.11,2026,10
9.5,-40.5,1,2026-11,9.25,2026,10
9.5,-39.5,1,2026-11,9.74,2026,10
9.5,-38.5,1,2026-11,10.12,2026,10
9.5,-37.5,1,2026-11,10.41,2026,10
9.5,-36.5,1,2026-11,10.61,2026,10
9.5,-35.5,1,2026-11,10.96,2026,10
9.5,-34.5,1,2026-11,11.8,2026,10
9.5,-33.5,1,2026-11,12.56,2026,10
9.5,-32.5,1,2026-11,12.68,2026,10
9.5,-31.5,1,2026-11,12.55,2026,10
9.5,-30.5,1,2026-11,12.32,2026,10
8.5,-89.5,1,2026-11,10.54,2026,10
8.5,-88.5,1,2026-11,10.72,2026,10
8.5,-87.5,1,2026-11,10.4,2026,10
8.5,-86.5,1,2026-11,9.63,2026,10
8.5,-85.5,1,2026-11,9.19,2026,10
8.5,-84.5,1,2026-11,9.71,2026,10
8.5,-83.5,1,2026-11,10.16,2026,10
8.5,-82.5,1,2026-11,11.21,2026,10
8.5,-81.5,1,2026-11,11.17,2026,10
8.5,-80.5,1,2026-11,8.78,2026,10
8.5,-79.5,1,2026-11,8.74,2026,10
8.5,-78.5,1,2026-11,9.48,2026,10
8.5,-77.5,1,2026-11,8.67,2026,10
8.5,-76.5,1,2026-11,8.95,2026,10
8.5,-75.5,1,2026-11,8.96,2026,10
8.5,-74.5,1,2026-11,11.42,2026,10
8.5,-73.5,1,2026-11,8.71,2026,10
8.5,-72.5,1,2026-11,8.06,2026,10
8.5,-71.5,1,2026-11,9.0,2026,10
8.5,-70.5,1,2026-11,6.04,2026,10
8.5,-69.5,1,2026-11,5.36,2026,10
8.5,-68.5,1,2026-11,4.32,2026,10
8.5,-67.5,1,2026-11,3.81,2026,10
8.5,-66.5,1,2026-11,2.93,2026,10
8.5,-65.5,1,2026-11,2.63,2026,10
8.5,-64.5,1,2026-11,1.74,2026,10
8.5,-63.5,1,2026-11,1.38,2026,10
8.5,-62.5,1,2026-11,1.89,2026,10
8.5,-61.5,1,2026-11,2.73,2026,10
8.5,-60.5,1,2026-11,3.67,2026,10
8.5,-59.5,1,2026-11,2.98,2026,10
8.5,-58.5,1,2026-11,2.38,2026,10
8.5,-57.5,1,2026-11,2.25,2026,10
8.5,-56.5,1,2026-11,2.18,2026,10
8.5,-55.5,1,2026-11,2.31,2026,10
8.5,-54.5,1,2026-11,2.25,2026,10
8.5,-53.5,1,2026-11,2.64,2026,10
8.5,-52.5,1,2026-11,3.04,2026,10
8.5,-51.5,1,2026-11,3.51,2026,10
8.5,-50.5,1,2026-11,3.98,2026,10
8.5,-49.5,1,2026-11,4.95,2026,10
8.5,-48.5,1,2026-11,6.16,2026,10
8.5,-47.5,1,2026-11,6.73,2026,10
8.5,-46.5,1,2026-11,7.27,2026,10
8.5,-45.5,1,2026-11,7.82,2026,10
8.5,-44.5,1,2026-11,8.26,2026,10
8.5,-43.5,1,2026-11,8.74,2026,10
8.5,-42.5,1,2026-11,9.1,2026,10
8.5,-41.5,1,2026-11,9.42,2026,10
8.5,-40.5,1,2026-11,9.49,2026,10
8.5,-39.5,1,2026-11,9.4,2026,10
8.5,-38.5,1,2026-11,9.62,2026,10
8.5,-37.5,1,2026-11,10.08,2026,10
8.5,-36.5,1,2026-11,10.57,2026,10
8.5,-35.5,1,2026-11,11.25,2026,10
8.5,-34.5,1,2026-11,11.43,2026,10
8.5,-33.5,1,2026-11,11.93,2026,10
8.5,-32.5,1,2026-11,12.77,2026,10
8.5,-31.5,1,2026-11,13.4,2026,10
8.5,-30.5,1,2026-11,13.04,2026,10
7.5,-89.5,1,2026-11,11.12,2026,10
7.5,-88.5,1,2026-11,12.43,2026,10
7.5,-87.5,1,2026-11,11.88,2026,10
7.5,-86.5,1,2026-11,10.34,2026,10
7.5,-85.5,1,2026-11,10.07,2026,10
7.5,-84.5,1,2026-11,9.1,2026,10
7.5,-83.5,1,2026-11,9.23,2026,10
7.5,-82.5,1,2026-11,8.66,2026,10
7.5,-81.5,1,2026-11,9.49,2026,10
7.5,-80.5,1,2026-11,9.1,2026,10
7.5,-79.5,1,2026-11,10.08,2026,10
7.5,-78.5,1,2026-11,10.4,2026,10
7.5,-77.5,1,2026-11,10.58,2026,10
7.5,-76.5,1,2026-11,12.2,2026,10
7.5,-75.5,1,2026-11,12.65,2026,10
7.5,-74.5,1,2026-11,11.33,2026,10
7.5,-73.5,1,2026-11,11.53,2026,10
7.5,-72.5,1,2026-11,6.03,2026,10
7.5,-71.5,1,2026-11,5.1,2026,10
7.5,-70.5,1,2026-11,6.4,2026,10
7.5,-69.5,1,2026-11,5.01,2026,10
7.5,-68.5,1,2026-11,4.52,2026,10
7.5,-67.5,1,2026-11,3.82,2026,10
7.5,-66.5,1,2026-11,3.08,2026,10
7.5,-65.5,1,2026-11,2.91,2026,10
7.5,-64.5,1,2026-11,2.52,2026,10
7.5,-63.5,1,2026-11,1.48,2026,10
7.5,-62.5,1,2026-11,1.43,2026,10
7.5,-61.5,1,2026-11,1.51,2026,10
7.5,-60.5,1,2026-11,2.36,2026,10
7.5,-59.5,1,2026-11,3.44,2026,10
7.5,-58.5,1,2026-11,2.23,2026,10
7.5,-57.5,1,2026-11,1.23,2026,10
7.5,-56.5,1,2026-11,1.16,2026,10
7.5,-55.5,1,2026-11,1.11,2026,10
7.5,-54.5,1,2026-11,1.14,2026,10
7.5,-53.5,1,2026-11,1.44,2026,10
7.5,-52.5,1,2026-11,1.98,2026,10
7.5,-51.5,1,2026-11,2.57,2026,10
7.5,-50.5,1,2026-11,2.99,2026,10
7.5,-49.5,1,2026-11,3.51,2026,10
7.5,-48.5,1,2026-11,4.46,2026,10
7.5,-47.5,1,2026-11,5.32,2026,10
7.5,-46.5,1,2026-11,5.74,2026,10
7.5,-45.5,1,2026-11,6.16,2026,10
7.5,-44.5,1,2026-11,6.58,2026,10
7.5,-43.5,1,2026-11,7.13,2026,10
7.5,-42.5,1,2026-11,7.71,2026,10
7.5,-41.5,1,2026-11,8.13,2026,10
7.5,-40.5,1,2026-11,8.12,2026,10
7.5,-39.5,1,2026-11,8.04,2026,10
7.5,-38.5,1,2026-11,8.14,2026,10
7.5,-37.5,1,2026-11,8.5,2026,10
7.5,-36.5,1,2026-11,8.89,2026,10
7.5,-35.5,1,2026-11,9.27,2026,10
7.5,-34.5,1,2026-11,9.42,2026,10
7.5,-33.5,1,2026-11,9.72,2026,10
7.5,-32.5,1,2026-11,10.38,2026,10
7.5,-31.5,1,2026-11,11.14,2026,10
7.5,-30.5,1,2026-11,11.66,2026,10
6.5,-89.5,1,2026-11,12.2,2026,10
6.5,-88.5,1,2026-11,13.51,2026,10
6.5,-87.5,1,2026-11,13.49,2026,10
6.5,-86.5,1,2026-11,12.54,2026,10
6.5,-85.5,1,2026-11,11.27,2026,10
6.5,-84.5,1,2026-11,10.62,2026,10
6.5,-83.5,1,2026-11,9.89,2026,10
6.5,-82.5,1,2026-11,9.98,2026,10
6.5,-81.5,1,2026-11,10.02,2026,10
6.5,-80.5,1,2026-11,10.46,2026,10
6.5,-79.5,1,2026-11,10.75,2026,10
6.5,-78.5,1,2026-11,11.08,2026,10
6.5,-77.5,1,2026-11,13.55,2026,10
6.5,-76.5,1,2026-11,17.48,2026,10
6.5,-75.5,1,2026-11,14.29,2026,10
6.5,-74.5,1,2026-11,10.23,2026,10
6.5,-73.5,1,2026-11,11.84,2026,10
6.5,-72.5,1,2026-11,9.77,2026,10
6.5,-71.5,1,2026-11,6.78,2026,10
6.5,-70.5,1,2026-11,6.34,2026,10
6.5,-69.5,1,2026-11,6.16,2026,10
6.5,-68.5,1,2026-11,5.29,2026,10
6.5,-67.5,1,2026-11,5.18,2026,10
6.5,-66.5,1,2026-11,5.3,2026,10
6.5,-65.5,1,2026-11,4.68,2026,10
6.5,-64.5,1,2026-11,3.56,2026,10
6.5,-63.5,1,2026-11,2.36,2026,10
6.5,-62.5,1,2026-11,2.57,2026,10
6.5,-61.5,1,2026-11,2.14,2026,10
6.5,-60.5,1,2026-11,1.83,2026,10
6.5,-59.5,1,2026-11,2.43,2026,10
6.5,-58.5,1,2026-11,2.37,2026,10
6.5,-57.5,1,2026-11,1.25,2026,10
6.5,-56.5,1,2026-11,0.5,2026,10
6.5,-55.5,1,2026-11,0.35,2026,10
6.5,-54.5,1,2026-11,0.39,2026,10
6.5,-53.5,1,2026-11,0.63,2026,10
6.5,-52.5,1,2026-11,1.13,2026,10
6.5,-51.5,1,2026-11,1.59,2026,10
6.5,-50.5,1,2026-11,2.04,2026,10
6.5,-49.5,1,2026-11,2.41,2026,10
6.5,-48.5,1,2026-11,2.8,2026,10
6.5,-47.5,1,2026-11,3.34,2026,10
6.5,-46.5,1,2026-11,3.72,2026,10
6.5,-45.5,1,2026-11,4.14,2026,10
6.5,-44.5,1,2026-11,4.57,2026,10
6.5,-43.5,1,2026-11,4.96,2026,10
6.5,-42.5,1,2026-11,5.41,2026,10
6.5,-41.5,1,2026-11,6.06,2026,10
6.5,-40.5,1,2026-11,6.44,2026,10
6.5,-39.5,1,2026-11,6.46,2026,10
6.5,-38.5,1,2026-11,6.41,2026,10
6.5,-37.5,1,2026-11,6.47,2026,10
6.5,-36.5,1,2026-11,6.78,2026,10
6.5,-35.5,1,2026-11,7.22,2026,10
6.5,-34.5,1,2026-11,7.66,2026,10
6.5,-33.5,1,2026-11,8.21,2026,10
6.5,-32.5,1,2026-11,8.98,2026,10
6.5,-31.5,1,2026-11,9.71,2026,10
6.5,-30.5,1,2026-11,9.74,2026,10
5.5,-89.5,1,2026-11,13.2,2026,10
5.5,-88.5,1,2026-11,13.69,2026,10
5.5,-87.5,1,2026-11,14.15,2026,10
5.5,-86.5,1,2026-11,13.39,2026,10
5.5,-85.5,1,2026-11,12.16,2026,10
5.5,-84.5,1,2026-11,11.66,2026,10
5.5,-83.5,1,2026-11,10.48,2026,10
5.5,-82.5,1,2026-11,10.22,2026,10
5.5,-81.5,1,2026-11,10.55,2026,10
5.5,-80.5,1,2026-11,10.66,2026,10
5.5,-79.5,1,2026-11,11.06,2026,10
5.5,-78.5,1,2026-11,11.64,2026,10
5.5,-77.5,1,2026-11,13.5,2026,10
5.5,-76.5,1,2026-11,17.4,2026,10
5.5,-75.5,1,2026-11,14.47,2026,10
5.5,-74.5,1,2026-11,13.95,2026,10
5.5,-73.5,1,2026-11,8.87,2026,10
5.5,-72.5,1,2026-11,6.66,2026,10
5.5,-71.5,1,2026-11,6.52,2026,10
5.5,-70.5,1,2026-11,6.76,2026,10
5.5,-69.5,1,2026-11,6.48,2026,10
5.5,-68.5,1,2026-11,6.59,2026,10
5.5,-67.5,1,2026-11,8.35,2026,10
5.5,-66.5,1,2026-11,4.97,2026,10
5.5,-65.5,1,2026-11,6.38,2026,10
5.5,-64.5,1,2026-11,4.46,2026,10
5.5,-63.5,1,2026-11,3.63,2026,10
5.5,-62.5,1,2026-11,4.74,2026,10
5.5,-61.5,1,2026-11,2.54,2026,10
5.5,-60.5,1,2026-11,2.09,2026,10
5.5,-59.5,1,2026-11,2.1,2026,10
5.5,-58.5,1,2026-11,1.71,2026,10
5.5,-57.5,1,2026-11,1.16,2026,10
5.5,-56.5,1,2026-11,0.95,2026,10
5.5,-55.5,1,2026-11,0.97,2026,10
5.5,-54.5,1,2026-11,1.24,2026,10
5.5,-53.5,1,2026-11,0.98,2026,10
5.5,-52.5,1,2026-11,0.8,2026,10
5.5,-51.5,1,2026-11,0.89,2026,10
5.5,-50.5,1,2026-11,1.17,2026,10
5.5,-49.5,1,2026-11,1.39,2026,10
5.5,-48.5,1,2026-11,1.65,2026,10
5.5,-47.5,1,2026-11,1.92,2026,10
5.5,-46.5,1,2026-11,2.13,2026,10
5.5,-45.5,1,2026-11,2.31,2026,10
5.5,-44.5,1,2026-11,2.64,2026,10
5.5,-43.5,1,2026-11,2.97,2026,10
5.5,-42.5,1,2026-11,3.34,2026,10
5.5,-41.5,1,2026-11,3.86,2026,10
5.5,-40.5,1,2026-11,4.33,2026,10
5.5,-39.5,1,2026-11,4.46,2026,10
5.5,-38.5,1,2026-11,4.57,2026,10
5.5,-37.5,1,2026-11,4.82,2026,10
5.5,-36.5,1,2026-11,5.13,2026,10
5.5,-35.5,1,2026-11,5.69,2026,10
5.5,-34.5,1,2026-11,6.28,2026,10
5.5,-33.5,1,2026-11,6.94,2026,10
5.5,-32.5,1,2026-11,7.67,2026,10
5.5,-31.5,1,2026-11,7.89,2026,10
5.5,-30.5,1,2026-11,7.75,2026,10
4.5,-89.5,1,2026-11,13.61,2026,10
4.5,-88.5,1,2026-11,12.98,2026,10
4.5,-87.5,1,2026-11,12.52,2026,10
4.5,-86.5,1,2026-11,12.09,2026,10
4.5,-85.5,1,2026-11,11.64,2026,10
4.5,-84.5,1,2026-11,10.64,2026,10
4.5,-83.5,1,2026-11,10.56,2026,10
4.5,-82.5,1,2026-11,10.73,2026,10
4.5,-81.5,1,2026-11,10.68,2026,10
4.5,-80.5,1,2026-11,10.65,2026,10
4.5,-79.5,1,2026-11,11.94,2026,10
4.5,-78.5,1,2026-11,12.68,2026,10
4.5,-77.5,1,2026-11,15.29,2026,10
4.5,-76.5,1,2026-11,18.45,2026,10
4.5,-75.5,1,2026-11,9.86,2026,10
4.5,-74.5,1,2026-11,11.81,2026,10
4.5,-73.5,1,2026-11,4.88,2026,10
4.5,-72.5,1,2026-11,7.27,2026,10
4.5,-71.5,1,2026-11,7.02,2026,10
4.5,-70.5,1,2026-11,7.81,2026,10
4.5,-69.5,1,2026-11,8.17,2026,10
4.5,-68.5,1,2026-11,7.68,2026,10
4.5,-67.5,1,2026-11,8.46,2026,10
4.5,-66.5,1,2026-11,5.86,2026,10
4.5,-65.5,1,2026-11,7.66,2026,10
4.5,-64.5,1,2026-11,4.87,2026,10
4.5,-63.5,1,2026-11,4.09,2026,10
4.5,-62.5,1,2026-11,2.92,2026,10
4.5,-61.5,1,2026-11,1.84,2026,10
4.5,-60.5,1,2026-11,1.07,2026,10
4.5,-59.5,1,2026-11,0.89,2026,10
4.5,-58.5,1,2026-11,1.03,2026,10
4.5,-57.5,1,2026-11,0.67,2026,10
4.5,-56.5,1,2026-11,0.41,2026,10
4.5,-55.5,1,2026-11,0.36,2026,10
4.5,-54.5,1,2026-11,0.6,2026,10
4.5,-53.5,1,2026-11,0.93,2026,10
4.5,-52.5,1,2026-11,1.14,2026,10
4.5,-51.5,1,2026-11,0.92,2026,10
4.5,-50.5,1,2026-11,0.74,2026,10
4.5,-49.5,1,2026-11,0.78,2026,10
4.5,-48.5,1,2026-11,0.96,2026,10
4.5,-47.5,1,2026-11,1.15,2026,10
4.5,-46.5,1,2026-11,1.31,2026,10
4.5,-45.5,1,2026-11,1.47,2026,10
4.5,-44.5,1,2026-11,1.72,2026,10
4.5,-43.5,1,2026-11,1.86,2026,10
4.5,-42.5,1,2026-11,2.02,2026,10
4.5,-41.5,1,2026-11,2.34,2026,10
4.5,-40.5,1,2026-11,2.61,2026,10
4.5,-39.5,1,2026-11,2.84,2026,10
4.5,-38.5,1,2026-11,3.02,2026,10
4.5,-37.5,1,2026-11,3.34,2026,10
4.5,-36.5,1,2026-11,3.77,2026,10
4.5,-35.5,1,2026-11,4.26,2026,10
4.5,-34.5,1,2026-11,4.72,2026,10
4.5,-33.5,1,2026-11,5.3,2026,10
4.5,-32.5,1,2026-11,5.9,2026,10
4.5,-31.5,1,2026-11,5.86,2026,10
4.5,-30.5,1,2026-11,5.74,2026,10
3.5,-89.5,1,2026-11,12.22,2026,10
3.5,-88.5,1,2026-11,11.44,2026,10
3.5,-87.5,1,2026-11,10.99,2026,10
3.5,-86.5,1,2026-11,10.38,2026,10
3.5,-85.5,1,2026-11,9.57,2026,10
3.5,-84.5,1,2026-11,9.63,2026,10
3.5,-83.5,1,2026-11,10.01,2026,10
3.5,-82.5,1,2026-11,10.42,2026,10
3.5,-81.5,1,2026-11,10.84,2026,10
3.5,-80.5,1,2026-11,11.42,2026,10
3.5,-79.5,1,2026-11,12.44,2026,10
3.5,-78.5,1,2026-11,15.15,2026,10
3.5,-77.5,1,2026-11,18.62,2026,10
3.5,-76.5,1,2026-11,18.35,2026,10
3.5,-75.5,1,2026-11,6.63,2026,10
3.5,-74.5,1,2026-11,8.71,2026,10
3.5,-73.5,1,2026-11,6.69,2026,10
3.5,-72.5,1,2026-11,7.68,2026,10
3.5,-71.5,1,2026-11,7.94,2026,10
3.5,-70.5,1,2026-11,8.8,2026,10
3.5,-69.5,1,2026-11,8.19,2026,10
3.5,-68.5,1,2026-11,7.74,2026,10
3.5,-67.5,1,2026-11,6.78,2026,10
3.5,-66.5,1,2026-11,6.66,2026,10
3.5,-65.5,1,2026-11,6.53,2026,10
3.5,-64.5,1,2026-11,4.21,2026,10
3.5,-63.5,1,2026-11,2.98,2026,10
3.5,-62.5,1,2026-11,2.26,2026,10
3.5,-61.5,1,2026-11,1.63,2026,10
3.5,-60.5,1,2026-11,1.04,2026,10
3.5,-59.5,1,2026-11,0.69,2026,10
3.5,-58.5,1,2026-11,0.72,2026,10
3.5,-57.5,1,2026-11,0.44,2026,10
3.5,-56.5,1,2026-11,0.26,2026,10
3.5,-55.5,1,2026-11,0.18,2026,10
3.5,-54.5,1,2026-11,0.25,2026,10
3.5,-53.5,1,2026-11,0.46,2026,10
3.5,-52.5,1,2026-11,0.71,2026,10
3.5,-51.5,1,2026-11,0.91,2026,10
3.5,-50.5,1,2026-11,0.8,2026,10
3.5,-49.5,1,2026-11,0.63,2026,10
3.5,-48.5,1,2026-11,0.66,2026,10
3.5,-47.5,1,2026-11,0.76,2026,10
3.5,-46.5,1,2026-11,0.87,2026,10
3.5,-45.5,1,2026-11,0.96,2026,10
3.5,-44.5,1,2026-11,1.01,2026,10
3.5,-43.5,1,2026-11,1.08,2026,10
3.5,-42.5,1,2026-11,1.21,2026,10
3.5,-41.5,1,2026-11,1.34,2026,10
3.5,-40.5,1,2026-11,1.51,2026,10
3.5,-39.5,1,2026-11,1.61,2026,10
3.5,-38.5,1,2026-11,1.78,2026,10
3.5,-37.5,1,2026-11,2.04,2026,10
3.5,-36.5,1,2026-11,2.37,2026,10
3.5,-35.5,1,2026-11,2.71,2026,10
3.5,-34.5,1,2026-11,3.04,2026,10
3.5,-33.5,1,2026-11,3.44,2026,10
3.5,-32.5,1,2026-11,3.64,2026,10
3.5,-31.5,1,2026-11,3.48,2026,10
3.5,-30.5,1,2026-11,3.55,2026,10
2.5,-89.5,1,2026-11,9.63,2026,10
2.5,-88.5,1,2026-11,9.19,2026,10
2.5,-87.5,1,2026-11,8.73,2026,10
2.5,-86.5,1,2026-11,8.4,2026,10
2.5,-85.5,1,2026-11,8.19,2026,10
2.5,-84.5,1,2026-11,8.58,2026,10
2.5,-83.5,1,2026-11,9.46,2026,10
2.5,-82.5,1,2026-11,10.4,2026,10
2.5,-81.5,1,2026-11,11.02,2026,10
2.5,-80.5,1,2026-11,12.51,2026,10
2.5,-79.5,1,2026-11,15.29,2026,10
2.5,-78.5,1,2026-11,18.39,2026,10
2.5,-77.5,1,2026-11,18.4,2026,10
2.5,-76.5,1,2026-11,10.65,2026,10
2.5,-75.5,1,2026-11,6.46,2026,10
2.5,-74.5,1,2026-11,5.28,2026,10
2.5,-73.5,1,2026-11,8.55,2026,10
2.5,-72.5,1,2026-11,7.69,2026,10
2.5,-71.5,1,2026-11,7.51,2026,10
2.5,-70.5,1,2026-11,7.42,2026,10
2.5,-69.5,1,2026-11,7.44,2026,10
2.5,-68.5,1,2026-11,6.94,2026,10
2.5,-67.5,1,2026-11,6.74,2026,10
2.5,-66.5,1,2026-11,6.76,2026,10
2.5,-65.5,1,2026-11,5.74,2026,10
2.5,-64.5,1,2026-11,5.56,2026,10
2.5,-63.5,1,2026-11,3.59,2026,10
2.5,-62.5,1,2026-11,2.64,2026,10
2.5,-61.5,1,2026-11,2.44,2026,10
2.5,-60.5,1,2026-11,1.73,2026,10
2.5,-59.5,1,2026-11,0.93,2026,10
2.5,-58.5,1,2026-11,0.71,2026,10
2.5,-57.5,1,2026-11,0.45,2026,10
2.5,-56.5,1,2026-11,0.25,2026,10
2.5,-55.5,1,2026-11,0.12,2026,10
2.5,-54.5,1,2026-11,0.13,2026,10
2.5,-53.5,1,2026-11,0.25,2026,10
2.5,-52.5,1,2026-11,0.42,2026,10
2.5,-51.5,1,2026-11,0.62,2026,10
2.5,-50.5,1,2026-11,0.74,2026,10
2.5,-49.5,1,2026-11,0.57,2026,10
2.5,-48.5,1,2026-11,0.47,2026,10
2.5,-47.5,1,2026-11,0.49,2026,10
2.5,-46.5,1,2026-11,0.5,2026,10
2.5,-45.5,1,2026-11,0.52,2026,10
2.5,-44.5,1,2026-11,0.53,2026,10
2.5,-43.5,1,2026-11,0.54,2026,10
2.5,-42.5,1,2026-11,0.58,2026,10
2.5,-41.5,1,2026-11,0.64,2026,10
2.5,-40.5,1,2026-11,0.7,2026,10
2.5,-39.5,1,2026-11,0.77,2026,10
2.5,-38.5,1,2026-11,0.88,2026,10
2.5,-37.5,1,2026-11,1.03,2026,10
2.5,-36.5,1,2026-11,1.16,2026,10
2.5,-35.5,1,2026-11,1.33,2026,10
2.5,-34.5,1,2026-11,1.49,2026,10
2.5,-33.5,1,2026-11,1.58,2026,10
2.5,-32.5,1,2026-11,1.63,2026,10
2.5,-31.5,1,2026-11,1.66,2026,10
2.5,-30.5,1,2026-11,1.75,2026,10
1.5,-89.5,1,2026-11,6.11,2026,10
1.5,-88.5,1,2026-11,6.13,2026,10
1.5,-87.5,1,2026-11,6.24,2026,10
1.5,-86.5,1,2026-11,6.73,2026,10
1.5,-85.5,1,2026-11,7.08,2026,10
1.5,-84.5,1,2026-11,7.83,2026,10
1.5,-83.5,1,2026-11,8.7,2026,10
1.5,-82.5,1,2026-11,9.03,2026,10
1.5,-81.5,1,2026-11,10.91,2026,10
1.5,-80.5,1,2026-11,13.79,2026,10
1.5,-79.5,1,2026-11,17.17,2026,10
1.5,-78.5,1,2026-11,20.96,2026,10
1.5,-77.5,1,2026-11,16.51,2026,10
1.5,-76.5,1,2026-11,8.42,2026,10
1.5,-75.5,1,2026-11,8.19,2026,10
1.5,-74.5,1,2026-11,7.59,2026,10
1.5,-73.5,1,2026-11,7.25,2026,10
1.5,-72.5,1,2026-11,7.43,2026,10
1.5,-71.5,1,2026-11,7.66,2026,10
1.5,-70.5,1,2026-11,7.48,2026,10
1.5,-69.5,1,2026-11,7.18,2026,10
1.5,-68.5,1,2026-11,6.82,2026,10
1.5,-67.5,1,2026-11,7.01,2026,10
1.5,-66.5,1,2026-11,6.8,2026,10
1.5,-65.5,1,2026-11,5.62,2026,10
1.5,-64.5,1,2026-11,4.19,2026,10
1.5,-63.5,1,2026-11,3.58,2026,10
1.5,-62.5,1,2026-11,3.39,2026,10
1.5,-61.5,1,2026-11,2.89,2026,10
1.5,-60.5,1,2026-11,2.06,2026,10
1.5,-59.5,1,2026-11,1.11,2026,10
1.5,-58.5,1,2026-11,0.72,2026,10
1.5,-57.5,1,2026-11,0.4,2026,10
1.5,-56.5,1,2026-11,0.18,2026,10
1.5,-55.5,1,2026-11,0.09,2026,10
1.5,-54.5,1,2026-11,0.07,2026,10
1.5,-53.5,1,2026-11,0.12,2026,10
1.5,-52.5,1,2026-11,0.24,2026,10
1.5,-51.5,1,2026-11,0.38,2026,10
1.5,-50.5,1,2026-11,0.41,2026,10
1.5,-49.5,1,2026-11,0.45,2026,10
1.5,-48.5,1,2026-11,0.34,2026,10
1.5,-47.5,1,2026-11,0.26,2026,10
1.5,-46.5,1,2026-11,0.27,2026,10
1.5,-45.5,1,2026-11,0.25,2026,10
1.5,-44.5,1,2026-11,0.24,2026,10
1.5,-43.5,1,2026-11,0.25,2026,10
1.5,-42.5,1,2026-11,0.27,2026,10
1.5,-41.5,1,2026-11,0.3,2026,10
1.5,-40.5,1,2026-11,0.35,2026,10
1.5,-39.5,1,2026-11,0.41,2026,10
1.5,-38.5,1,2026-11,0.47,2026,10
1.5,-37.5,1,2026-11,0.55,2026,10
1.5,-36.5,1,2026-11,0.62,2026,10
1.5,-35.5,1,2026-11,0.69,2026,10
1.5,-34.5,1,2026-11,0.73,2026,10
1.5,-33.5,1,2026-11,0.79,2026,10
1.5,-32.5,1,2026-11,0.84,2026,10
1.5,-31.5,1,2026-11,0.85,2026,10
1.5,-30.5,1,2026-11,0.85,2026,10
0.5,-89.5,1,2026-11,3.57,2026,10
0.5,-88.5,1,2026-11,3.61,2026,10
0.5,-87.5,1,2026-11,3.95,2026,10
0.5,-86.5,1,2026-11,4.76,2026,10
0.5,-85.5,1,2026-11,5.64,2026,10
0.5,-84.5,1,2026-11,6.65,2026,10
0.5,-83.5,1,2026-11,7.54,2026,10
0.5,-82.5,1,2026-11,8.44,2026,10
0.5,-81.5,1,2026-11,10.14,2026,10
0.5,-80.5,1,2026-11,12.7,2026,10
0.5,-79.5,1,2026-11,15.3,2026,10
0.5,-78.5,1,2026-11,19.96,2026,10
0.5,-77.5,1,2026-11,7.0,2026,10
0.5,-76.5,1,2026-11,8.62,2026,10
0.5,-75.5,1,2026-11,8.73,2026,10
0.5,-74.5,1,2026-11,8.66,2026,10
0.5,-73.5,1,2026-11,8.18,2026,10
0.5,-72.5,1,2026-11,7.59,2026,10
0.5,-71.5,1,2026-11,7.61,2026,10
0.5,-70.5,1,2026-11,7.33,2026,10
0.5,-69.5,1,2026-11,7.11,2026,10
0.5,-68.5,1,2026-11,7.3,2026,10
0.5,-67.5,1,2026-11,6.92,2026,10
0.5,-66.5,1,2026-11,6.3,2026,10
0.5,-65.5,1,2026-11,5.11,2026,10
0.5,-64.5,1,2026-11,4.59,2026,10
0.5,-63.5,1,2026-11,4.62,2026,10
0.5,-62.5,1,2026-11,4.31,2026,10
0.5,-61.5,1,2026-11,3.58,2026,10
0.5,-60.5,1,2026-11,2.77,2026,10
0.5,-59.5,1,2026-11,1.73,2026,10
0.5,-58.5,1,2026-11,0.92,2026,10
0.5,-57.5,1,2026-11,0.44,2026,10
0.5,-56.5,1,2026-11,0.19,2026,10
0.5,-55.5,1,2026-11,0.09,2026,10
0.5,-54.5,1,2026-11,0.06,2026,10
0.5,-53.5,1,2026-11,0.07,2026,10
0.5,-52.5,1,2026-11,0.17,2026,10
0.5,-51.5,1,2026-11,0.23,2026,10
0.5,-50.5,1,2026-11,0.27,2026,10
0.5,-49.5,1,2026-11,0.28,2026,10
0.5,-48.5,1,2026-11,0.21,2026,10
0.5,-47.5,1,2026-11,0.17,2026,10
0.5,-46.5,1,2026-11,0.15,2026,10
0.5,-45.5,1,2026-11,0.15,2026,10
0.5,-44.5,1,2026-11,0.15,2026,10
0.5,-43.5,1,2026-11,0.16,2026,10
0.5,-42.5,1,2026-11,0.18,2026,10
0.5,-41.5,1,2026-11,0.21,2026,10
0.5,-40.5,1,2026-11,0.24,2026,10
0.5,-39.5,1,2026-11,0.28,2026,10
0.5,-38.5,1,2026-11,0.33,2026,10
0.5,-37.5,1,2026-11,0.38,2026,10
0.5,-36.5,1,2026-11,0.43,2026,10
0.5,-35.5,1,2026-11,0.47,2026,10
0.5,-34.5,1,2026-11,0.53,2026,10
0.5,-33.5,1,2026-11,0.58,2026,10
0.5,-32.5,1,2026-11,0.6,2026,10
0.5,-31.5,1,2026-11,0.6,2026,10
0.5,-30.5,1,2026-11,0.59,2026,10
-0.5,-89.5,1,2026-11,1.73,2026,10
-0.5,-88.5,1,2026-11,1.78,2026,10
-0.5,-87.5,1,2026-11,2.31,2026,10
-0.5,-86.5,1,2026-11,2.92,2026,10
-0.5,-85.5,1,2026-11,3.74,2026,10
-0.5,-84.5,1,2026-11,4.37,2026,10
-0.5,-83.5,1,2026-11,5.09,2026,10
-0.5,-82.5,1,2026-11,6.19,2026,10
-0.5,-81.5,1,2026-11,7.74,2026,10
-0.5,-80.5,1,2026-11,8.81,2026,10
-0.5,-79.5,1,2026-11,17.73,2026,10
-0.5,-78.5,1,2026-11,13.85,2026,10
-0.5,-77.5,1,2026-11,6.56,2026,10
-0.5,-76.5,1,2026-11,8.43,2026,10
-0.5,-75.5,1,2026-11,9.24,2026,10
-0.5,-74.5,1,2026-11,7.99,2026,10
-0.5,-73.5,1,2026-11,8.11,2026,10
-0.5,-72.5,1,2026-11,7.73,2026,10
-0.5,-71.5,1,2026-11,7.56,2026,10
-0.5,-70.5,1,2026-11,7.37,2026,10
-0.5,-69.5,1,2026-11,7.51,2026,10
-0.5,-68.5,1,2026-11,6.97,2026,10
-0.5,-67.5,1,2026-11,6.44,2026,10
-0.5,-66.5,1,2026-11,5.5,2026,10
-0.5,-65.5,1,2026-11,4.76,2026,10
-0.5,-64.5,1,2026-11,4.81,2026,10
-0.5,-63.5,1,2026-11,5.07,2026,10
-0.5,-62.5,1,2026-11,5.33,2026,10
-0.5,-61.5,1,2026-11,4.46,2026,10
-0.5,-60.5,1,2026-11,3.18,2026,10
-0.5,-59.5,1,2026-11,2.01,2026,10
-0.5,-58.5,1,2026-11,0.97,2026,10
-0.5,-57.5,1,2026-11,0.46,2026,10
-0.5,-56.5,1,2026-11,0.22,2026,10
-0.5,-55.5,1,2026-11,0.1,2026,10
-0.5,-54.5,1,2026-11,0.07,2026,10
-0.5,-53.5,1,2026-11,0.07,2026,10
-0.5,-52.5,1,2026-11,0.13,2026,10
-0.5,-51.5,1,2026-11,0.19,2026,10
-0.5,-50.5,1,2026-11,0.21,2026,10
-0.5,-49.5,1,2026-11,0.24,2026,10
-0.5,-48.5,1,2026-11,0.13,2026,10
-0.5,-47.5,1,2026-11,0.14,2026,10
-0.5,-46.5,1,2026-11,0.17,2026,10
-0.5,-45.5,1,2026-11,0.16,2026,10
-0.5,-44.5,1,2026-11,0.14,2026,10
-0.5,-43.5,1,2026-11,0.12,2026,10
-0.5,-42.5,1,2026-11,0.14,2026,10
-0.5,-41.5,1,2026-11,0.15,2026,10
-0.5,-40.5,1,2026-11,0.19,2026,10
-0.5,-39.5,1,2026-11,0.23,2026,10
-0.5,-38.5,1,2026-11,0.27,2026,10
-0.5,-37.5,1,2026-11,0.31,2026,10
-0.5,-36.5,1,2026-11,0.37,2026,10
-0.5,-35.5,1,2026-11,0.42,2026,10
-0.5,-34.5,1,2026-11,0.47,2026,10
-0.5,-33.5,1,2026-11,0.52,2026,10
-0.5,-32.5,1,2026-11,0.56,2026,10
-0.5,-31.5,1,2026-11,0.6,2026,10
-0.5,-30.5,1,2026-11,0.6,2026,10
-1.5,-89.5,1,2026-11,0.79,2026,10
-1.5,-88.5,1,2026-11,0.86,2026,10
-1.5,-87.5,1,2026-11,1.21,2026,10
-1.5,-86.5,1,2026-11,1.57,2026,10
-1.5,-85.5,1,2026-11,2.09,2026,10
-1.5,-84.5,1,2026-11,2.03,2026,10
-1.5,-83.5,1,2026-11,2.22,2026,10
-1.5,-82.5,1,2026-11,3.25,2026,10
-1.5,-81.5,1,2026-11,6.82,2026,10
-1.5,-80.5,1,2026-11,10.23,2026,10
-1.5,-79.5,1,2026-11,25.64,2026,10
-1.5,-78.5,1,2026-11,8.49,2026,10
-1.5,-77.5,1,2026-11,7.19,2026,10
-1.5,-76.5,1,2026-11,8.16,2026,10
-1.5,-75.5,1,2026-11,7.99,2026,10
-1.5,-74.5,1,2026-11,7.95,2026,10
-1.5,-73.5,1,2026-11,8.61,2026,10
-1.5,-72.5,1,2026-11,8.0,2026,10
-1.5,-71.5,1,2026-11,7.5,2026,10
-1.5,-70.5,1,2026-11,7.35,2026,10
-1.5,-69.5,1,2026-11,7.38,2026,10
-1.5,-68.5,1,2026-11,6.94,2026,10
-1.5,-67.5,1,2026-11,6.28,2026,10
-1.5,-66.5,1,2026-11,5.6,2026,10
-1.5,-65.5,1,2026-11,5.23,2026,10
-1.5,-64.5,1,2026-11,5.16,2026,10
-1.5,-63.5,1,2026-11,5.08,2026,10
-1.5,-62.5,1,2026-11,4.78,2026,10
-1.5,-61.5,1,2026-11,4.47,2026,10
-1.5,-60.5,1,2026-11,3.2,2026,10
-1.5,-59.5,1,2026-11,2.39,2026,10
-1.5,-58.5,1,2026-11,1.11,2026,10
-1.5,-57.5,1,2026-11,0.55,2026,10
-1.5,-56.5,1,2026-11,0.32,2026,10
-1.5,-55.5,1,2026-11,0.15,2026,10
-1.5,-54.5,1,2026-11,0.08,2026,10
-1.5,-53.5,1,2026-11,0.07,2026,10
-1.5,-52.5,1,2026-11,0.1,2026,10
-1.5,-51.5,1,2026-11,0.14,2026,10
-1.5,-50.5,1,2026-11,0.16,2026,10
-1.5,-49.5,1,2026-11,0.12,2026,10
-1.5,-48.5,1,2026-11,0.11,2026,10
-1.5,-47.5,1,2026-11,0.13,2026,10
-1.5,-46.5,1,2026-11,0.14,2026,10
-1.5,-45.5,1,2026-11,0.17,2026,10
-1.5,-44.5,1,2026-11,0.21,2026,10
-1.5,-43.5,1,2026-11,0.11,2026,10
-1.5,-42.5,1,2026-11,0.1,2026,10
-1.5,-41.5,1,2026-11,0.11,2026,10
-1.5,-40.5,1,2026-11,0.15,2026,10
-1.5,-39.5,1,2026-11,0.2,2026,10
-1.5,-38.5,1,2026-11,0.25,2026,10
-1.5,-37.5,1,2026-11,0.29,2026,10
-1.5,-36.5,1,2026-11,0.33,2026,10
-1.5,-35.5,1,2026-11,0.39,2026,10
-1.5,-34.5,1,2026-11,0.44,2026,10
-1.5,-33.5,1,2026-11,0.5,2026,10
-1.5,-32.5,1,2026-11,0.55,2026,10
-1.5,-31.5,1,2026-11,0.58,2026,10
-1.5,-30.5,1,2026-11,0.61,2026,10
-2.5,-89.5,1,2026-11,0.42,2026,10
-2.5,-88.5,1,2026-11,0.47,2026,10
-2.5,-87.5,1,2026-11,0.59,2026,10
-2.5,-86.5,1,2026-11,0.72,2026,10
-2.5,-85.5,1,2026-11,0.77,2026,10
-2.5,-84.5,1,2026-11,0.82,2026,10
-2.5,-83.5,1,2026-11,0.9,2026,10
-2.5,-82.5,1,2026-11,1.26,2026,10
-2.5,-81.5,1,2026-11,2.36,2026,10
-2.5,-80.5,1,2026-11,7.74,2026,10
-2.5,-79.5,1,2026-11,17.84,2026,10
-2.5,-78.5,1,2026-11,6.83,2026,10
-2.5,-77.5,1,2026-11,6.32,2026,10
-2.5,-76.5,1,2026-11,8.25,2026,10
-2.5,-75.5,1,2026-11,7.78,2026,10
-2.5,-74.5,1,2026-11,8.42,2026,10
-2.5,-73.5,1,2026-11,7.98,2026,10
-2.5,-72.5,1,2026-11,7.65,2026,10
-2.5,-71.5,1,2026-11,7.46,2026,10
-2.5,-70.5,1,2026-11,7.31,2026,10
-2.5,-69.5,1,2026-11,7.23,2026,10
-2.5,-68.5,1,2026-11,6.7,2026,10
-2.5,-67.5,1,2026-11,6.16,2026,10
-2.5,-66.5,1,2026-11,5.67,2026,10
-2.5,-65.5,1,2026-11,5.51,2026,10
-2.5,-64.5,1,2026-11,5.31,2026,10
-2.5,-63.5,1,2026-11,4.97,2026,10
-2.5,-62.5,1,2026-11,4.67,2026,10
-2.5,-61.5,1,2026-11,4.04,2026,10
-2.5,-60.5,1,2026-11,3.42,2026,10
-2.5,-59.5,1,2026-11,2.28,2026,10
-2.5,-58.5,1,2026-11,1.34,2026,10
-2.5,-57.5,1,2026-11,0.75,2026,10
-2.5,-56.5,1,2026-11,0.44,2026,10
-2.5,-55.5,1,2026-11,0.26,2026,10
-2.5,-54.5,1,2026-11,0.19,2026,10
-2.5,-53.5,1,2026-11,0.19,2026,10
-2.5,-52.5,1,2026-11,0.17,2026,10
-2.5,-51.5,1,2026-11,0.14,2026,10
-2.5,-50.5,1,2026-11,0.13,2026,10
-2.5,-49.5,1,2026-11,0.11,2026,10
-2.5,-48.5,1,2026-11,0.09,2026,10
-2.5,-47.5,1,2026-11,0.08,2026,10
-2.5,-46.5,1,2026-11,0.09,2026,10
-2.5,-45.5,1,2026-11,0.11,2026,10
-2.5,-44.5,1,2026-11,0.17,2026,10
-2.5,-43.5,1,2026-11,0.13,2026,10
-2.5,-42.5,1,2026-11,0.13,2026,10
-2.5,-41.5,1,2026-11,0.11,2026,10
-2.5,-40.5,1,2026-11,0.14,2026,10
-2.5,-39.5,1,2026-11,0.24,2026,10
-2.5,-38.5,1,2026-11,0.26,2026,10
-2.5,-37.5,1,2026-11,0.27,2026,10
-2.5,-36.5,1,2026-11,0.31,2026,10
-2.5,-35.5,1,2026-11,0.36,2026,10
-2.5,-34.5,1,2026-11,0.41,2026,10
-2.5,-33.5,1,2026-11,0.45,2026,10
-2.5,-32.5,1,2026-11,0.5,2026,10
-2.5,-31.5,1,2026-11,0.55,2026,10
-2.5,-30.5,1,2026-11,0.58,2026,10
-3.5,-89.5,1,2026-11,0.35,2026,10
-3.5,-88.5,1,2026-11,0.36,2026,10
-3.5,-87.5,1,2026-11,0.4,2026,10
-3.5,-86.5,1,2026-11,0.43,2026,10
-3.5,-85.5,1,2026-11,0.5,2026,10
-3.5,-84.5,1,2026-11,0.51,2026,10
-3.5,-83.5,1,2026-11,0.53,2026,10
-3.5,-82.5,1,2026-11,0.71,2026,10
-3.5,-81.5,1,2026-11,1.02,2026,10
-3.5,-80.5,1,2026-11,5.07,2026,10
-3.5,-79.5,1,2026-11,12.33,2026,10
-3.5,-78.5,1,2026-11,4.62,2026,10
-3.5,-77.5,1,2026-11,7.84,2026,10
-3.5,-76.5,1,2026-11,9.1,2026,10
-3.5,-75.5,1,2026-11,8.44,2026,10
-3.5,-74.5,1,2026-11,8.48,2026,10
-3.5,-73.5,1,2026-11,8.03,2026,10
-3.5,-72.5,1,2026-11,7.93,2026,10
-3.5,-71.5,1,2026-11,7.27,2026,10
-3.5,-70.5,1,2026-11,7.06,2026,10
-3.5,-69.5,1,2026-11,6.74,2026,10
-3.5,-68.5,1,2026-11,6.6,2026,10
-3.5,-67.5,1,2026-11,6.22,2026,10
-3.5,-66.5,1,2026-11,5.84,2026,10
-3.5,-65.5,1,2026-11,5.35,2026,10
-3.5,-64.5,1,2026-11,5.24,2026,10
-3.5,-63.5,1,2026-11,5.17,2026,10
-3.5,-62.5,1,2026-11,4.68,2026,10
-3.5,-61.5,1,2026-11,3.79,2026,10
-3.5,-60.5,1,2026-11,3.3,2026,10
-3.5,-59.5,1,2026-11,2.33,2026,10
-3.5,-58.5,1,2026-11,1.66,2026,10
-3.5,-57.5,1,2026-11,1.22,2026,10
-3.5,-56.5,1,2026-11,0.83,2026,10
-3.5,-55.5,1,2026-11,0.59,2026,10
-3.5,-54.5,1,2026-11,0.4,2026,10
-3.5,-53.5,1,2026-11,0.28,2026,10
-3.5,-52.5,1,2026-11,0.24,2026,10
-3.5,-51.5,1,2026-11,0.21,2026,10
-3.5,-50.5,1,2026-11,0.19,2026,10
-3.5,-49.5,1,2026-11,0.15,2026,10
-3.5,-48.5,1,2026-11,0.12,2026,10
-3.5,-47.5,1,2026-11,0.1,2026,10
-3.5,-46.5,1,2026-11,0.1,2026,10
-3.5,-45.5,1,2026-11,0.08,2026,10
-3.5,-44.5,1,2026-11,0.06,2026,10
-3.5,-43.5,1,2026-11,0.05,2026,10
-3.5,-42.5,1,2026-11,0.04,2026,10
-3.5,-41.5,1,2026-11,0.03,2026,10
-3.5,-40.5,1,2026-11,0.17,2026,10
-3.5,-39.5,1,2026-11,0.23,2026,10
-3.5,-38.5,1,2026-11,0.4,2026,10
-3.5,-37.5,1,2026-11,0.35,2026,10
-3.5,-36.5,1,2026-11,0.32,2026,10
-3.5,-35.5,1,2026-11,0.38,2026,10
-3.5,-34.5,1,2026-11,0.44,2026,10
-3.5,-33.5,1,2026-11,0.47,2026,10
-3.5,-32.5,1,2026-11,0.46,2026,10
-3.5,-31.5,1,2026-11,0.48,2026,10
-3.5,-30.5,1,2026-11,0.52,2026,10
-4.5,-89.5,1,2026-11,0.33,2026,10
-4.5,-88.5,1,2026-11,0.33,2026,10
-4.5,-87.5,1,2026-11,0.34,2026,10
-4.5,-86.5,1,2026-11,0.37,2026,10
-4.5,-85.5,1,2026-11,0.44,2026,10
-4.5,-84.5,1,2026-11,0.39,2026,10
-4.5,-83.5,1,2026-11,0.37,2026,10
-4.5,-82.5,1,2026-11,0.51,2026,10
-4.5,-81.5,1,2026-11,0.6,2026,10
-4.5,-80.5,1,2026-11,3.84,2026,10
-4.5,-79.5,1,2026-11,8.66,2026,10
-4.5,-78.5,1,2026-11,6.85,2026,10
-4.5,-77.5,1,2026-11,7.34,2026,10
-4.5,-76.5,1,2026-11,7.65,2026,10
-4.5,-75.5,1,2026-11,7.88,2026,10
-4.5,-74.5,1,2026-11,7.9,2026,10
-4.5,-73.5,1,2026-11,7.7,2026,10
-4.5,-72.5,1,2026-11,7.25,2026,10
-4.5,-71.5,1,2026-11,6.97,2026,10
-4.5,-70.5,1,2026-11,7.0,2026,10
-4.5,-69.5,1,2026-11,6.86,2026,10
-4.5,-68.5,1,2026-11,6.35,2026,10
-4.5,-67.5,1,2026-11,6.1,2026,10
-4.5,-66.5,1,2026-11,6.09,2026,10
-4.5,-65.5,1,2026-11,5.63,2026,10
-4.5,-64.5,1,2026-11,5.47,2026,10
-4.5,-63.5,1,2026-11,5.04,2026,10
-4.5,-62.5,1,2026-11,4.66,2026,10
-4.5,-61.5,1,2026-11,4.29,2026,10
-4.5,-60.5,1,2026-11,3.52,2026,10
-4.5,-59.5,1,2026-11,3.02,2026,10
-4.5,-58.5,1,2026-11,2.31,2026,10
-4.5,-57.5,1,2026-11,1.74,2026,10
-4.5,-56.5,1,2026-11,1.43,2026,10
-4.5,-55.5,1,2026-11,1.11,2026,10
-4.5,-54.5,1,2026-11,0.71,2026,10
-4.5,-53.5,1,2026-11,0.53,2026,10
-4.5,-52.5,1,2026-11,0.41,2026,10
-4.5,-51.5,1,2026-11,0.35,2026,10
-4.5,-50.5,1,2026-11,0.34,2026,10
-4.5,-49.5,1,2026-11,0.28,2026,10
-4.5,-48.5,1,2026-11,0.21,2026,10
-4.5,-47.5,1,2026-11,0.16,2026,10
-4.5,-46.5,1,2026-11,0.12,2026,10
-4.5,-45.5,1,2026-11,0.11,2026,10
-4.5,-44.5,1,2026-11,0.07,2026,10
-4.5,-43.5,1,2026-11,0.06,2026,10
-4.5,-42.5,1,2026-11,0.03,2026,10
-4.5,-41.5,1,2026-11,0.02,2026,10
-4.5,-40.5,1,2026-11,0.11,2026,10
-4.5,-39.5,1,2026-11,0.2,2026,10
-4.5,-38.5,1,2026-11,0.29,2026,10
-4.5,-37.5,1,2026-11,0.32,2026,10
-4.5,-36.5,1,2026-11,0.34,2026,10
-4.5,-35.5,1,2026-11,0.5,2026,10
-4.5,-34.5,1,2026-11,0.59,2026,10
-4.5,-33.5,1,2026-11,0.6,2026,10
-4.5,-32.5,1,2026-11,0.57,2026,10
-4.5,-31.5,1,2026-11,0.51,2026,10
-4.5,-30.5,1,2026-11,0.49,2026,10
-5.5,-89.5,1,2026-11,0.36,2026,10
-5.5,-88.5,1,2026-11,0.33,2026,10
-5.5,-87.5,1,2026-11,0.34,2026,10
-5.5,-86.5,1,2026-11,0.35,2026,10
-5.5,-85.5,1,2026-11,0.35,2026,10
-5.5,-84.5,1,2026-11,0.39,2026,10
-5.5,-83.5,1,2026-11,0.36,2026,10
-5.5,-82.5,1,2026-11,0.42,2026,10
-5.5,-81.5,1,2026-11,0.35,2026,10
-5.5,-80.5,1,2026-11,0.82,2026,10
-5.5,-79.5,1,2026-11,4.95,2026,10
-5.5,-78.5,1,2026-11,6.21,2026,10
-5.5,-77.5,1,2026-11,6.73,2026,10
-5.5,-76.5,1,2026-11,6.24,2026,10
-5.5,-75.5,1,2026-11,6.91,2026,10
-5.5,-74.5,1,2026-11,6.91,2026,10
-5.5,-73.5,1,2026-11,7.11,2026,10
-5.5,-72.5,1,2026-11,6.9,2026,10
-5.5,-71.5,1,2026-11,6.8,2026,10
-5.5,-70.5,1,2026-11,6.66,2026,10
-5.5,-69.5,1,2026-11,6.42,2026,10
-5.5,-68.5,1,2026-11,6.14,2026,10
-5.5,-67.5,1,2026-11,5.9,2026,10
-5.5,-66.5,1,2026-11,6.16,2026,10
-5.5,-65.5,1,2026-11,5.98,2026,10
-5.5,-64.5,1,2026-11,5.81,2026,10
-5.5,-63.5,1,2026-11,5.52,2026,10
-5.5,-62.5,1,2026-11,5.11,2026,10
-5.5,-61.5,1,2026-11,4.53,2026,10
-5.5,-60.5,1,2026-11,3.99,2026,10
-5.5,-59.5,1,2026-11,3.66,2026,10
-5.5,-58.5,1,2026-11,3.26,2026,10
-5.5,-57.5,1,2026-11,2.67,2026,10
-5.5,-56.5,1,2026-11,2.35,2026,10
-5.5,-55.5,1,2026-11,1.8,2026,10
-5.5,-54.5,1,2026-11,1.27,2026,10
-5.5,-53.5,1,2026-11,1.0,2026,10
-5.5,-52.5,1,2026-11,0.74,2026,10
-5.5,-51.5,1,2026-11,0.62,2026,10
-5.5,-50.5,1,2026-11,0.62,2026,10
-5.5,-49.5,1,2026-11,0.51,2026,10
-5.5,-48.5,1,2026-11,0.35,2026,10
-5.5,-47.5,1,2026-11,0.26,2026,10
-5.5,-46.5,1,2026-11,0.23,2026,10
-5.5,-45.5,1,2026-11,0.19,2026,10
-5.5,-44.5,1,2026-11,0.19,2026,10
-5.5,-43.5,1,2026-11,0.13,2026,10
-5.5,-42.5,1,2026-11,0.06,2026,10
-5.5,-41.5,1,2026-11,0.02,2026,10
-5.5,-40.5,1,2026-11,0.05,2026,10
-5.5,-39.5,1,2026-11,0.12,2026,10
-5.5,-38.5,1,2026-11,0.07,2026,10
-5.5,-37.5,1,2026-11,0.06,2026,10
-5.5,-36.5,1,2026-11,0.11,2026,10
-5.5,-35.5,1,2026-11,0.57,2026,10
-5.5,-34.5,1,2026-11,0.76,2026,10
-5.5,-33.5,1,2026-11,0.71,2026,10
-5.5,-32.5,1,2026-11,0.67,2026,10
-5.5,-31.5,1,2026-11,0.64,2026,10
-5.5,-30.5,1,2026-11,0.61,2026,10
-6.5,-89.5,1,2026-11,0.44,2026,10
-6.5,-88.5,1,2026-11,0.38,2026,10
-6.5,-87.5,1,2026-11,0.36,2026,10
-6.5,-86.5,1,2026-11,0.37,2026,10
-6.5,-85.5,1,2026-11,0.34,2026,10
-6.5,-84.5,1,2026-11,0.34,2026,10
-6.5,-83.5,1,2026-11,0.37,2026,10
-6.5,-82.5,1,2026-11,0.36,2026,10
-6.5,-81.5,1,2026-11,0.39,2026,10
-6.5,-80.5,1,2026-11,0.51,2026,10
-6.5,-79.5,1,2026-11,3.07,2026,10
-6.5,-78.5,1,2026-11,6.78,2026,10
-6.5,-77.5,1,2026-11,6.36,2026,10
-6.5,-76.5,1,2026-11,5.44,2026,10
-6.5,-75.5,1,2026-11,5.26,2026,10
-6.5,-74.5,1,2026-11,6.22,2026,10
-6.5,-73.5,1,2026-11,6.29,2026,10
-6.5,-72.5,1,2026-11,6.46,2026,10
-6.5,-71.5,1,2026-11,6.09,2026,10
-6.5,-70.5,1,2026-11,6.04,2026,10
-6.5,-69.5,1,2026-11,5.96,2026,10
-6.5,-68.5,1,2026-11,5.88,2026,10
-6.5,-67.5,1,2026-11,5.74,2026,10
-6.5,-66.5,1,2026-11,5.44,2026,10
-6.5,-65.5,1,2026-11,5.76,2026,10
-6.5,-64.5,1,2026-11,5.81,2026,10
-6.5,-63.5,1,2026-11,5.64,2026,10
-6.5,-62.5,1,2026-11,5.47,2026,10
-6.5,-61.5,1,2026-11,5.46,2026,10
-6.5,-60.5,1,2026-11,4.75,2026,10
-6.5,-59.5,1,2026-11,4.24,2026,10
-6.5,-58.5,1,2026-11,3.7,2026,10
-6.5,-57.5,1,2026-11,3.38,2026,10
-6.5,-56.5,1,2026-11,2.77,2026,10
-6.5,-55.5,1,2026-11,2.35,2026,10
-6.5,-54.5,1,2026-11,1.92,2026,10
-6.5,-53.5,1,2026-11,1.65,2026,10
-6.5,-52.5,1,2026-11,1.46,2026,10
-6.5,-51.5,1,2026-11,1.25,2026,10
-6.5,-50.5,1,2026-11,1.18,2026,10
-6.5,-49.5,1,2026-11,0.88,2026,10
-6.5,-48.5,1,2026-11,0.69,2026,10
-6.5,-47.5,1,2026-11,0.51,2026,10
-6.5,-46.5,1,2026-11,0.49,2026,10
-6.5,-45.5,1,2026-11,0.48,2026,10
-6.5,-44.5,1,2026-11,0.34,2026,10
-6.5,-43.5,1,2026-11,0.21,2026,10
-6.5,-42.5,1,2026-11,0.11,2026,10
-6.5,-41.5,1,2026-11,0.06,2026,10
-6.5,-40.5,1,2026-11,0.08,2026,10
-6.5,-39.5,1,2026-11,0.12,2026,10
-6.5,-38.5,1,2026-11,0.05,2026,10
-6.5,-37.5,1,2026-11,0.03,2026,10
-6.5,-36.5,1,2026-11,0.1,2026,10
-6.5,-35.5,1,2026-11,0.7,2026,10
-6.5,-34.5,1,2026-11,0.92,2026,10
-6.5,-33.5,1,2026-11,0.72,2026,10
-6.5,-32.5,1,2026-11,0.7,2026,10
-6.5,-31.5,1,2026-11,0.69,2026,10
-6.5,-30.5,1,2026-11,0.69,2026,10
-7.5,-89.5,1,2026-11,0.54,2026,10
-7.5,-88.5,1,2026-11,0.5,2026,10
-7.5,-87.5,1,2026-11,0.42,2026,10
-7.5,-86.5,1,2026-11,0.38,2026,10
-7.5,-85.5,1,2026-11,0.37,2026,10
-7.5,-84.5,1,2026-11,0.33,2026,10
-7.5,-83.5,1,2026-11,0.31,2026,10
-7.5,-82.5,1,2026-11,0.32,2026,10
-7.5,-81.5,1,2026-11,0.43,2026,10
-7.5,-80.5,1,2026-11,0.34,2026,10
-7.5,-79.5,1,2026-11,1.24,2026,10
-7.5,-78.5,1,2026-11,5.54,2026,10
-7.5,-77.5,1,2026-11,7.02,2026,10
-7.5,-76.5,1,2026-11,6.26,2026,10
-7.5,-75.5,1,2026-11,5.82,2026,10
-7.5,-74.5,1,2026-11,6.32,2026,10
-7.5,-73.5,1,2026-11,5.81,2026,10
-7.5,-72.5,1,2026-11,5.91,2026,10
-7.5,-71.5,1,2026-11,5.97,2026,10
-7.5,-70.5,1,2026-11,5.81,2026,10
-7.5,-69.5,1,2026-11,5.47,2026,10
-7.5,-68.5,1,2026-11,5.81,2026,10
-7.5,-67.5,1,2026-11,5.67,2026,10
-7.5,-66.5,1,2026-11,5.28,2026,10
-7.5,-65.5,1,2026-11,5.13,2026,10
-7.5,-64.5,1,2026-11,5.41,2026,10
-7.5,-63.5,1,2026-11,5.45,2026,10
-7.5,-62.5,1,2026-11,5.49,2026,10
-7.5,-61.5,1,2026-11,5.55,2026,10
-7.5,-60.5,1,2026-11,5.34,2026,10
-7.5,-59.5,1,2026-11,4.87,2026,10
-7.5,-58.5,1,2026-11,4.1,2026,10
-7.5,-57.5,1,2026-11,4.0,2026,10
-7.5,-56.5,1,2026-11,2.95,2026,10
-7.5,-55.5,1,2026-11,2.58,2026,10
-7.5,-54.5,1,2026-11,2.33,2026,10
-7.5,-53.5,1,2026-11,2.19,2026,10
-7.5,-52.5,1,2026-11,2.14,2026,10
-7.5,-51.5,1,2026-11,1.98,2026,10
-7.5,-50.5,1,2026-11,1.95,2026,10
-7.5,-49.5,1,2026-11,1.35,2026,10
-7.5,-48.5,1,2026-11,1.23,2026,10
-7.5,-47.5,1,2026-11,0.89,2026,10
-7.5,-46.5,1,2026-11,0.76,2026,10
-7.5,-45.5,1,2026-11,0.54,2026,10
-7.5,-44.5,1,2026-11,0.42,2026,10
-7.5,-43.5,1,2026-11,0.28,2026,10
-7.5,-42.5,1,2026-11,0.17,2026,10
-7.5,-41.5,1,2026-11,0.09,2026,10
-7.5,-40.5,1,2026-11,0.1,2026,10
-7.5,-39.5,1,2026-11,0.13,2026,10
-7.5,-38.5,1,2026-11,0.07,2026,10
-7.5,-37.5,1,2026-11,0.04,2026,10
-7.5,-36.5,1,2026-11,0.18,2026,10
-7.5,-35.5,1,2026-11,0.82,2026,10
-7.5,-34.5,1,2026-11,1.03,2026,10
-7.5,-33.5,1,2026-11,0.75,2026,10
-7.5,-32.5,1,2026-11,0.71,2026,10
-7.5,-31.5,1,2026-11,0.69,2026,10
-7.5,-30.5,1,2026-11,0.69,2026,10
-8.5,-89.5,1,2026-11,0.67,2026,10
-8.5,-88.5,1,2026-11,0.62,2026,10
-8.5,-87.5,1,2026-11,0.54,2026,10
-8.5,-86.5,1,2026-11,0.45,2026,10
-8.5,-85.5,1,2026-11,0.41,2026,10
-8.5,-84.5,1,2026-11,0.35,2026,10
-8.5,-83.5,1,2026-11,0.28,2026,10
-8.5,-82.5,1,2026-11,0.28,2026,10
-8.5,-81.5,1,2026-11,0.4,2026,10
-8.5,-80.5,1,2026-11,0.25,2026,10
-8.5,-79.5,1,2026-11,0.32,2026,10
-8.5,-78.5,1,2026-11,3.07,2026,10
-8.5,-77.5,1,2026-11,5.97,2026,10
-8.5,-76.5,1,2026-11,7.57,2026,10
-8.5,-75.5,1,2026-11,6.68,2026,10
-8.5,-74.5,1,2026-11,5.7,2026,10
-8.5,-73.5,1,2026-11,6.14,2026,10
-8.5,-72.5,1,2026-11,5.69,2026,10
-8.5,-71.5,1,2026-11,5.4,2026,10
-8.5,-70.5,1,2026-11,5.3,2026,10
-8.5,-69.5,1,2026-11,5.3,2026,10
-8.5,-68.5,1,2026-11,5.45,2026,10
-8.5,-67.5,1,2026-11,5.04,2026,10
-8.5,-66.5,1,2026-11,5.18,2026,10
-8.5,-65.5,1,2026-11,5.17,2026,10
-8.5,-64.5,1,2026-11,5.04,2026,10
-8.5,-63.5,1,2026-11,4.96,2026,10
-8.5,-62.5,1,2026-11,5.35,2026,10
-8.5,-61.5,1,2026-11,5.53,2026,10
-8.5,-60.5,1,2026-11,5.28,2026,10
-8.5,-59.5,1,2026-11,5.11,2026,10
-8.5,-58.5,1,2026-11,4.72,2026,10
-8.5,-57.5,1,2026-11,4.6,2026,10
-8.5,-56.5,1,2026-11,4.36,2026,10
-8.5,-55.5,1,2026-11,3.0,2026,10
-8.5,-54.5,1,2026-11,2.64,2026,10
-8.5,-53.5,1,2026-11,2.56,2026,10
-8.5,-52.5,1,2026-11,2.79,2026,10
-8.5,-51.5,1,2026-11,2.71,2026,10
-8.5,-50.5,1,2026-11,2.48,2026,10
-8.5,-49.5,1,2026-11,1.99,2026,10
-8.5,-48.5,1,2026-11,1.45,2026,10
-8.5,-47.5,1,2026-11,1.28,2026,10
-8.5,-46.5,1,2026-11,1.13,2026,10
-8.5,-45.5,1,2026-11,0.81,2026,10
-8.5,-44.5,1,2026-11,0.54,2026,10
-8.5,-43.5,1,2026-11,0.38,2026,10
-8.5,-42.5,1,2026-11,0.21,2026,10
-8.5,-41.5,1,2026-11,0.12,2026,10
-8.5,-40.5,1,2026-11,0.09,2026,10
-8.5,-39.5,1,2026-11,0.07,2026,10
-8.5,-38.5,1,2026-11,0.06,2026,10
-8.5,-37.5,1,2026-11,0.07,2026,10
-8.5,-36.5,1,2026-11,0.28,2026,10
-8.5,-35.5,1,2026-11,1.16,2026,10
-8.5,-34.5,1,2026-11,0.98,2026,10
-8.5,-33.5,1,2026-11,0.77,2026,10
-8.5,-32.5,1,2026-11,0.73,2026,10
-8.5,-31.5,1,2026-11,0.71,2026,10
-8.5,-30.5,1,2026-11,0.7,2026,10
-9.5,-89.5,1,2026-11,0.72,2026,10
-9.5,-88.5,1,2026-11,0.74,2026,10
-9.5,-87.5,1,2026-11,0.68,2026,10
-9.5,-86.5,1,2026-11,0.57,2026,10
-9.5,-85.5,1,2026-11,0.47,2026,10
-9.5,-84.5,1,2026-11,0.4,2026,10
-9.5,-83.5,1,2026-11,0.33,2026,10
-9.5,-82.5,1,2026-11,0.3,2026,10
-9.5,-81.5,1,2026-11,0.26,2026,10
-9.5,-80.5,1,2026-11,0.31,2026,10
-9.5,-79.5,1,2026-11,0.25,2026,10
-9.5,-78.5,1,2026-11,0.5,2026,10
-9.5,-77.5,1,2026-11,4.52,2026,10
-9.5,-76.5,1,2026-11,6.08,2026,10
-9.5,-75.5,1,2026-11,7.88,2026,10
-9.5,-74.5,1,2026-11,7.63,2026,10
-9.5,-73.5,1,2026-11,5.82,2026,10
-9.5,-72.5,1,2026-11,5.34,2026,10
-9.5,-71.5,1,2026-11,5.08,2026,10
-9.5,-70.5,1,2026-11,4.86,2026,10
-9.5,-69.5,1,2026-11,4.67,2026,10
-9.5,-68.5,1,2026-11,4.71,2026,10
-9.5,-67.5,1,2026-11,4.91,2026,10
-9.5,-66.5,1,2026-11,4.94,2026,10
-9.5,-65.5,1,2026-11,4.79,2026,10
-9.5,-64.5,1,2026-11,4.93,2026,10
-9.5,-63.5,1,2026-11,4.76,2026,10
-9.5,-62.5,1,2026-11,5.0,2026,10
-9.5,-61.5,1,2026-11,5.27,2026,10
-9.5,-60.5,1,2026-11,5.36,2026,10
-9.5,-59.5,1,2026-11,4.97,2026,10
-9.5,-58.5,1,2026-11,4.8,2026,10
-9.5,-57.5,1,2026-11,4.47,2026,10
-9.5,-56.5,1,2026-11,4.4,2026,10
-9.5,-55.5,1,2026-11,4.63,2026,10
-9.5,-54.5,1,2026-11,3.49,2026,10
-9.5,-53.5,1,2026-11,2.96,2026,10
-9.5,-52.5,1,2026-11,2.91,2026,10
-9.5,-51.5,1,2026-11,3.04,2026,10
-9.5,-50.5,1,2026-11,2.43,2026,10
-9.5,-49.5,1,2026-11,2.37,2026,10
-9.5,-48.5,1,2026-11,1.83,2026,10
-9.5,-47.5,1,2026-11,1.4,2026,10
-9.5,-46.5,1,2026-11,1.33,2026,10
-9.5,-45.5,1,2026-11,0.9,2026,10
-9.5,-44.5,1,2026-11,0.61,2026,10
-9.5,-43.5,1,2026-11,0.43,2026,10
-9.5,-42.5,1,2026-11,0.22,2026,10
-9.5,-41.5,1,2026-11,0.12,2026,10
-9.5,-40.5,1,2026-11,0.09,2026,10
-9.5,-39.5,1,2026-11,0.1,2026,10
-9.5,-38.5,1,2026-11,0.14,2026,10
-9.5,-37.5,1,2026-11,0.2,2026,10
-9.5,-36.5,1,2026-11,0.53,2026,10
-9.5,-35.5,1,2026-11,1.08,2026,10
-9.5,-34.5,1,2026-11,0.78,2026,10
-9.5,-33.5,1,2026-11,0.73,2026,10
-9.5,-32.5,1,2026-11,0.73,2026,10
-9.5,-31.5,1,2026-11,0.73,2026,10
-9.5,-30.5,1,2026-11,0.71,2026,10
-10.5,-89.5,1,2026-11,0.77,2026,10
-10.5,-88.5,1,2026-11,0.73,2026,10
-10.5,-87.5,1,2026-11,0.68,2026,10
-10.5,-86.5,1,2026-11,0.65,2026,10
-10.5,-85.5,1,2026-11,0.55,2026,10
-10.5,-84.5,1,2026-11,0.5,2026,10
-10.5,-83.5,1,2026-11,0.42,2026,10
-10.5,-82.5,1,2026-11,0.29,2026,10
-10.5,-81.5,1,2026-11,0.23,2026,10
-10.5,-80.5,1,2026-11,0.31,2026,10
-10.5,-79.5,1,2026-11,0.19,2026,10
-10.5,-78.5,1,2026-11,0.29,2026,10
-10.5,-77.5,1,2026-11,1.77,2026,10
-10.5,-76.5,1,2026-11,3.96,2026,10
-10.5,-75.5,1,2026-11,6.59,2026,10
-10.5,-74.5,1,2026-11,6.87,2026,10
-10.5,-73.5,1,2026-11,5.98,2026,10
-10.5,-72.5,1,2026-11,5.85,2026,10
-10.5,-71.5,1,2026-11,4.58,2026,10
-10.5,-70.5,1,2026-11,4.24,2026,10
-10.5,-69.5,1,2026-11,4.55,2026,10
-10.5,-68.5,1,2026-11,4.16,2026,10
-10.5,-67.5,1,2026-11,4.22,2026,10
-10.5,-66.5,1,2026-11,4.88,2026,10
-10.5,-65.5,1,2026-11,4.73,2026,10
-10.5,-64.5,1,2026-11,5.07,2026,10
-10.5,-63.5,1,2026-11,5.0,2026,10
-10.5,-62.5,1,2026-11,4.89,2026,10
-10.5,-61.5,1,2026-11,5.18,2026,10
-10.5,-60.5,1,2026-11,4.98,2026,10
-10.5,-59.5,1,2026-11,5.33,2026,10
-10.5,-58.5,1,2026-11,4.6,2026,10
-10.5,-57.5,1,2026-11,4.5,2026,10
-10.5,-56.5,1,2026-11,4.39,2026,10
-10.5,-55.5,1,2026-11,4.13,2026,10
-10.5,-54.5,1,2026-11,4.01,2026,10
-10.5,-53.5,1,2026-11,3.31,2026,10
-10.5,-52.5,1,2026-11,3.1,2026,10
-10.5,-51.5,1,2026-11,3.0,2026,10
-10.5,-50.5,1,2026-11,2.5,2026,10
-10.5,-49.5,1,2026-11,2.45,2026,10
-10.5,-48.5,1,2026-11,2.14,2026,10
-10.5,-47.5,1,2026-11,1.53,2026,10
-10.5,-46.5,1,2026-11,1.39,2026,10
-10.5,-45.5,1,2026-11,1.0,2026,10
-10.5,-44.5,1,2026-11,0.62,2026,10
-10.5,-43.5,1,2026-11,0.42,2026,10
-10.5,-42.5,1,2026-11,0.23,2026,10
-10.5,-41.5,1,2026-11,0.26,2026,10
-10.5,-40.5,1,2026-11,0.34,2026,10
-10.5,-39.5,1,2026-11,0.29,2026,10
-10.5,-38.5,1,2026-11,0.34,2026,10
-10.5,-37.5,1,2026-11,0.54,2026,10
-10.5,-36.5,1,2026-11,0.75,2026,10
-10.5,-35.5,1,2026-11,0.74,2026,10
-10.5,-34.5,1,2026-11,0.67,2026,10
-10.5,-33.5,1,2026-11,0.69,2026,10
-10.5,-32.5,1,2026-11,0.7,2026,10
-10.5,-31.5,1,2026-11,0.67,2026,10
-10.5,-30.5,1,2026-11,0.63,2026,10
-11.5,-89.5,1,2026-11,0.73,2026,10
-11.5,-88.5,1,2026-11,0.69,2026,10
-11.5,-87.5,1,2026-11,0.71,2026,10
-11.5,-86.5,1,2026-11,0.72,2026,10
-11.5,-85.5,1,2026-11,0.67,2026,10
-11.5,-84.5,1,2026-11,0.58,2026,10
-11.5,-83.5,1,2026-11,0.46,2026,10
-11.5,-82.5,1,2026-11,0.35,2026,10
-11.5,-81.5,1,2026-11,0.32,2026,10
-11.5,-80.5,1,2026-11,0.24,2026,10
-11.5,-79.5,1,2026-11,0.25,2026,10
-11.5,-78.5,1,2026-11,0.27,2026,10
-11.5,-77.5,1,2026-11,0.34,2026,10
-11.5,-76.5,1,2026-11,1.95,2026,10
-11.5,-75.5,1,2026-11,4.13,2026,10
-11.5,-74.5,1,2026-11,6.37,2026,10
-11.5,-73.5,1,2026-11,7.92,2026,10
-11.5,-72.5,1,2026-11,5.78,2026,10
-11.5,-71.5,1,2026-11,4.57,2026,10
-11.5,-70.5,1,2026-11,4.96,2026,10
-11.5,-69.5,1,2026-11,4.47,2026,10
-11.5,-68.5,1,2026-11,4.21,2026,10
-11.5,-67.5,1,2026-11,4.42,2026,10
-11.5,-66.5,1,2026-11,4.29,2026,10
-11.5,-65.5,1,2026-11,4.67,2026,10
-11.5,-64.5,1,2026-11,4.7,2026,10
-11.5,-63.5,1,2026-11,5.24,2026,10
-11.5,-62.5,1,2026-11,4.8,2026,10
-11.5,-61.5,1,2026-11,4.75,2026,10
-11.5,-60.5,1,2026-11,5.32,2026,10
-11.5,-59.5,1,2026-11,5.33,2026,10
-11.5,-58.5,1,2026-11,4.77,2026,10
-11.5,-57.5,1,2026-11,4.51,2026,10
-11.5,-56.5,1,2026-11,4.7,2026,10
-11.5,-55.5,1,2026-11,4.39,2026,10
-11.5,-54.5,1,2026-11,4.13,2026,10
-11.5,-53.5,1,2026-11,3.71,2026,10
-11.5,-52.5,1,2026-11,3.43,2026,10
-11.5,-51.5,1,2026-11,3.08,2026,10
-11.5,-50.5,1,2026-11,2.58,2026,10
-11.5,-49.5,1,2026-11,2.38,2026,10
-11.5,-48.5,1,2026-11,2.02,2026,10
-11.5,-47.5,1,2026-11,1.92,2026,10
-11.5,-46.5,1,2026-11,1.66,2026,10
-11.5,-45.5,1,2026-11,1.17,2026,10
-11.5,-44.5,1,2026-11,0.78,2026,10
-11.5,-43.5,1,2026-11,0.49,2026,10
-11.5,-42.5,1,2026-11,0.45,2026,10
-11.5,-41.5,1,2026-11,0.38,2026,10
-11.5,-40.5,1,2026-11,0.56,2026,10
-11.5,-39.5,1,2026-11,0.4,2026,10
-11.5,-38.5,1,2026-11,0.62,2026,10
-11.5,-37.5,1,2026-11,1.03,2026,10
-11.5,-36.5,1,2026-11,0.87,2026,10
-11.5,-35.5,1,2026-11,0.74,2026,10
-11.5,-34.5,1,2026-11,0.67,2026,10
-11.5,-33.5,1,2026-11,0.66,2026,10
-11.5,-32.5,1,2026-11,0.67,2026,10
-11.5,-31.5,1,2026-11,0.6,2026,10
-11.5,-30.5,1,2026-11,0.57,2026,10
-12.5,-89.5,1,2026-11,0.75,2026,10
-12.5,-88.5,1,2026-11,0.72,2026,10
-12.5,-87.5,1,2026-11,0.72,2026,10
-12.5,-86.5,1,2026-11,0.74,2026,10
-12.5,-85.5,1,2026-11,0.68,2026,10
-12.5,-84.5,1,2026-11,0.59,2026,10
-12.5,-83.5,1,2026-11,0.53,2026,10
-12.5,-82.5,1,2026-11,0.49,2026,10
-12.5,-81.5,1,2026-11,0.34,2026,10
-12.5,-80.5,1,2026-11,0.24,2026,10
-12.5,-79.5,1,2026-11,0.29,2026,10
-12.5,-78.5,1,2026-11,0.23,2026,10
-12.5,-77.5,1,2026-11,0.28,2026,10
-12.5,-76.5,1,2026-11,0.59,2026,10
-12.5,-75.5,1,2026-11,2.2,2026,10
-12.5,-74.5,1,2026-11,3.93,2026,10
-12.5,-73.5,1,2026-11,7.16,2026,10
-12.5,-72.5,1,2026-11,6.42,2026,10
-12.5,-71.5,1,2026-11,7.66,2026,10
-12.5,-70.5,1,2026-11,7.36,2026,10
-12.5,-69.5,1,2026-11,6.49,2026,10
-12.5,-68.5,1,2026-11,4.83,2026,10
-12.5,-67.5,1,2026-11,4.5,2026,10
-12.5,-66.5,1,2026-11,4.3,2026,10
-12.5,-65.5,1,2026-11,4.48,2026,10
-12.5,-64.5,1,2026-11,4.55,2026,10
-12.5,-63.5,1,2026-11,4.44,2026,10
-12.5,-62.5,1,2026-11,4.74,2026,10
-12.5,-61.5,1,2026-11,4.99,2026,10
-12.5,-60.5,1,2026-11,5.39,2026,10
-12.5,-59.5,1,2026-11,4.97,2026,10
-12.5,-58.5,1,2026-11,4.72,2026,10
-12.5,-57.5,1,2026-11,4.83,2026,10
-12.5,-56.5,1,2026-11,4.87,2026,10
-12.5,-55.5,1,2026-11,4.9,2026,10
-12.5,-54.5,1,2026-11,4.45,2026,10
-12.5,-53.5,1,2026-11,4.02,2026,10
-12.5,-52.5,1,2026-11,3.97,2026,10
-12.5,-51.5,1,2026-11,3.54,2026,10
-12.5,-50.5,1,2026-11,2.83,2026,10
-12.5,-49.5,1,2026-11,2.34,2026,10
-12.5,-48.5,1,2026-11,2.04,2026,10
-12.5,-47.5,1,2026-11,1.82,2026,10
-12.5,-46.5,1,2026-11,1.72,2026,10
-12.5,-45.5,1,2026-11,1.28,2026,10
-12.5,-44.5,1,2026-11,1.1,2026,10
-12.5,-43.5,1,2026-11,0.71,2026,10
-12.5,-42.5,1,2026-11,0.65,2026,10
-12.5,-41.5,1,2026-11,0.81,2026,10
-12.5,-40.5,1,2026-11,0.62,2026,10
-12.5,-39.5,1,2026-11,0.63,2026,10
-12.5,-38.5,1,2026-11,0.99,2026,10
-12.5,-37.5,1,2026-11,0.92,2026,10
-12.5,-36.5,1,2026-11,0.82,2026,10
-12.5,-35.5,1,2026-11,0.79,2026,10
-12.5,-34.5,1,2026-11,0.71,2026,10
-12.5,-33.5,1,2026-11,0.68,2026,10
-12.5,-32.5,1,2026-11,0.62,2026,10
-12.5,-31.5,1,2026-11,0.58,2026,10
-12.5,-30.5,1,2026-11,0.59,2026,10
-13.5,-89.5,1,2026-11,0.74,2026,10
-13.5,-88.5,1,2026-11,0.71,2026,10
-13.5,-87.5,1,2026-11,0.71,2026,10
-13.5,-86.5,1,2026-11,0.66,2026,10
-13.5,-85.5,1,2026-11,0.66,2026,10
-13.5,-84.5,1,2026-11,0.66,2026,10
-13.5,-83.5,1,2026-11,0.58,2026,10
-13.5,-82.5,1,2026-11,0.45,2026,10
-13.5,-81.5,1,2026-11,0.39,2026,10
-13.5,-80.5,1,2026-11,0.4,2026,10
-13.5,-79.5,1,2026-11,0.29,2026,10
-13.5,-78.5,1,2026-11,0.22,2026,10
-13.5,-77.5,1,2026-11,0.15,2026,10
-13.5,-76.5,1,2026-11,0.08,2026,10
-13.5,-75.5,1,2026-11,1.0,2026,10
-13.5,-74.5,1,2026-11,2.33,2026,10
-13.5,-73.5,1,2026-11,3.1,2026,10
-13.5,-72.5,1,2026-11,2.99,2026,10
-13.5,-71.5,1,2026-11,6.15,2026,10
-13.5,-70.5,1,2026-11,9.34,2026,10
-13.5,-69.5,1,2026-11,7.15,2026,10
-13.5,-68.5,1,2026-11,5.95,2026,10
-13.5,-67.5,1,2026-11,4.8,2026,10
-13.5,-66.5,1,2026-11,4.84,2026,10
-13.5,-65.5,1,2026-11,4.88,2026,10
-13.5,-64.5,1,2026-11,4.63,2026,10
-13.5,-63.5,1,2026-11,4.35,2026,10
-13.5,-62.5,1,2026-11,4.18,2026,10
-13.5,-61.5,1,2026-11,4.0,2026,10
-13.5,-60.5,1,2026-11,4.66,2026,10
-13.5,-59.5,1,2026-11,5.16,2026,10
-13.5,-58.5,1,2026-11,4.38,2026,10
-13.5,-57.5,1,2026-11,4.53,2026,10
-13.5,-56.5,1,2026-11,4.71,2026,10
-13.5,-55.5,1,2026-11,5.04,2026,10
-13.5,-54.5,1,2026-11,4.97,2026,10
-13.5,-53.5,1,2026-11,4.5,2026,10
-13.5,-52.5,1,2026-11,4.38,2026,10
-13.5,-51.5,1,2026-11,3.65,2026,10
-13.5,-50.5,1,2026-11,2.99,2026,10
-13.5,-49.5,1,2026-11,2.68,2026,10
-13.5,-48.5,1,2026-11,2.58,2026,10
-13.5,-47.5,1,2026-11,2.48,2026,10
-13.5,-46.5,1,2026-11,2.12,2026,10
-13.5,-45.5,1,2026-11,1.8,2026,10
-13.5,-44.5,1,2026-11,1.38,2026,10
-13.5,-43.5,1,2026-11,0.9,2026,10
-13.5,-42.5,1,2026-11,0.91,2026,10
-13.5,-41.5,1,2026-11,1.05,2026,10
-13.5,-40.5,1,2026-11,0.61,2026,10
-13.5,-39.5,1,2026-11,1.43,2026,10
-13.5,-38.5,1,2026-11,1.38,2026,10
-13.5,-37.5,1,2026-11,0.99,2026,10
-13.5,-36.5,1,2026-11,0.91,2026,10
-13.5,-35.5,1,2026-11,0.86,2026,10
-13.5,-34.5,1,2026-11,0.79,2026,10
-13.5,-33.5,1,2026-11,0.73,2026,10
-13.5,-32.5,1,2026-11,0.67,2026,10
-13.5,-31.5,1,2026-11,0.6,2026,10
-13.5,-30.5,1,2026-11,0.59,2026,10
-14.5,-89.5,1,2026-11,0.72,2026,10
-14.5,-88.5,1,2026-11,0.7,2026,10
-14.5,-87.5,1,2026-11,0.65,2026,10
-14.5,-86.5,1,2026-11,0.66,2026,10
-14.5,-85.5,1,2026-11,0.66,2026,10
-14.5,-84.5,1,2026-11,0.6,2026,10
-14.5,-83.5,1,2026-11,0.56,2026,10
-14.5,-82.5,1,2026-11,0.53,2026,10
-14.5,-81.5,1,2026-11,0.49,2026,10
-14.5,-80.5,1,2026-11,0.36,2026,10
-14.5,-79.5,1,2026-11,0.28,2026,10
-14.5,-78.5,1,2026-11,0.29,2026,10
-14.5,-77.5,1,2026-11,0.17,2026,10
-14.5,-76.5,1,2026-11,0.18,2026,10
-14.5,-75.5,1,2026-11,0.16,2026,10
-14.5,-74.5,1,2026-11,1.03,2026,10
-14.5,-73.5,1,2026-11,1.71,2026,10
-14.5,-72.5,1,2026-11,2.01,2026,10
-14.5,-71.5,1,2026-11,1.86,2026,10
-14.5,-70.5,1,2026-11,2.61,2026,10
-14.5,-69.5,1,2026-11,5.27,2026,10
-14.5,-68.5,1,2026-11,5.45,2026,10
-14.5,-67.5,1,2026-11,5.26,2026,10
-14.5,-66.5,1,2026-11,5.78,2026,10
-14.5,-65.5,1,2026-11,6.05,2026,10
-14.5,-64.5,1,2026-11,5.49,2026,10
-14.5,-63.5,1,2026-11,5.1,2026,10
-14.5,-62.5,1,2026-11,4.32,2026,10
-14.5,-61.5,1,2026-11,4.07,2026,10
-14.5,-60.5,1,2026-11,4.39,2026,10
-14.5,-59.5,1,2026-11,4.35,2026,10
-14.5,-58.5,1,2026-11,4.61,2026,10
-14.5,-57.5,1,2026-11,4.49,2026,10
-14.5,-56.5,1,2026-11,4.55,2026,10
-14.5,-55.5,1,2026-11,4.8,2026,10
-14.5,-54.5,1,2026-11,4.95,2026,10
-14.5,-53.5,1,2026-11,4.83,2026,10
-14.5,-52.5,1,2026-11,4.34,2026,10
-14.5,-51.5,1,2026-11,3.58,2026,10
-14.5,-50.5,1,2026-11,3.18,2026,10
-14.5,-49.5,1,2026-11,3.3,2026,10
-14.5,-48.5,1,2026-11,3.09,2026,10
-14.5,-47.5,1,2026-11,3.45,2026,10
-14.5,-46.5,1,2026-11,2.37,2026,10
-14.5,-45.5,1,2026-11,2.12,2026,10
-14.5,-44.5,1,2026-11,1.58,2026,10
-14.5,-43.5,1,2026-11,1.01,2026,10
-14.5,-42.5,1,2026-11,0.97,2026,10
-14.5,-41.5,1,2026-11,0.77,2026,10
-14.5,-40.5,1,2026-11,0.94,2026,10
-14.5,-39.5,1,2026-11,1.64,2026,10
-14.5,-38.5,1,2026-11,1.57,2026,10
-14.5,-37.5,1,2026-11,1.17,2026,10
-14.5,-36.5,1,2026-11,1.0,2026,10
-14.5,-35.5,1,2026-11,0.9,2026,10
-14.5,-34.5,1,2026-11,0.91,2026,10
-14.5,-33.5,1,2026-11,0.84,2026,10
-14.5,-32.5,1,2026-11,0.79,2026,10
-14.5,-31.5,1,2026-11,0.73,2026,10
-14.5,-30.5,1,2026-11,0.71,2026,10
-15.5,-89.5,1,2026-11,0.7,2026,10
-15.5,-88.5,1,2026-11,0.68,2026,10
-15.5,-87.5,1,2026-11,0.66,2026,10
-15.5,-86.5,1,2026-11,0.61,2026,10
-15.5,-85.5,1,2026-11,0.56,2026,10
-15.5,-84.5,1,2026-11,0.58,2026,10
-15.5,-83.5,1,2026-11,0.59,2026,10
-15.5,-82.5,1,2026-11,0.52,2026,10
-15.5,-81.5,1,2026-11,0.42,2026,10
-15.5,-80.5,1,2026-11,0.38,2026,10
-15.5,-79.5,1,2026-11,0.34,2026,10
-15.5,-78.5,1,2026-11,0.23,2026,10
-15.5,-77.5,1,2026-11,0.22,2026,10
-15.5,-76.5,1,2026-11,0.21,2026,10
-15.5,-75.5,1,2026-11,0.55,2026,10
-15.5,-74.5,1,2026-11,0.31,2026,10
-15.5,-73.5,1,2026-11,0.63,2026,10
-15.5,-72.5,1,2026-11,0.81,2026,10
-15.5,-71.5,1,2026-11,1.2,2026,10
-15.5,-70.5,1,2026-11,1.25,2026,10
-15.5,-69.5,1,2026-11,1.76,2026,10
-15.5,-68.5,1,2026-11,5.51,2026,10
-15.5,-67.5,1,2026-11,6.11,2026,10
-15.5,-66.5,1,2026-11,6.27,2026,10
-15.5,-65.5,1,2026-11,7.09,2026,10
-15.5,-64.5,1,2026-11,6.57,2026,10
-15.5,-63.5,1,2026-11,5.88,2026,10
-15.5,-62.5,1,2026-11,4.78,2026,10
-15.5,-61.5,1,2026-11,3.71,2026,10
-15.5,-60.5,1,2026-11,3.63,2026,10
-15.5,-59.5,1,2026-11,3.78,2026,10
-15.5,-58.5,1,2026-11,3.94,2026,10
-15.5,-57.5,1,2026-11,4.02,2026,10
-15.5,-56.5,1,2026-11,4.0,2026,10
-15.5,-55.5,1,2026-11,4.92,2026,10
-15.5,-54.5,1,2026-11,5.58,2026,10
-15.5,-53.5,1,2026-11,5.52,2026,10
-15.5,-52.5,1,2026-11,5.09,2026,10
-15.5,-51.5,1,2026-11,3.97,2026,10
-15.5,-50.5,1,2026-11,3.65,2026,10
-15.5,-49.5,1,2026-11,3.99,2026,10
-15.5,-48.5,1,2026-11,3.84,2026,10
-15.5,-47.5,1,2026-11,3.83,2026,10
-15.5,-46.5,1,2026-11,3.07,2026,10
-15.5,-45.5,1,2026-11,2.52,2026,10
-15.5,-44.5,1,2026-11,1.89,2026,10
-15.5,-43.5,1,2026-11,1.38,2026,10
-15.5,-42.5,1,2026-11,1.33,2026,10
-15.5,-41.5,1,2026-11,1.29,2026,10
-15.5,-40.5,1,2026-11,1.48,2026,10
-15.5,-39.5,1,2026-11,1.47,2026,10
-15.5,-38.5,1,2026-11,1.41,2026,10
-15.5,-37.5,1,2026-11,1.14,2026,10
-15.5,-36.5,1,2026-11,1.05,2026,10
-15.5,-35.5,1,2026-11,0.97,2026,10
-15.5,-34.5,1,2026-11,0.98,2026,10
-15.5,-33.5,1,2026-11,0.96,2026,10
-15.5,-32.5,1,2026-11,0.93,2026,10
-15.5,-31.5,1,2026-11,0.89,2026,10
-15.5,-30.5,1,2026-11,0.82,2026,10
-16.5,-89.5,1,2026-11,0.66,2026,10
-16.5,-88.5,1,2026-11,0.64,2026,10
-16.5,-87.5,1,2026-11,0.61,2026,10
-16.5,-86.5,1,2026-11,0.57,2026,10
-16.5,-85.5,1,2026-11,0.58,2026,10
-16.5,-84.5,1,2026-11,0.53,2026,10
-16.5,-83.5,1,2026-11,0.47,2026,10
-16.5,-82.5,1,2026-11,0.46,2026,10
-16.5,-81.5,1,2026-11,0.44,2026,10
-16.5,-80.5,1,2026-11,0.34,2026,10
-16.5,-79.5,1,2026-11,0.27,2026,10
-16.5,-78.5,1,2026-11,0.26,2026,10
-16.5,-77.5,1,2026-11,0.2,2026,10
-16.5,-76.5,1,2026-11,0.15,2026,10
-16.5,-75.5,1,2026-11,0.14,2026,10
-16.5,-74.5,1,2026-11,0.19,2026,10
-16.5,-73.5,1,2026-11,0.32,2026,10
-16.5,-72.5,1,2026-11,0.32,2026,10
-16.5,-71.5,1,2026-11,0.22,2026,10
-16.5,-70.5,1,2026-11,0.54,2026,10
-16.5,-69.5,1,2026-11,0.99,2026,10
-16.5,-68.5,1,2026-11,2.05,2026,10
-16.5,-67.5,1,2026-11,3.22,2026,10
-16.5,-66.5,1,2026-11,6.03,2026,10
-16.5,-65.5,1,2026-11,7.67,2026,10
-16.5,-64.5,1,2026-11,8.94,2026,10
-16.5,-63.5,1,2026-11,6.7,2026,10
-16.5,-62.5,1,2026-11,4.88,2026,10
-16.5,-61.5,1,2026-11,3.8,2026,10
-16.5,-60.5,1,2026-11,3.59,2026,10
-16.5,-59.5,1,2026-11,3.79,2026,10
-16.5,-58.5,1,2026-11,3.91,2026,10
-16.5,-57.5,1,2026-11,4.1,2026,10
-16.5,-56.5,1,2026-11,4.2,2026,10
-16.5,-55.5,1,2026-11,4.49,2026,10
-16.5,-54.5,1,2026-11,4.81,2026,10
-16.5,-53.5,1,2026-11,5.55,2026,10
-16.5,-52.5,1,2026-11,5.21,2026,10
-16.5,-51.5,1,2026-11,4.7,2026,10
-16.5,-50.5,1,2026-11,4.55,2026,10
-16.5,-49.5,1,2026-11,4.73,2026,10
-16.5,-48.5,1,2026-11,5.16,2026,10
-16.5,-47.5,1,2026-11,4.58,2026,10
-16.5,-46.5,1,2026-11,3.54,2026,10
-16.5,-45.5,1,2026-11,2.77,2026,10
-16.5,-44.5,1,2026-11,2.33,2026,10
-16.5,-43.5,1,2026-11,1.92,2026,10
-16.5,-42.5,1,2026-11,1.76,2026,10
-16.5,-41.5,1,2026-11,1.48,2026,10
-16.5,-40.5,1,2026-11,1.66,2026,10
-16.5,-39.5,1,2026-11,1.81,2026,10
-16.5,-38.5,1,2026-11,1.32,2026,10
-16.5,-37.5,1,2026-11,1.12,2026,10
-16.5,-36.5,1,2026-11,1.17,2026,10
-16.5,-35.5,1,2026-11,1.11,2026,10
-16.5,-34.5,1,2026-11,1.03,2026,10
-16.5,-33.5,1,2026-11,1.04,2026,10
-16.5,-32.5,1,2026-11,0.97,2026,10
-16.5,-31.5,1,2026-11,0.93,2026,10
-16.5,-30.5,1,2026-11,0.92,2026,10
-17.5,-89.5,1,2026-11,0.59,2026,10
-17.5,-88.5,1,2026-11,0.56,2026,10
-17.5,-87.5,1,2026-11,0.55,2026,10
-17.5,-86.5,1,2026-11,0.57,2026,10
-17.5,-85.5,1,2026-11,0.54,2026,10
-17.5,-84.5,1,2026-11,0.5,2026,10
-17.5,-83.5,1,2026-11,0.48,2026,10
-17.5,-82.5,1,2026-11,0.43,2026,10
-17.5,-81.5,1,2026-11,0.37,2026,10
-17.5,-80.5,1,2026-11,0.33,2026,10
-17.5,-79.5,1,2026-11,0.27,2026,10
-17.5,-78.5,1,2026-11,0.21,2026,10
-17.5,-77.5,1,2026-11,0.17,2026,10
-17.5,-76.5,1,2026-11,0.15,2026,10
-17.5,-75.5,1,2026-11,0.11,2026,10
-17.5,-74.5,1,2026-11,0.1,2026,10
-17.5,-73.5,1,2026-11,0.13,2026,10
-17.5,-72.5,1,2026-11,0.3,2026,10
-17.5,-71.5,1,2026-11,0.28,2026,10
-17.5,-70.5,1,2026-11,0.07,2026,10
-17.5,-69.5,1,2026-11,0.24,2026,10
-17.5,-68.5,1,2026-11,0.45,2026,10
-17.5,-67.5,1,2026-11,0.78,2026,10
-17.5,-66.5,1,2026-11,1.32,2026,10
-17.5,-65.5,1,2026-11,5.27,2026,10
-17.5,-64.5,1,2026-11,8.1,2026,10
-17.5,-63.5,1,2026-11,7.54,2026,10
-17.5,-62.5,1,2026-11,5.35,2026,10
-17.5,-61.5,1,2026-11,3.75,2026,10
-17.5,-60.5,1,2026-11,3.95,2026,10
-17.5,-59.5,1,2026-11,4.08,2026,10
-17.5,-58.5,1,2026-11,4.1,2026,10
-17.5,-57.5,1,2026-11,4.3,2026,10
-17.5,-56.5,1,2026-11,4.51,2026,10
-17.5,-55.5,1,2026-11,4.4,2026,10
-17.5,-54.5,1,2026-11,5.19,2026,10
-17.5,-53.5,1,2026-11,5.74,2026,10
-17.5,-52.5,1,2026-11,5.3,2026,10
-17.5,-51.5,1,2026-11,5.89,2026,10
-17.5,-50.5,1,2026-11,5.51,2026,10
-17.5,-49.5,1,2026-11,5.11,2026,10
-17.5,-48.5,1,2026-11,5.18,2026,10
-17.5,-47.5,1,2026-11,5.09,2026,10
-17.5,-46.5,1,2026-11,3.74,2026,10
-17.5,-45.5,1,2026-11,3.12,2026,10
-17.5,-44.5,1,2026-11,2.64,2026,10
-17.5,-43.5,1,2026-11,2.63,2026,10
-17.5,-42.5,1,2026-11,2.34,2026,10
-17.5,-41.5,1,2026-11,2.16,2026,10
-17.5,-40.5,1,2026-11,1.61,2026,10
-17.5,-39.5,1,2026-11,1.69,2026,10
-17.5,-38.5,1,2026-11,1.35,2026,10
-17.5,-37.5,1,2026-11,1.21,2026,10
-17.5,-36.5,1,2026-11,1.18,2026,10
-17.5,-35.5,1,2026-11,1.26,2026,10
-17.5,-34.5,1,2026-11,1.29,2026,10
-17.5,-33.5,1,2026-11,1.29,2026,10
-17.5,-32.5,1,2026-11,1.14,2026,10
-17.5,-31.5,1,2026-11,1.05,2026,10
-17.5,-30.5,1,2026-11,1.04,2026,10
-18.5,-89.5,1,2026-11,0.54,2026,10
-18.5,-88.5,1,2026-11,0.56,2026,10
-18.5,-87.5,1,2026-11,0.54,2026,10
-18.5,-86.5,1,2026-11,0.48,2026,10
-18.5,-85.5,1,2026-11,0.49,2026,10
-18.5,-84.5,1,2026-11,0.5,2026,10
-18.5,-83.5,1,2026-11,0.45,2026,10
-18.5,-82.5,1,2026-11,0.42,2026,10
-18.5,-81.5,1,2026-11,0.38,2026,10
-18.5,-80.5,1,2026-11,0.32,2026,10
-18.5,-79.5,1,2026-11,0.27,2026,10
-18.5,-78.5,1,2026-11,0.21,2026,10
-18.5,-77.5,1,2026-11,0.15,2026,10
-18.5,-76.5,1,2026-11,0.12,2026,10
-18.5,-75.5,1,2026-11,0.15,2026,10
-18.5,-74.5,1,2026-11,0.11,2026,10
-18.5,-73.5,1,2026-11,0.12,2026,10
-18.5,-72.5,1,2026-11,0.13,2026,10
-18.5,-71.5,1,2026-11,0.14,2026,10
-18.5,-70.5,1,2026-11,0.12,2026,10
-18.5,-69.5,1,2026-11,0.07,2026,10
-18.5,-68.5,1,2026-11,0.13,2026,10
-18.5,-67.5,1,2026-11,0.25,2026,10
-18.5,-66.5,1,2026-11,0.86,2026,10
-18.5,-65.5,1,2026-11,1.71,2026,10
-18.5,-64.5,1,2026-11,2.76,2026,10
-18.5,-63.5,1,2026-11,3.91,2026,10
-18.5,-62.5,1,2026-11,3.53,2026,10
-18.5,-61.5,1,2026-11,3.92,2026,10
-18.5,-60.5,1,2026-11,3.64,2026,10
-18.5,-59.5,1,2026-11,3.89,2026,10
-18.5,-58.5,1,2026-11,4.71,2026,10
-18.5,-57.5,1,2026-11,5.03,2026,10
-18.5,-56.5,1,2026-11,5.12,2026,10
-18.5,-55.5,1,2026-11,5.2,2026,10
-18.5,-54.5,1,2026-11,5.08,2026,10
-18.5,-53.5,1,2026-11,5.64,2026,10
-18.5,-52.5,1,2026-11,6.15,2026,10
-18.5,-51.5,1,2026-11,6.29,2026,10
-18.5,-50.5,1,2026-11,6.37,2026,10
-18.5,-49.5,1,2026-11,5.76,2026,10
-18.5,-48.5,1,2026-11,5.3,2026,10
-18.5,-47.5,1,2026-11,4.87,2026,10
-18.5,-46.5,1,2026-11,4.34,2026,10
-18.5,-45.5,1,2026-11,4.08,2026,10
-18.5,-44.5,1,2026-11,3.31,2026,10
-18.5,-43.5,1,2026-11,3.7,2026,10
-18.5,-42.5,1,2026-11,3.74,2026,10
-18.5,-41.5,1,2026-11,2.37,2026,10
-18.5,-40.5,1,2026-11,2.07,2026,10
-18.5,-39.5,1,2026-11,1.99,2026,10
-18.5,-38.5,1,2026-11,1.37,2026,10
-18.5,-37.5,1,2026-11,1.35,2026,10
-18.5,-36.5,1,2026-11,1.41,2026,10
-18.5,-35.5,1,2026-11,1.49,2026,10
-18.5,-34.5,1,2026-11,1.52,2026,10
-18.5,-33.5,1,2026-11,1.64,2026,10
-18.5,-32.5,1,2026-11,1.52,2026,10
-18.5,-31.5,1,2026-11,1.43,2026,10
-18.5,-30.5,1,2026-11,1.37,2026,10
-19.5,-89.5,1,2026-11,0.53,2026,10
-19.5,-88.5,1,2026-11,0.49,2026,10
-19.5,-87.5,1,2026-11,0.49,2026,10
-19.5,-86.5,1,2026-11,0.49,2026,10
-19.5,-85.5,1,2026-11,0.46,2026,10
-19.5,-84.5,1,2026-11,0.43,2026,10
-19.5,-83.5,1,2026-11,0.43,2026,10
-19.5,-82.5,1,2026-11,0.41,2026,10
-19.5,-81.5,1,2026-11,0.37,2026,10
-19.5,-80.5,1,2026-11,0.33,2026,10
-19.5,-79.5,1,2026-11,0.27,2026,10
-19.5,-78.5,1,2026-11,0.22,2026,10
-19.5,-77.5,1,2026-11,0.18,2026,10
-19.5,-76.5,1,2026-11,0.13,2026,10
-19.5,-75.5,1,2026-11,0.12,2026,10
-19.5,-74.5,1,2026-11,0.1,2026,10
-19.5,-73.5,1,2026-11,0.11,2026,10
-19.5,-72.5,1,2026-11,0.13,2026,10
-19.5,-71.5,1,2026-11,0.08,2026,10
-19.5,-70.5,1,2026-11,0.05,2026,10
-19.5,-69.5,1,2026-11,0.02,2026,10
-19.5,-68.5,1,2026-11,0.04,2026,10
-19.5,-67.5,1,2026-11,0.07,2026,10
-19.5,-66.5,1,2026-11,0.25,2026,10
-19.5,-65.5,1,2026-11,1.08,2026,10
-19.5,-64.5,1,2026-11,2.81,2026,10
-19.5,-63.5,1,2026-11,3.15,2026,10
-19.5,-62.5,1,2026-11,3.02,2026,10
-19.5,-61.5,1,2026-11,3.13,2026,10
-19.5,-60.5,1,2026-11,3.52,2026,10
-19.5,-59.5,1,2026-11,4.57,2026,10
-19.5,-58.5,1,2026-11,5.51,2026,10
-19.5,-57.5,1,2026-11,6.3,2026,10
-19.5,-56.5,1,2026-11,6.82,2026,10
-19.5,-55.5,1,2026-11,7.34,2026,10
-19.5,-54.5,1,2026-11,6.3,2026,10
-19.5,-53.5,1,2026-11,5.88,2026,10
-19.5,-52.5,1,2026-11,6.54,2026,10
-19.5,-51.5,1,2026-11,6.8,2026,10
-19.5,-50.5,1,2026-11,6.36,2026,10
-19.5,-49.5,1,2026-11,6.03,2026,10
-19.5,-48.5,1,2026-11,6.17,2026,10
-19.5,-47.5,1,2026-11,6.14,2026,10
-19.5,-46.5,1,2026-11,5.87,2026,10
-19.5,-45.5,1,2026-11,5.21,2026,10
-19.5,-44.5,1,2026-11,4.24,2026,10
-19.5,-43.5,1,2026-11,4.61,2026,10
-19.5,-42.5,1,2026-11,4.67,2026,10
-19.5,-41.5,1,2026-11,3.26,2026,10
-19.5,-40.5,1,2026-11,2.67,2026,10
-19.5,-39.5,1,2026-11,2.37,2026,10
-19.5,-38.5,1,2026-11,1.62,2026,10
-19.5,-37.5,1,2026-11,1.48,2026,10
-19.5,-36.5,1,2026-11,1.59,2026,10
-19.5,-35.5,1,2026-11,1.75,2026,10
-19.5,-34.5,1,2026-11,1.78,2026,10
-19.5,-33.5,1,2026-11,1.88,2026,10
-19.5,-32.5,1,2026-11,1.79,2026,10
-19.5,-31.5,1,2026-11,1.73,2026,10
-19.5,-30.5,1,2026-11,1.77,2026,10
-20.5,-89.5,1,2026-11,0.54,2026,10
-20.5,-88.5,1,2026-11,0.53,2026,10
-20.5,-87.5,1,2026-11,0.49,2026,10
-20.5,-86.5,1,2026-11,0.46,2026,10
-20.5,-85.5,1,2026-11,0.46,2026,10
-20.5,-84.5,1,2026-11,0.46,2026,10
-20.5,-83.5,1,2026-11,0.4,2026,10
-20.5,-82.5,1,2026-11,0.37,2026,10
-20.5,-81.5,1,2026-11,0.37,2026,10
-20.5,-80.5,1,2026-11,0.32,2026,10
-20.5,-79.5,1,2026-11,0.27,2026,10
-20.5,-78.5,1,2026-11,0.26,2026,10
-20.5,-77.5,1,2026-11,0.19,2026,10
-20.5,-76.5,1,2026-11,0.14,2026,10
-20.5,-75.5,1,2026-11,0.11,2026,10
-20.5,-74.5,1,2026-11,0.1,2026,10
-20.5,-73.5,1,2026-11,0.08,2026,10
-20.5,-72.5,1,2026-11,0.09,2026,10
-20.5,-71.5,1,2026-11,0.14,2026,10
-20.5,-70.5,1,2026-11,0.16,2026,10
-20.5,-69.5,1,2026-11,0.02,2026,10
-20.5,-68.5,1,2026-11,0.03,2026,10
-20.5,-67.5,1,2026-11,0.02,2026,10
-20.5,-66.5,1,2026-11,0.07,2026,10
-20.5,-65.5,1,2026-11,0.45,2026,10
-20.5,-64.5,1,2026-11,3.69,2026,10
-20.5,-63.5,1,2026-11,3.7,2026,10
-20.5,-62.5,1,2026-11,3.03,2026,10
-20.5,-61.5,1,2026-11,2.96,2026,10
-20.5,-60.5,1,2026-11,3.54,2026,10
-20.5,-59.5,1,2026-11,4.97,2026,10
-20.5,-58.5,1,2026-11,6.97,2026,10
-20.5,-57.5,1,2026-11,8.69,2026,10
-20.5,-56.5,1,2026-11,9.32,2026,10
-20.5,-55.5,1,2026-11,8.7,2026,10
-20.5,-54.5,1,2026-11,6.88,2026,10
-20.5,-53.5,1,2026-11,6.56,2026,10
-20.5,-52.5,1,2026-11,7.22,2026,10
-20.5,-51.5,1,2026-11,7.13,2026,10
-20.5,-50.5,1,2026-11,6.73,2026,10
-20.5,-49.5,1,2026-11,6.47,2026,10
-20.5,-48.5,1,2026-11,6.5,2026,10
-20.5,-47.5,1,2026-11,6.54,2026,10
-20.5,-46.5,1,2026-11,6.65,2026,10
-20.5,-45.5,1,2026-11,5.89,2026,10
-20.5,-44.5,1,2026-11,5.76,2026,10
-20.5,-43.5,1,2026-11,6.06,2026,10
-20.5,-42.5,1,2026-11,5.56,2026,10
-20.5,-41.5,1,2026-11,6.03,2026,10
-20.5,-40.5,1,2026-11,4.87,2026,10
-20.5,-39.5,1,2026-11,2.86,2026,10
-20.5,-38.5,1,2026-11,2.3,2026,10
-20.5,-37.5,1,2026-11,2.0,2026,10
-20.5,-36.5,1,2026-11,1.95,2026,10
-20.5,-35.5,1,2026-11,2.01,2026,10
-20.5,-34.5,1,2026-11,2.09,2026,10
-20.5,-33.5,1,2026-11,2.22,2026,10
-20.5,-32.5,1,2026-11,2.17,2026,10
-20.5,-31.5,1,2026-11,2.11,2026,10
-20.5,-30.5,1,2026-11,2.05,2026,10
-21.5,-89.5,1,2026-11,0.53,2026,10
-21.5,-88.5,1,2026-11,0.5,2026,10
-21.5,-87.5,1,2026-11,0.49,2026,10
-21.5,-86.5,1,2026-11,0.45,2026,10
-21.5,-85.5,1,2026-11,0.45,2026,10
-21.5,-84.5,1,2026-11,0.44,2026,10
-21.5,-83.5,1,2026-11,0.43,2026,10
-21.5,-82.5,1,2026-11,0.38,2026,10
-21.5,-81.5,1,2026-11,0.33,2026,10
-21.5,-80.5,1,2026-11,0.33,2026,10
-21.5,-79.5,1,2026-11,0.3,2026,10
-21.5,-78.5,1,2026-11,0.24,2026,10
-21.5,-77.5,1,2026-11,0.18,2026,10
-21.5,-76.5,1,2026-11,0.14,2026,10
-21.5,-75.5,1,2026-11,0.11,2026,10
-21.5,-74.5,1,2026-11,0.09,2026,10
-21.5,-73.5,1,2026-11,0.06,2026,10
-21.5,-72.5,1,2026-11,0.06,2026,10
-21.5,-71.5,1,2026-11,0.13,2026,10
-21.5,-70.5,1,2026-11,0.42,2026,10
-21.5,-69.5,1,2026-11,0.04,2026,10
-21.5,-68.5,1,2026-11,0.04,2026,10
-21.5,-67.5,1,2026-11,0.03,2026,10
-21.5,-66.5,1,2026-11,0.05,2026,10
-21.5,-65.5,1,2026-11,0.54,2026,10
-21.5,-64.5,1,2026-11,3.83,2026,10
-21.5,-63.5,1,2026-11,3.78,2026,10
-21.5,-62.5,1,2026-11,3.27,2026,10
-21.5,-61.5,1,2026-11,3.13,2026,10
-21.5,-60.5,1,2026-11,3.73,2026,10
-21.5,-59.5,1,2026-11,5.35,2026,10
-21.5,-58.5,1,2026-11,7.56,2026,10
-21.5,-57.5,1,2026-11,9.72,2026,10
-21.5,-56.5,1,2026-11,9.97,2026,10
-21.5,-55.5,1,2026-11,9.37,2026,10
-21.5,-54.5,1,2026-11,7.87,2026,10
-21.5,-53.5,1,2026-11,8.31,2026,10
-21.5,-52.5,1,2026-11,8.42,2026,10
-21.5,-51.5,1,2026-11,8.33,2026,10
-21.5,-50.5,1,2026-11,7.81,2026,10
-21.5,-49.5,1,2026-11,7.38,2026,10
-21.5,-48.5,1,2026-11,7.39,2026,10
-21.5,-47.5,1,2026-11,7.49,2026,10
-21.5,-46.5,1,2026-11,7.65,2026,10
-21.5,-45.5,1,2026-11,7.1,2026,10
-21.5,-44.5,1,2026-11,7.33,2026,10
-21.5,-43.5,1,2026-11,7.52,2026,10
-21.5,-42.5,1,2026-11,7.0,2026,10
-21.5,-41.5,1,2026-11,6.1,2026,10
-21.5,-40.5,1,2026-11,4.18,2026,10
-21.5,-39.5,1,2026-11,3.29,2026,10
-21.5,-38.5,1,2026-11,3.01,2026,10
-21.5,-37.5,1,2026-11,2.79,2026,10
-21.5,-36.5,1,2026-11,2.59,2026,10
-21.5,-35.5,1,2026-11,2.48,2026,10
-21.5,-34.5,1,2026-11,2.57,2026,10
-21.5,-33.5,1,2026-11,2.67,2026,10
-21.5,-32.5,1,2026-11,2.57,2026,10
-21.5,-31.5,1,2026-11,2.35,2026,10
-21.5,-30.5,1,2026-11,2.34,2026,10
-22.5,-89.5,1,2026-11,0.57,2026,10
-22.5,-88.5,1,2026-11,0.54,2026,10
-22.5,-87.5,1,2026-11,0.5,2026,10
-22.5,-86.5,1,2026-11,0.48,2026,10
-22.5,-85.5,1,2026-11,0.49,2026,10
-22.5,-84.5,1,2026-11,0.45,2026,10
-22.5,-83.5,1,2026-11,0.4,2026,10
-22.5,-82.5,1,2026-11,0.36,2026,10
-22.5,-81.5,1,2026-11,0.34,2026,10
-22.5,-80.5,1,2026-11,0.31,2026,10
-22.5,-79.5,1,2026-11,0.27,2026,10
-22.5,-78.5,1,2026-11,0.25,2026,10
-22.5,-77.5,1,2026-11,0.18,2026,10
-22.5,-76.5,1,2026-11,0.14,2026,10
-22.5,-75.5,1,2026-11,0.11,2026,10
-22.5,-74.5,1,2026-11,0.08,2026,10
-22.5,-73.5,1,2026-11,0.06,2026,10
-22.5,-72.5,1,2026-11,0.04,2026,10
-22.5,-71.5,1,2026-11,0.05,2026,10
-22.5,-70.5,1,2026-11,0.13,2026,10
-22.5,-69.5,1,2026-11,0.03,2026,10
-22.5,-68.5,1,2026-11,0.05,2026,10
-22.5,-67.5,1,2026-11,0.12,2026,10
-22.5,-66.5,1,2026-11,0.06,2026,10
-22.5,-65.5,1,2026-11,1.37,2026,10
-22.5,-64.5,1,2026-11,6.89,2026,10
-22.5,-63.5,1,2026-11,4.94,2026,10
-22.5,-62.5,1,2026-11,3.4,2026,10
-22.5,-61.5,1,2026-11,3.41,2026,10
-22.5,-60.5,1,2026-11,3.94,2026,10
-22.5,-59.5,1,2026-11,5.44,2026,10
-22.5,-58.5,1,2026-11,7.78,2026,10
-22.5,-57.5,1,2026-11,9.91,2026,10
-22.5,-56.5,1,2026-11,11.45,2026,10
-22.5,-55.5,1,2026-11,10.84,2026,10
-22.5,-54.5,1,2026-11,9.95,2026,10
-22.5,-53.5,1,2026-11,9.94,2026,10
-22.5,-52.5,1,2026-11,10.16,2026,10
-22.5,-51.5,1,2026-11,10.12,2026,10
-22.5,-50.5,1,2026-11,9.54,2026,10
-22.5,-49.5,1,2026-11,8.74,2026,10
-22.5,-48.5,1,2026-11,7.79,2026,10
-22.5,-47.5,1,2026-11,7.85,2026,10
-22.5,-46.5,1,2026-11,8.61,2026,10
-22.5,-45.5,1,2026-11,7.84,2026,10
-22.5,-44.5,1,2026-11,8.09,2026,10
-22.5,-43.5,1,2026-11,6.83,2026,10
-22.5,-42.5,1,2026-11,7.19,2026,10
-22.5,-41.5,1,2026-11,5.19,2026,10
-22.5,-40.5,1,2026-11,4.1,2026,10
-22.5,-39.5,1,2026-11,3.89,2026,10
-22.5,-38.5,1,2026-11,3.87,2026,10
-22.5,-37.5,1,2026-11,3.68,2026,10
-22.5,-36.5,1,2026-11,3.4,2026,10
-22.5,-35.5,1,2026-11,3.12,2026,10
-22.5,-34.5,1,2026-11,3.04,2026,10
-22.5,-33.5,1,2026-11,3.0,2026,10
-22.5,-32.5,1,2026-11,2.91,2026,10
-22.5,-31.5,1,2026-11,2.75,2026,10
-22.5,-30.5,1,2026-11,2.68,2026,10
-23.5,-89.5,1,2026-11,0.58,2026,10
-23.5,-88.5,1,2026-11,0.58,2026,10
-23.5,-87.5,1,2026-11,0.57,2026,10
-23.5,-86.5,1,2026-11,0.52,2026,10
-23.5,-85.5,1,2026-11,0.51,2026,10
-23.5,-84.5,1,2026-11,0.49,2026,10
-23.5,-83.5,1,2026-11,0.41,2026,10
-23.5,-82.5,1,2026-11,0.37,2026,10
-23.5,-81.5,1,2026-11,0.34,2026,10
-23.5,-80.5,1,2026-11,0.32,2026,10
-23.5,-79.5,1,2026-11,0.27,2026,10
-23.5,-78.5,1,2026-11,0.22,2026,10
-23.5,-77.5,1,2026-11,0.21,2026,10
-23.5,-76.5,1,2026-11,0.15,2026,10
-23.5,-75.5,1,2026-11,0.12,2026,10
-23.5,-74.5,1,2026-11,0.08,2026,10
-23.5,-73.5,1,2026-11,0.06,2026,10
-23.5,-72.5,1,2026-11,0.04,2026,10
-23.5,-71.5,1,2026-11,0.07,2026,10
-23.5,-70.5,1,2026-11,0.2,2026,10
-23.5,-69.5,1,2026-11,0.05,2026,10
-23.5,-68.5,1,2026-11,0.17,2026,10
-23.5,-67.5,1,2026-11,0.35,2026,10
-23.5,-66.5,1,2026-11,0.05,2026,10
-23.5,-65.5,1,2026-11,2.51,2026,10
-23.5,-64.5,1,2026-11,5.98,2026,10
-23.5,-63.5,1,2026-11,3.2,2026,10
-23.5,-62.5,1,2026-11,3.13,2026,10
-23.5,-61.5,1,2026-11,3.45,2026,10
-23.5,-60.5,1,2026-11,4.31,2026,10
-23.5,-59.5,1,2026-11,5.83,2026,10
-23.5,-58.5,1,2026-11,8.06,2026,10
-23.5,-57.5,1,2026-11,10.59,2026,10
-23.5,-56.5,1,2026-11,12.42,2026,10
-23.5,-55.5,1,2026-11,11.97,2026,10
-23.5,-54.5,1,2026-11,11.84,2026,10
-23.5,-53.5,1,2026-11,12.23,2026,10
-23.5,-52.5,1,2026-11,12.7,2026,10
-23.5,-51.5,1,2026-11,12.04,2026,10
-23.5,-50.5,1,2026-11,11.06,2026,10
-23.5,-49.5,1,2026-11,9.73,2026,10
-23.5,-48.5,1,2026-11,8.26,2026,10
-23.5,-47.5,1,2026-11,8.2,2026,10
-23.5,-46.5,1,2026-11,8.18,2026,10
-23.5,-45.5,1,2026-11,7.4,2026,10
-23.5,-44.5,1,2026-11,6.11,2026,10
-23.5,-43.5,1,2026-11,4.48,2026,10
-23.5,-42.5,1,2026-11,4.34,2026,10
-23.5,-41.5,1,2026-11,4.1,2026,10
-23.5,-40.5,1,2026-11,4.15,2026,10
-23.5,-39.5,1,2026-11,4.19,2026,10
-23.5,-38.5,1,2026-11,4.2,2026,10
-23.5,-37.5,1,2026-11,4.23,2026,10
-23.5,-36.5,1,2026-11,4.19,2026,10
-23.5,-35.5,1,2026-11,3.88,2026,10
-23.5,-34.5,1,2026-11,3.55,2026,10
-23.5,-33.5,1,2026-11,3.39,2026,10
-23.5,-32.5,1,2026-11,3.34,2026,10
-23.5,-31.5,1,2026-11,3.13,2026,10
-23.5,-30.5,1,2026-11,2.97,2026,10
-24.5,-89.5,1,2026-11,0.62,2026,10
-24.5,-88.5,1,2026-11,0.61,2026,10
-24.5,-87.5,1,2026-11,0.61,2026,10
-24.5,-86.5,1,2026-11,0.58,2026,10
-24.5,-85.5,1,2026-11,0.53,2026,10
-24.5,-84.5,1,2026-11,0.51,2026,10
-24.5,-83.5,1,2026-11,0.52,2026,10
-24.5,-82.5,1,2026-11,0.44,2026,10
-24.5,-81.5,1,2026-11,0.37,2026,10
-24.5,-80.5,1,2026-11,0.32,2026,10
-24.5,-79.5,1,2026-11,0.31,2026,10
-24.5,-78.5,1,2026-11,0.26,2026,10
-24.5,-77.5,1,2026-11,0.2,2026,10
-24.5,-76.5,1,2026-11,0.16,2026,10
-24.5,-75.5,1,2026-11,0.13,2026,10
-24.5,-74.5,1,2026-11,0.1,2026,10
-24.5,-73.5,1,2026-11,0.05,2026,10
-24.5,-72.5,1,2026-11,0.03,2026,10
-24.5,-71.5,1,2026-11,0.06,2026,10
-24.5,-70.5,1,2026-11,0.21,2026,10
-24.5,-69.5,1,2026-11,0.08,2026,10
-24.5,-68.5,1,2026-11,0.47,2026,10
-24.5,-67.5,1,2026-11,0.22,2026,10
-24.5,-66.5,1,2026-11,0.17,2026,10
-24.5,-65.5,1,2026-11,4.81,2026,10
-24.5,-64.5,1,2026-11,5.31,2026,10
-24.5,-63.5,1,2026-11,2.28,2026,10
-24.5,-62.5,1,2026-11,2.47,2026,10
-24.5,-61.5,1,2026-11,3.08,2026,10
-24.5,-60.5,1,2026-11,4.31,2026,10
-24.5,-59.5,1,2026-11,6.39,2026,10
-24.5,-58.5,1,2026-11,9.03,2026,10
-24.5,-57.5,1,2026-11,11.88,2026,10
-24.5,-56.5,1,2026-11,13.14,2026,10
-24.5,-55.5,1,2026-11,13.19,2026,10
-24.5,-54.5,1,2026-11,12.97,2026,10
-24.5,-53.5,1,2026-11,14.06,2026,10
-24.5,-52.5,1,2026-11,13.81,2026,10
-24.5,-51.5,1,2026-11,13.88,2026,10
-24.5,-50.5,1,2026-11,10.82,2026,10
-24.5,-49.5,1,2026-11,9.1,2026,10
-24.5,-48.5,1,2026-11,8.81,2026,10
-24.5,-47.5,1,2026-11,7.67,2026,10
-24.5,-46.5,1,2026-11,6.16,2026,10
-24.5,-45.5,1,2026-11,4.87,2026,10
-24.5,-44.5,1,2026-11,4.34,2026,10
-24.5,-43.5,1,2026-11,4.09,2026,10
-24.5,-42.5,1,2026-11,3.93,2026,10
-24.5,-41.5,1,2026-11,3.84,2026,10
-24.5,-40.5,1,2026-11,3.95,2026,10
-24.5,-39.5,1,2026-11,4.05,2026,10
-24.5,-38.5,1,2026-11,4.39,2026,10
-24.5,-37.5,1,2026-11,4.61,2026,10
-24.5,-36.5,1,2026-11,4.73,2026,10
-24.5,-35.5,1,2026-11,4.51,2026,10
-24.5,-34.5,1,2026-11,4.2,2026,10
-24.5,-33.5,1,2026-11,3.9,2026,10
-24.5,-32.5,1,2026-11,3.76,2026,10
-24.5,-31.5,1,2026-11,3.63,2026,10
-24.5,-30.5,1,2026-11,3.48,2026,10
-25.5,-89.5,1,2026-11,0.78,2026,10
-25.5,-88.5,1,2026-11,0.72,2026,10
-25.5,-87.5,1,2026-11,0.6,2026,10
-25.5,-86.5,1,2026-11,0.55,2026,10
-25.5,-85.5,1,2026-11,0.57,2026,10
-25.5,-84.5,1,2026-11,0.58,2026,10
-25.5,-83.5,1,2026-11,0.55,2026,10
-25.5,-82.5,1,2026-11,0.5,2026,10
-25.5,-81.5,1,2026-11,0.45,2026,10
-25.5,-80.5,1,2026-11,0.37,2026,10
-25.5,-79.5,1,2026-11,0.33,2026,10
-25.5,-78.5,1,2026-11,0.3,2026,10
-25.5,-77.5,1,2026-11,0.25,2026,10
-25.5,-76.5,1,2026-11,0.17,2026,10
-25.5,-75.5,1,2026-11,0.14,2026,10
-25.5,-74.5,1,2026-11,0.11,2026,10
-25.5,-73.5,1,2026-11,0.07,2026,10
-25.5,-72.5,1,2026-11,0.05,2026,10
-25.5,-71.5,1,2026-11,0.06,2026,10
-25.5,-70.5,1,2026-11,0.16,2026,10
-25.5,-69.5,1,2026-11,0.32,2026,10
-25.5,-68.5,1,2026-11,0.59,2026,10
-25.5,-67.5,1,2026-11,0.22,2026,10
-25.5,-66.5,1,2026-11,1.2,2026,10
-25.5,-65.5,1,2026-11,4.94,2026,10
-25.5,-64.5,1,2026-11,4.3,2026,10
-25.5,-63.5,1,2026-11,2.4,2026,10
-25.5,-62.5,1,2026-11,2.08,2026,10
-25.5,-61.5,1,2026-11,2.75,2026,10
-25.5,-60.5,1,2026-11,4.26,2026,10
-25.5,-59.5,1,2026-11,6.57,2026,10
-25.5,-58.5,1,2026-11,9.19,2026,10
-25.5,-57.5,1,2026-11,11.66,2026,10
-25.5,-56.5,1,2026-11,12.64,2026,10
-25.5,-55.5,1,2026-11,12.83,2026,10
-25.5,-54.5,1,2026-11,13.2,2026,10
-25.5,-53.5,1,2026-11,14.06,2026,10
-25.5,-52.5,1,2026-11,13.49,2026,10
-25.5,-51.5,1,2026-11,12.44,2026,10
-25.5,-50.5,1,2026-11,9.66,2026,10
-25.5,-49.5,1,2026-11,9.45,2026,10
-25.5,-48.5,1,2026-11,9.05,2026,10
-25.5,-47.5,1,2026-11,6.71,2026,10
-25.5,-46.5,1,2026-11,5.42,2026,10
-25.5,-45.5,1,2026-11,4.71,2026,10
-25.5,-44.5,1,2026-11,4.22,2026,10
-25.5,-43.5,1,2026-11,3.83,2026,10
-25.5,-42.5,1,2026-11,3.72,2026,10
-25.5,-41.5,1,2026-11,3.76,2026,10
-25.5,-40.5,1,2026-11,3.96,2026,10
-25.5,-39.5,1,2026-11,4.26,2026,10
-25.5,-38.5,1,2026-11,4.67,2026,10
-25.5,-37.5,1,2026-11,5.01,2026,10
-25.5,-36.5,1,2026-11,5.26,2026,10
-25.5,-35.5,1,2026-11,5.29,2026,10
-25.5,-34.5,1,2026-11,5.02,2026,10
-25.5,-33.5,1,2026-11,4.64,2026,10
-25.5,-32.5,1,2026-11,4.31,2026,10
-25.5,-31.5,1,2026-11,3.98,2026,10
-25.5,-30.5,1,2026-11,3.73,2026,10
-26.5,-89.5,1,2026-11,0.94,2026,10
-26.5,-88.5,1,2026-11,0.86,2026,10
-26.5,-87.5,1,2026-11,0.75,2026,10
-26.5,-86.5,1,2026-11,0.66,2026,10
-26.5,-85.5,1,2026-11,0.64,2026,10
-26.5,-84.5,1,2026-11,0.69,2026,10
-26.5,-83.5,1,2026-11,0.64,2026,10
-26.5,-82.5,1,2026-11,0.56,2026,10
-26.5,-81.5,1,2026-11,0.48,2026,10
-26.5,-80.5,1,2026-11,0.43,2026,10
-26.5,-79.5,1,2026-11,0.39,2026,10
-26.5,-78.5,1,2026-11,0.31,2026,10
-26.5,-77.5,1,2026-11,0.27,2026,10
-26.5,-76.5,1,2026-11,0.22,2026,10
-26.5,-75.5,1,2026-11,0.16,2026,10
-26.5,-74.5,1,2026-11,0.11,2026,10
-26.5,-73.5,1,2026-11,0.07,2026,10
-26.5,-72.5,1,2026-11,0.06,2026,10
-26.5,-71.5,1,2026-11,0.07,2026,10
-26.5,-70.5,1,2026-11,0.14,2026,10
-26.5,-69.5,1,2026-11,0.95,2026,10
-26.5,-68.5,1,2026-11,1.72,2026,10
-26.5,-67.5,1,2026-11,0.22,2026,10
-26.5,-66.5,1,2026-11,1.6,2026,10
-26.5,-65.5,1,2026-11,6.37,2026,10
-26.5,-64.5,1,2026-11,4.51,2026,10
-26.5,-63.5,1,2026-11,2.58,2026,10
-26.5,-62.5,1,2026-11,2.44,2026,10
-26.5,-61.5,1,2026-11,3.11,2026,10
-26.5,-60.5,1,2026-11,4.66,2026,10
-26.5,-59.5,1,2026-11,6.74,2026,10
-26.5,-58.5,1,2026-11,9.06,2026,10
-26.5,-57.5,1,2026-11,10.75,2026,10
-26.5,-56.5,1,2026-11,11.92,2026,10
-26.5,-55.5,1,2026-11,12.66,2026,10
-26.5,-54.5,1,2026-11,13.13,2026,10
-26.5,-53.5,1,2026-11,12.77,2026,10
-26.5,-52.5,1,2026-11,12.08,2026,10
-26.5,-51.5,1,2026-11,10.81,2026,10
-26.5,-50.5,1,2026-11,9.31,2026,10
-26.5,-49.5,1,2026-11,9.26,2026,10
-26.5,-48.5,1,2026-11,8.06,2026,10
-26.5,-47.5,1,2026-11,6.12,2026,10
-26.5,-46.5,1,2026-11,5.51,2026,10
-26.5,-45.5,1,2026-11,5.0,2026,10
-26.5,-44.5,1,2026-11,4.51,2026,10
-26.5,-43.5,1,2026-11,4.22,2026,10
-26.5,-42.5,1,2026-11,4.11,2026,10
-26.5,-41.5,1,2026-11,4.12,2026,10
-26.5,-40.5,1,2026-11,4.29,2026,10
-26.5,-39.5,1,2026-11,4.54,2026,10
-26.5,-38.5,1,2026-11,4.87,2026,10
-26.5,-37.5,1,2026-11,5.12,2026,10
-26.5,-36.5,1,2026-11,5.47,2026,10
-26.5,-35.5,1,2026-11,5.89,2026,10
-26.5,-34.5,1,2026-11,5.93,2026,10
-26.5,-33.5,1,2026-11,5.63,2026,10
-26.5,-32.5,1,2026-11,5.21,2026,10
-26.5,-31.5,1,2026-11,4.72,2026,10
-26.5,-30.5,1,2026-11,4.35,2026,10
-27.5,-89.5,1,2026-11,1.21,2026,10
-27.5,-88.5,1,2026-11,1.13,2026,10
-27.5,-87.5,1,2026-11,1.01,2026,10
-27.5,-86.5,1,2026-11,0.92,2026,10
-27.5,-85.5,1,2026-11,0.85,2026,10
-27.5,-84.5,1,2026-11,0.85,2026,10
-27.5,-83.5,1,2026-11,0.84,2026,10
-27.5,-82.5,1,2026-11,0.75,2026,10
-27.5,-81.5,1,2026-11,0.63,2026,10
-27.5,-80.5,1,2026-11,0.56,2026,10
-27.5,-79.5,1,2026-11,0.47,2026,10
-27.5,-78.5,1,2026-11,0.43,2026,10
-27.5,-77.5,1,2026-11,0.34,2026,10
-27.5,-76.5,1,2026-11,0.27,2026,10
-27.5,-75.5,1,2026-11,0.23,2026,10
-27.5,-74.5,1,2026-11,0.17,2026,10
-27.5,-73.5,1,2026-11,0.11,2026,10
-27.5,-72.5,1,2026-11,0.08,2026,10
-27.5,-71.5,1,2026-11,0.09,2026,10
-27.5,-70.5,1,2026-11,0.33,2026,10
-27.5,-69.5,1,2026-11,2.24,2026,10
-27.5,-68.5,1,2026-11,2.06,2026,10
-27.5,-67.5,1,2026-11,2.2,2026,10
-27.5,-66.5,1,2026-11,2.49,2026,10
-27.5,-65.5,1,2026-11,5.93,2026,10
-27.5,-64.5,1,2026-11,3.53,2026,10
-27.5,-63.5,1,2026-11,2.67,2026,10
-27.5,-62.5,1,2026-11,2.58,2026,10
-27.5,-61.5,1,2026-11,3.25,2026,10
-27.5,-60.5,1,2026-11,4.45,2026,10
-27.5,-59.5,1,2026-11,6.08,2026,10
-27.5,-58.5,1,2026-11,7.71,2026,10
-27.5,-57.5,1,2026-11,9.2,2026,10
-27.5,-56.5,1,2026-11,10.32,2026,10
-27.5,-55.5,1,2026-11,11.2,2026,10
-27.5,-54.5,1,2026-11,11.55,2026,10
-27.5,-53.5,1,2026-11,11.64,2026,10
-27.5,-52.5,1,2026-11,11.56,2026,10
-27.5,-51.5,1,2026-11,9.97,2026,10
-27.5,-50.5,1,2026-11,8.92,2026,10
-27.5,-49.5,1,2026-11,9.05,2026,10
-27.5,-48.5,1,2026-11,8.23,2026,10
-27.5,-47.5,1,2026-11,6.44,2026,10
-27.5,-46.5,1,2026-11,5.95,2026,10
-27.5,-45.5,1,2026-11,5.3,2026,10
-27.5,-44.5,1,2026-11,4.91,2026,10
-27.5,-43.5,1,2026-11,4.7,2026,10
-27.5,-42.5,1,2026-11,4.7,2026,10
-27.5,-41.5,1,2026-11,4.76,2026,10
-27.5,-40.5,1,2026-11,4.83,2026,10
-27.5,-39.5,1,2026-11,4.83,2026,10
-27.5,-38.5,1,2026-11,4.91,2026,10
-27.5,-37.5,1,2026-11,5.17,2026,10
-27.5,-36.5,1,2026-11,5.48,2026,10
-27.5,-35.5,1,2026-11,5.78,2026,10
-27.5,-34.5,1,2026-11,6.11,2026,10
-27.5,-33.5,1,2026-11,6.4,2026,10
-27.5,-32.5,1,2026-11,6.29,2026,10
-27.5,-31.5,1,2026-11,5.88,2026,10
-27.5,-30.5,1,2026-11,5.42,2026,10
-28.5,-89.5,1,2026-11,1.44,2026,10
-28.5,-88.5,1,2026-11,1.37,2026,10
-28.5,-87.5,1,2026-11,1.31,2026,10
-28.5,-86.5,1,2026-11,1.23,2026,10
-28.5,-85.5,1,2026-11,1.16,2026,10
-28.5,-84.5,1,2026-11,1.12,2026,10
-28.5,-83.5,1,2026-11,1.03,2026,10
-28.5,-82.5,1,2026-11,0.98,2026,10
-28.5,-81.5,1,2026-11,0.92,2026,10
-28.5,-80.5,1,2026-11,0.82,2026,10
-28.5,-79.5,1,2026-11,0.68,2026,10
-28.5,-78.5,1,2026-11,0.6,2026,10
-28.5,-77.5,1,2026-11,0.51,2026,10
-28.5,-76.5,1,2026-11,0.41,2026,10
-28.5,-75.5,1,2026-11,0.32,2026,10
-28.5,-74.5,1,2026-11,0.28,2026,10
-28.5,-73.5,1,2026-11,0.23,2026,10
-28.5,-72.5,1,2026-11,0.19,2026,10
-28.5,-71.5,1,2026-11,0.17,2026,10
-28.5,-70.5,1,2026-11,1.27,2026,10
-28.5,-69.5,1,2026-11,3.16,2026,10
-28.5,-68.5,1,2026-11,1.84,2026,10
-28.5,-67.5,1,2026-11,2.36,2026,10
-28.5,-66.5,1,2026-11,2.51,2026,10
-28.5,-65.5,1,2026-11,3.43,2026,10
-28.5,-64.5,1,2026-11,2.94,2026,10
-28.5,-63.5,1,2026-11,2.42,2026,10
-28.5,-62.5,1,2026-11,2.54,2026,10
-28.5,-61.5,1,2026-11,2.97,2026,10
-28.5,-60.5,1,2026-11,3.91,2026,10
-28.5,-59.5,1,2026-11,4.81,2026,10
-28.5,-58.5,1,2026-11,6.01,2026,10
-28.5,-57.5,1,2026-11,7.13,2026,10
-28.5,-56.5,1,2026-11,8.17,2026,10
-28.5,-55.5,1,2026-11,9.16,2026,10
-28.5,-54.5,1,2026-11,9.83,2026,10
-28.5,-53.5,1,2026-11,9.99,2026,10
-28.5,-52.5,1,2026-11,9.58,2026,10
-28.5,-51.5,1,2026-11,8.77,2026,10
-28.5,-50.5,1,2026-11,7.97,2026,10
-28.5,-49.5,1,2026-11,7.63,2026,10
-28.5,-48.5,1,2026-11,6.6,2026,10
-28.5,-47.5,1,2026-11,6.35,2026,10
-28.5,-46.5,1,2026-11,5.97,2026,10
-28.5,-45.5,1,2026-11,5.64,2026,10
-28.5,-44.5,1,2026-11,5.3,2026,10
-28.5,-43.5,1,2026-11,5.1,2026,10
-28.5,-42.5,1,2026-11,5.09,2026,10
-28.5,-41.5,1,2026-11,5.17,2026,10
-28.5,-40.5,1,2026-11,5.34,2026,10
-28.5,-39.5,1,2026-11,5.47,2026,10
-28.5,-38.5,1,2026-11,5.38,2026,10
-28.5,-37.5,1,2026-11,5.42,2026,10
-28.5,-36.5,1,2026-11,5.51,2026,10
-28.5,-35.5,1,2026-11,5.61,2026,10
-28.5,-34.5,1,2026-11,5.89,2026,10
-28.5,-33.5,1,2026-11,6.19,2026,10
-28.5,-32.5,1,2026-11,6.42,2026,10
-28.5,-31.5,1,2026-11,6.51,2026,10
-28.5,-30.5,1,2026-11,6.24,2026,10
-29.5,-89.5,1,2026-11,1.93,2026,10
-29.5,-88.5,1,2026-11,1.78,2026,10
-29.5,-87.5,1,2026-11,1.63,2026,10
-29.5,-86.5,1,2026-11,1.52,2026,10
-29.5,-85.5,1,2026-11,1.46,2026,10
-29.5,-84.5,1,2026-11,1.44,2026,10
-29.5,-83.5,1,2026-11,1.35,2026,10
-29.5,-82.5,1,2026-11,1.28,2026,10
-29.5,-81.5,1,2026-11,1.27,2026,10
-29.5,-80.5,1,2026-11,1.17,2026,10
-29.5,-79.5,1,2026-11,1.0,2026,10
-29.5,-78.5,1,2026-11,0.84,2026,10
-29.5,-77.5,1,2026-11,0.74,2026,10
-29.5,-76.5,1,2026-11,0.61,2026,10
-29.5,-75.5,1,2026-11,0.5,2026,10
-29.5,-74.5,1,2026-11,0.41,2026,10
-29.5,-73.5,1,2026-11,0.38,2026,10
-29.5,-72.5,1,2026-11,0.39,2026,10
-29.5,-71.5,1,2026-11,0.48,2026,10
-29.5,-70.5,1,2026-11,2.89,2026,10
-29.5,-69.5,1,2026-11,2.83,2026,10
-29.5,-68.5,1,2026-11,2.23,2026,10
-29.5,-67.5,1,2026-11,2.61,2026,10
-29.5,-66.5,1,2026-11,3.33,2026,10
-29.5,-65.5,1,2026-11,3.36,2026,10
-29.5,-64.5,1,2026-11,2.73,2026,10
-29.5,-63.5,1,2026-11,2.88,2026,10
-29.5,-62.5,1,2026-11,2.56,2026,10
-29.5,-61.5,1,2026-11,2.81,2026,10
-29.5,-60.5,1,2026-11,3.33,2026,10
-29.5,-59.5,1,2026-11,4.01,2026,10
-29.5,-58.5,1,2026-11,4.82,2026,10
-29.5,-57.5,1,2026-11,5.47,2026,10
-29.5,-56.5,1,2026-11,6.25,2026,10
-29.5,-55.5,1,2026-11,7.17,2026,10
-29.5,-54.5,1,2026-11,7.66,2026,10
-29.5,-53.5,1,2026-11,7.98,2026,10
-29.5,-52.5,1,2026-11,7.78,2026,10
-29.5,-51.5,1,2026-11,7.09,2026,10
-29.5,-50.5,1,2026-11,7.47,2026,10
-29.5,-49.5,1,2026-11,6.64,2026,10
-29.5,-48.5,1,2026-11,5.93,2026,10
-29.5,-47.5,1,2026-11,5.96,2026,10
-29.5,-46.5,1,2026-11,5.54,2026,10
-29.5,-45.5,1,2026-11,5.2,2026,10
-29.5,-44.5,1,2026-11,5.16,2026,10
-29.5,-43.5,1,2026-11,5.09,2026,10
-29.5,-42.5,1,2026-11,5.17,2026,10
-29.5,-41.5,1,2026-11,5.39,2026,10
-29.5,-40.5,1,2026-11,5.64,2026,10
-29.5,-39.5,1,2026-11,5.7,2026,10
-29.5,-38.5,1,2026-11,5.62,2026,10
-29.5,-37.5,1,2026-11,5.66,2026,10
-29.5,-36.5,1,2026-11,5.67,2026,10
-29.5,-35.5,1,2026-11,5.68,2026,10
-29.5,-34.5,1,2026-11,5.83,2026,10
-29.5,-33.5,1,2026-11,5.99,2026,10
-29.5,-32.5,1,2026-11,6.0,2026,10
-29.5,-31.5,1,2026-11,5.99,2026,10
-29.5,-30.5,1,2026-11,6.04,2026,10
-30.5,-89.5,1,2026-11,2.32,2026,10
-30.5,-88.5,1,2026-11,2.23,2026,10
-30.5,-87.5,1,2026-11,2.02,2026,10
-30.5,-86.5,1,2026-11,1.9,2026,10
-30.5,-85.5,1,2026-11,1.81,2026,10
-30.5,-84.5,1,2026-11,1.8,2026,10
-30.5,-83.5,1,2026-11,1.72,2026,10
-30.5,-82.5,1,2026-11,1.67,2026,10
-30.5,-81.5,1,2026-11,1.57,2026,10
-30.5,-80.5,1,2026-11,1.37,2026,10
-30.5,-79.5,1,2026-11,1.26,2026,10
-30.5,-78.5,1,2026-11,1.13,2026,10
-30.5,-77.5,1,2026-11,0.95,2026,10
-30.5,-76.5,1,2026-11,0.81,2026,10
-30.5,-75.5,1,2026-11,0.62,2026,10
-30.5,-74.5,1,2026-11,0.56,2026,10
-30.5,-73.5,1,2026-11,0.55,2026,10
-30.5,-72.5,1,2026-11,0.62,2026,10
-30.5,-71.5,1,2026-11,1.0,2026,10
-30.5,-70.5,1,2026-11,3.63,2026,10
-30.5,-69.5,1,2026-11,3.14,2026,10
-30.5,-68.5,1,2026-11,2.19,2026,10
-30.5,-67.5,1,2026-11,2.38,2026,10
-30.5,-66.5,1,2026-11,3.22,2026,10
-30.5,-65.5,1,2026-11,3.26,2026,10
-30.5,-64.5,1,2026-11,4.03,2026,10
-30.5,-63.5,1,2026-11,3.45,2026,10
-30.5,-62.5,1,2026-11,2.87,2026,10
-30.5,-61.5,1,2026-11,2.95,2026,10
-30.5,-60.5,1,2026-11,3.1,2026,10
-30.5,-59.5,1,2026-11,3.46,2026,10
-30.5,-58.5,1,2026-11,3.84,2026,10
-30.5,-57.5,1,2026-11,4.16,2026,10
-30.5,-56.5,1,2026-11,4.66,2026,10
-30.5,-55.5,1,2026-11,5.26,2026,10
-30.5,-54.5,1,2026-11,5.71,2026,10
-30.5,-53.5,1,2026-11,6.3,2026,10
-30.5,-52.5,1,2026-11,6.37,2026,10
-30.5,-51.5,1,2026-11,6.26,2026,10
-30.5,-50.5,1,2026-11,5.73,2026,10
-30.5,-49.5,1,2026-11,5.54,2026,10
-30.5,-48.5,1,2026-11,5.71,2026,10
-30.5,-47.5,1,2026-11,5.67,2026,10
-30.5,-46.5,1,2026-11,5.25,2026,10
-30.5,-45.5,1,2026-11,5.07,2026,10
-30.5,-44.5,1,2026-11,5.01,2026,10
-30.5,-43.5,1,2026-11,4.96,2026,10
-30.5,-42.5,1,2026-11,5.04,2026,10
-30.5,-41.5,1,2026-11,5.21,2026,10
-30.5,-40.5,1,2026-11,5.4,2026,10
-30.5,-39.5,1,2026-11,5.5,2026,10
-30.5,-38.5,1,2026-11,5.56,2026,10
-30.5,-37.5,1,2026-11,5.7,2026,10
-30.5,-36.5,1,2026-11,5.81,2026,10
-30.5,-35.5,1,2026-11,5.8,2026,10
-30.5,-34.5,1,2026-11,5.92,2026,10
-30.5,-33.5,1,2026-11,6.01,2026,10
-30.5,-32.5,1,2026-11,5.92,2026,10
-30.5,-31.5,1,2026-11,5.8,2026,10
-30.5,-30.5,1,2026-11,5.79,2026,10
-31.5,-89.5,1,2026-11,2.55,2026,10
-31.5,-88.5,1,2026-11,2.45,2026,10
-31.5,-87.5,1,2026-11,2.28,2026,10
-31.5,-86.5,1,2026-11,2.17,2026,10
-31.5,-85.5,1,2026-11,2.0,2026,10
-31.5,-84.5,1,2026-11,1.96,2026,10
-31.5,-83.5,1,2026-11,1.96,2026,10
-31.5,-82.5,1,2026-11,1.96,2026,10
-31.5,-81.5,1,2026-11,1.86,2026,10
-31.5,-80.5,1,2026-11,1.66,2026,10
-31.5,-79.5,1,2026-11,1.47,2026,10
-31.5,-78.5,1,2026-11,1.34,2026,10
-31.5,-77.5,1,2026-11,1.19,2026,10
-31.5,-76.5,1,2026-11,1.02,2026,10
-31.5,-75.5,1,2026-11,0.85,2026,10
-31.5,-74.5,1,2026-11,0.72,2026,10
-31.5,-73.5,1,2026-11,0.71,2026,10
-31.5,-72.5,1,2026-11,0.81,2026,10
-31.5,-71.5,1,2026-11,1.53,2026,10
-31.5,-70.5,1,2026-11,3.89,2026,10
-31.5,-69.5,1,2026-11,2.72,2026,10
-31.5,-68.5,1,2026-11,2.26,2026,10
-31.5,-67.5,1,2026-11,2.06,2026,10
-31.5,-66.5,1,2026-11,3.1,2026,10
-31.5,-65.5,1,2026-11,3.49,2026,10
-31.5,-64.5,1,2026-11,5.05,2026,10
-31.5,-63.5,1,2026-11,3.11,2026,10
-31.5,-62.5,1,2026-11,3.02,2026,10
-31.5,-61.5,1,2026-11,2.84,2026,10
-31.5,-60.5,1,2026-11,2.7,2026,10
-31.5,-59.5,1,2026-11,3.0,2026,10
-31.5,-58.5,1,2026-11,3.21,2026,10
-31.5,-57.5,1,2026-11,3.49,2026,10
-31.5,-56.5,1,2026-11,3.77,2026,10
-31.5,-55.5,1,2026-11,4.11,2026,10
-31.5,-54.5,1,2026-11,4.5,2026,10
-31.5,-53.5,1,2026-11,5.01,2026,10
-31.5,-52.5,1,2026-11,5.56,2026,10
-31.5,-51.5,1,2026-11,5.55,2026,10
-31.5,-50.5,1,2026-11,5.4,2026,10
-31.5,-49.5,1,2026-11,5.67,2026,10
-31.5,-48.5,1,2026-11,5.63,2026,10
-31.5,-47.5,1,2026-11,5.23,2026,10
-31.5,-46.5,1,2026-11,5.04,2026,10
-31.5,-45.5,1,2026-11,4.79,2026,10
-31.5,-44.5,1,2026-11,4.65,2026,10
-31.5,-43.5,1,2026-11,4.68,2026,10
-31.5,-42.5,1,2026-11,4.76,2026,10
-31.5,-41.5,1,2026-11,4.85,2026,10
-31.5,-40.5,1,2026-11,5.0,2026,10
-31.5,-39.5,1,2026-11,5.11,2026,10
-31.5,-38.5,1,2026-11,5.16,2026,10
-31.5,-37.5,1,2026-11,5.28,2026,10
-31.5,-36.5,1,2026-11,5.46,2026,10
-31.5,-35.5,1,2026-11,5.57,2026,10
-31.5,-34.5,1,2026-11,5.65,2026,10
-31.5,-33.5,1,2026-11,5.69,2026,10
-31.5,-32.5,1,2026-11,5.71,2026,10
-31.5,-31.5,1,2026-11,5.75,2026,10
-31.5,-30.5,1,2026-11,5.79,2026,10
-32.5,-89.5,1,2026-11,2.49,2026,10
-32.5,-88.5,1,2026-11,2.44,2026,10
-32.5,-87.5,1,2026-11,2.45,2026,10
-32.5,-86.5,1,2026-11,2.35,2026,10
-32.5,-85.5,1,2026-11,2.18,2026,10
-32.5,-84.5,1,2026-11,2.05,2026,10
-32.5,-83.5,1,2026-11,2.07,2026,10
-32.5,-82.5,1,2026-11,2.02,2026,10
-32.5,-81.5,1,2026-11,2.02,2026,10
-32.5,-80.5,1,2026-11,1.94,2026,10
-32.5,-79.5,1,2026-11,1.75,2026,10
-32.5,-78.5,1,2026-11,1.57,2026,10
-32.5,-77.5,1,2026-11,1.45,2026,10
-32.5,-76.5,1,2026-11,1.3,2026,10
-32.5,-75.5,1,2026-11,1.11,2026,10
-32.5,-74.5,1,2026-11,0.96,2026,10
-32.5,-73.5,1,2026-11,0.91,2026,10
-32.5,-72.5,1,2026-11,1.06,2026,10
-32.5,-71.5,1,2026-11,2.13,2026,10
-32.5,-70.5,1,2026-11,4.61,2026,10
-32.5,-69.5,1,2026-11,4.03,2026,10
-32.5,-68.5,1,2026-11,3.52,2026,10
-32.5,-67.5,1,2026-11,2.62,2026,10
-32.5,-66.5,1,2026-11,4.0,2026,10
-32.5,-65.5,1,2026-11,4.65,2026,10
-32.5,-64.5,1,2026-11,4.81,2026,10
-32.5,-63.5,1,2026-11,3.7,2026,10
-32.5,-62.5,1,2026-11,3.31,2026,10
-32.5,-61.5,1,2026-11,2.94,2026,10
-32.5,-60.5,1,2026-11,2.8,2026,10
-32.5,-59.5,1,2026-11,2.94,2026,10
-32.5,-58.5,1,2026-11,2.97,2026,10
-32.5,-57.5,1,2026-11,3.25,2026,10
-32.5,-56.5,1,2026-11,3.3,2026,10
-32.5,-55.5,1,2026-11,3.34,2026,10
-32.5,-54.5,1,2026-11,3.74,2026,10
-32.5,-53.5,1,2026-11,4.14,2026,10
-32.5,-52.5,1,2026-11,4.52,2026,10
-32.5,-51.5,1,2026-11,4.67,2026,10
-32.5,-50.5,1,2026-11,5.05,2026,10
-32.5,-49.5,1,2026-11,5.53,2026,10
-32.5,-48.5,1,2026-11,5.24,2026,10
-32.5,-47.5,1,2026-11,4.8,2026,10
-32.5,-46.5,1,2026-11,4.55,2026,10
-32.5,-45.5,1,2026-11,4.43,2026,10
-32.5,-44.5,1,2026-11,4.39,2026,10
-32.5,-43.5,1,2026-11,4.21,2026,10
-32.5,-42.5,1,2026-11,4.24,2026,10
-32.5,-41.5,1,2026-11,4.39,2026,10
-32.5,-40.5,1,2026-11,4.58,2026,10
-32.5,-39.5,1,2026-11,4.7,2026,10
-32.5,-38.5,1,2026-11,4.79,2026,10
-32.5,-37.5,1,2026-11,4.85,2026,10
-32.5,-36.5,1,2026-11,4.98,2026,10
-32.5,-35.5,1,2026-11,5.14,2026,10
-32.5,-34.5,1,2026-11,5.26,2026,10
-32.5,-33.5,1,2026-11,5.39,2026,10
-32.5,-32.5,1,2026-11,5.46,2026,10
-32.5,-31.5,1,2026-11,5.58,2026,10
-32.5,-30.5,1,2026-11,5.63,2026,10
-33.5,-89.5,1,2026-11,2.63,2026,10
-33.5,-88.5,1,2026-11,2.46,2026,10
-33.5,-87.5,1,2026-11,2.48,2026,10
-33.5,-86.5,1,2026-11,2.51,2026,10
-33.5,-85.5,1,2026-11,2.43,2026,10
-33.5,-84.5,1,2026-11,2.32,2026,10
-33.5,-83.5,1,2026-11,2.26,2026,10
-33.5,-82.5,1,2026-11,2.15,2026,10
-33.5,-81.5,1,2026-11,2.06,2026,10
-33.5,-80.5,1,2026-11,2.03,2026,10
-33.5,-79.5,1,2026-11,1.98,2026,10
-33.5,-78.5,1,2026-11,1.84,2026,10
-33.5,-77.5,1,2026-11,1.73,2026,10
-33.5,-76.5,1,2026-11,1.61,2026,10
-33.5,-75.5,1,2026-11,1.39,2026,10
-33.5,-74.5,1,2026-11,1.26,2026,10
-33.5,-73.5,1,2026-11,1.21,2026,10
-33.5,-72.5,1,2026-11,1.38,2026,10
-33.5,-71.5,1,2026-11,2.68,2026,10
-33.5,-70.5,1,2026-11,5.31,2026,10
-33.5,-69.5,1,2026-11,5.85,2026,10
-33.5,-68.5,1,2026-11,5.57,2026,10
-33.5,-67.5,1,2026-11,4.9,2026,10
-33.5,-66.5,1,2026-11,5.37,2026,10
-33.5,-65.5,1,2026-11,6.02,2026,10
-33.5,-64.5,1,2026-11,5.31,2026,10
-33.5,-63.5,1,2026-11,4.36,2026,10
-33.5,-62.5,1,2026-11,3.75,2026,10
-33.5,-61.5,1,2026-11,3.14,2026,10
-33.5,-60.5,1,2026-11,2.89,2026,10
-33.5,-59.5,1,2026-11,2.79,2026,10
-33.5,-58.5,1,2026-11,2.83,2026,10
-33.5,-57.5,1,2026-11,2.98,2026,10
-33.5,-56.5,1,2026-11,3.09,2026,10
-33.5,-55.5,1,2026-11,2.97,2026,10
-33.5,-54.5,1,2026-11,3.22,2026,10
-33.5,-53.5,1,2026-11,3.41,2026,10
-33.5,-52.5,1,2026-11,3.67,2026,10
-33.5,-51.5,1,2026-11,3.96,2026,10
-33.5,-50.5,1,2026-11,4.58,2026,10
-33.5,-49.5,1,2026-11,5.01,2026,10
-33.5,-48.5,1,2026-11,4.66,2026,10
-33.5,-47.5,1,2026-11,4.53,2026,10
-33.5,-46.5,1,2026-11,4.41,2026,10
-33.5,-45.5,1,2026-11,4.3,2026,10
-33.5,-44.5,1,2026-11,4.2,2026,10
-33.5,-43.5,1,2026-11,4.07,2026,10
-33.5,-42.5,1,2026-11,4.01,2026,10
-33.5,-41.5,1,2026-11,4.04,2026,10
-33.5,-40.5,1,2026-11,4.17,2026,10
-33.5,-39.5,1,2026-11,4.25,2026,10
-33.5,-38.5,1,2026-11,4.37,2026,10
-33.5,-37.5,1,2026-11,4.48,2026,10
-33.5,-36.5,1,2026-11,4.58,2026,10
-33.5,-35.5,1,2026-11,4.66,2026,10
-33.5,-34.5,1,2026-11,4.79,2026,10
-33.5,-33.5,1,2026-11,4.94,2026,10
-33.5,-32.5,1,2026-11,5.06,2026,10
-33.5,-31.5,1,2026-11,5.13,2026,10
-33.5,-30.5,1,2026-11,5.18,2026,10
-34.5,-89.5,1,2026-11,2.87,2026,10
-34.5,-88.5,1,2026-11,2.76,2026,10
-34.5,-87.5,1,2026-11,2.67,2026,10
-34.5,-86.5,1,2026-11,2.64,2026,10
-34.5,-85.5,1,2026-11,2.59,2026,10
-34.5,-84.5,1,2026-11,2.51,2026,10
-34.5,-83.5,1,2026-11,2.46,2026,10
-34.5,-82.5,1,2026-11,2.37,2026,10
-34.5,-81.5,1,2026-11,2.23,2026,10
-34.5,-80.5,1,2026-11,2.13,2026,10
-34.5,-79.5,1,2026-11,2.12,2026,10
-34.5,-78.5,1,2026-11,2.02,2026,10
-34.5,-77.5,1,2026-11,1.84,2026,10
-34.5,-76.5,1,2026-11,1.77,2026,10
-34.5,-75.5,1,2026-11,1.65,2026,10
-34.5,-74.5,1,2026-11,1.44,2026,10
-34.5,-73.5,1,2026-11,1.48,2026,10
-34.5,-72.5,1,2026-11,1.97,2026,10
-34.5,-71.5,1,2026-11,3.93,2026,10
-34.5,-70.5,1,2026-11,6.44,2026,10
-34.5,-69.5,1,2026-11,4.95,2026,10
-34.5,-68.5,1,2026-11,5.38,2026,10
-34.5,-67.5,1,2026-11,4.92,2026,10
-34.5,-66.5,1,2026-11,5.82,2026,10
-34.5,-65.5,1,2026-11,5.63,2026,10
-34.5,-64.5,1,2026-11,5.09,2026,10
-34.5,-63.5,1,2026-11,4.58,2026,10
-34.5,-62.5,1,2026-11,3.76,2026,10
-34.5,-61.5,1,2026-11,3.18,2026,10
-34.5,-60.5,1,2026-11,2.8,2026,10
-34.5,-59.5,1,2026-11,2.76,2026,10
-34.5,-58.5,1,2026-11,2.79,2026,10
-34.5,-57.5,1,2026-11,2.82,2026,10
-34.5,-56.5,1,2026-11,2.84,2026,10
-34.5,-55.5,1,2026-11,2.74,2026,10
-34.5,-54.5,1,2026-11,2.8,2026,10
-34.5,-53.5,1,2026-11,3.0,2026,10
-34.5,-52.5,1,2026-11,3.14,2026,10
-34.5,-51.5,1,2026-11,3.68,2026,10
-34.5,-50.5,1,2026-11,4.53,2026,10
-34.5,-49.5,1,2026-11,4.68,2026,10
-34.5,-48.5,1,2026-11,4.36,2026,10
-34.5,-47.5,1,2026-11,4.22,2026,10
-34.5,-46.5,1,2026-11,4.16,2026,10
-34.5,-45.5,1,2026-11,4.16,2026,10
-34.5,-44.5,1,2026-11,4.12,2026,10
-34.5,-43.5,1,2026-11,3.96,2026,10
-34.5,-42.5,1,2026-11,3.87,2026,10
-34.5,-41.5,1,2026-11,3.8,2026,10
-34.5,-40.5,1,2026-11,3.83,2026,10
-34.5,-39.5,1,2026-11,3.84,2026,10
-34.5,-38.5,1,2026-11,3.91,2026,10
-34.5,-37.5,1,2026-11,4.01,2026,10
-34.5,-36.5,1,2026-11,4.19,2026,10
-34.5,-35.5,1,2026-11,4.28,2026,10
-34.5,-34.5,1,2026-11,4.32,2026,10
-34.5,-33.5,1,2026-11,4.41,2026,10
-34.5,-32.5,1,2026-11,4.52,2026,10
-34.5,-31.5,1,2026-11,4.6,2026,10
-34.5,-30.5,1,2026-11,4.64,2026,10
-35.5,-89.5,1,2026-11,2.94,2026,10
-35.5,-88.5,1,2026-11,2.89,2026,10
-35.5,-87.5,1,2026-11,2.79,2026,10
-35.5,-86.5,1,2026-11,2.76,2026,10
-35.5,-85.5,1,2026-11,2.74,2026,10
-35.5,-84.5,1,2026-11,2.69,2026,10
-35.5,-83.5,1,2026-11,2.68,2026,10
-35.5,-82.5,1,2026-11,2.52,2026,10
-35.5,-81.5,1,2026-11,2.38,2026,10
-35.5,-80.5,1,2026-11,2.22,2026,10
-35.5,-79.5,1,2026-11,2.12,2026,10
-35.5,-78.5,1,2026-11,2.08,2026,10
-35.5,-77.5,1,2026-11,1.98,2026,10
-35.5,-76.5,1,2026-11,1.93,2026,10
-35.5,-75.5,1,2026-11,1.92,2026,10
-35.5,-74.5,1,2026-11,1.84,2026,10
-35.5,-73.5,1,2026-11,1.93,2026,10
-35.5,-72.5,1,2026-11,2.85,2026,10
-35.5,-71.5,1,2026-11,6.09,2026,10
-35.5,-70.5,1,2026-11,5.56,2026,10
-35.5,-69.5,1,2026-11,3.75,2026,10
-35.5,-68.5,1,2026-11,4.58,2026,10
-35.5,-67.5,1,2026-11,5.18,2026,10
-35.5,-66.5,1,2026-11,5.58,2026,10
-35.5,-65.5,1,2026-11,5.27,2026,10
-35.5,-64.5,1,2026-11,4.87,2026,10
-35.5,-63.5,1,2026-11,4.42,2026,10
-35.5,-62.5,1,2026-11,3.91,2026,10
-35.5,-61.5,1,2026-11,3.32,2026,10
-35.5,-60.5,1,2026-11,2.94,2026,10
-35.5,-59.5,1,2026-11,2.78,2026,10
-35.5,-58.5,1,2026-11,2.6,2026,10
-35.5,-57.5,1,2026-11,2.57,2026,10
-35.5,-56.5,1,2026-11,2.58,2026,10
-35.5,-55.5,1,2026-11,2.52,2026,10
-35.5,-54.5,1,2026-11,2.5,2026,10
-35.5,-53.5,1,2026-11,2.55,2026,10
-35.5,-52.5,1,2026-11,2.87,2026,10
-35.5,-51.5,1,2026-11,3.72,2026,10
-35.5,-50.5,1,2026-11,4.47,2026,10
-35.5,-49.5,1,2026-11,4.5,2026,10
-35.5,-48.5,1,2026-11,4.32,2026,10
-35.5,-47.5,1,2026-11,4.12,2026,10
-35.5,-46.5,1,2026-11,4.0,2026,10
-35.5,-45.5,1,2026-11,3.89,2026,10
-35.5,-44.5,1,2026-11,3.83,2026,10
-35.5,-43.5,1,2026-11,3.85,2026,10
-35.5,-42.5,1,2026-11,3.81,2026,10
-35.5,-41.5,1,2026-11,3.72,2026,10
-35.5,-40.5,1,2026-11,3.64,2026,10
-35.5,-39.5,1,2026-11,3.64,2026,10
-35.5,-38.5,1,2026-11,3.65,2026,10
-35.5,-37.5,1,2026-11,3.75,2026,10
-35.5,-36.5,1,2026-11,3.83,2026,10
-35.5,-35.5,1,2026-11,3.93,2026,10
-35.5,-34.5,1,2026-11,3.99,2026,10
-35.5,-33.5,1,2026-11,4.01,2026,10
-35.5,-32.5,1,2026-11,4.01,2026,10
-35.5,-31.5,1,2026-11,4.08,2026,10
-35.5,-30.5,1,2026-11,4.11,2026,10
-36.5,-89.5,1,2026-11,2.91,2026,10
-36.5,-88.5,1,2026-11,2.93,2026,10
-36.5,-87.5,1,2026-11,2.81,2026,10
-36.5,-86.5,1,2026-11,2.73,2026,10
-36.5,-85.5,1,2026-11,2.7,2026,10
-36.5,-84.5,1,2026-11,2.72,2026,10
-36.5,-83.5,1,2026-11,2.71,2026,10
-36.5,-82.5,1,2026-11,2.59,2026,10
-36.5,-81.5,1,2026-11,2.53,2026,10
-36.5,-80.5,1,2026-11,2.36,2026,10
-36.5,-79.5,1,2026-11,2.23,2026,10
-36.5,-78.5,1,2026-11,2.11,2026,10
-36.5,-77.5,1,2026-11,2.06,2026,10
-36.5,-76.5,1,2026-11,2.0,2026,10
-36.5,-75.5,1,2026-11,1.96,2026,10
-36.5,-74.5,1,2026-11,2.21,2026,10
-36.5,-73.5,1,2026-11,2.67,2026,10
-36.5,-72.5,1,2026-11,3.79,2026,10
-36.5,-71.5,1,2026-11,7.73,2026,10
-36.5,-70.5,1,2026-11,3.86,2026,10
-36.5,-69.5,1,2026-11,3.04,2026,10
-36.5,-68.5,1,2026-11,4.02,2026,10
-36.5,-67.5,1,2026-11,4.53,2026,10
-36.5,-66.5,1,2026-11,4.91,2026,10
-36.5,-65.5,1,2026-11,4.89,2026,10
-36.5,-64.5,1,2026-11,4.58,2026,10
-36.5,-63.5,1,2026-11,4.19,2026,10
-36.5,-62.5,1,2026-11,3.74,2026,10
-36.5,-61.5,1,2026-11,3.28,2026,10
-36.5,-60.5,1,2026-11,2.93,2026,10
-36.5,-59.5,1,2026-11,2.69,2026,10
-36.5,-58.5,1,2026-11,2.54,2026,10
-36.5,-57.5,1,2026-11,2.49,2026,10
-36.5,-56.5,1,2026-11,2.43,2026,10
-36.5,-55.5,1,2026-11,2.2,2026,10
-36.5,-54.5,1,2026-11,2.13,2026,10
-36.5,-53.5,1,2026-11,2.28,2026,10
-36.5,-52.5,1,2026-11,2.85,2026,10
-36.5,-51.5,1,2026-11,3.87,2026,10
-36.5,-50.5,1,2026-11,4.33,2026,10
-36.5,-49.5,1,2026-11,4.3,2026,10
-36.5,-48.5,1,2026-11,4.27,2026,10
-36.5,-47.5,1,2026-11,4.21,2026,10
-36.5,-46.5,1,2026-11,3.97,2026,10
-36.5,-45.5,1,2026-11,3.62,2026,10
-36.5,-44.5,1,2026-11,3.56,2026,10
-36.5,-43.5,1,2026-11,3.57,2026,10
-36.5,-42.5,1,2026-11,3.51,2026,10
-36.5,-41.5,1,2026-11,3.42,2026,10
-36.5,-40.5,1,2026-11,3.43,2026,10
-36.5,-39.5,1,2026-11,3.51,2026,10
-36.5,-38.5,1,2026-11,3.51,2026,10
-36.5,-37.5,1,2026-11,3.47,2026,10
-36.5,-36.5,1,2026-11,3.47,2026,10
-36.5,-35.5,1,2026-11,3.52,2026,10
-36.5,-34.5,1,2026-11,3.6,2026,10
-36.5,-33.5,1,2026-11,3.63,2026,10
-36.5,-32.5,1,2026-11,3.65,2026,10
-36.5,-31.5,1,2026-11,3.7,2026,10
-36.5,-30.5,1,2026-11,3.76,2026,10
-37.5,-89.5,1,2026-11,2.87,2026,10
-37.5,-88.5,1,2026-11,2.95,2026,10
-37.5,-87.5,1,2026-11,2.93,2026,10
-37.5,-86.5,1,2026-11,2.83,2026,10
-37.5,-85.5,1,2026-11,2.71,2026,10
-37.5,-84.5,1,2026-11,2.68,2026,10
-37.5,-83.5,1,2026-11,2.67,2026,10
-37.5,-82.5,1,2026-11,2.59,2026,10
-37.5,-81.5,1,2026-11,2.49,2026,10
-37.5,-80.5,1,2026-11,2.36,2026,10
-37.5,-79.5,1,2026-11,2.2,2026,10
-37.5,-78.5,1,2026-11,2.12,2026,10
-37.5,-77.5,1,2026-11,2.04,2026,10
-37.5,-76.5,1,2026-11,2.0,2026,10
-37.5,-75.5,1,2026-11,2.06,2026,10
-37.5,-74.5,1,2026-11,2.44,2026,10
-37.5,-73.5,1,2026-11,4.33,2026,10
-37.5,-72.5,1,2026-11,5.23,2026,10
-37.5,-71.5,1,2026-11,6.96,2026,10
-37.5,-70.5,1,2026-11,3.49,2026,10
-37.5,-69.5,1,2026-11,3.41,2026,10
-37.5,-68.5,1,2026-11,3.93,2026,10
-37.5,-67.5,1,2026-11,4.07,2026,10
-37.5,-66.5,1,2026-11,4.39,2026,10
-37.5,-65.5,1,2026-11,4.64,2026,10
-37.5,-64.5,1,2026-11,4.38,2026,10
-37.5,-63.5,1,2026-11,3.93,2026,10
-37.5,-62.5,1,2026-11,3.61,2026,10
-37.5,-61.5,1,2026-11,3.24,2026,10
-37.5,-60.5,1,2026-11,2.91,2026,10
-37.5,-59.5,1,2026-11,2.7,2026,10
-37.5,-58.5,1,2026-11,2.55,2026,10
-37.5,-57.5,1,2026-11,2.52,2026,10
-37.5,-56.5,1,2026-11,2.32,2026,10
-37.5,-55.5,1,2026-11,2.05,2026,10
-37.5,-54.5,1,2026-11,1.95,2026,10
-37.5,-53.5,1,2026-11,2.18,2026,10
-37.5,-52.5,1,2026-11,2.95,2026,10
-37.5,-51.5,1,2026-11,3.72,2026,10
-37.5,-50.5,1,2026-11,3.85,2026,10
-37.5,-49.5,1,2026-11,3.95,2026,10
-37.5,-48.5,1,2026-11,4.08,2026,10
-37.5,-47.5,1,2026-11,4.09,2026,10
-37.5,-46.5,1,2026-11,3.87,2026,10
-37.5,-45.5,1,2026-11,3.58,2026,10
-37.5,-44.5,1,2026-11,3.38,2026,10
-37.5,-43.5,1,2026-11,3.28,2026,10
-37.5,-42.5,1,2026-11,3.21,2026,10
-37.5,-41.5,1,2026-11,3.17,2026,10
-37.5,-40.5,1,2026-11,3.16,2026,10
-37.5,-39.5,1,2026-11,3.25,2026,10
-37.5,-38.5,1,2026-11,3.33,2026,10
-37.5,-37.5,1,2026-11,3.32,2026,10
-37.5,-36.5,1,2026-11,3.21,2026,10
-37.5,-35.5,1,2026-11,3.13,2026,10
-37.5,-34.5,1,2026-11,3.28,2026,10
-37.5,-33.5,1,2026-11,3.4,2026,10
-37.5,-32.5,1,2026-11,3.45,2026,10
-37.5,-31.5,1,2026-11,3.5,2026,10
-37.5,-30.5,1,2026-11,3.5,2026,10
-38.5,-89.5,1,2026-11,2.62,2026,10
-38.5,-88.5,1,2026-11,2.66,2026,10
-38.5,-87.5,1,2026-11,2.72,2026,10
-38.5,-86.5,1,2026-11,2.71,2026,10
-38.5,-85.5,1,2026-11,2.71,2026,10
-38.5,-84.5,1,2026-11,2.67,2026,10
-38.5,-83.5,1,2026-11,2.58,2026,10
-38.5,-82.5,1,2026-11,2.49,2026,10
-38.5,-81.5,1,2026-11,2.45,2026,10
-38.5,-80.5,1,2026-11,2.36,2026,10
-38.5,-79.5,1,2026-11,2.3,2026,10
-38.5,-78.5,1,2026-11,2.12,2026,10
-38.5,-77.5,1,2026-11,2.0,2026,10
-38.5,-76.5,1,2026-11,2.04,2026,10
-38.5,-75.5,1,2026-11,2.09,2026,10
-38.5,-74.5,1,2026-11,2.49,2026,10
-38.5,-73.5,1,2026-11,4.14,2026,10
-38.5,-72.5,1,2026-11,5.56,2026,10
-38.5,-71.5,1,2026-11,6.31,2026,10
-38.5,-70.5,1,2026-11,3.87,2026,10
-38.5,-69.5,1,2026-11,3.75,2026,10
-38.5,-68.5,1,2026-11,3.66,2026,10
-38.5,-67.5,1,2026-11,3.76,2026,10
-38.5,-66.5,1,2026-11,3.98,2026,10
-38.5,-65.5,1,2026-11,4.14,2026,10
-38.5,-64.5,1,2026-11,4.1,2026,10
-38.5,-63.5,1,2026-11,3.71,2026,10
-38.5,-62.5,1,2026-11,3.32,2026,10
-38.5,-61.5,1,2026-11,3.12,2026,10
-38.5,-60.5,1,2026-11,2.91,2026,10
-38.5,-59.5,1,2026-11,2.7,2026,10
-38.5,-58.5,1,2026-11,2.52,2026,10
-38.5,-57.5,1,2026-11,2.35,2026,10
-38.5,-56.5,1,2026-11,2.12,2026,10
-38.5,-55.5,1,2026-11,1.95,2026,10
-38.5,-54.5,1,2026-11,1.88,2026,10
-38.5,-53.5,1,2026-11,2.23,2026,10
-38.5,-52.5,1,2026-11,3.04,2026,10
-38.5,-51.5,1,2026-11,3.47,2026,10
-38.5,-50.5,1,2026-11,3.44,2026,10
-38.5,-49.5,1,2026-11,3.47,2026,10
-38.5,-48.5,1,2026-11,3.68,2026,10
-38.5,-47.5,1,2026-11,3.75,2026,10
-38.5,-46.5,1,2026-11,3.79,2026,10
-38.5,-45.5,1,2026-11,3.54,2026,10
-38.5,-44.5,1,2026-11,3.27,2026,10
-38.5,-43.5,1,2026-11,3.07,2026,10
-38.5,-42.5,1,2026-11,3.0,2026,10
-38.5,-41.5,1,2026-11,2.91,2026,10
-38.5,-40.5,1,2026-11,2.89,2026,10
-38.5,-39.5,1,2026-11,2.97,2026,10
-38.5,-38.5,1,2026-11,3.08,2026,10
-38.5,-37.5,1,2026-11,3.2,2026,10
-38.5,-36.5,1,2026-11,3.16,2026,10
-38.5,-35.5,1,2026-11,3.06,2026,10
-38.5,-34.5,1,2026-11,3.2,2026,10
-38.5,-33.5,1,2026-11,3.3,2026,10
-38.5,-32.5,1,2026-11,3.38,2026,10
-38.5,-31.5,1,2026-11,3.41,2026,10
-38.5,-30.5,1,2026-11,3.38,2026,10
-39.5,-89.5,1,2026-11,2.29,2026,10
-39.5,-88.5,1,2026-11,2.38,2026,10
-39.5,-87.5,1,2026-11,2.53,2026,10
-39.5,-86.5,1,2026-11,2.54,2026,10
-39.5,-85.5,1,2026-11,2.53,2026,10
-39.5,-84.5,1,2026-11,2.53,2026,10
-39.5,-83.5,1,2026-11,2.46,2026,10
-39.5,-82.5,1,2026-11,2.3,2026,10
-39.5,-81.5,1,2026-11,2.22,2026,10
-39.5,-80.5,1,2026-11,2.24,2026,10
-39.5,-79.5,1,2026-11,2.23,2026,10
-39.5,-78.5,1,2026-11,2.16,2026,10
-39.5,-77.5,1,2026-11,2.05,2026,10
-39.5,-76.5,1,2026-11,1.99,2026,10
-39.5,-75.5,1,2026-11,2.16,2026,10
-39.5,-74.5,1,2026-11,2.49,2026,10
-39.5,-73.5,1,2026-11,4.75,2026,10
-39.5,-72.5,1,2026-11,7.19,2026,10
-39.5,-71.5,1,2026-11,5.76,2026,10
-39.5,-70.5,1,2026-11,3.61,2026,10
-39.5,-69.5,1,2026-11,3.79,2026,10
-39.5,-68.5,1,2026-11,3.73,2026,10
-39.5,-67.5,1,2026-11,3.78,2026,10
-39.5,-66.5,1,2026-11,3.55,2026,10
-39.5,-65.5,1,2026-11,3.42,2026,10
-39.5,-64.5,1,2026-11,3.3,2026,10
-39.5,-63.5,1,2026-11,3.18,2026,10
-39.5,-62.5,1,2026-11,2.84,2026,10
-39.5,-61.5,1,2026-11,2.39,2026,10
-39.5,-60.5,1,2026-11,2.18,2026,10
-39.5,-59.5,1,2026-11,2.11,2026,10
-39.5,-58.5,1,2026-11,2.06,2026,10
-39.5,-57.5,1,2026-11,2.01,2026,10
-39.5,-56.5,1,2026-11,1.94,2026,10
-39.5,-55.5,1,2026-11,1.82,2026,10
-39.5,-54.5,1,2026-11,1.81,2026,10
-39.5,-53.5,1,2026-11,2.26,2026,10
-39.5,-52.5,1,2026-11,2.96,2026,10
-39.5,-51.5,1,2026-11,3.33,2026,10
-39.5,-50.5,1,2026-11,3.21,2026,10
-39.5,-49.5,1,2026-11,3.2,2026,10
-39.5,-48.5,1,2026-11,3.24,2026,10
-39.5,-47.5,1,2026-11,3.26,2026,10
-39.5,-46.5,1,2026-11,3.38,2026,10
-39.5,-45.5,1,2026-11,3.33,2026,10
-39.5,-44.5,1,2026-11,3.11,2026,10
-39.5,-43.5,1,2026-11,2.93,2026,10
-39.5,-42.5,1,2026-11,2.9,2026,10
-39.5,-41.5,1,2026-11,2.72,2026,10
-39.5,-40.5,1,2026-11,2.63,2026,10
-39.5,-39.5,1,2026-11,2.76,2026,10
-39.5,-38.5,1,2026-11,2.94,2026,10
-39.5,-37.5,1,2026-11,3.09,2026,10
-39.5,-36.5,1,2026-11,3.14,2026,10
-39.5,-35.5,1,2026-11,3.09,2026,10
-39.5,-34.5,1,2026-11,3.13,2026,10
-39.5,-33.5,1,2026-11,3.27,2026,10
-39.5,-32.5,1,2026-11,3.44,2026,10
-39.5,-31.5,1,2026-11,3.5,2026,10
-39.5,-30.5,1,2026-11,3.47,2026,10
-40.5,-89.5,1,2026-11,2.07,2026,10
-40.5,-88.5,1,2026-11,2.11,2026,10
-40.5,-87.5,1,2026-11,2.21,2026,10
-40.5,-86.5,1,2026-11,2.33,2026,10
-40.5,-85.5,1,2026-11,2.33,2026,10
-40.5,-84.5,1,2026-11,2.23,2026,10
-40.5,-83.5,1,2026-11,2.24,2026,10
-40.5,-82.5,1,2026-11,2.24,2026,10
-40.5,-81.5,1,2026-11,2.19,2026,10
-40.5,-80.5,1,2026-11,2.1,2026,10
-40.5,-79.5,1,2026-11,2.05,2026,10
-40.5,-78.5,1,2026-11,2.08,2026,10
-40.5,-77.5,1,2026-11,2.0,2026,10
-40.5,-76.5,1,2026-11,1.97,2026,10
-40.5,-75.5,1,2026-11,2.18,2026,10
-40.5,-74.5,1,2026-11,3.29,2026,10
-40.5,-73.5,1,2026-11,5.05,2026,10
-40.5,-72.5,1,2026-11,6.65,2026,10
-40.5,-71.5,1,2026-11,4.84,2026,10
-40.5,-70.5,1,2026-11,3.28,2026,10
-40.5,-69.5,1,2026-11,3.34,2026,10
-40.5,-68.5,1,2026-11,3.62,2026,10
-40.5,-67.5,1,2026-11,3.74,2026,10
-40.5,-66.5,1,2026-11,3.32,2026,10
-40.5,-65.5,1,2026-11,2.88,2026,10
-40.5,-64.5,1,2026-11,2.64,2026,10
-40.5,-63.5,1,2026-11,2.57,2026,10
-40.5,-62.5,1,2026-11,2.31,2026,10
-40.5,-61.5,1,2026-11,2.01,2026,10
-40.5,-60.5,1,2026-11,1.83,2026,10
-40.5,-59.5,1,2026-11,1.83,2026,10
-40.5,-58.5,1,2026-11,1.8,2026,10
-40.5,-57.5,1,2026-11,1.75,2026,10
-40.5,-56.5,1,2026-11,1.72,2026,10
-40.5,-55.5,1,2026-11,1.71,2026,10
-40.5,-54.5,1,2026-11,1.89,2026,10
-40.5,-53.5,1,2026-11,2.34,2026,10
-40.5,-52.5,1,2026-11,2.75,2026,10
-40.5,-51.5,1,2026-11,3.02,2026,10
-40.5,-50.5,1,2026-11,3.12,2026,10
-40.5,-49.5,1,2026-11,3.07,2026,10
-40.5,-48.5,1,2026-11,3.04,2026,10
-40.5,-47.5,1,2026-11,2.99,2026,10
-40.5,-46.5,1,2026-11,3.05,2026,10
-40.5,-45.5,1,2026-11,2.99,2026,10
-40.5,-44.5,1,2026-11,2.97,2026,10
-40.5,-43.5,1,2026-11,2.93,2026,10
-40.5,-42.5,1,2026-11,2.84,2026,10
-40.5,-41.5,1,2026-11,2.83,2026,10
-40.5,-40.5,1,2026-11,2.85,2026,10
-40.5,-39.5,1,2026-11,3.0,2026,10
-40.5,-38.5,1,2026-11,3.08,2026,10
-40.5,-37.5,1,2026-11,3.28,2026,10
-40.5,-36.5,1,2026-11,3.34,2026,10
-40.5,-35.5,1,2026-11,3.23,2026,10
-40.5,-34.5,1,2026-11,3.08,2026,10
-40.5,-33.5,1,2026-11,3.22,2026,10
-40.5,-32.5,1,2026-11,3.51,2026,10
-40.5,-31.5,1,2026-11,3.57,2026,10
-40.5,-30.5,1,2026-11,3.56,2026,10
-41.5,-89.5,1,2026-11,1.92,2026,10
-41.5,-88.5,1,2026-11,1.84,2026,10
-41.5,-87.5,1,2026-11,1.9,2026,10
-41.5,-86.5,1,2026-11,1.99,2026,10
-41.5,-85.5,1,2026-11,2.16,2026,10
-41.5,-84.5,1,2026-11,2.2,2026,10
-41.5,-83.5,1,2026-11,2.21,2026,10
-41.5,-82.5,1,2026-11,2.18,2026,10
-41.5,-81.5,1,2026-11,2.07,2026,10
-41.5,-80.5,1,2026-11,1.98,2026,10
-41.5,-79.5,1,2026-11,1.95,2026,10
-41.5,-78.5,1,2026-11,1.97,2026,10
-41.5,-77.5,1,2026-11,2.0,2026,10
-41.5,-76.5,1,2026-11,2.03,2026,10
-41.5,-75.5,1,2026-11,2.38,2026,10
-41.5,-74.5,1,2026-11,3.5,2026,10
-41.5,-73.5,1,2026-11,4.87,2026,10
-41.5,-72.5,1,2026-11,7.32,2026,10
-41.5,-71.5,1,2026-11,4.25,2026,10
-41.5,-70.5,1,2026-11,2.68,2026,10
-41.5,-69.5,1,2026-11,2.95,2026,10
-41.5,-68.5,1,2026-11,3.09,2026,10
-41.5,-67.5,1,2026-11,2.94,2026,10
-41.5,-66.5,1,2026-11,2.92,2026,10
-41.5,-65.5,1,2026-11,2.45,2026,10
-41.5,-64.5,1,2026-11,2.0,2026,10
-41.5,-63.5,1,2026-11,1.76,2026,10
-41.5,-62.5,1,2026-11,1.7,2026,10
-41.5,-61.5,1,2026-11,1.69,2026,10
-41.5,-60.5,1,2026-11,1.72,2026,10
-41.5,-59.5,1,2026-11,1.77,2026,10
-41.5,-58.5,1,2026-11,1.74,2026,10
-41.5,-57.5,1,2026-11,1.62,2026,10
-41.5,-56.5,1,2026-11,1.59,2026,10
-41.5,-55.5,1,2026-11,1.71,2026,10
-41.5,-54.5,1,2026-11,2.02,2026,10
-41.5,-53.5,1,2026-11,2.26,2026,10
-41.5,-52.5,1,2026-11,2.49,2026,10
-41.5,-51.5,1,2026-11,2.6,2026,10
-41.5,-50.5,1,2026-11,2.75,2026,10
-41.5,-49.5,1,2026-11,2.94,2026,10
-41.5,-48.5,1,2026-11,3.01,2026,10
-41.5,-47.5,1,2026-11,2.83,2026,10
-41.5,-46.5,1,2026-11,2.87,2026,10
-41.5,-45.5,1,2026-11,3.0,2026,10
-41.5,-44.5,1,2026-11,3.05,2026,10
-41.5,-43.5,1,2026-11,2.95,2026,10
-41.5,-42.5,1,2026-11,2.93,2026,10
-41.5,-41.5,1,2026-11,3.01,2026,10
-41.5,-40.5,1,2026-11,3.08,2026,10
-41.5,-39.5,1,2026-11,3.14,2026,10
-41.5,-38.5,1,2026-11,3.26,2026,10
-41.5,-37.5,1,2026-11,3.23,2026,10
-41.5,-36.5,1,2026-11,3.23,2026,10
-41.5,-35.5,1,2026-11,3.14,2026,10
-41.5,-34.5,1,2026-11,3.12,2026,10
-41.5,-33.5,1,2026-11,3.24,2026,10
-41.5,-32.5,1,2026-11,3.44,2026,10
-41.5,-31.5,1,2026-11,3.47,2026,10
-41.5,-30.5,1,2026-11,3.42,2026,10
-42.5,-89.5,1,2026-11,1.93,2026,10
-42.5,-88.5,1,2026-11,1.82,2026,10
-42.5,-87.5,1,2026-11,1.8,2026,10
-42.5,-86.5,1,2026-11,1.89,2026,10
-42.5,-85.5,1,2026-11,2.04,2026,10
-42.5,-84.5,1,2026-11,2.13,2026,10
-42.5,-83.5,1,2026-11,2.11,2026,10
-42.5,-82.5,1,2026-11,2.06,2026,10
-42.5,-81.5,1,2026-11,2.03,2026,10
-42.5,-80.5,1,2026-11,2.02,2026,10
-42.5,-79.5,1,2026-11,2.0,2026,10
-42.5,-78.5,1,2026-11,1.95,2026,10
-42.5,-77.5,1,2026-11,2.02,2026,10
-42.5,-76.5,1,2026-11,2.12,2026,10
-42.5,-75.5,1,2026-11,2.3,2026,10
-42.5,-74.5,1,2026-11,4.41,2026,10
-42.5,-73.5,1,2026-11,5.07,2026,10
-42.5,-72.5,1,2026-11,7.71,2026,10
-42.5,-71.5,1,2026-11,3.95,2026,10
-42.5,-70.5,1,2026-11,2.07,2026,10
-42.5,-69.5,1,2026-11,2.21,2026,10
-42.5,-68.5,1,2026-11,2.52,2026,10
-42.5,-67.5,1,2026-11,2.41,2026,10
-42.5,-66.5,1,2026-11,2.03,2026,10
-42.5,-65.5,1,2026-11,1.9,2026,10
-42.5,-64.5,1,2026-11,1.57,2026,10
-42.5,-63.5,1,2026-11,1.4,2026,10
-42.5,-62.5,1,2026-11,1.38,2026,10
-42.5,-61.5,1,2026-11,1.48,2026,10
-42.5,-60.5,1,2026-11,1.61,2026,10
-42.5,-59.5,1,2026-11,1.66,2026,10
-42.5,-58.5,1,2026-11,1.64,2026,10
-42.5,-57.5,1,2026-11,1.59,2026,10
-42.5,-56.5,1,2026-11,1.62,2026,10
-42.5,-55.5,1,2026-11,1.86,2026,10
-42.5,-54.5,1,2026-11,2.11,2026,10
-42.5,-53.5,1,2026-11,2.24,2026,10
-42.5,-52.5,1,2026-11,2.31,2026,10
-42.5,-51.5,1,2026-11,2.46,2026,10
-42.5,-50.5,1,2026-11,2.65,2026,10
-42.5,-49.5,1,2026-11,2.88,2026,10
-42.5,-48.5,1,2026-11,2.94,2026,10
-42.5,-47.5,1,2026-11,2.64,2026,10
-42.5,-46.5,1,2026-11,2.83,2026,10
-42.5,-45.5,1,2026-11,3.17,2026,10
-42.5,-44.5,1,2026-11,3.42,2026,10
-42.5,-43.5,1,2026-11,3.2,2026,10
-42.5,-42.5,1,2026-11,3.17,2026,10
-42.5,-41.5,1,2026-11,3.18,2026,10
-42.5,-40.5,1,2026-11,3.08,2026,10
-42.5,-39.5,1,2026-11,3.0,2026,10
-42.5,-38.5,1,2026-11,3.06,2026,10
-42.5,-37.5,1,2026-11,3.14,2026,10
-42.5,-36.5,1,2026-11,3.13,2026,10
-42.5,-35.5,1,2026-11,3.08,2026,10
-42.5,-34.5,1,2026-11,3.06,2026,10
-42.5,-33.5,1,2026-11,3.11,2026,10
-42.5,-32.5,1,2026-11,3.26,2026,10
-42.5,-31.5,1,2026-11,3.36,2026,10
-42.5,-30.5,1,2026-11,3.49,2026,10
-43.5,-89.5,1,2026-11,1.97,2026,10
-43.5,-88.5,1,2026-11,1.92,2026,10
-43.5,-87.5,1,2026-11,1.87,2026,10
-43.5,-86.5,1,2026-11,1.9,2026,10
-43.5,-85.5,1,2026-11,2.04,2026,10
-43.5,-84.5,1,2026-11,2.07,2026,10
-43.5,-83.5,1,2026-11,2.16,2026,10
-43.5,-82.5,1,2026-11,2.22,2026,10
-43.5,-81.5,1,2026-11,2.19,2026,10
-43.5,-80.5,1,2026-11,2.1,2026,10
-43.5,-79.5,1,2026-11,2.06,2026,10
-43.5,-78.5,1,2026-11,1.95,2026,10
-43.5,-77.5,1,2026-11,1.97,2026,10
-43.5,-76.5,1,2026-11,2.07,2026,10
-43.5,-75.5,1,2026-11,2.3,2026,10
-43.5,-74.5,1,2026-11,3.62,2026,10
-43.5,-73.5,1,2026-11,5.87,2026,10
-43.5,-72.5,1,2026-11,7.36,2026,10
-43.5,-71.5,1,2026-11,3.14,2026,10
-43.5,-70.5,1,2026-11,2.02,2026,10
-43.5,-69.5,1,2026-11,1.87,2026,10
-43.5,-68.5,1,2026-11,1.65,2026,10
-43.5,-67.5,1,2026-11,1.57,2026,10
-43.5,-66.5,1,2026-11,1.53,2026,10
-43.5,-65.5,1,2026-11,1.56,2026,10
-43.5,-64.5,1,2026-11,1.35,2026,10
-43.5,-63.5,1,2026-11,1.26,2026,10
-43.5,-62.5,1,2026-11,1.27,2026,10
-43.5,-61.5,1,2026-11,1.39,2026,10
-43.5,-60.5,1,2026-11,1.45,2026,10
-43.5,-59.5,1,2026-11,1.46,2026,10
-43.5,-58.5,1,2026-11,1.51,2026,10
-43.5,-57.5,1,2026-11,1.61,2026,10
-43.5,-56.5,1,2026-11,1.73,2026,10
-43.5,-55.5,1,2026-11,1.92,2026,10
-43.5,-54.5,1,2026-11,2.16,2026,10
-43.5,-53.5,1,2026-11,2.33,2026,10
-43.5,-52.5,1,2026-11,2.4,2026,10
-43.5,-51.5,1,2026-11,2.42,2026,10
-43.5,-50.5,1,2026-11,2.55,2026,10
-43.5,-49.5,1,2026-11,2.57,2026,10
-43.5,-48.5,1,2026-11,2.48,2026,10
-43.5,-47.5,1,2026-11,2.38,2026,10
-43.5,-46.5,1,2026-11,2.47,2026,10
-43.5,-45.5,1,2026-11,2.75,2026,10
-43.5,-44.5,1,2026-11,3.01,2026,10
-43.5,-43.5,1,2026-11,3.06,2026,10
-43.5,-42.5,1,2026-11,3.02,2026,10
-43.5,-41.5,1,2026-11,3.01,2026,10
-43.5,-40.5,1,2026-11,3.11,2026,10
-43.5,-39.5,1,2026-11,3.04,2026,10
-43.5,-38.5,1,2026-11,2.95,2026,10
-43.5,-37.5,1,2026-11,3.03,2026,10
-43.5,-36.5,1,2026-11,3.05,2026,10
-43.5,-35.5,1,2026-11,2.99,2026,10
-43.5,-34.5,1,2026-11,3.04,2026,10
-43.5,-33.5,1,2026-11,3.1,2026,10
-43.5,-32.5,1,2026-11,3.1,2026,10
-43.5,-31.5,1,2026-11,3.13,2026,10
-43.5,-30.5,1,2026-11,3.29,2026,10
-44.5,-89.5,1,2026-11,1.98,2026,10
-44.5,-88.5,1,2026-11,2.0,2026,10
-44.5,-87.5,1,2026-11,1.97,2026,10
-44.5,-86.5,1,2026-11,2.0,2026,10
-44.5,-85.5,1,2026-11,2.1,2026,10
-44.5,-84.5,1,2026-11,2.14,2026,10
-44.5,-83.5,1,2026-11,2.18,2026,10
-44.5,-82.5,1,2026-11,2.23,2026,10
-44.5,-81.5,1,2026-11,2.16,2026,10
-44.5,-80.5,1,2026-11,2.06,2026,10
-44.5,-79.5,1,2026-11,2.0,2026,10
-44.5,-78.5,1,2026-11,1.93,2026,10
-44.5,-77.5,1,2026-11,1.85,2026,10
-44.5,-76.5,1,2026-11,2.04,2026,10
-44.5,-75.5,1,2026-11,2.54,2026,10
-44.5,-74.5,1,2026-11,4.57,2026,10
-44.5,-73.5,1,2026-11,7.02,2026,10
-44.5,-72.5,1,2026-11,6.33,2026,10
-44.5,-71.5,1,2026-11,2.79,2026,10
-44.5,-70.5,1,2026-11,1.71,2026,10
-44.5,-69.5,1,2026-11,1.63,2026,10
-44.5,-68.5,1,2026-11,1.44,2026,10
-44.5,-67.5,1,2026-11,1.3,2026,10
-44.5,-66.5,1,2026-11,1.46,2026,10
-44.5,-65.5,1,2026-11,1.4,2026,10
-44.5,-64.5,1,2026-11,1.18,2026,10
-44.5,-63.5,1,2026-11,1.18,2026,10
-44.5,-62.5,1,2026-11,1.25,2026,10
-44.5,-61.5,1,2026-11,1.37,2026,10
-44.5,-60.5,1,2026-11,1.37,2026,10
-44.5,-59.5,1,2026-11,1.34,2026,10
-44.5,-58.5,1,2026-11,1.46,2026,10
-44.5,-57.5,1,2026-11,1.63,2026,10
-44.5,-56.5,1,2026-11,1.73,2026,10
-44.5,-55.5,1,2026-11,1.87,2026,10
-44.5,-54.5,1,2026-11,2.11,2026,10
-44.5,-53.5,1,2026-11,2.21,2026,10
-44.5,-52.5,1,2026-11,2.33,2026,10
-44.5,-51.5,1,2026-11,2.29,2026,10
-44.5,-50.5,1,2026-11,2.27,2026,10
-44.5,-49.5,1,2026-11,2.28,2026,10
-44.5,-48.5,1,2026-11,2.29,2026,10
-44.5,-47.5,1,2026-11,2.27,2026,10
-44.5,-46.5,1,2026-11,2.23,2026,10
-44.5,-45.5,1,2026-11,2.24,2026,10
-44.5,-44.5,1,2026-11,2.32,2026,10
-44.5,-43.5,1,2026-11,2.47,2026,10
-44.5,-42.5,1,2026-11,2.64,2026,10
-44.5,-41.5,1,2026-11,2.78,2026,10
-44.5,-40.5,1,2026-11,2.92,2026,10
-44.5,-39.5,1,2026-11,2.99,2026,10
-44.5,-38.5,1,2026-11,2.95,2026,10
-44.5,-37.5,1,2026-11,2.91,2026,10
-44.5,-36.5,1,2026-11,2.84,2026,10
-44.5,-35.5,1,2026-11,2.83,2026,10
-44.5,-34.5,1,2026-11,2.85,2026,10
-44.5,-33.5,1,2026-11,2.77,2026,10
-44.5,-32.5,1,2026-11,2.71,2026,10
-44.5,-31.5,1,2026-11,2.79,2026,10
-44.5,-30.5,1,2026-11,2.89,2026,10
-45.5,-89.5,1,2026-11,2.02,2026,10
-45.5,-88.5,1,2026-11,2.01,2026,10
-45.5,-87.5,1,2026-11,1.98,2026,10
-45.5,-86.5,1,2026-11,2.01,2026,10
-45.5,-85.5,1,2026-11,2.12,2026,10
-45.5,-84.5,1,2026-11,2.15,2026,10
-45.5,-83.5,1,2026-11,2.13,2026,10
-45.5,-82.5,1,2026-11,2.1,2026,10
-45.5,-81.5,1,2026-11,2.05,2026,10
-45.5,-80.5,1,2026-11,1.95,2026,10
-45.5,-79.5,1,2026-11,1.84,2026,10
-45.5,-78.5,1,2026-11,1.78,2026,10
-45.5,-77.5,1,2026-11,1.87,2026,10
-45.5,-76.5,1,2026-11,2.14,2026,10
-45.5,-75.5,1,2026-11,3.49,2026,10
-45.5,-74.5,1,2026-11,5.67,2026,10
-45.5,-73.5,1,2026-11,6.27,2026,10
-45.5,-72.5,1,2026-11,4.54,2026,10
-45.5,-71.5,1,2026-11,2.21,2026,10
-45.5,-70.5,1,2026-11,1.55,2026,10
-45.5,-69.5,1,2026-11,1.33,2026,10
-45.5,-68.5,1,2026-11,1.27,2026,10
-45.5,-67.5,1,2026-11,1.31,2026,10
-45.5,-66.5,1,2026-11,1.09,2026,10
-45.5,-65.5,1,2026-11,1.04,2026,10
-45.5,-64.5,1,2026-11,1.06,2026,10
-45.5,-63.5,1,2026-11,1.17,2026,10
-45.5,-62.5,1,2026-11,1.28,2026,10
-45.5,-61.5,1,2026-11,1.35,2026,10
-45.5,-60.5,1,2026-11,1.35,2026,10
-45.5,-59.5,1,2026-11,1.32,2026,10
-45.5,-58.5,1,2026-11,1.4,2026,10
-45.5,-57.5,1,2026-11,1.59,2026,10
-45.5,-56.5,1,2026-11,1.71,2026,10
-45.5,-55.5,1,2026-11,1.81,2026,10
-45.5,-54.5,1,2026-11,1.91,2026,10
-45.5,-53.5,1,2026-11,2.03,2026,10
-45.5,-52.5,1,2026-11,2.21,2026,10
-45.5,-51.5,1,2026-11,2.13,2026,10
-45.5,-50.5,1,2026-11,2.08,2026,10
-45.5,-49.5,1,2026-11,2.1,2026,10
-45.5,-48.5,1,2026-11,2.12,2026,10
-45.5,-47.5,1,2026-11,2.15,2026,10
-45.5,-46.5,1,2026-11,2.14,2026,10
-45.5,-45.5,1,2026-11,2.11,2026,10
-45.5,-44.5,1,2026-11,2.11,2026,10
-45.5,-43.5,1,2026-11,2.12,2026,10
-45.5,-42.5,1,2026-11,2.14,2026,10
-45.5,-41.5,1,2026-11,2.22,2026,10
-45.5,-40.5,1,2026-11,2.29,2026,10
-45.5,-39.5,1,2026-11,2.39,2026,10
-45.5,-38.5,1,2026-11,2.49,2026,10
-45.5,-37.5,1,2026-11,2.54,2026,10
-45.5,-36.5,1,2026-11,2.59,2026,10
-45.5,-35.5,1,2026-11,2.62,2026,10
-45.5,-34.5,1,2026-11,2.68,2026,10
-45.5,-33.5,1,2026-11,2.6,2026,10
-45.5,-32.5,1,2026-11,2.59,2026,10
-45.5,-31.5,1,2026-11,2.67,2026,10
-45.5,-30.5,1,2026-11,2.76,2026,10
-46.5,-89.5,1,2026-11,1.98,2026,10
-46.5,-88.5,1,2026-11,2.0,2026,10
-46.5,-87.5,1,2026-11,1.98,2026,10
-46.5,-86.5,1,2026-11,1.96,2026,10
-46.5,-85.5,1,2026-11,1.99,2026,10
-46.5,-84.5,1,2026-11,2.04,2026,10
-46.5,-83.5,1,2026-11,1.94,2026,10
-46.5,-82.5,1,2026-11,1.85,2026,10
-46.5,-81.5,1,2026-11,1.85,2026,10
-46.5,-80.5,1,2026-11,1.82,2026,10
-46.5,-79.5,1,2026-11,1.76,2026,10
-46.5,-78.5,1,2026-11,1.72,2026,10
-46.5,-77.5,1,2026-11,1.89,2026,10
-46.5,-76.5,1,2026-11,2.3,2026,10
-46.5,-75.5,1,2026-11,3.99,2026,10
-46.5,-74.5,1,2026-11,5.29,2026,10
-46.5,-73.5,1,2026-11,5.13,2026,10
-46.5,-72.5,1,2026-11,2.68,2026,10
-46.5,-71.5,1,2026-11,1.72,2026,10
-46.5,-70.5,1,2026-11,1.4,2026,10
-46.5,-69.5,1,2026-11,1.29,2026,10
-46.5,-68.5,1,2026-11,1.34,2026,10
-46.5,-67.5,1,2026-11,1.12,2026,10
-46.5,-66.5,1,2026-11,0.95,2026,10
-46.5,-65.5,1,2026-11,0.97,2026,10
-46.5,-64.5,1,2026-11,1.09,2026,10
-46.5,-63.5,1,2026-11,1.24,2026,10
-46.5,-62.5,1,2026-11,1.35,2026,10
-46.5,-61.5,1,2026-11,1.42,2026,10
-46.5,-60.5,1,2026-11,1.39,2026,10
-46.5,-59.5,1,2026-11,1.3,2026,10
-46.5,-58.5,1,2026-11,1.33,2026,10
-46.5,-57.5,1,2026-11,1.45,2026,10
-46.5,-56.5,1,2026-11,1.58,2026,10
-46.5,-55.5,1,2026-11,1.7,2026,10
-46.5,-54.5,1,2026-11,1.84,2026,10
-46.5,-53.5,1,2026-11,2.0,2026,10
-46.5,-52.5,1,2026-11,2.02,2026,10
-46.5,-51.5,1,2026-11,2.01,2026,10
-46.5,-50.5,1,2026-11,2.06,2026,10
-46.5,-49.5,1,2026-11,2.08,2026,10
-46.5,-48.5,1,2026-11,2.09,2026,10
-46.5,-47.5,1,2026-11,2.08,2026,10
-46.5,-46.5,1,2026-11,2.1,2026,10
-46.5,-45.5,1,2026-11,2.09,2026,10
-46.5,-44.5,1,2026-11,2.07,2026,10
-46.5,-43.5,1,2026-11,2.08,2026,10
-46.5,-42.5,1,2026-11,2.1,2026,10
-46.5,-41.5,1,2026-11,2.12,2026,10
-46.5,-40.5,1,2026-11,2.16,2026,10
-46.5,-39.5,1,2026-11,2.17,2026,10
-46.5,-38.5,1,2026-11,2.15,2026,10
-46.5,-37.5,1,2026-11,2.16,2026,10
-46.5,-36.5,1,2026-11,2.22,2026,10
-46.5,-35.5,1,2026-11,2.36,2026,10
-46.5,-34.5,1,2026-11,2.49,2026,10
-46.5,-33.5,1,2026-11,2.59,2026,10
-46.5,-32.5,1,2026-11,2.65,2026,10
-46.5,-31.5,1,2026-11,2.69,2026,10
-46.5,-30.5,1,2026-11,2.69,2026,10
-47.5,-89.5,1,2026-11,1.89,2026,10
-47.5,-88.5,1,2026-11,1.92,2026,10
-47.5,-87.5,1,2026-11,1.98,2026,10
-47.5,-86.5,1,2026-11,1.95,2026,10
-47.5,-85.5,1,2026-11,1.9,2026,10
-47.5,-84.5,1,2026-11,1.89,2026,10
-47.5,-83.5,1,2026-11,1.8,2026,10
-47.5,-82.5,1,2026-11,1.72,2026,10
-47.5,-81.5,1,2026-11,1.71,2026,10
-47.5,-80.5,1,2026-11,1.73,2026,10
-47.5,-79.5,1,2026-11,1.72,2026,10
-47.5,-78.5,1,2026-11,1.69,2026,10
-47.5,-77.5,1,2026-11,1.9,2026,10
-47.5,-76.5,1,2026-11,2.31,2026,10
-47.5,-75.5,1,2026-11,3.32,2026,10
-47.5,-74.5,1,2026-11,4.75,2026,10
-47.5,-73.5,1,2026-11,4.16,2026,10
-47.5,-72.5,1,2026-11,2.0,2026,10
-47.5,-71.5,1,2026-11,1.49,2026,10
-47.5,-70.5,1,2026-11,1.31,2026,10
-47.5,-69.5,1,2026-11,1.54,2026,10
-47.5,-68.5,1,2026-11,1.42,2026,10
-47.5,-67.5,1,2026-11,1.15,2026,10
-47.5,-66.5,1,2026-11,1.16,2026,10
-47.5,-65.5,1,2026-11,1.01,2026,10
-47.5,-64.5,1,2026-11,1.06,2026,10
-47.5,-63.5,1,2026-11,1.26,2026,10
-47.5,-62.5,1,2026-11,1.41,2026,10
-47.5,-61.5,1,2026-11,1.5,2026,10
-47.5,-60.5,1,2026-11,1.44,2026,10
-47.5,-59.5,1,2026-11,1.33,2026,10
-47.5,-58.5,1,2026-11,1.31,2026,10
-47.5,-57.5,1,2026-11,1.36,2026,10
-47.5,-56.5,1,2026-11,1.41,2026,10
-47.5,-55.5,1,2026-11,1.51,2026,10
-47.5,-54.5,1,2026-11,1.68,2026,10
-47.5,-53.5,1,2026-11,1.81,2026,10
-47.5,-52.5,1,2026-11,1.88,2026,10
-47.5,-51.5,1,2026-11,1.91,2026,10
-47.5,-50.5,1,2026-11,1.97,2026,10
-47.5,-49.5,1,2026-11,2.0,2026,10
-47.5,-48.5,1,2026-11,2.02,2026,10
-47.5,-47.5,1,2026-11,2.08,2026,10
-47.5,-46.5,1,2026-11,2.1,2026,10
-47.5,-45.5,1,2026-11,2.11,2026,10
-47.5,-44.5,1,2026-11,2.1,2026,10
-47.5,-43.5,1,2026-11,2.11,2026,10
-47.5,-42.5,1,2026-11,2.07,2026,10
-47.5,-41.5,1,2026-11,2.03,2026,10
-47.5,-40.5,1,2026-11,2.02,2026,10
-47.5,-39.5,1,2026-11,2.01,2026,10
-47.5,-38.5,1,2026-11,1.98,2026,10
-47.5,-37.5,1,2026-11,1.97,2026,10
-47.5,-36.5,1,2026-11,2.04,2026,10
-47.5,-35.5,1,2026-11,2.07,2026,10
-47.5,-34.5,1,2026-11,2.09,2026,10
-47.5,-33.5,1,2026-11,2.17,2026,10
-47.5,-32.5,1,2026-11,2.26,2026,10
-47.5,-31.5,1,2026-11,2.4,2026,10
-47.5,-30.5,1,2026-11,2.54,2026,10
-48.5,-89.5,1,2026-11,1.85,2026,10
-48.5,-88.5,1,2026-11,1.9,2026,10
-48.5,-87.5,1,2026-11,1.92,2026,10
-48.5,-86.5,1,2026-11,1.93,2026,10
-48.5,-85.5,1,2026-11,1.88,2026,10
-48.5,-84.5,1,2026-11,1.82,2026,10
-48.5,-83.5,1,2026-11,1.73,2026,10
-48.5,-82.5,1,2026-11,1.67,2026,10
-48.5,-81.5,1,2026-11,1.65,2026,10
-48.5,-80.5,1,2026-11,1.63,2026,10
-48.5,-79.5,1,2026-11,1.69,2026,10
-48.5,-78.5,1,2026-11,1.68,2026,10
-48.5,-77.5,1,2026-11,1.96,2026,10
-48.5,-76.5,1,2026-11,2.46,2026,10
-48.5,-75.5,1,2026-11,4.01,2026,10
-48.5,-74.5,1,2026-11,5.13,2026,10
-48.5,-73.5,1,2026-11,4.38,2026,10
-48.5,-72.5,1,2026-11,1.92,2026,10
-48.5,-71.5,1,2026-11,1.43,2026,10
-48.5,-70.5,1,2026-11,1.41,2026,10
-48.5,-69.5,1,2026-11,1.47,2026,10
-48.5,-68.5,1,2026-11,1.21,2026,10
-48.5,-67.5,1,2026-11,1.09,2026,10
-48.5,-66.5,1,2026-11,1.01,2026,10
-48.5,-65.5,1,2026-11,0.92,2026,10
-48.5,-64.5,1,2026-11,1.03,2026,10
-48.5,-63.5,1,2026-11,1.22,2026,10
-48.5,-62.5,1,2026-11,1.39,2026,10
-48.5,-61.5,1,2026-11,1.48,2026,10
-48.5,-60.5,1,2026-11,1.45,2026,10
-48.5,-59.5,1,2026-11,1.37,2026,10
-48.5,-58.5,1,2026-11,1.31,2026,10
-48.5,-57.5,1,2026-11,1.29,2026,10
-48.5,-56.5,1,2026-11,1.26,2026,10
-48.5,-55.5,1,2026-11,1.25,2026,10
-48.5,-54.5,1,2026-11,1.32,2026,10
-48.5,-53.5,1,2026-11,1.47,2026,10
-48.5,-52.5,1,2026-11,1.66,2026,10
-48.5,-51.5,1,2026-11,1.74,2026,10
-48.5,-50.5,1,2026-11,1.8,2026,10
-48.5,-49.5,1,2026-11,1.9,2026,10
-48.5,-48.5,1,2026-11,2.03,2026,10
-48.5,-47.5,1,2026-11,2.12,2026,10
-48.5,-46.5,1,2026-11,2.12,2026,10
-48.5,-45.5,1,2026-11,2.07,2026,10
-48.5,-44.5,1,2026-11,1.99,2026,10
-48.5,-43.5,1,2026-11,1.94,2026,10
-48.5,-42.5,1,2026-11,1.87,2026,10
-48.5,-41.5,1,2026-11,1.81,2026,10
-48.5,-40.5,1,2026-11,1.79,2026,10
-48.5,-39.5,1,2026-11,1.8,2026,10
-48.5,-38.5,1,2026-11,1.77,2026,10
-48.5,-37.5,1,2026-11,1.75,2026,10
-48.5,-36.5,1,2026-11,1.66,2026,10
-48.5,-35.5,1,2026-11,1.63,2026,10
-48.5,-34.5,1,2026-11,1.67,2026,10
-48.5,-33.5,1,2026-11,1.75,2026,10
-48.5,-32.5,1,2026-11,1.78,2026,10
-48.5,-31.5,1,2026-11,1.87,2026,10
-48.5,-30.5,1,2026-11,2.01,2026,10
-49.5,-89.5,1,2026-11,1.81,2026,10
-49.5,-88.5,1,2026-11,1.88,2026,10
-49.5,-87.5,1,2026-11,1.88,2026,10
-49.5,-86.5,1,2026-11,1.87,2026,10
-49.5,-85.5,1,2026-11,1.78,2026,10
-49.5,-84.5,1,2026-11,1.73,2026,10
-49.5,-83.5,1,2026-11,1.64,2026,10
-49.5,-82.5,1,2026-11,1.55,2026,10
-49.5,-81.5,1,2026-11,1.58,2026,10
-49.5,-80.5,1,2026-11,1.55,2026,10
-49.5,-79.5,1,2026-11,1.64,2026,10
-49.5,-78.5,1,2026-11,1.67,2026,10
-49.5,-77.5,1,2026-11,1.96,2026,10
-49.5,-76.5,1,2026-11,2.45,2026,10
-49.5,-75.5,1,2026-11,4.03,2026,10
-49.5,-74.5,1,2026-11,5.15,2026,10
-49.5,-73.5,1,2026-11,3.47,2026,10
-49.5,-72.5,1,2026-11,1.22,2026,10
-49.5,-71.5,1,2026-11,1.25,2026,10
-49.5,-70.5,1,2026-11,1.3,2026,10
-49.5,-69.5,1,2026-11,1.18,2026,10
-49.5,-68.5,1,2026-11,1.12,2026,10
-49.5,-67.5,1,2026-11,0.99,2026,10
-49.5,-66.5,1,2026-11,0.91,2026,10
-49.5,-65.5,1,2026-11,0.96,2026,10
-49.5,-64.5,1,2026-11,1.08,2026,10
-49.5,-63.5,1,2026-11,1.27,2026,10
-49.5,-62.5,1,2026-11,1.38,2026,10
-49.5,-61.5,1,2026-11,1.43,2026,10
-49.5,-60.5,1,2026-11,1.42,2026,10
-49.5,-59.5,1,2026-11,1.36,2026,10
-49.5,-58.5,1,2026-11,1.31,2026,10
-49.5,-57.5,1,2026-11,1.28,2026,10
-49.5,-56.5,1,2026-11,1.26,2026,10
-49.5,-55.5,1,2026-11,1.25,2026,10
-49.5,-54.5,1,2026-11,1.26,2026,10
-49.5,-53.5,1,2026-11,1.28,2026,10
-49.5,-52.5,1,2026-11,1.31,2026,10
-49.5,-51.5,1,2026-11,1.37,2026,10
-49.5,-50.5,1,2026-11,1.47,2026,10
-49.5,-49.5,1,2026-11,1.65,2026,10
-49.5,-48.5,1,2026-11,1.75,2026,10
-49.5,-47.5,1,2026-11,1.7,2026,10
-49.5,-46.5,1,2026-11,1.69,2026,10
-49.5,-45.5,1,2026-11,1.68,2026,10
-49.5,-44.5,1,2026-11,1.57,2026,10
-49.5,-43.5,1,2026-11,1.48,2026,10
-49.5,-42.5,1,2026-11,1.45,2026,10
-49.5,-41.5,1,2026-11,1.43,2026,10
-49.5,-40.5,1,2026-11,1.42,2026,10
-49.5,-39.5,1,2026-11,1.41,2026,10
-49.5,-38.5,1,2026-11,1.48,2026,10
-49.5,-37.5,1,2026-11,1.51,2026,10
-49.5,-36.5,1,2026-11,1.48,2026,10
-49.5,-35.5,1,2026-11,1.5,2026,10
-49.5,-34.5,1,2026-11,1.59,2026,10
-49.5,-33.5,1,2026-11,1.67,2026,10
-49.5,-32.5,1,2026-11,1.65,2026,10
-49.5,-31.5,1,2026-11,1.63,2026,10
-49.5,-30.5,1,2026-11,1.61,2026,10
-50.5,-89.5,1,2026-11,1.77,2026,10
-50.5,-88.5,1,2026-11,1.83,2026,10
-50.5,-87.5,1,2026-11,1.89,2026,10
-50.5,-86.5,1,2026-11,1.88,2026,10
-50.5,-85.5,1,2026-11,1.77,2026,10
-50.5,-84.5,1,2026-11,1.68,2026,10
-50.5,-83.5,1,2026-11,1.58,2026,10
-50.5,-82.5,1,2026-11,1.49,2026,10
-50.5,-81.5,1,2026-11,1.54,2026,10
-50.5,-80.5,1,2026-11,1.51,2026,10
-50.5,-79.5,1,2026-11,1.59,2026,10
-50.5,-78.5,1,2026-11,1.64,2026,10
-50.5,-77.5,1,2026-11,1.89,2026,10
-50.5,-76.5,1,2026-11,2.34,2026,10
-50.5,-75.5,1,2026-11,3.48,2026,10
-50.5,-74.5,1,2026-11,5.43,2026,10
-50.5,-73.5,1,2026-11,4.16,2026,10
-50.5,-72.5,1,2026-11,1.64,2026,10
-50.5,-71.5,1,2026-11,1.51,2026,10
-50.5,-70.5,1,2026-11,1.47,2026,10
-50.5,-69.5,1,2026-11,1.29,2026,10
-50.5,-68.5,1,2026-11,1.07,2026,10
-50.5,-67.5,1,2026-11,0.98,2026,10
-50.5,-66.5,1,2026-11,0.96,2026,10
-50.5,-65.5,1,2026-11,1.01,2026,10
-50.5,-64.5,1,2026-11,1.09,2026,10
-50.5,-63.5,1,2026-11,1.23,2026,10
-50.5,-62.5,1,2026-11,1.35,2026,10
-50.5,-61.5,1,2026-11,1.36,2026,10
-50.5,-60.5,1,2026-11,1.33,2026,10
-50.5,-59.5,1,2026-11,1.26,2026,10
-50.5,-58.5,1,2026-11,1.25,2026,10
-50.5,-57.5,1,2026-11,1.24,2026,10
-50.5,-56.5,1,2026-11,1.25,2026,10
-50.5,-55.5,1,2026-11,1.27,2026,10
-50.5,-54.5,1,2026-11,1.29,2026,10
-50.5,-53.5,1,2026-11,1.28,2026,10
-50.5,-52.5,1,2026-11,1.25,2026,10
-50.5,-51.5,1,2026-11,1.27,2026,10
-50.5,-50.5,1,2026-11,1.3,2026,10
-50.5,-49.5,1,2026-11,1.35,2026,10
-50.5,-48.5,1,2026-11,1.45,2026,10
-50.5,-47.5,1,2026-11,1.46,2026,10
-50.5,-46.5,1,2026-11,1.45,2026,10
-50.5,-45.5,1,2026-11,1.46,2026,10
-50.5,-44.5,1,2026-11,1.44,2026,10
-50.5,-43.5,1,2026-11,1.4,2026,10
-50.5,-42.5,1,2026-11,1.39,2026,10
-50.5,-41.5,1,2026-11,1.4,2026,10
-50.5,-40.5,1,2026-11,1.37,2026,10
-50.5,-39.5,1,2026-11,1.39,2026,10
-50.5,-38.5,1,2026-11,1.5,2026,10
-50.5,-37.5,1,2026-11,1.53,2026,10
-50.5,-36.5,1,2026-11,1.48,2026,10
-50.5,-35.5,1,2026-11,1.44,2026,10
-50.5,-34.5,1,2026-11,1.44,2026,10
-50.5,-33.5,1,2026-11,1.52,2026,10
-50.5,-32.5,1,2026-11,1.55,2026,10
-50.5,-31.5,1,2026-11,1.53,2026,10
-50.5,-30.5,1,2026-11,1.48,2026,10
-51.5,-89.5,1,2026-11,1.79,2026,10
-51.5,-88.5,1,2026-11,1.84,2026,10
-51.5,-87.5,1,2026-11,1.87,2026,10
-51.5,-86.5,1,2026-11,1.86,2026,10
-51.5,-85.5,1,2026-11,1.78,2026,10
-51.5,-84.5,1,2026-11,1.69,2026,10
-51.5,-83.5,1,2026-11,1.58,2026,10
-51.5,-82.5,1,2026-11,1.51,2026,10
-51.5,-81.5,1,2026-11,1.51,2026,10
-51.5,-80.5,1,2026-11,1.5,2026,10
-51.5,-79.5,1,2026-11,1.62,2026,10
-51.5,-78.5,1,2026-11,1.73,2026,10
-51.5,-77.5,1,2026-11,1.95,2026,10
-51.5,-76.5,1,2026-11,2.27,2026,10
-51.5,-75.5,1,2026-11,3.0,2026,10
-51.5,-74.5,1,2026-11,4.55,2026,10
-51.5,-73.5,1,2026-11,4.39,2026,10
-51.5,-72.5,1,2026-11,2.45,2026,10
-51.5,-71.5,1,2026-11,1.82,2026,10
-51.5,-70.5,1,2026-11,1.51,2026,10
-51.5,-69.5,1,2026-11,1.39,2026,10
-51.5,-68.5,1,2026-11,1.22,2026,10
-51.5,-67.5,1,2026-11,1.08,2026,10
-51.5,-66.5,1,2026-11,1.03,2026,10
-51.5,-65.5,1,2026-11,1.05,2026,10
-51.5,-64.5,1,2026-11,1.07,2026,10
-51.5,-63.5,1,2026-11,1.14,2026,10
-51.5,-62.5,1,2026-11,1.24,2026,10
-51.5,-61.5,1,2026-11,1.35,2026,10
-51.5,-60.5,1,2026-11,1.44,2026,10
-51.5,-59.5,1,2026-11,1.45,2026,10
-51.5,-58.5,1,2026-11,1.33,2026,10
-51.5,-57.5,1,2026-11,1.28,2026,10
-51.5,-56.5,1,2026-11,1.25,2026,10
-51.5,-55.5,1,2026-11,1.25,2026,10
-51.5,-54.5,1,2026-11,1.26,2026,10
-51.5,-53.5,1,2026-11,1.27,2026,10
-51.5,-52.5,1,2026-11,1.3,2026,10
-51.5,-51.5,1,2026-11,1.32,2026,10
-51.5,-50.5,1,2026-11,1.35,2026,10
-51.5,-49.5,1,2026-11,1.4,2026,10
-51.5,-48.5,1,2026-11,1.45,2026,10
-51.5,-47.5,1,2026-11,1.47,2026,10
-51.5,-46.5,1,2026-11,1.48,2026,10
-51.5,-45.5,1,2026-11,1.5,2026,10
-51.5,-44.5,1,2026-11,1.5,2026,10
-51.5,-43.5,1,2026-11,1.47,2026,10
-51.5,-42.5,1,2026-11,1.46,2026,10
-51.5,-41.5,1,2026-11,1.39,2026,10
-51.5,-40.5,1,2026-11,1.33,2026,10
-51.5,-39.5,1,2026-11,1.4,2026,10
-51.5,-38.5,1,2026-11,1.47,2026,10
-51.5,-37.5,1,2026-11,1.43,2026,10
-51.5,-36.5,1,2026-11,1.44,2026,10
-51.5,-35.5,1,2026-11,1.47,2026,10
-51.5,-34.5,1,2026-11,1.38,2026,10
-51.5,-33.5,1,2026-11,1.3,2026,10
-51.5,-32.5,1,2026-11,1.29,2026,10
-51.5,-31.5,1,2026-11,1.34,2026,10
-51.5,-30.5,1,2026-11,1.43,2026,10
-52.5,-89.5,1,2026-11,1.8,2026,10
-52.5,-88.5,1,2026-11,1.76,2026,10
-52.5,-87.5,1,2026-11,1.76,2026,10
-52.5,-86.5,1,2026-11,1.78,2026,10
-52.5,-85.5,1,2026-11,1.75,2026,10
-52.5,-84.5,1,2026-11,1.71,2026,10
-52.5,-83.5,1,2026-11,1.67,2026,10
-52.5,-82.5,1,2026-11,1.59,2026,10
-52.5,-81.5,1,2026-11,1.56,2026,10
-52.5,-80.5,1,2026-11,1.56,2026,10
-52.5,-79.5,1,2026-11,1.68,2026,10
-52.5,-78.5,1,2026-11,1.71,2026,10
-52.5,-77.5,1,2026-11,1.92,2026,10
-52.5,-76.5,1,2026-11,2.09,2026,10
-52.5,-75.5,1,2026-11,2.47,2026,10
-52.5,-74.5,1,2026-11,3.19,2026,10
-52.5,-73.5,1,2026-11,4.5,2026,10
-52.5,-72.5,1,2026-11,3.11,2026,10
-52.5,-71.5,1,2026-11,2.0,2026,10
-52.5,-70.5,1,2026-11,1.59,2026,10
-52.5,-69.5,1,2026-11,1.47,2026,10
-52.5,-68.5,1,2026-11,1.26,2026,10
-52.5,-67.5,1,2026-11,1.04,2026,10
-52.5,-66.5,1,2026-11,1.0,2026,10
-52.5,-65.5,1,2026-11,1.01,2026,10
-52.5,-64.5,1,2026-11,1.05,2026,10
-52.5,-63.5,1,2026-11,1.11,2026,10
-52.5,-62.5,1,2026-11,1.17,2026,10
-52.5,-61.5,1,2026-11,1.23,2026,10
-52.5,-60.5,1,2026-11,1.29,2026,10
-52.5,-59.5,1,2026-11,1.34,2026,10
-52.5,-58.5,1,2026-11,1.36,2026,10
-52.5,-57.5,1,2026-11,1.28,2026,10
-52.5,-56.5,1,2026-11,1.23,2026,10
-52.5,-55.5,1,2026-11,1.21,2026,10
-52.5,-54.5,1,2026-11,1.21,2026,10
-52.5,-53.5,1,2026-11,1.24,2026,10
-52.5,-52.5,1,2026-11,1.29,2026,10
-52.5,-51.5,1,2026-11,1.32,2026,10
-52.5,-50.5,1,2026-11,1.36,2026,10
-52.5,-49.5,1,2026-11,1.37,2026,10
-52.5,-48.5,1,2026-11,1.35,2026,10
-52.5,-47.5,1,2026-11,1.3,2026,10
-52.5,-46.5,1,2026-11,1.35,2026,10
-52.5,-45.5,1,2026-11,1.38,2026,10
-52.5,-44.5,1,2026-11,1.43,2026,10
-52.5,-43.5,1,2026-11,1.41,2026,10
-52.5,-42.5,1,2026-11,1.38,2026,10
-52.5,-41.5,1,2026-11,1.33,2026,10
-52.5,-40.5,1,2026-11,1.38,2026,10
-52.5,-39.5,1,2026-11,1.39,2026,10
-52.5,-38.5,1,2026-11,1.37,2026,10
-52.5,-37.5,1,2026-11,1.31,2026,10
-52.5,-36.5,1,2026-11,1.28,2026,10
-52.5,-35.5,1,2026-11,1.29,2026,10
-52.5,-34.5,1,2026-11,1.29,2026,10
-52.5,-33.5,1,2026-11,1.29,2026,10
-52.5,-32.5,1,2026-11,1.22,2026,10
-52.5,-31.5,1,2026-11,1.26,2026,10
-52.5,-30.5,1,2026-11,1.37,2026,10
-53.5,-89.5,1,2026-11,1.79,2026,10
-53.5,-88.5,1,2026-11,1.76,2026,10
-53.5,-87.5,1,2026-11,1.72,2026,10
-53.5,-86.5,1,2026-11,1.73,2026,10
-53.5,-85.5,1,2026-11,1.72,2026,10
-53.5,-84.5,1,2026-11,1.7,2026,10
-53.5,-83.5,1,2026-11,1.66,2026,10
-53.5,-82.5,1,2026-11,1.62,2026,10
-53.5,-81.5,1,2026-11,1.6,2026,10
-53.5,-80.5,1,2026-11,1.57,2026,10
-53.5,-79.5,1,2026-11,1.61,2026,10
-53.5,-78.5,1,2026-11,1.64,2026,10
-53.5,-77.5,1,2026-11,1.77,2026,10
-53.5,-76.5,1,2026-11,1.84,2026,10
-53.5,-75.5,1,2026-11,2.11,2026,10
-53.5,-74.5,1,2026-11,2.36,2026,10
-53.5,-73.5,1,2026-11,4.07,2026,10
-53.5,-72.5,1,2026-11,3.59,2026,10
-53.5,-71.5,1,2026-11,2.74,2026,10
-53.5,-70.5,1,2026-11,1.85,2026,10
-53.5,-69.5,1,2026-11,1.67,2026,10
-53.5,-68.5,1,2026-11,1.51,2026,10
-53.5,-67.5,1,2026-11,1.19,2026,10
-53.5,-66.5,1,2026-11,1.02,2026,10
-53.5,-65.5,1,2026-11,1.02,2026,10
-53.5,-64.5,1,2026-11,1.08,2026,10
-53.5,-63.5,1,2026-11,1.15,2026,10
-53.5,-62.5,1,2026-11,1.2,2026,10
-53.5,-61.5,1,2026-11,1.19,2026,10
-53.5,-60.5,1,2026-11,1.23,2026,10
-53.5,-59.5,1,2026-11,1.25,2026,10
-53.5,-58.5,1,2026-11,1.26,2026,10
-53.5,-57.5,1,2026-11,1.28,2026,10
-53.5,-56.5,1,2026-11,1.28,2026,10
-53.5,-55.5,1,2026-11,1.26,2026,10
-53.5,-54.5,1,2026-11,1.26,2026,10
-53.5,-53.5,1,2026-11,1.3,2026,10
-53.5,-52.5,1,2026-11,1.35,2026,10
-53.5,-51.5,1,2026-11,1.39,2026,10
-53.5,-50.5,1,2026-11,1.4,2026,10
-53.5,-49.5,1,2026-11,1.36,2026,10
-53.5,-48.5,1,2026-11,1.33,2026,10
-53.5,-47.5,1,2026-11,1.29,2026,10
-53.5,-46.5,1,2026-11,1.28,2026,10
-53.5,-45.5,1,2026-11,1.3,2026,10
-53.5,-44.5,1,2026-11,1.3,2026,10
-53.5,-43.5,1,2026-11,1.28,2026,10
-53.5,-42.5,1,2026-11,1.29,2026,10
-53.5,-41.5,1,2026-11,1.3,2026,10
-53.5,-40.5,1,2026-11,1.34,2026,10
-53.5,-39.5,1,2026-11,1.37,2026,10
-53.5,-38.5,1,2026-11,1.44,2026,10
-53.5,-37.5,1,2026-11,1.46,2026,10
-53.5,-36.5,1,2026-11,1.24,2026,10
-53.5,-35.5,1,2026-11,1.08,2026,10
-53.5,-34.5,1,2026-11,1.13,2026,10
-53.5,-33.5,1,2026-11,1.17,2026,10
-53.5,-32.5,1,2026-11,1.24,2026,10
-53.5,-31.5,1,2026-11,1.29,2026,10
-53.5,-30.5,1,2026-11,1.45,2026,10
-54.5,-89.5,1,2026-11,1.95,2026,10
-54.5,-88.5,1,2026-11,1.87,2026,10
-54.5,-87.5,1,2026-11,1.78,2026,10
-54.5,-86.5,1,2026-11,1.73,2026,10
-54.5,-85.5,1,2026-11,1.73,2026,10
-54.5,-84.5,1,2026-11,1.71,2026,10
-54.5,-83.5,1,2026-11,1.65,2026,10
-54.5,-82.5,1,2026-11,1.6,2026,10
-54.5,-81.5,1,2026-11,1.56,2026,10
-54.5,-80.5,1,2026-11,1.53,2026,10
-54.5,-79.5,1,2026-11,1.53,2026,10
-54.5,-78.5,1,2026-11,1.53,2026,10
-54.5,-77.5,1,2026-11,1.53,2026,10
-54.5,-76.5,1,2026-11,1.66,2026,10
-54.5,-75.5,1,2026-11,1.76,2026,10
-54.5,-74.5,1,2026-11,1.97,2026,10
-54.5,-73.5,1,2026-11,2.32,2026,10
-54.5,-72.5,1,2026-11,2.85,2026,10
-54.5,-71.5,1,2026-11,3.74,2026,10
-54.5,-70.5,1,2026-11,3.79,2026,10
-54.5,-69.5,1,2026-11,2.97,2026,10
-54.5,-68.5,1,2026-11,2.0,2026,10
-54.5,-67.5,1,2026-11,1.76,2026,10
-54.5,-66.5,1,2026-11,1.61,2026,10
-54.5,-65.5,1,2026-11,1.46,2026,10
-54.5,-64.5,1,2026-11,1.44,2026,10
-54.5,-63.5,1,2026-11,1.39,2026,10
-54.5,-62.5,1,2026-11,1.36,2026,10
-54.5,-61.5,1,2026-11,1.31,2026,10
-54.5,-60.5,1,2026-11,1.3,2026,10
-54.5,-59.5,1,2026-11,1.32,2026,10
-54.5,-58.5,1,2026-11,1.36,2026,10
-54.5,-57.5,1,2026-11,1.39,2026,10
-54.5,-56.5,1,2026-11,1.44,2026,10
-54.5,-55.5,1,2026-11,1.41,2026,10
-54.5,-54.5,1,2026-11,1.33,2026,10
-54.5,-53.5,1,2026-11,1.31,2026,10
-54.5,-52.5,1,2026-11,1.3,2026,10
-54.5,-51.5,1,2026-11,1.31,2026,10
-54.5,-50.5,1,2026-11,1.32,2026,10
-54.5,-49.5,1,2026-11,1.29,2026,10
-54.5,-48.5,1,2026-11,1.31,2026,10
-54.5,-47.5,1,2026-11,1.33,2026,10
-54.5,-46.5,1,2026-11,1.33,2026,10
-54.5,-45.5,1,2026-11,1.33,2026,10
-54.5,-44.5,1,2026-11,1.3,2026,10
-54.5,-43.5,1,2026-11,1.25,2026,10
-54.5,-42.5,1,2026-11,1.24,2026,10
-54.5,-41.5,1,2026-11,1.27,2026,10
-54.5,-40.5,1,2026-11,1.3,2026,10
-54.5,-39.5,1,2026-11,1.42,2026,10
-54.5,-38.5,1,2026-11,1.62,2026,10
-54.5,-37.5,1,2026-11,2.61,2026,10
-54.5,-36.5,1,2026-11,2.46,2026,10
-54.5,-35.5,1,2026-11,1.24,2026,10
-54.5,-34.5,1,2026-11,1.12,2026,10
-54.5,-33.5,1,2026-11,1.2,2026,10
-54.5,-32.5,1,2026-11,1.24,2026,10
-54.5,-31.5,1,2026-11,1.34,2026,10
-54.5,-30.5,1,2026-11,1.45,2026,10
-55.5,-89.5,1,2026-11,2.06,2026,10
-55.5,-88.5,1,2026-11,2.0,2026,10
-55.5,-87.5,1,2026-11,1.9,2026,10
-55.5,-86.5,1,2026-11,1.83,2026,10
-55.5,-85.5,1,2026-11,1.76,2026,10
-55.5,-84.5,1,2026-11,1.74,2026,10
-55.5,-83.5,1,2026-11,1.68,2026,10
-55.5,-82.5,1,2026-11,1.64,2026,10
-55.5,-81.5,1,2026-11,1.59,2026,10
-55.5,-80.5,1,2026-11,1.56,2026,10
-55.5,-79.5,1,2026-11,1.52,2026,10
-55.5,-78.5,1,2026-11,1.47,2026,10
-55.5,-77.5,1,2026-11,1.45,2026,10
-55.5,-76.5,1,2026-11,1.53,2026,10
-55.5,-75.5,1,2026-11,1.57,2026,10
-55.5,-74.5,1,2026-11,1.58,2026,10
-55.5,-73.5,1,2026-11,1.74,2026,10
-55.5,-72.5,1,2026-11,1.92,2026,10
-55.5,-71.5,1,2026-11,2.19,2026,10
-55.5,-70.5,1,2026-11,3.03,2026,10
-55.5,-69.5,1,2026-11,3.17,2026,10
-55.5,-68.5,1,2026-11,2.67,2026,10
-55.5,-67.5,1,2026-11,2.25,2026,10
-55.5,-66.5,1,2026-11,2.12,2026,10
-55.5,-65.5,1,2026-11,1.61,2026,10
-55.5,-64.5,1,2026-11,1.33,2026,10
-55.5,-63.5,1,2026-11,1.22,2026,10
-55.5,-62.5,1,2026-11,1.23,2026,10
-55.5,-61.5,1,2026-11,1.27,2026,10
-55.5,-60.5,1,2026-11,1.3,2026,10
-55.5,-59.5,1,2026-11,1.32,2026,10
-55.5,-58.5,1,2026-11,1.34,2026,10
-55.5,-57.5,1,2026-11,1.35,2026,10
-55.5,-56.5,1,2026-11,1.35,2026,10
-55.5,-55.5,1,2026-11,1.34,2026,10
-55.5,-54.5,1,2026-11,1.34,2026,10
-55.5,-53.5,1,2026-11,1.31,2026,10
-55.5,-52.5,1,2026-11,1.31,2026,10
-55.5,-51.5,1,2026-11,1.34,2026,10
-55.5,-50.5,1,2026-11,1.32,2026,10
-55.5,-49.5,1,2026-11,1.3,2026,10
-55.5,-48.5,1,2026-11,1.28,2026,10
-55.5,-47.5,1,2026-11,1.3,2026,10
-55.5,-46.5,1,2026-11,1.3,2026,10
-55.5,-45.5,1,2026-11,1.3,2026,10
-55.5,-44.5,1,2026-11,1.23,2026,10
-55.5,-43.5,1,2026-11,1.26,2026,10
-55.5,-42.5,1,2026-11,1.28,2026,10
-55.5,-41.5,1,2026-11,1.28,2026,10
-55.5,-40.5,1,2026-11,1.22,2026,10
-55.5,-39.5,1,2026-11,1.26,2026,10
-55.5,-38.5,1,2026-11,1.32,2026,10
-55.5,-37.5,1,2026-11,1.46,2026,10
-55.5,-36.5,1,2026-11,1.71,2026,10
-55.5,-35.5,1,2026-11,1.54,2026,10
-55.5,-34.5,1,2026-11,1.41,2026,10
-55.5,-33.5,1,2026-11,1.33,2026,10
-55.5,-32.5,1,2026-11,1.32,2026,10
-55.5,-31.5,1,2026-11,1.32,2026,10
-55.5,-30.5,1,2026-11,1.34,2026,10
-56.5,-89.5,1,2026-11,2.0,2026,10
-56.5,-88.5,1,2026-11,2.02,2026,10
-56.5,-87.5,1,2026-11,2.0,2026,10
-56.5,-86.5,1,2026-11,1.92,2026,10
-56.5,-85.5,1,2026-11,1.82,2026,10
-56.5,-84.5,1,2026-11,1.75,2026,10
-56.5,-83.5,1,2026-11,1.74,2026,10
-56.5,-82.5,1,2026-11,1.72,2026,10
-56.5,-81.5,1,2026-11,1.67,2026,10
-56.5,-80.5,1,2026-11,1.62,2026,10
-56.5,-79.5,1,2026-11,1.57,2026,10
-56.5,-78.5,1,2026-11,1.52,2026,10
-56.5,-77.5,1,2026-11,1.49,2026,10
-56.5,-76.5,1,2026-11,1.49,2026,10
-56.5,-75.5,1,2026-11,1.47,2026,10
-56.5,-74.5,1,2026-11,1.43,2026,10
-56.5,-73.5,1,2026-11,1.45,2026,10
-56.5,-72.5,1,2026-11,1.48,2026,10
-56.5,-71.5,1,2026-11,1.65,2026,10
-56.5,-70.5,1,2026-11,1.8,2026,10
-56.5,-69.5,1,2026-11,1.86,2026,10
-56.5,-68.5,1,2026-11,1.93,2026,10
-56.5,-67.5,1,2026-11,1.87,2026,10
-56.5,-66.5,1,2026-11,1.51,2026,10
-56.5,-65.5,1,2026-11,1.27,2026,10
-56.5,-64.5,1,2026-11,1.27,2026,10
-56.5,-63.5,1,2026-11,1.31,2026,10
-56.5,-62.5,1,2026-11,1.31,2026,10
-56.5,-61.5,1,2026-11,1.34,2026,10
-56.5,-60.5,1,2026-11,1.37,2026,10
-56.5,-59.5,1,2026-11,1.37,2026,10
-56.5,-58.5,1,2026-11,1.36,2026,10
-56.5,-57.5,1,2026-11,1.31,2026,10
-56.5,-56.5,1,2026-11,1.25,2026,10
-56.5,-55.5,1,2026-11,1.26,2026,10
-56.5,-54.5,1,2026-11,1.3,2026,10
-56.5,-53.5,1,2026-11,1.31,2026,10
-56.5,-52.5,1,2026-11,1.36,2026,10
-56.5,-51.5,1,2026-11,1.39,2026,10
-56.5,-50.5,1,2026-11,1.35,2026,10
-56.5,-49.5,1,2026-11,1.33,2026,10
-56.5,-48.5,1,2026-11,1.27,2026,10
-56.5,-47.5,1,2026-11,1.25,2026,10
-56.5,-46.5,1,2026-11,1.28,2026,10
-56.5,-45.5,1,2026-11,1.32,2026,10
-56.5,-44.5,1,2026-11,1.28,2026,10
-56.5,-43.5,1,2026-11,1.26,2026,10
-56.5,-42.5,1,2026-11,1.26,2026,10
-56.5,-41.5,1,2026-11,1.26,2026,10
-56.5,-40.5,1,2026-11,1.27,2026,10
-56.5,-39.5,1,2026-11,1.23,2026,10
-56.5,-38.5,1,2026-11,1.24,2026,10
-56.5,-37.5,1,2026-11,1.29,2026,10
-56.5,-36.5,1,2026-11,1.32,2026,10
-56.5,-35.5,1,2026-11,1.32,2026,10
-56.5,-34.5,1,2026-11,1.32,2026,10
-56.5,-33.5,1,2026-11,1.31,2026,10
-56.5,-32.5,1,2026-11,1.33,2026,10
-56.5,-31.5,1,2026-11,1.34,2026,10
-56.5,-30.5,1,2026-11,1.35,2026,10
-57.5,-89.5,1,2026-11,1.98,2026,10
-57.5,-88.5,1,2026-11,2.0,2026,10
-57.5,-87.5,1,2026-11,2.0,2026,10
-57.5,-86.5,1,2026-11,1.96,2026,10
-57.5,-85.5,1,2026-11,1.9,2026,10
-57.5,-84.5,1,2026-11,1.84,2026,10
-57.5,-83.5,1,2026-11,1.77,2026,10
-57.5,-82.5,1,2026-11,1.71,2026,10
-57.5,-81.5,1,2026-11,1.65,2026,10
-57.5,-80.5,1,2026-11,1.62,2026,10
-57.5,-79.5,1,2026-11,1.61,2026,10
-57.5,-78.5,1,2026-11,1.6,2026,10
-57.5,-77.5,1,2026-11,1.58,2026,10
-57.5,-76.5,1,2026-11,1.54,2026,10
-57.5,-75.5,1,2026-11,1.51,2026,10
-57.5,-74.5,1,2026-11,1.47,2026,10
-57.5,-73.5,1,2026-11,1.44,2026,10
-57.5,-72.5,1,2026-11,1.48,2026,10
-57.5,-71.5,1,2026-11,1.57,2026,10
-57.5,-70.5,1,2026-11,1.59,2026,10
-57.5,-69.5,1,2026-11,1.54,2026,10
-57.5,-68.5,1,2026-11,1.38,2026,10
-57.5,-67.5,1,2026-11,1.26,2026,10
-57.5,-66.5,1,2026-11,1.21,2026,10
-57.5,-65.5,1,2026-11,1.25,2026,10
-57.5,-64.5,1,2026-11,1.33,2026,10
-57.5,-63.5,1,2026-11,1.35,2026,10
-57.5,-62.5,1,2026-11,1.32,2026,10
-57.5,-61.5,1,2026-11,1.29,2026,10
-57.5,-60.5,1,2026-11,1.23,2026,10
-57.5,-59.5,1,2026-11,1.21,2026,10
-57.5,-58.5,1,2026-11,1.18,2026,10
-57.5,-57.5,1,2026-11,1.19,2026,10
-57.5,-56.5,1,2026-11,1.2,2026,10
-57.5,-55.5,1,2026-11,1.23,2026,10
-57.5,-54.5,1,2026-11,1.23,2026,10
-57.5,-53.5,1,2026-11,1.26,2026,10
-57.5,-52.5,1,2026-11,1.27,2026,10
-57.5,-51.5,1,2026-11,1.3,2026,10
-57.5,-50.5,1,2026-11,1.31,2026,10
-57.5,-49.5,1,2026-11,1.29,2026,10
-57.5,-48.5,1,2026-11,1.26,2026,10
-57.5,-47.5,1,2026-11,1.24,2026,10
-57.5,-46.5,1,2026-11,1.24,2026,10
-57.5,-45.5,1,2026-11,1.24,2026,10
-57.5,-44.5,1,2026-11,1.19,2026,10
-57.5,-43.5,1,2026-11,1.2,2026,10
-57.5,-42.5,1,2026-11,1.22,2026,10
-57.5,-41.5,1,2026-11,1.25,2026,10
-57.5,-40.5,1,2026-11,1.28,2026,10
-57.5,-39.5,1,2026-11,1.26,2026,10
-57.5,-38.5,1,2026-11,1.28,2026,10
-57.5,-37.5,1,2026-11,1.28,2026,10
-57.5,-36.5,1,2026-11,1.27,2026,10
-57.5,-35.5,1,2026-11,1.26,2026,10
-57.5,-34.5,1,2026-11,1.26,2026,10
-57.5,-33.5,1,2026-11,1.28,2026,10
-57.5,-32.5,1,2026-11,1.3,2026,10
-57.5,-31.5,1,2026-11,1.33,2026,10
-57.5,-30.5,1,2026-11,1.34,2026,10
-58.5,-89.5,1,2026-11,2.12,2026,10
-58.5,-88.5,1,2026-11,2.07,2026,10
-58.5,-87.5,1,2026-11,2.02,2026,10
-58.5,-86.5,1,2026-11,1.99,2026,10
-58.5,-85.5,1,2026-11,1.98,2026,10
-58.5,-84.5,1,2026-11,1.95,2026,10
-58.5,-83.5,1,2026-11,1.83,2026,10
-58.5,-82.5,1,2026-11,1.73,2026,10
-58.5,-81.5,1,2026-11,1.73,2026,10
-58.5,-80.5,1,2026-11,1.74,2026,10
-58.5,-79.5,1,2026-11,1.72,2026,10
-58.5,-78.5,1,2026-11,1.66,2026,10
-58.5,-77.5,1,2026-11,1.6,2026,10
-58.5,-76.5,1,2026-11,1.56,2026,10
-58.5,-75.5,1,2026-11,1.52,2026,10
-58.5,-74.5,1,2026-11,1.49,2026,10
-58.5,-73.5,1,2026-11,1.56,2026,10
-58.5,-72.5,1,2026-11,1.62,2026,10
-58.5,-71.5,1,2026-11,1.65,2026,10
-58.5,-70.5,1,2026-11,1.68,2026,10
-58.5,-69.5,1,2026-11,1.54,2026,10
-58.5,-68.5,1,2026-11,1.32,2026,10
-58.5,-67.5,1,2026-11,1.24,2026,10
-58.5,-66.5,1,2026-11,1.21,2026,10
-58.5,-65.5,1,2026-11,1.19,2026,10
-58.5,-64.5,1,2026-11,1.21,2026,10
-58.5,-63.5,1,2026-11,1.25,2026,10
-58.5,-62.5,1,2026-11,1.31,2026,10
-58.5,-61.5,1,2026-11,1.32,2026,10
-58.5,-60.5,1,2026-11,1.25,2026,10
-58.5,-59.5,1,2026-11,1.18,2026,10
-58.5,-58.5,1,2026-11,1.16,2026,10
-58.5,-57.5,1,2026-11,1.17,2026,10
-58.5,-56.5,1,2026-11,1.17,2026,10
-58.5,-55.5,1,2026-11,1.21,2026,10
-58.5,-54.5,1,2026-11,1.2,2026,10
-58.5,-53.5,1,2026-11,1.18,2026,10
-58.5,-52.5,1,2026-11,1.18,2026,10
-58.5,-51.5,1,2026-11,1.19,2026,10
-58.5,-50.5,1,2026-11,1.2,2026,10
-58.5,-49.5,1,2026-11,1.25,2026,10
-58.5,-48.5,1,2026-11,1.28,2026,10
-58.5,-47.5,1,2026-11,1.31,2026,10
-58.5,-46.5,1,2026-11,1.27,2026,10
-58.5,-45.5,1,2026-11,1.21,2026,10
-58.5,-44.5,1,2026-11,1.2,2026,10
-58.5,-43.5,1,2026-11,1.21,2026,10
-58.5,-42.5,1,2026-11,1.22,2026,10
-58.5,-41.5,1,2026-11,1.23,2026,10
-58.5,-40.5,1,2026-11,1.26,2026,10
-58.5,-39.5,1,2026-11,1.28,2026,10
-58.5,-38.5,1,2026-11,1.27,2026,10
-58.5,-37.5,1,2026-11,1.26,2026,10
-58.5,-36.5,1,2026-11,1.26,2026,10
-58.5,-35.5,1,2026-11,1.25,2026,10
-58.5,-34.5,1,2026-11,1.25,2026,10
-58.5,-33.5,1,2026-11,1.26,2026,10
-58.5,-32.5,1,2026-11,1.28,2026,10
-58.5,-31.5,1,2026-11,1.31,2026,10
-58.5,-30.5,1,2026-11,1.33,2026,10
-59.5,-89.5,1,2026-11,2.14,2026,10
-59.5,-88.5,1,2026-11,2.08,2026,10
-59.5,-87.5,1,2026-11,2.05,2026,10
-59.5,-86.5,1,2026-11,2.09,2026,10
-59.5,-85.5,1,2026-11,2.11,2026,10
-59.5,-84.5,1,2026-11,2.06,2026,10
-59.5,-83.5,1,2026-11,2.0,2026,10
-59.5,-82.5,1,2026-11,1.96,2026,10
-59.5,-81.5,1,2026-11,1.86,2026,10
-59.5,-80.5,1,2026-11,1.82,2026,10
-59.5,-79.5,1,2026-11,1.8,2026,10
-59.5,-78.5,1,2026-11,1.74,2026,10
-59.5,-77.5,1,2026-11,1.67,2026,10
-59.5,-76.5,1,2026-11,1.6,2026,10
-59.5,-75.5,1,2026-11,1.55,2026,10
-59.5,-74.5,1,2026-11,1.54,2026,10
-59.5,-73.5,1,2026-11,1.59,2026,10
-59.5,-72.5,1,2026-11,1.65,2026,10
-59.5,-71.5,1,2026-11,1.7,2026,10
-59.5,-70.5,1,2026-11,1.61,2026,10
-59.5,-69.5,1,2026-11,1.48,2026,10
-59.5,-68.5,1,2026-11,1.33,2026,10
-59.5,-67.5,1,2026-11,1.24,2026,10
-59.5,-66.5,1,2026-11,1.2,2026,10
-59.5,-65.5,1,2026-11,1.17,2026,10
-59.5,-64.5,1,2026-11,1.15,2026,10
-59.5,-63.5,1,2026-11,1.16,2026,10
-59.5,-62.5,1,2026-11,1.18,2026,10
-59.5,-61.5,1,2026-11,1.2,2026,10
-59.5,-60.5,1,2026-11,1.18,2026,10
-59.5,-59.5,1,2026-11,1.17,2026,10
-59.5,-58.5,1,2026-11,1.18,2026,10
-59.5,-57.5,1,2026-11,1.17,2026,10
-59.5,-56.5,1,2026-11,1.17,2026,10
-59.5,-55.5,1,2026-11,1.16,2026,10
-59.5,-54.5,1,2026-11,1.14,2026,10
-59.5,-53.5,1,2026-11,1.15,2026,10
-59.5,-52.5,1,2026-11,1.15,2026,10
-59.5,-51.5,1,2026-11,1.15,2026,10
-59.5,-50.5,1,2026-11,1.14,2026,10
-59.5,-49.5,1,2026-11,1.18,2026,10
-59.5,-48.5,1,2026-11,1.2,2026,10
-59.5,-47.5,1,2026-11,1.2,2026,10
-59.5,-46.5,1,2026-11,1.22,2026,10
-59.5,-45.5,1,2026-11,1.2,2026,10
-59.5,-44.5,1,2026-11,1.21,2026,10
-59.5,-43.5,1,2026-11,1.22,2026,10
-59.5,-42.5,1,2026-11,1.22,2026,10
-59.5,-41.5,1,2026-11,1.23,2026,10
-59.5,-40.5,1,2026-11,1.24,2026,10
-59.5,-39.5,1,2026-11,1.24,2026,10
-59.5,-38.5,1,2026-11,1.25,2026,10
-59.5,-37.5,1,2026-11,1.26,2026,10
-59.5,-36.5,1,2026-11,1.26,2026,10
-59.5,-35.5,1,2026-11,1.27,2026,10
-59.5,-34.5,1,2026-11,1.27,2026,10
-59.5,-33.5,1,2026-11,1.27,2026,10
-59.5,-32.5,1,2026-11,1.26,2026,10
-59.5,-31.5,1,2026-11,1.27,2026,10
-59.5,-30.5,1,2026-11,1.29,2026,10
14.5,-89.5,2,2026-12,0.85,2026,10
14.5,-88.5,2,2026-12,1.5,2026,10
14.5,-87.5,2,2026-12,1.48,2026,10
14.5,-86.5,2,2026-12,1.5,2026,10
14.5,-85.5,2,2026-12,2.36,2026,10
14.5,-84.5,2,2026-12,3.64,2026,10
14.5,-83.5,2,2026-12,5.19,2026,10
14.5,-82.5,2,2026-12,5.45,2026,10
14.5,-81.5,2,2026-12,4.06,2026,10
14.5,-80.5,2,2026-12,3.4,2026,10
14.5,-79.5,2,2026-12,3.01,2026,10
14.5,-78.5,2,2026-12,2.81,2026,10
14.5,-77.5,2,2026-12,2.52,2026,10
14.5,-76.5,2,2026-12,2.31,2026,10
14.5,-75.5,2,2026-12,2.13,2026,10
14.5,-74.5,2,2026-12,1.97,2026,10
14.5,-73.5,2,2026-12,2.04,2026,10
14.5,-72.5,2,2026-12,2.05,2026,10
14.5,-71.5,2,2026-12,2.09,2026,10
14.5,-70.5,2,2026-12,2.22,2026,10
14.5,-69.5,2,2026-12,2.32,2026,10
14.5,-68.5,2,2026-12,2.35,2026,10
14.5,-67.5,2,2026-12,2.34,2026,10
14.5,-66.5,2,2026-12,2.41,2026,10
14.5,-65.5,2,2026-12,2.5,2026,10
14.5,-64.5,2,2026-12,2.57,2026,10
14.5,-63.5,2,2026-12,2.7,2026,10
14.5,-62.5,2,2026-12,2.63,2026,10
14.5,-61.5,2,2026-12,2.44,2026,10
14.5,-60.5,2,2026-12,2.67,2026,10
14.5,-59.5,2,2026-12,2.51,2026,10
14.5,-58.5,2,2026-12,2.55,2026,10
14.5,-57.5,2,2026-12,2.59,2026,10
14.5,-56.5,2,2026-12,2.59,2026,10
14.5,-55.5,2,2026-12,2.62,2026,10
14.5,-54.5,2,2026-12,2.7,2026,10
14.5,-53.5,2,2026-12,2.72,2026,10
14.5,-52.5,2,2026-12,2.79,2026,10
14.5,-51.5,2,2026-12,2.8,2026,10
14.5,-50.5,2,2026-12,2.7,2026,10
14.5,-49.5,2,2026-12,2.66,2026,10
14.5,-48.5,2,2026-12,2.78,2026,10
14.5,-47.5,2,2026-12,2.84,2026,10
14.5,-46.5,2,2026-12,2.83,2026,10
14.5,-45.5,2,2026-12,2.9,2026,10
14.5,-44.5,2,2026-12,2.88,2026,10
14.5,-43.5,2,2026-12,2.82,2026,10
14.5,-42.5,2,2026-12,2.89,2026,10
14.5,-41.5,2,2026-12,2.93,2026,10
14.5,-40.5,2,2026-12,2.85,2026,10
14.5,-39.5,2,2026-12,2.7,2026,10
14.5,-38.5,2,2026-12,2.42,2026,10
14.5,-37.5,2,2026-12,2.21,2026,10
14.5,-36.5,2,2026-12,2.01,2026,10
14.5,-35.5,2,2026-12,1.9,2026,10
14.5,-34.5,2,2026-12,1.81,2026,10
14.5,-33.5,2,2026-12,1.65,2026,10
14.5,-32.5,2,2026-12,1.43,2026,10
14.5,-31.5,2,2026-12,1.2,2026,10
14.5,-30.5,2,2026-12,1.15,2026,10
13.5,-89.5,2,2026-12,0.53,2026,10
13.5,-88.5,2,2026-12,0.68,2026,10
13.5,-87.5,2,2026-12,0.52,2026,10
13.5,-86.5,2,2026-12,0.77,2026,10
13.5,-85.5,2,2026-12,2.46,2026,10
13.5,-84.5,2,2026-12,3.01,2026,10
13.5,-83.5,2,2026-12,6.35,2026,10
13.5,-82.5,2,2026-12,5.67,2026,10
13.5,-81.5,2,2026-12,4.33,2026,10
13.5,-80.5,2,2026-12,3.57,2026,10
13.5,-79.5,2,2026-12,3.15,2026,10
13.5,-78.5,2,2026-12,2.58,2026,10
13.5,-77.5,2,2026-12,2.25,2026,10
13.5,-76.5,2,2026-12,2.07,2026,10
13.5,-75.5,2,2026-12,1.77,2026,10
13.5,-74.5,2,2026-12,1.73,2026,10
13.5,-73.5,2,2026-12,1.67,2026,10
13.5,-72.5,2,2026-12,1.68,2026,10
13.5,-71.5,2,2026-12,1.67,2026,10
13.5,-70.5,2,2026-12,1.91,2026,10
13.5,-69.5,2,2026-12,2.07,2026,10
13.5,-68.5,2,2026-12,2.12,2026,10
13.5,-67.5,2,2026-12,2.06,2026,10
13.5,-66.5,2,2026-12,2.03,2026,10
13.5,-65.5,2,2026-12,2.22,2026,10
13.5,-64.5,2,2026-12,2.37,2026,10
13.5,-63.5,2,2026-12,2.68,2026,10
13.5,-62.5,2,2026-12,2.93,2026,10
13.5,-61.5,2,2026-12,2.83,2026,10
13.5,-60.5,2,2026-12,3.0,2026,10
13.5,-59.5,2,2026-12,2.9,2026,10
13.5,-58.5,2,2026-12,2.97,2026,10
13.5,-57.5,2,2026-12,3.03,2026,10
13.5,-56.5,2,2026-12,3.02,2026,10
13.5,-55.5,2,2026-12,2.99,2026,10
13.5,-54.5,2,2026-12,2.97,2026,10
13.5,-53.5,2,2026-12,3.01,2026,10
13.5,-52.5,2,2026-12,3.13,2026,10
13.5,-51.5,2,2026-12,3.24,2026,10
13.5,-50.5,2,2026-12,3.22,2026,10
13.5,-49.5,2,2026-12,3.22,2026,10
13.5,-48.5,2,2026-12,3.2,2026,10
13.5,-47.5,2,2026-12,3.35,2026,10
13.5,-46.5,2,2026-12,3.41,2026,10
13.5,-45.5,2,2026-12,3.58,2026,10
13.5,-44.5,2,2026-12,3.62,2026,10
13.5,-43.5,2,2026-12,3.48,2026,10
13.5,-42.5,2,2026-12,3.47,2026,10
13.5,-41.5,2,2026-12,3.48,2026,10
13.5,-40.5,2,2026-12,3.45,2026,10
13.5,-39.5,2,2026-12,3.34,2026,10
13.5,-38.5,2,2026-12,2.94,2026,10
13.5,-37.5,2,2026-12,2.61,2026,10
13.5,-36.5,2,2026-12,2.38,2026,10
13.5,-35.5,2,2026-12,2.23,2026,10
13.5,-34.5,2,2026-12,2.02,2026,10
13.5,-33.5,2,2026-12,1.85,2026,10
13.5,-32.5,2,2026-12,1.76,2026,10
13.5,-31.5,2,2026-12,1.58,2026,10
13.5,-30.5,2,2026-12,1.35,2026,10
12.5,-89.5,2,2026-12,0.79,2026,10
12.5,-88.5,2,2026-12,0.91,2026,10
12.5,-87.5,2,2026-12,0.81,2026,10
12.5,-86.5,2,2026-12,0.44,2026,10
12.5,-85.5,2,2026-12,1.25,2026,10
12.5,-84.5,2,2026-12,3.48,2026,10
12.5,-83.5,2,2026-12,7.43,2026,10
12.5,-82.5,2,2026-12,6.41,2026,10
12.5,-81.5,2,2026-12,4.68,2026,10
12.5,-80.5,2,2026-12,4.22,2026,10
12.5,-79.5,2,2026-12,3.44,2026,10
12.5,-78.5,2,2026-12,3.04,2026,10
12.5,-77.5,2,2026-12,2.53,2026,10
12.5,-76.5,2,2026-12,2.13,2026,10
12.5,-75.5,2,2026-12,2.02,2026,10
12.5,-74.5,2,2026-12,1.77,2026,10
12.5,-73.5,2,2026-12,1.94,2026,10
12.5,-72.5,2,2026-12,1.62,2026,10
12.5,-71.5,2,2026-12,1.31,2026,10
12.5,-70.5,2,2026-12,1.44,2026,10
12.5,-69.5,2,2026-12,2.28,2026,10
12.5,-68.5,2,2026-12,2.43,2026,10
12.5,-67.5,2,2026-12,2.12,2026,10
12.5,-66.5,2,2026-12,2.04,2026,10
12.5,-65.5,2,2026-12,1.96,2026,10
12.5,-64.5,2,2026-12,2.14,2026,10
12.5,-63.5,2,2026-12,2.54,2026,10
12.5,-62.5,2,2026-12,3.18,2026,10
12.5,-61.5,2,2026-12,3.45,2026,10
12.5,-60.5,2,2026-12,3.61,2026,10
12.5,-59.5,2,2026-12,3.57,2026,10
12.5,-58.5,2,2026-12,3.69,2026,10
12.5,-57.5,2,2026-12,3.7,2026,10
12.5,-56.5,2,2026-12,3.68,2026,10
12.5,-55.5,2,2026-12,3.69,2026,10
12.5,-54.5,2,2026-12,3.73,2026,10
12.5,-53.5,2,2026-12,3.81,2026,10
12.5,-52.5,2,2026-12,3.92,2026,10
12.5,-51.5,2,2026-12,4.06,2026,10
12.5,-50.5,2,2026-12,4.23,2026,10
12.5,-49.5,2,2026-12,4.15,2026,10
12.5,-48.5,2,2026-12,4.05,2026,10
12.5,-47.5,2,2026-12,4.12,2026,10
12.5,-46.5,2,2026-12,4.38,2026,10
12.5,-45.5,2,2026-12,4.62,2026,10
12.5,-44.5,2,2026-12,4.51,2026,10
12.5,-43.5,2,2026-12,4.24,2026,10
12.5,-42.5,2,2026-12,4.24,2026,10
12.5,-41.5,2,2026-12,4.29,2026,10
12.5,-40.5,2,2026-12,4.28,2026,10
12.5,-39.5,2,2026-12,4.11,2026,10
12.5,-38.5,2,2026-12,3.83,2026,10
12.5,-37.5,2,2026-12,3.52,2026,10
12.5,-36.5,2,2026-12,3.19,2026,10
12.5,-35.5,2,2026-12,3.1,2026,10
12.5,-34.5,2,2026-12,3.06,2026,10
12.5,-33.5,2,2026-12,2.81,2026,10
12.5,-32.5,2,2026-12,2.4,2026,10
12.5,-31.5,2,2026-12,2.21,2026,10
12.5,-30.5,2,2026-12,1.9,2026,10
11.5,-89.5,2,2026-12,1.64,2026,10
11.5,-88.5,2,2026-12,1.4,2026,10
11.5,-87.5,2,2026-12,1.01,2026,10
11.5,-86.5,2,2026-12,0.5,2026,10
11.5,-85.5,2,2026-12,2.27,2026,10
11.5,-84.5,2,2026-12,3.74,2026,10
11.5,-83.5,2,2026-12,10.14,2026,10
11.5,-82.5,2,2026-12,7.06,2026,10
11.5,-81.5,2,2026-12,5.86,2026,10
11.5,-80.5,2,2026-12,4.7,2026,10
11.5,-79.5,2,2026-12,3.99,2026,10
11.5,-78.5,2,2026-12,3.42,2026,10
11.5,-77.5,2,2026-12,3.01,2026,10
11.5,-76.5,2,2026-12,2.8,2026,10
11.5,-75.5,2,2026-12,2.32,2026,10
11.5,-74.5,2,2026-12,2.64,2026,10
11.5,-73.5,2,2026-12,2.86,2026,10
11.5,-72.5,2,2026-12,3.4,2026,10
11.5,-71.5,2,2026-12,2.47,2026,10
11.5,-70.5,2,2026-12,1.09,2026,10
11.5,-69.5,2,2026-12,2.34,2026,10
11.5,-68.5,2,2026-12,3.14,2026,10
11.5,-67.5,2,2026-12,2.54,2026,10
11.5,-66.5,2,2026-12,2.58,2026,10
11.5,-65.5,2,2026-12,1.82,2026,10
11.5,-64.5,2,2026-12,1.47,2026,10
11.5,-63.5,2,2026-12,2.14,2026,10
11.5,-62.5,2,2026-12,3.35,2026,10
11.5,-61.5,2,2026-12,3.8,2026,10
11.5,-60.5,2,2026-12,4.42,2026,10
11.5,-59.5,2,2026-12,4.49,2026,10
11.5,-58.5,2,2026-12,4.32,2026,10
11.5,-57.5,2,2026-12,4.41,2026,10
11.5,-56.5,2,2026-12,4.51,2026,10
11.5,-55.5,2,2026-12,4.57,2026,10
11.5,-54.5,2,2026-12,4.71,2026,10
11.5,-53.5,2,2026-12,4.92,2026,10
11.5,-52.5,2,2026-12,5.17,2026,10
11.5,-51.5,2,2026-12,5.4,2026,10
11.5,-50.5,2,2026-12,5.62,2026,10
11.5,-49.5,2,2026-12,5.75,2026,10
11.5,-48.5,2,2026-12,5.74,2026,10
11.5,-47.5,2,2026-12,5.74,2026,10
11.5,-46.5,2,2026-12,5.81,2026,10
11.5,-45.5,2,2026-12,5.89,2026,10
11.5,-44.5,2,2026-12,5.71,2026,10
11.5,-43.5,2,2026-12,5.29,2026,10
11.5,-42.5,2,2026-12,5.38,2026,10
11.5,-41.5,2,2026-12,5.51,2026,10
11.5,-40.5,2,2026-12,5.62,2026,10
11.5,-39.5,2,2026-12,5.53,2026,10
11.5,-38.5,2,2026-12,5.45,2026,10
11.5,-37.5,2,2026-12,5.2,2026,10
11.5,-36.5,2,2026-12,5.09,2026,10
11.5,-35.5,2,2026-12,4.89,2026,10
11.5,-34.5,2,2026-12,4.75,2026,10
11.5,-33.5,2,2026-12,4.25,2026,10
11.5,-32.5,2,2026-12,3.61,2026,10
11.5,-31.5,2,2026-12,3.15,2026,10
11.5,-30.5,2,2026-12,2.81,2026,10
10.5,-89.5,2,2026-12,3.13,2026,10
10.5,-88.5,2,2026-12,2.65,2026,10
10.5,-87.5,2,2026-12,1.95,2026,10
10.5,-86.5,2,2026-12,1.3,2026,10
10.5,-85.5,2,2026-12,1.22,2026,10
10.5,-84.5,2,2026-12,4.68,2026,10
10.5,-83.5,2,2026-12,10.03,2026,10
10.5,-82.5,2,2026-12,8.7,2026,10
10.5,-81.5,2,2026-12,7.57,2026,10
10.5,-80.5,2,2026-12,6.25,2026,10
10.5,-79.5,2,2026-12,5.09,2026,10
10.5,-78.5,2,2026-12,4.0,2026,10
10.5,-77.5,2,2026-12,3.23,2026,10
10.5,-76.5,2,2026-12,2.6,2026,10
10.5,-75.5,2,2026-12,2.4,2026,10
10.5,-74.5,2,2026-12,5.18,2026,10
10.5,-73.5,2,2026-12,4.77,2026,10
10.5,-72.5,2,2026-12,3.78,2026,10
10.5,-71.5,2,2026-12,3.63,2026,10
10.5,-70.5,2,2026-12,2.59,2026,10
10.5,-69.5,2,2026-12,1.95,2026,10
10.5,-68.5,2,2026-12,3.7,2026,10
10.5,-67.5,2,2026-12,3.26,2026,10
10.5,-66.5,2,2026-12,3.93,2026,10
10.5,-65.5,2,2026-12,2.67,2026,10
10.5,-64.5,2,2026-12,1.66,2026,10
10.5,-63.5,2,2026-12,2.81,2026,10
10.5,-62.5,2,2026-12,6.08,2026,10
10.5,-61.5,2,2026-12,4.08,2026,10
10.5,-60.5,2,2026-12,5.21,2026,10
10.5,-59.5,2,2026-12,4.8,2026,10
10.5,-58.5,2,2026-12,4.57,2026,10
10.5,-57.5,2,2026-12,4.58,2026,10
10.5,-56.5,2,2026-12,4.81,2026,10
10.5,-55.5,2,2026-12,5.06,2026,10
10.5,-54.5,2,2026-12,5.22,2026,10
10.5,-53.5,2,2026-12,5.45,2026,10
10.5,-52.5,2,2026-12,5.79,2026,10
10.5,-51.5,2,2026-12,6.18,2026,10
10.5,-50.5,2,2026-12,6.57,2026,10
10.5,-49.5,2,2026-12,6.9,2026,10
10.5,-48.5,2,2026-12,7.2,2026,10
10.5,-47.5,2,2026-12,7.54,2026,10
10.5,-46.5,2,2026-12,7.74,2026,10
10.5,-45.5,2,2026-12,7.59,2026,10
10.5,-44.5,2,2026-12,7.64,2026,10
10.5,-43.5,2,2026-12,7.46,2026,10
10.5,-42.5,2,2026-12,7.46,2026,10
10.5,-41.5,2,2026-12,8.1,2026,10
10.5,-40.5,2,2026-12,8.34,2026,10
10.5,-39.5,2,2026-12,8.11,2026,10
10.5,-38.5,2,2026-12,8.08,2026,10
10.5,-37.5,2,2026-12,7.82,2026,10
10.5,-36.5,2,2026-12,7.42,2026,10
10.5,-35.5,2,2026-12,6.96,2026,10
10.5,-34.5,2,2026-12,6.71,2026,10
10.5,-33.5,2,2026-12,6.48,2026,10
10.5,-32.5,2,2026-12,5.74,2026,10
10.5,-31.5,2,2026-12,4.94,2026,10
10.5,-30.5,2,2026-12,4.73,2026,10
9.5,-89.5,2,2026-12,5.04,2026,10
9.5,-88.5,2,2026-12,4.39,2026,10
9.5,-87.5,2,2026-12,3.23,2026,10
9.5,-86.5,2,2026-12,2.12,2026,10
9.5,-85.5,2,2026-12,2.28,2026,10
9.5,-84.5,2,2026-12,4.89,2026,10
9.5,-83.5,2,2026-12,6.62,2026,10
9.5,-82.5,2,2026-12,7.41,2026,10
9.5,-81.5,2,2026-12,10.67,2026,10
9.5,-80.5,2,2026-12,8.08,2026,10
9.5,-79.5,2,2026-12,5.56,2026,10
9.5,-78.5,2,2026-12,4.89,2026,10
9.5,-77.5,2,2026-12,3.72,2026,10
9.5,-76.5,2,2026-12,3.64,2026,10
9.5,-75.5,2,2026-12,3.23,2026,10
9.5,-74.5,2,2026-12,3.09,2026,10
9.5,-73.5,2,2026-12,3.04,2026,10
9.5,-72.5,2,2026-12,4.59,2026,10
9.5,-71.5,2,2026-12,5.76,2026,10
9.5,-70.5,2,2026-12,4.15,2026,10
9.5,-69.5,2,2026-12,2.75,2026,10
9.5,-68.5,2,2026-12,2.4,2026,10
9.5,-67.5,2,2026-12,1.86,2026,10
9.5,-66.5,2,2026-12,1.62,2026,10
9.5,-65.5,2,2026-12,1.73,2026,10
9.5,-64.5,2,2026-12,1.6,2026,10
9.5,-63.5,2,2026-12,2.11,2026,10
9.5,-62.5,2,2026-12,3.7,2026,10
9.5,-61.5,2,2026-12,4.53,2026,10
9.5,-60.5,2,2026-12,5.55,2026,10
9.5,-59.5,2,2026-12,4.91,2026,10
9.5,-58.5,2,2026-12,4.65,2026,10
9.5,-57.5,2,2026-12,4.35,2026,10
9.5,-56.5,2,2026-12,4.37,2026,10
9.5,-55.5,2,2026-12,4.44,2026,10
9.5,-54.5,2,2026-12,4.54,2026,10
9.5,-53.5,2,2026-12,4.68,2026,10
9.5,-52.5,2,2026-12,4.64,2026,10
9.5,-51.5,2,2026-12,5.14,2026,10
9.5,-50.5,2,2026-12,6.13,2026,10
9.5,-49.5,2,2026-12,7.09,2026,10
9.5,-48.5,2,2026-12,7.82,2026,10
9.5,-47.5,2,2026-12,8.31,2026,10
9.5,-46.5,2,2026-12,8.75,2026,10
9.5,-45.5,2,2026-12,8.93,2026,10
9.5,-44.5,2,2026-12,9.19,2026,10
9.5,-43.5,2,2026-12,9.75,2026,10
9.5,-42.5,2,2026-12,10.11,2026,10
9.5,-41.5,2,2026-12,10.34,2026,10
9.5,-40.5,2,2026-12,10.24,2026,10
9.5,-39.5,2,2026-12,10.22,2026,10
9.5,-38.5,2,2026-12,10.11,2026,10
9.5,-37.5,2,2026-12,9.92,2026,10
9.5,-36.5,2,2026-12,9.8,2026,10
9.5,-35.5,2,2026-12,9.51,2026,10
9.5,-34.5,2,2026-12,9.28,2026,10
9.5,-33.5,2,2026-12,8.96,2026,10
9.5,-32.5,2,2026-12,8.44,2026,10
9.5,-31.5,2,2026-12,7.73,2026,10
9.5,-30.5,2,2026-12,7.43,2026,10
8.5,-89.5,2,2026-12,5.85,2026,10
8.5,-88.5,2,2026-12,4.86,2026,10
8.5,-87.5,2,2026-12,4.12,2026,10
8.5,-86.5,2,2026-12,3.8,2026,10
8.5,-85.5,2,2026-12,4.2,2026,10
8.5,-84.5,2,2026-12,5.03,2026,10
8.5,-83.5,2,2026-12,5.17,2026,10
8.5,-82.5,2,2026-12,4.61,2026,10
8.5,-81.5,2,2026-12,6.29,2026,10
8.5,-80.5,2,2026-12,4.67,2026,10
8.5,-79.5,2,2026-12,5.66,2026,10
8.5,-78.5,2,2026-12,5.32,2026,10
8.5,-77.5,2,2026-12,5.51,2026,10
8.5,-76.5,2,2026-12,5.85,2026,10
8.5,-75.5,2,2026-12,5.18,2026,10
8.5,-74.5,2,2026-12,6.08,2026,10
8.5,-73.5,2,2026-12,4.0,2026,10
8.5,-72.5,2,2026-12,4.38,2026,10
8.5,-71.5,2,2026-12,5.9,2026,10
8.5,-70.5,2,2026-12,4.53,2026,10
8.5,-69.5,2,2026-12,3.2,2026,10
8.5,-68.5,2,2026-12,2.46,2026,10
8.5,-67.5,2,2026-12,2.01,2026,10
8.5,-66.5,2,2026-12,1.51,2026,10
8.5,-65.5,2,2026-12,1.41,2026,10
8.5,-64.5,2,2026-12,1.15,2026,10
8.5,-63.5,2,2026-12,1.27,2026,10
8.5,-62.5,2,2026-12,2.0,2026,10
8.5,-61.5,2,2026-12,3.37,2026,10
8.5,-60.5,2,2026-12,5.0,2026,10
8.5,-59.5,2,2026-12,5.2,2026,10
8.5,-58.5,2,2026-12,4.23,2026,10
8.5,-57.5,2,2026-12,3.68,2026,10
8.5,-56.5,2,2026-12,3.49,2026,10
8.5,-55.5,2,2026-12,3.4,2026,10
8.5,-54.5,2,2026-12,3.34,2026,10
8.5,-53.5,2,2026-12,3.7,2026,10
8.5,-52.5,2,2026-12,4.27,2026,10
8.5,-51.5,2,2026-12,4.71,2026,10
8.5,-50.5,2,2026-12,5.13,2026,10
8.5,-49.5,2,2026-12,6.16,2026,10
8.5,-48.5,2,2026-12,7.46,2026,10
8.5,-47.5,2,2026-12,8.29,2026,10
8.5,-46.5,2,2026-12,8.66,2026,10
8.5,-45.5,2,2026-12,9.11,2026,10
8.5,-44.5,2,2026-12,9.45,2026,10
8.5,-43.5,2,2026-12,9.74,2026,10
8.5,-42.5,2,2026-12,10.06,2026,10
8.5,-41.5,2,2026-12,10.4,2026,10
8.5,-40.5,2,2026-12,10.23,2026,10
8.5,-39.5,2,2026-12,10.16,2026,10
8.5,-38.5,2,2026-12,10.39,2026,10
8.5,-37.5,2,2026-12,10.63,2026,10
8.5,-36.5,2,2026-12,10.95,2026,10
8.5,-35.5,2,2026-12,11.05,2026,10
8.5,-34.5,2,2026-12,11.23,2026,10
8.5,-33.5,2,2026-12,10.95,2026,10
8.5,-32.5,2,2026-12,10.51,2026,10
8.5,-31.5,2,2026-12,10.37,2026,10
8.5,-30.5,2,2026-12,10.25,2026,10
7.5,-89.5,2,2026-12,5.99,2026,10
7.5,-88.5,2,2026-12,5.39,2026,10
7.5,-87.5,2,2026-12,4.8,2026,10
7.5,-86.5,2,2026-12,4.42,2026,10
7.5,-85.5,2,2026-12,5.13,2026,10
7.5,-84.5,2,2026-12,4.75,2026,10
7.5,-83.5,2,2026-12,5.25,2026,10
7.5,-82.5,2,2026-12,3.89,2026,10
7.5,-81.5,2,2026-12,4.16,2026,10
7.5,-80.5,2,2026-12,5.3,2026,10
7.5,-79.5,2,2026-12,8.88,2026,10
7.5,-78.5,2,2026-12,6.99,2026,10
7.5,-77.5,2,2026-12,7.22,2026,10
7.5,-76.5,2,2026-12,8.29,2026,10
7.5,-75.5,2,2026-12,8.03,2026,10
7.5,-74.5,2,2026-12,7.49,2026,10
7.5,-73.5,2,2026-12,6.69,2026,10
7.5,-72.5,2,2026-12,3.62,2026,10
7.5,-71.5,2,2026-12,3.15,2026,10
7.5,-70.5,2,2026-12,3.94,2026,10
7.5,-69.5,2,2026-12,3.16,2026,10
7.5,-68.5,2,2026-12,2.74,2026,10
7.5,-67.5,2,2026-12,1.9,2026,10
7.5,-66.5,2,2026-12,1.69,2026,10
7.5,-65.5,2,2026-12,1.97,2026,10
7.5,-64.5,2,2026-12,1.65,2026,10
7.5,-63.5,2,2026-12,1.13,2026,10
7.5,-62.5,2,2026-12,1.48,2026,10
7.5,-61.5,2,2026-12,1.94,2026,10
7.5,-60.5,2,2026-12,3.27,2026,10
7.5,-59.5,2,2026-12,4.82,2026,10
7.5,-58.5,2,2026-12,4.71,2026,10
7.5,-57.5,2,2026-12,2.67,2026,10
7.5,-56.5,2,2026-12,2.53,2026,10
7.5,-55.5,2,2026-12,2.36,2026,10
7.5,-54.5,2,2026-12,2.3,2026,10
7.5,-53.5,2,2026-12,3.06,2026,10
7.5,-52.5,2,2026-12,3.85,2026,10
7.5,-51.5,2,2026-12,4.41,2026,10
7.5,-50.5,2,2026-12,4.65,2026,10
7.5,-49.5,2,2026-12,5.05,2026,10
7.5,-48.5,2,2026-12,6.21,2026,10
7.5,-47.5,2,2026-12,7.39,2026,10
7.5,-46.5,2,2026-12,7.95,2026,10
7.5,-45.5,2,2026-12,8.68,2026,10
7.5,-44.5,2,2026-12,9.11,2026,10
7.5,-43.5,2,2026-12,9.17,2026,10
7.5,-42.5,2,2026-12,9.35,2026,10
7.5,-41.5,2,2026-12,9.62,2026,10
7.5,-40.5,2,2026-12,9.8,2026,10
7.5,-39.5,2,2026-12,9.92,2026,10
7.5,-38.5,2,2026-12,10.29,2026,10
7.5,-37.5,2,2026-12,10.65,2026,10
7.5,-36.5,2,2026-12,11.03,2026,10
7.5,-35.5,2,2026-12,11.45,2026,10
7.5,-34.5,2,2026-12,11.63,2026,10
7.5,-33.5,2,2026-12,11.74,2026,10
7.5,-32.5,2,2026-12,11.83,2026,10
7.5,-31.5,2,2026-12,11.91,2026,10
7.5,-30.5,2,2026-12,11.94,2026,10
6.5,-89.5,2,2026-12,6.53,2026,10
6.5,-88.5,2,2026-12,5.96,2026,10
6.5,-87.5,2,2026-12,5.6,2026,10
6.5,-86.5,2,2026-12,5.58,2026,10
6.5,-85.5,2,2026-12,5.64,2026,10
6.5,-84.5,2,2026-12,6.05,2026,10
6.5,-83.5,2,2026-12,6.24,2026,10
6.5,-82.5,2,2026-12,6.61,2026,10
6.5,-81.5,2,2026-12,6.55,2026,10
6.5,-80.5,2,2026-12,8.16,2026,10
6.5,-79.5,2,2026-12,8.81,2026,10
6.5,-78.5,2,2026-12,8.12,2026,10
6.5,-77.5,2,2026-12,10.54,2026,10
6.5,-76.5,2,2026-12,12.68,2026,10
6.5,-75.5,2,2026-12,9.89,2026,10
6.5,-74.5,2,2026-12,6.12,2026,10
6.5,-73.5,2,2026-12,7.05,2026,10
6.5,-72.5,2,2026-12,6.49,2026,10
6.5,-71.5,2,2026-12,4.49,2026,10
6.5,-70.5,2,2026-12,4.07,2026,10
6.5,-69.5,2,2026-12,4.15,2026,10
6.5,-68.5,2,2026-12,3.22,2026,10
6.5,-67.5,2,2026-12,2.97,2026,10
6.5,-66.5,2,2026-12,3.0,2026,10
6.5,-65.5,2,2026-12,3.18,2026,10
6.5,-64.5,2,2026-12,2.53,2026,10
6.5,-63.5,2,2026-12,1.64,2026,10
6.5,-62.5,2,2026-12,2.29,2026,10
6.5,-61.5,2,2026-12,2.25,2026,10
6.5,-60.5,2,2026-12,2.72,2026,10
6.5,-59.5,2,2026-12,3.88,2026,10
6.5,-58.5,2,2026-12,4.41,2026,10
6.5,-57.5,2,2026-12,3.32,2026,10
6.5,-56.5,2,2026-12,1.62,2026,10
6.5,-55.5,2,2026-12,1.1,2026,10
6.5,-54.5,2,2026-12,1.27,2026,10
6.5,-53.5,2,2026-12,2.0,2026,10
6.5,-52.5,2,2026-12,2.95,2026,10
6.5,-51.5,2,2026-12,3.45,2026,10
6.5,-50.5,2,2026-12,3.83,2026,10
6.5,-49.5,2,2026-12,4.15,2026,10
6.5,-48.5,2,2026-12,4.78,2026,10
6.5,-47.5,2,2026-12,5.57,2026,10
6.5,-46.5,2,2026-12,6.13,2026,10
6.5,-45.5,2,2026-12,7.1,2026,10
6.5,-44.5,2,2026-12,8.04,2026,10
6.5,-43.5,2,2026-12,8.37,2026,10
6.5,-42.5,2,2026-12,8.59,2026,10
6.5,-41.5,2,2026-12,8.83,2026,10
6.5,-40.5,2,2026-12,9.15,2026,10
6.5,-39.5,2,2026-12,9.44,2026,10
6.5,-38.5,2,2026-12,10.12,2026,10
6.5,-37.5,2,2026-12,10.6,2026,10
6.5,-36.5,2,2026-12,10.76,2026,10
6.5,-35.5,2,2026-12,11.28,2026,10
6.5,-34.5,2,2026-12,11.69,2026,10
6.5,-33.5,2,2026-12,12.09,2026,10
6.5,-32.5,2,2026-12,12.59,2026,10
6.5,-31.5,2,2026-12,12.89,2026,10
6.5,-30.5,2,2026-12,13.02,2026,10
5.5,-89.5,2,2026-12,7.56,2026,10
5.5,-88.5,2,2026-12,7.35,2026,10
5.5,-87.5,2,2026-12,7.05,2026,10
5.5,-86.5,2,2026-12,7.21,2026,10
5.5,-85.5,2,2026-12,7.02,2026,10
5.5,-84.5,2,2026-12,7.59,2026,10
5.5,-83.5,2,2026-12,7.87,2026,10
5.5,-82.5,2,2026-12,8.25,2026,10
5.5,-81.5,2,2026-12,9.11,2026,10
5.5,-80.5,2,2026-12,9.5,2026,10
5.5,-79.5,2,2026-12,8.45,2026,10
5.5,-78.5,2,2026-12,8.87,2026,10
5.5,-77.5,2,2026-12,11.27,2026,10
5.5,-76.5,2,2026-12,14.4,2026,10
5.5,-75.5,2,2026-12,10.0,2026,10
5.5,-74.5,2,2026-12,9.87,2026,10
5.5,-73.5,2,2026-12,6.63,2026,10
5.5,-72.5,2,2026-12,4.98,2026,10
5.5,-71.5,2,2026-12,3.87,2026,10
5.5,-70.5,2,2026-12,4.71,2026,10
5.5,-69.5,2,2026-12,4.61,2026,10
5.5,-68.5,2,2026-12,4.58,2026,10
5.5,-67.5,2,2026-12,6.18,2026,10
5.5,-66.5,2,2026-12,3.86,2026,10
5.5,-65.5,2,2026-12,4.6,2026,10
5.5,-64.5,2,2026-12,3.58,2026,10
5.5,-63.5,2,2026-12,2.89,2026,10
5.5,-62.5,2,2026-12,4.24,2026,10
5.5,-61.5,2,2026-12,2.82,2026,10
5.5,-60.5,2,2026-12,2.65,2026,10
5.5,-59.5,2,2026-12,3.76,2026,10
5.5,-58.5,2,2026-12,3.31,2026,10
5.5,-57.5,2,2026-12,2.67,2026,10
5.5,-56.5,2,2026-12,2.24,2026,10
5.5,-55.5,2,2026-12,2.34,2026,10
5.5,-54.5,2,2026-12,2.88,2026,10
5.5,-53.5,2,2026-12,2.91,2026,10
5.5,-52.5,2,2026-12,2.91,2026,10
5.5,-51.5,2,2026-12,2.75,2026,10
5.5,-50.5,2,2026-12,2.91,2026,10
5.5,-49.5,2,2026-12,3.24,2026,10
5.5,-48.5,2,2026-12,3.69,2026,10
5.5,-47.5,2,2026-12,4.18,2026,10
5.5,-46.5,2,2026-12,4.51,2026,10
5.5,-45.5,2,2026-12,5.11,2026,10
5.5,-44.5,2,2026-12,5.85,2026,10
5.5,-43.5,2,2026-12,6.53,2026,10
5.5,-42.5,2,2026-12,6.98,2026,10
5.5,-41.5,2,2026-12,7.6,2026,10
5.5,-40.5,2,2026-12,8.09,2026,10
5.5,-39.5,2,2026-12,8.77,2026,10
5.5,-38.5,2,2026-12,9.39,2026,10
5.5,-37.5,2,2026-12,9.97,2026,10
5.5,-36.5,2,2026-12,10.2,2026,10
5.5,-35.5,2,2026-12,10.7,2026,10
5.5,-34.5,2,2026-12,11.43,2026,10
5.5,-33.5,2,2026-12,11.88,2026,10
5.5,-32.5,2,2026-12,12.74,2026,10
5.5,-31.5,2,2026-12,13.07,2026,10
5.5,-30.5,2,2026-12,13.18,2026,10
4.5,-89.5,2,2026-12,8.87,2026,10
4.5,-88.5,2,2026-12,8.86,2026,10
4.5,-87.5,2,2026-12,8.99,2026,10
4.5,-86.5,2,2026-12,8.68,2026,10
4.5,-85.5,2,2026-12,8.72,2026,10
4.5,-84.5,2,2026-12,8.69,2026,10
4.5,-83.5,2,2026-12,9.03,2026,10
4.5,-82.5,2,2026-12,9.43,2026,10
4.5,-81.5,2,2026-12,9.56,2026,10
4.5,-80.5,2,2026-12,9.15,2026,10
4.5,-79.5,2,2026-12,9.87,2026,10
4.5,-78.5,2,2026-12,10.47,2026,10
4.5,-77.5,2,2026-12,13.13,2026,10
4.5,-76.5,2,2026-12,14.32,2026,10
4.5,-75.5,2,2026-12,7.79,2026,10
4.5,-74.5,2,2026-12,8.79,2026,10
4.5,-73.5,2,2026-12,4.16,2026,10
4.5,-72.5,2,2026-12,5.16,2026,10
4.5,-71.5,2,2026-12,5.24,2026,10
4.5,-70.5,2,2026-12,6.23,2026,10
4.5,-69.5,2,2026-12,6.35,2026,10
4.5,-68.5,2,2026-12,6.1,2026,10
4.5,-67.5,2,2026-12,7.69,2026,10
4.5,-66.5,2,2026-12,5.01,2026,10
4.5,-65.5,2,2026-12,6.01,2026,10
4.5,-64.5,2,2026-12,4.23,2026,10
4.5,-63.5,2,2026-12,3.9,2026,10
4.5,-62.5,2,2026-12,3.05,2026,10
4.5,-61.5,2,2026-12,2.14,2026,10
4.5,-60.5,2,2026-12,1.32,2026,10
4.5,-59.5,2,2026-12,1.34,2026,10
4.5,-58.5,2,2026-12,1.8,2026,10
4.5,-57.5,2,2026-12,1.35,2026,10
4.5,-56.5,2,2026-12,1.19,2026,10
4.5,-55.5,2,2026-12,1.31,2026,10
4.5,-54.5,2,2026-12,1.8,2026,10
4.5,-53.5,2,2026-12,2.61,2026,10
4.5,-52.5,2,2026-12,3.56,2026,10
4.5,-51.5,2,2026-12,3.65,2026,10
4.5,-50.5,2,2026-12,2.42,2026,10
4.5,-49.5,2,2026-12,2.27,2026,10
4.5,-48.5,2,2026-12,2.81,2026,10
4.5,-47.5,2,2026-12,3.31,2026,10
4.5,-46.5,2,2026-12,3.66,2026,10
4.5,-45.5,2,2026-12,4.03,2026,10
4.5,-44.5,2,2026-12,4.5,2026,10
4.5,-43.5,2,2026-12,4.83,2026,10
4.5,-42.5,2,2026-12,5.34,2026,10
4.5,-41.5,2,2026-12,6.0,2026,10
4.5,-40.5,2,2026-12,6.72,2026,10
4.5,-39.5,2,2026-12,7.41,2026,10
4.5,-38.5,2,2026-12,7.96,2026,10
4.5,-37.5,2,2026-12,8.51,2026,10
4.5,-36.5,2,2026-12,8.91,2026,10
4.5,-35.5,2,2026-12,9.54,2026,10
4.5,-34.5,2,2026-12,10.27,2026,10
4.5,-33.5,2,2026-12,10.83,2026,10
4.5,-32.5,2,2026-12,11.35,2026,10
4.5,-31.5,2,2026-12,11.24,2026,10
4.5,-30.5,2,2026-12,11.36,2026,10
3.5,-89.5,2,2026-12,10.0,2026,10
3.5,-88.5,2,2026-12,9.85,2026,10
3.5,-87.5,2,2026-12,9.97,2026,10
3.5,-86.5,2,2026-12,9.73,2026,10
3.5,-85.5,2,2026-12,9.63,2026,10
3.5,-84.5,2,2026-12,9.9,2026,10
3.5,-83.5,2,2026-12,9.9,2026,10
3.5,-82.5,2,2026-12,9.9,2026,10
3.5,-81.5,2,2026-12,10.12,2026,10
3.5,-80.5,2,2026-12,10.51,2026,10
3.5,-79.5,2,2026-12,10.96,2026,10
3.5,-78.5,2,2026-12,13.35,2026,10
3.5,-77.5,2,2026-12,15.2,2026,10
3.5,-76.5,2,2026-12,14.15,2026,10
3.5,-75.5,2,2026-12,5.21,2026,10
3.5,-74.5,2,2026-12,6.93,2026,10
3.5,-73.5,2,2026-12,5.52,2026,10
3.5,-72.5,2,2026-12,6.62,2026,10
3.5,-71.5,2,2026-12,7.12,2026,10
3.5,-70.5,2,2026-12,7.91,2026,10
3.5,-69.5,2,2026-12,7.38,2026,10
3.5,-68.5,2,2026-12,6.91,2026,10
3.5,-67.5,2,2026-12,6.19,2026,10
3.5,-66.5,2,2026-12,6.4,2026,10
3.5,-65.5,2,2026-12,6.39,2026,10
3.5,-64.5,2,2026-12,4.26,2026,10
3.5,-63.5,2,2026-12,3.26,2026,10
3.5,-62.5,2,2026-12,2.46,2026,10
3.5,-61.5,2,2026-12,1.67,2026,10
3.5,-60.5,2,2026-12,1.07,2026,10
3.5,-59.5,2,2026-12,0.98,2026,10
3.5,-58.5,2,2026-12,1.36,2026,10
3.5,-57.5,2,2026-12,1.0,2026,10
3.5,-56.5,2,2026-12,0.77,2026,10
3.5,-55.5,2,2026-12,0.91,2026,10
3.5,-54.5,2,2026-12,1.08,2026,10
3.5,-53.5,2,2026-12,1.58,2026,10
3.5,-52.5,2,2026-12,2.39,2026,10
3.5,-51.5,2,2026-12,3.4,2026,10
3.5,-50.5,2,2026-12,2.97,2026,10
3.5,-49.5,2,2026-12,1.81,2026,10
3.5,-48.5,2,2026-12,1.95,2026,10
3.5,-47.5,2,2026-12,2.28,2026,10
3.5,-46.5,2,2026-12,2.64,2026,10
3.5,-45.5,2,2026-12,2.91,2026,10
3.5,-44.5,2,2026-12,3.15,2026,10
3.5,-43.5,2,2026-12,3.44,2026,10
3.5,-42.5,2,2026-12,3.88,2026,10
3.5,-41.5,2,2026-12,4.35,2026,10
3.5,-40.5,2,2026-12,4.95,2026,10
3.5,-39.5,2,2026-12,5.5,2026,10
3.5,-38.5,2,2026-12,6.05,2026,10
3.5,-37.5,2,2026-12,6.53,2026,10
3.5,-36.5,2,2026-12,7.1,2026,10
3.5,-35.5,2,2026-12,7.54,2026,10
3.5,-34.5,2,2026-12,7.73,2026,10
3.5,-33.5,2,2026-12,8.03,2026,10
3.5,-32.5,2,2026-12,8.34,2026,10
3.5,-31.5,2,2026-12,8.26,2026,10
3.5,-30.5,2,2026-12,8.11,2026,10
2.5,-89.5,2,2026-12,10.59,2026,10
2.5,-88.5,2,2026-12,10.76,2026,10
2.5,-87.5,2,2026-12,10.52,2026,10
2.5,-86.5,2,2026-12,10.61,2026,10
2.5,-85.5,2,2026-12,10.64,2026,10
2.5,-84.5,2,2026-12,10.65,2026,10
2.5,-83.5,2,2026-12,10.72,2026,10
2.5,-82.5,2,2026-12,11.28,2026,10
2.5,-81.5,2,2026-12,11.28,2026,10
2.5,-80.5,2,2026-12,12.28,2026,10
2.5,-79.5,2,2026-12,14.36,2026,10
2.5,-78.5,2,2026-12,16.06,2026,10
2.5,-77.5,2,2026-12,15.24,2026,10
2.5,-76.5,2,2026-12,8.77,2026,10
2.5,-75.5,2,2026-12,5.04,2026,10
2.5,-74.5,2,2026-12,3.96,2026,10
2.5,-73.5,2,2026-12,7.46,2026,10
2.5,-72.5,2,2026-12,7.46,2026,10
2.5,-71.5,2,2026-12,7.24,2026,10
2.5,-70.5,2,2026-12,7.07,2026,10
2.5,-69.5,2,2026-12,7.44,2026,10
2.5,-68.5,2,2026-12,6.93,2026,10
2.5,-67.5,2,2026-12,6.83,2026,10
2.5,-66.5,2,2026-12,6.49,2026,10
2.5,-65.5,2,2026-12,5.44,2026,10
2.5,-64.5,2,2026-12,5.86,2026,10
2.5,-63.5,2,2026-12,3.89,2026,10
2.5,-62.5,2,2026-12,2.93,2026,10
2.5,-61.5,2,2026-12,2.49,2026,10
2.5,-60.5,2,2026-12,1.91,2026,10
2.5,-59.5,2,2026-12,1.46,2026,10
2.5,-58.5,2,2026-12,1.36,2026,10
2.5,-57.5,2,2026-12,0.96,2026,10
2.5,-56.5,2,2026-12,0.57,2026,10
2.5,-55.5,2,2026-12,0.52,2026,10
2.5,-54.5,2,2026-12,0.74,2026,10
2.5,-53.5,2,2026-12,1.03,2026,10
2.5,-52.5,2,2026-12,1.45,2026,10
2.5,-51.5,2,2026-12,2.24,2026,10
2.5,-50.5,2,2026-12,2.91,2026,10
2.5,-49.5,2,2026-12,1.66,2026,10
2.5,-48.5,2,2026-12,1.24,2026,10
2.5,-47.5,2,2026-12,1.38,2026,10
2.5,-46.5,2,2026-12,1.53,2026,10
2.5,-45.5,2,2026-12,1.69,2026,10
2.5,-44.5,2,2026-12,1.8,2026,10
2.5,-43.5,2,2026-12,1.99,2026,10
2.5,-42.5,2,2026-12,2.25,2026,10
2.5,-41.5,2,2026-12,2.54,2026,10
2.5,-40.5,2,2026-12,2.88,2026,10
2.5,-39.5,2,2026-12,3.19,2026,10
2.5,-38.5,2,2026-12,3.6,2026,10
2.5,-37.5,2,2026-12,4.02,2026,10
2.5,-36.5,2,2026-12,4.33,2026,10
2.5,-35.5,2,2026-12,4.45,2026,10
2.5,-34.5,2,2026-12,4.6,2026,10
2.5,-33.5,2,2026-12,4.89,2026,10
2.5,-32.5,2,2026-12,5.02,2026,10
2.5,-31.5,2,2026-12,4.91,2026,10
2.5,-30.5,2,2026-12,4.73,2026,10
1.5,-89.5,2,2026-12,9.62,2026,10
1.5,-88.5,2,2026-12,10.08,2026,10
1.5,-87.5,2,2026-12,10.33,2026,10
1.5,-86.5,2,2026-12,10.89,2026,10
1.5,-85.5,2,2026-12,11.32,2026,10
1.5,-84.5,2,2026-12,11.4,2026,10
1.5,-83.5,2,2026-12,11.53,2026,10
1.5,-82.5,2,2026-12,11.65,2026,10
1.5,-81.5,2,2026-12,12.76,2026,10
1.5,-80.5,2,2026-12,14.7,2026,10
1.5,-79.5,2,2026-12,16.21,2026,10
1.5,-78.5,2,2026-12,17.43,2026,10
1.5,-77.5,2,2026-12,13.55,2026,10
1.5,-76.5,2,2026-12,7.75,2026,10
1.5,-75.5,2,2026-12,7.04,2026,10
1.5,-74.5,2,2026-12,6.58,2026,10
1.5,-73.5,2,2026-12,6.51,2026,10
1.5,-72.5,2,2026-12,7.24,2026,10
1.5,-71.5,2,2026-12,7.48,2026,10
1.5,-70.5,2,2026-12,7.53,2026,10
1.5,-69.5,2,2026-12,7.43,2026,10
1.5,-68.5,2,2026-12,6.88,2026,10
1.5,-67.5,2,2026-12,7.15,2026,10
1.5,-66.5,2,2026-12,7.21,2026,10
1.5,-65.5,2,2026-12,6.11,2026,10
1.5,-64.5,2,2026-12,4.75,2026,10
1.5,-63.5,2,2026-12,4.25,2026,10
1.5,-62.5,2,2026-12,4.26,2026,10
1.5,-61.5,2,2026-12,3.82,2026,10
1.5,-60.5,2,2026-12,3.13,2026,10
1.5,-59.5,2,2026-12,2.04,2026,10
1.5,-58.5,2,2026-12,1.48,2026,10
1.5,-57.5,2,2026-12,1.05,2026,10
1.5,-56.5,2,2026-12,0.61,2026,10
1.5,-55.5,2,2026-12,0.35,2026,10
1.5,-54.5,2,2026-12,0.4,2026,10
1.5,-53.5,2,2026-12,0.59,2026,10
1.5,-52.5,2,2026-12,0.85,2026,10
1.5,-51.5,2,2026-12,1.25,2026,10
1.5,-50.5,2,2026-12,1.36,2026,10
1.5,-49.5,2,2026-12,1.26,2026,10
1.5,-48.5,2,2026-12,0.81,2026,10
1.5,-47.5,2,2026-12,0.69,2026,10
1.5,-46.5,2,2026-12,0.81,2026,10
1.5,-45.5,2,2026-12,0.88,2026,10
1.5,-44.5,2,2026-12,0.93,2026,10
1.5,-43.5,2,2026-12,1.02,2026,10
1.5,-42.5,2,2026-12,1.1,2026,10
1.5,-41.5,2,2026-12,1.24,2026,10
1.5,-40.5,2,2026-12,1.38,2026,10
1.5,-39.5,2,2026-12,1.51,2026,10
1.5,-38.5,2,2026-12,1.66,2026,10
1.5,-37.5,2,2026-12,1.82,2026,10
1.5,-36.5,2,2026-12,2.0,2026,10
1.5,-35.5,2,2026-12,2.19,2026,10
1.5,-34.5,2,2026-12,2.32,2026,10
1.5,-33.5,2,2026-12,2.45,2026,10
1.5,-32.5,2,2026-12,2.55,2026,10
1.5,-31.5,2,2026-12,2.48,2026,10
1.5,-30.5,2,2026-12,2.39,2026,10
0.5,-89.5,2,2026-12,8.12,2026,10
0.5,-88.5,2,2026-12,8.39,2026,10
0.5,-87.5,2,2026-12,9.02,2026,10
0.5,-86.5,2,2026-12,9.59,2026,10
0.5,-85.5,2,2026-12,10.27,2026,10
0.5,-84.5,2,2026-12,10.86,2026,10
0.5,-83.5,2,2026-12,10.93,2026,10
0.5,-82.5,2,2026-12,11.74,2026,10
0.5,-81.5,2,2026-12,13.4,2026,10
0.5,-80.5,2,2026-12,14.39,2026,10
0.5,-79.5,2,2026-12,15.0,2026,10
0.5,-78.5,2,2026-12,18.72,2026,10
0.5,-77.5,2,2026-12,6.89,2026,10
0.5,-76.5,2,2026-12,7.87,2026,10
0.5,-75.5,2,2026-12,8.31,2026,10
0.5,-74.5,2,2026-12,8.11,2026,10
0.5,-73.5,2,2026-12,7.88,2026,10
0.5,-72.5,2,2026-12,7.38,2026,10
0.5,-71.5,2,2026-12,7.82,2026,10
0.5,-70.5,2,2026-12,7.69,2026,10
0.5,-69.5,2,2026-12,7.49,2026,10
0.5,-68.5,2,2026-12,7.5,2026,10
0.5,-67.5,2,2026-12,7.49,2026,10
0.5,-66.5,2,2026-12,7.41,2026,10
0.5,-65.5,2,2026-12,6.14,2026,10
0.5,-64.5,2,2026-12,5.41,2026,10
0.5,-63.5,2,2026-12,5.59,2026,10
0.5,-62.5,2,2026-12,5.44,2026,10
0.5,-61.5,2,2026-12,4.8,2026,10
0.5,-60.5,2,2026-12,4.08,2026,10
0.5,-59.5,2,2026-12,2.94,2026,10
0.5,-58.5,2,2026-12,1.83,2026,10
0.5,-57.5,2,2026-12,1.15,2026,10
0.5,-56.5,2,2026-12,0.68,2026,10
0.5,-55.5,2,2026-12,0.38,2026,10
0.5,-54.5,2,2026-12,0.27,2026,10
0.5,-53.5,2,2026-12,0.3,2026,10
0.5,-52.5,2,2026-12,0.44,2026,10
0.5,-51.5,2,2026-12,0.52,2026,10
0.5,-50.5,2,2026-12,0.71,2026,10
0.5,-49.5,2,2026-12,0.7,2026,10
0.5,-48.5,2,2026-12,0.53,2026,10
0.5,-47.5,2,2026-12,0.44,2026,10
0.5,-46.5,2,2026-12,0.41,2026,10
0.5,-45.5,2,2026-12,0.41,2026,10
0.5,-44.5,2,2026-12,0.44,2026,10
0.5,-43.5,2,2026-12,0.46,2026,10
0.5,-42.5,2,2026-12,0.51,2026,10
0.5,-41.5,2,2026-12,0.56,2026,10
0.5,-40.5,2,2026-12,0.63,2026,10
0.5,-39.5,2,2026-12,0.7,2026,10
0.5,-38.5,2,2026-12,0.78,2026,10
0.5,-37.5,2,2026-12,0.85,2026,10
0.5,-36.5,2,2026-12,0.92,2026,10
0.5,-35.5,2,2026-12,1.01,2026,10
0.5,-34.5,2,2026-12,1.11,2026,10
0.5,-33.5,2,2026-12,1.2,2026,10
0.5,-32.5,2,2026-12,1.25,2026,10
0.5,-31.5,2,2026-12,1.25,2026,10
0.5,-30.5,2,2026-12,1.24,2026,10
-0.5,-89.5,2,2026-12,5.76,2026,10
-0.5,-88.5,2,2026-12,6.04,2026,10
-0.5,-87.5,2,2026-12,6.53,2026,10
-0.5,-86.5,2,2026-12,7.0,2026,10
-0.5,-85.5,2,2026-12,7.84,2026,10
-0.5,-84.5,2,2026-12,8.25,2026,10
-0.5,-83.5,2,2026-12,9.15,2026,10
-0.5,-82.5,2,2026-12,10.23,2026,10
-0.5,-81.5,2,2026-12,11.72,2026,10
-0.5,-80.5,2,2026-12,11.27,2026,10
-0.5,-79.5,2,2026-12,18.89,2026,10
-0.5,-78.5,2,2026-12,13.73,2026,10
-0.5,-77.5,2,2026-12,6.31,2026,10
-0.5,-76.5,2,2026-12,8.8,2026,10
-0.5,-75.5,2,2026-12,9.58,2026,10
-0.5,-74.5,2,2026-12,8.63,2026,10
-0.5,-73.5,2,2026-12,8.76,2026,10
-0.5,-72.5,2,2026-12,8.42,2026,10
-0.5,-71.5,2,2026-12,8.19,2026,10
-0.5,-70.5,2,2026-12,7.98,2026,10
-0.5,-69.5,2,2026-12,7.86,2026,10
-0.5,-68.5,2,2026-12,7.51,2026,10
-0.5,-67.5,2,2026-12,6.99,2026,10
-0.5,-66.5,2,2026-12,6.21,2026,10
-0.5,-65.5,2,2026-12,5.57,2026,10
-0.5,-64.5,2,2026-12,5.93,2026,10
-0.5,-63.5,2,2026-12,6.04,2026,10
-0.5,-62.5,2,2026-12,6.3,2026,10
-0.5,-61.5,2,2026-12,5.76,2026,10
-0.5,-60.5,2,2026-12,4.92,2026,10
-0.5,-59.5,2,2026-12,3.74,2026,10
-0.5,-58.5,2,2026-12,2.36,2026,10
-0.5,-57.5,2,2026-12,1.39,2026,10
-0.5,-56.5,2,2026-12,0.85,2026,10
-0.5,-55.5,2,2026-12,0.46,2026,10
-0.5,-54.5,2,2026-12,0.31,2026,10
-0.5,-53.5,2,2026-12,0.24,2026,10
-0.5,-52.5,2,2026-12,0.23,2026,10
-0.5,-51.5,2,2026-12,0.31,2026,10
-0.5,-50.5,2,2026-12,0.38,2026,10
-0.5,-49.5,2,2026-12,0.47,2026,10
-0.5,-48.5,2,2026-12,0.32,2026,10
-0.5,-47.5,2,2026-12,0.31,2026,10
-0.5,-46.5,2,2026-12,0.33,2026,10
-0.5,-45.5,2,2026-12,0.29,2026,10
-0.5,-44.5,2,2026-12,0.24,2026,10
-0.5,-43.5,2,2026-12,0.24,2026,10
-0.5,-42.5,2,2026-12,0.26,2026,10
-0.5,-41.5,2,2026-12,0.29,2026,10
-0.5,-40.5,2,2026-12,0.36,2026,10
-0.5,-39.5,2,2026-12,0.45,2026,10
-0.5,-38.5,2,2026-12,0.53,2026,10
-0.5,-37.5,2,2026-12,0.59,2026,10
-0.5,-36.5,2,2026-12,0.66,2026,10
-0.5,-35.5,2,2026-12,0.72,2026,10
-0.5,-34.5,2,2026-12,0.77,2026,10
-0.5,-33.5,2,2026-12,0.8,2026,10
-0.5,-32.5,2,2026-12,0.82,2026,10
-0.5,-31.5,2,2026-12,0.85,2026,10
-0.5,-30.5,2,2026-12,0.89,2026,10
-1.5,-89.5,2,2026-12,3.27,2026,10
-1.5,-88.5,2,2026-12,3.47,2026,10
-1.5,-87.5,2,2026-12,3.77,2026,10
-1.5,-86.5,2,2026-12,4.21,2026,10
-1.5,-85.5,2,2026-12,4.8,2026,10
-1.5,-84.5,2,2026-12,5.34,2026,10
-1.5,-83.5,2,2026-12,6.23,2026,10
-1.5,-82.5,2,2026-12,7.89,2026,10
-1.5,-81.5,2,2026-12,11.97,2026,10
-1.5,-80.5,2,2026-12,12.12,2026,10
-1.5,-79.5,2,2026-12,28.94,2026,10
-1.5,-78.5,2,2026-12,9.79,2026,10
-1.5,-77.5,2,2026-12,6.96,2026,10
-1.5,-76.5,2,2026-12,8.46,2026,10
-1.5,-75.5,2,2026-12,9.01,2026,10
-1.5,-74.5,2,2026-12,8.99,2026,10
-1.5,-73.5,2,2026-12,9.52,2026,10
-1.5,-72.5,2,2026-12,9.13,2026,10
-1.5,-71.5,2,2026-12,8.83,2026,10
-1.5,-70.5,2,2026-12,8.3,2026,10
-1.5,-69.5,2,2026-12,8.24,2026,10
-1.5,-68.5,2,2026-12,7.87,2026,10
-1.5,-67.5,2,2026-12,7.13,2026,10
-1.5,-66.5,2,2026-12,6.31,2026,10
-1.5,-65.5,2,2026-12,6.1,2026,10
-1.5,-64.5,2,2026-12,6.22,2026,10
-1.5,-63.5,2,2026-12,6.17,2026,10
-1.5,-62.5,2,2026-12,5.97,2026,10
-1.5,-61.5,2,2026-12,5.95,2026,10
-1.5,-60.5,2,2026-12,5.29,2026,10
-1.5,-59.5,2,2026-12,4.94,2026,10
-1.5,-58.5,2,2026-12,2.84,2026,10
-1.5,-57.5,2,2026-12,1.67,2026,10
-1.5,-56.5,2,2026-12,1.15,2026,10
-1.5,-55.5,2,2026-12,0.71,2026,10
-1.5,-54.5,2,2026-12,0.41,2026,10
-1.5,-53.5,2,2026-12,0.21,2026,10
-1.5,-52.5,2,2026-12,0.19,2026,10
-1.5,-51.5,2,2026-12,0.24,2026,10
-1.5,-50.5,2,2026-12,0.26,2026,10
-1.5,-49.5,2,2026-12,0.25,2026,10
-1.5,-48.5,2,2026-12,0.24,2026,10
-1.5,-47.5,2,2026-12,0.26,2026,10
-1.5,-46.5,2,2026-12,0.25,2026,10
-1.5,-45.5,2,2026-12,0.26,2026,10
-1.5,-44.5,2,2026-12,0.28,2026,10
-1.5,-43.5,2,2026-12,0.16,2026,10
-1.5,-42.5,2,2026-12,0.15,2026,10
-1.5,-41.5,2,2026-12,0.19,2026,10
-1.5,-40.5,2,2026-12,0.25,2026,10
-1.5,-39.5,2,2026-12,0.33,2026,10
-1.5,-38.5,2,2026-12,0.4,2026,10
-1.5,-37.5,2,2026-12,0.47,2026,10
-1.5,-36.5,2,2026-12,0.54,2026,10
-1.5,-35.5,2,2026-12,0.6,2026,10
-1.5,-34.5,2,2026-12,0.67,2026,10
-1.5,-33.5,2,2026-12,0.71,2026,10
-1.5,-32.5,2,2026-12,0.74,2026,10
-1.5,-31.5,2,2026-12,0.74,2026,10
-1.5,-30.5,2,2026-12,0.75,2026,10
-2.5,-89.5,2,2026-12,1.24,2026,10
-2.5,-88.5,2,2026-12,1.4,2026,10
-2.5,-87.5,2,2026-12,1.63,2026,10
-2.5,-86.5,2,2026-12,1.9,2026,10
-2.5,-85.5,2,2026-12,2.3,2026,10
-2.5,-84.5,2,2026-12,3.12,2026,10
-2.5,-83.5,2,2026-12,3.63,2026,10
-2.5,-82.5,2,2026-12,4.52,2026,10
-2.5,-81.5,2,2026-12,6.66,2026,10
-2.5,-80.5,2,2026-12,11.85,2026,10
-2.5,-79.5,2,2026-12,20.06,2026,10
-2.5,-78.5,2,2026-12,8.01,2026,10
-2.5,-77.5,2,2026-12,6.6,2026,10
-2.5,-76.5,2,2026-12,8.27,2026,10
-2.5,-75.5,2,2026-12,8.72,2026,10
-2.5,-74.5,2,2026-12,9.66,2026,10
-2.5,-73.5,2,2026-12,9.36,2026,10
-2.5,-72.5,2,2026-12,9.16,2026,10
-2.5,-71.5,2,2026-12,8.94,2026,10
-2.5,-70.5,2,2026-12,8.74,2026,10
-2.5,-69.5,2,2026-12,8.56,2026,10
-2.5,-68.5,2,2026-12,8.13,2026,10
-2.5,-67.5,2,2026-12,7.55,2026,10
-2.5,-66.5,2,2026-12,6.98,2026,10
-2.5,-65.5,2,2026-12,6.87,2026,10
-2.5,-64.5,2,2026-12,6.49,2026,10
-2.5,-63.5,2,2026-12,6.28,2026,10
-2.5,-62.5,2,2026-12,5.91,2026,10
-2.5,-61.5,2,2026-12,5.43,2026,10
-2.5,-60.5,2,2026-12,5.35,2026,10
-2.5,-59.5,2,2026-12,4.2,2026,10
-2.5,-58.5,2,2026-12,3.23,2026,10
-2.5,-57.5,2,2026-12,2.27,2026,10
-2.5,-56.5,2,2026-12,1.56,2026,10
-2.5,-55.5,2,2026-12,0.91,2026,10
-2.5,-54.5,2,2026-12,0.6,2026,10
-2.5,-53.5,2,2026-12,0.42,2026,10
-2.5,-52.5,2,2026-12,0.36,2026,10
-2.5,-51.5,2,2026-12,0.29,2026,10
-2.5,-50.5,2,2026-12,0.25,2026,10
-2.5,-49.5,2,2026-12,0.31,2026,10
-2.5,-48.5,2,2026-12,0.26,2026,10
-2.5,-47.5,2,2026-12,0.18,2026,10
-2.5,-46.5,2,2026-12,0.15,2026,10
-2.5,-45.5,2,2026-12,0.17,2026,10
-2.5,-44.5,2,2026-12,0.22,2026,10
-2.5,-43.5,2,2026-12,0.16,2026,10
-2.5,-42.5,2,2026-12,0.15,2026,10
-2.5,-41.5,2,2026-12,0.12,2026,10
-2.5,-40.5,2,2026-12,0.17,2026,10
-2.5,-39.5,2,2026-12,0.3,2026,10
-2.5,-38.5,2,2026-12,0.34,2026,10
-2.5,-37.5,2,2026-12,0.37,2026,10
-2.5,-36.5,2,2026-12,0.42,2026,10
-2.5,-35.5,2,2026-12,0.5,2026,10
-2.5,-34.5,2,2026-12,0.57,2026,10
-2.5,-33.5,2,2026-12,0.61,2026,10
-2.5,-32.5,2,2026-12,0.63,2026,10
-2.5,-31.5,2,2026-12,0.65,2026,10
-2.5,-30.5,2,2026-12,0.65,2026,10
-3.5,-89.5,2,2026-12,0.51,2026,10
-3.5,-88.5,2,2026-12,0.57,2026,10
-3.5,-87.5,2,2026-12,0.71,2026,10
-3.5,-86.5,2,2026-12,0.82,2026,10
-3.5,-85.5,2,2026-12,1.02,2026,10
-3.5,-84.5,2,2026-12,1.55,2026,10
-3.5,-83.5,2,2026-12,1.91,2026,10
-3.5,-82.5,2,2026-12,2.5,2026,10
-3.5,-81.5,2,2026-12,3.68,2026,10
-3.5,-80.5,2,2026-12,8.61,2026,10
-3.5,-79.5,2,2026-12,13.87,2026,10
-3.5,-78.5,2,2026-12,6.0,2026,10
-3.5,-77.5,2,2026-12,8.53,2026,10
-3.5,-76.5,2,2026-12,9.43,2026,10
-3.5,-75.5,2,2026-12,9.12,2026,10
-3.5,-74.5,2,2026-12,9.54,2026,10
-3.5,-73.5,2,2026-12,9.56,2026,10
-3.5,-72.5,2,2026-12,9.81,2026,10
-3.5,-71.5,2,2026-12,9.14,2026,10
-3.5,-70.5,2,2026-12,8.7,2026,10
-3.5,-69.5,2,2026-12,8.35,2026,10
-3.5,-68.5,2,2026-12,8.41,2026,10
-3.5,-67.5,2,2026-12,8.03,2026,10
-3.5,-66.5,2,2026-12,7.46,2026,10
-3.5,-65.5,2,2026-12,6.92,2026,10
-3.5,-64.5,2,2026-12,6.82,2026,10
-3.5,-63.5,2,2026-12,6.51,2026,10
-3.5,-62.5,2,2026-12,6.13,2026,10
-3.5,-61.5,2,2026-12,5.52,2026,10
-3.5,-60.5,2,2026-12,5.17,2026,10
-3.5,-59.5,2,2026-12,4.08,2026,10
-3.5,-58.5,2,2026-12,3.5,2026,10
-3.5,-57.5,2,2026-12,2.9,2026,10
-3.5,-56.5,2,2026-12,1.95,2026,10
-3.5,-55.5,2,2026-12,1.31,2026,10
-3.5,-54.5,2,2026-12,1.07,2026,10
-3.5,-53.5,2,2026-12,0.81,2026,10
-3.5,-52.5,2,2026-12,0.62,2026,10
-3.5,-51.5,2,2026-12,0.54,2026,10
-3.5,-50.5,2,2026-12,0.45,2026,10
-3.5,-49.5,2,2026-12,0.41,2026,10
-3.5,-48.5,2,2026-12,0.35,2026,10
-3.5,-47.5,2,2026-12,0.24,2026,10
-3.5,-46.5,2,2026-12,0.19,2026,10
-3.5,-45.5,2,2026-12,0.15,2026,10
-3.5,-44.5,2,2026-12,0.15,2026,10
-3.5,-43.5,2,2026-12,0.12,2026,10
-3.5,-42.5,2,2026-12,0.09,2026,10
-3.5,-41.5,2,2026-12,0.06,2026,10
-3.5,-40.5,2,2026-12,0.15,2026,10
-3.5,-39.5,2,2026-12,0.21,2026,10
-3.5,-38.5,2,2026-12,0.36,2026,10
-3.5,-37.5,2,2026-12,0.33,2026,10
-3.5,-36.5,2,2026-12,0.34,2026,10
-3.5,-35.5,2,2026-12,0.41,2026,10
-3.5,-34.5,2,2026-12,0.49,2026,10
-3.5,-33.5,2,2026-12,0.54,2026,10
-3.5,-32.5,2,2026-12,0.56,2026,10
-3.5,-31.5,2,2026-12,0.57,2026,10
-3.5,-30.5,2,2026-12,0.58,2026,10
-4.5,-89.5,2,2026-12,0.37,2026,10
-4.5,-88.5,2,2026-12,0.38,2026,10
-4.5,-87.5,2,2026-12,0.4,2026,10
-4.5,-86.5,2,2026-12,0.44,2026,10
-4.5,-85.5,2,2026-12,0.52,2026,10
-4.5,-84.5,2,2026-12,0.67,2026,10
-4.5,-83.5,2,2026-12,1.0,2026,10
-4.5,-82.5,2,2026-12,1.57,2026,10
-4.5,-81.5,2,2026-12,2.3,2026,10
-4.5,-80.5,2,2026-12,6.81,2026,10
-4.5,-79.5,2,2026-12,10.18,2026,10
-4.5,-78.5,2,2026-12,8.1,2026,10
-4.5,-77.5,2,2026-12,8.47,2026,10
-4.5,-76.5,2,2026-12,9.02,2026,10
-4.5,-75.5,2,2026-12,9.06,2026,10
-4.5,-74.5,2,2026-12,9.21,2026,10
-4.5,-73.5,2,2026-12,9.18,2026,10
-4.5,-72.5,2,2026-12,9.14,2026,10
-4.5,-71.5,2,2026-12,8.91,2026,10
-4.5,-70.5,2,2026-12,8.61,2026,10
-4.5,-69.5,2,2026-12,8.62,2026,10
-4.5,-68.5,2,2026-12,8.47,2026,10
-4.5,-67.5,2,2026-12,8.12,2026,10
-4.5,-66.5,2,2026-12,8.05,2026,10
-4.5,-65.5,2,2026-12,7.52,2026,10
-4.5,-64.5,2,2026-12,6.9,2026,10
-4.5,-63.5,2,2026-12,6.39,2026,10
-4.5,-62.5,2,2026-12,6.21,2026,10
-4.5,-61.5,2,2026-12,6.07,2026,10
-4.5,-60.5,2,2026-12,5.48,2026,10
-4.5,-59.5,2,2026-12,5.11,2026,10
-4.5,-58.5,2,2026-12,4.29,2026,10
-4.5,-57.5,2,2026-12,3.53,2026,10
-4.5,-56.5,2,2026-12,2.78,2026,10
-4.5,-55.5,2,2026-12,2.29,2026,10
-4.5,-54.5,2,2026-12,1.78,2026,10
-4.5,-53.5,2,2026-12,1.48,2026,10
-4.5,-52.5,2,2026-12,1.17,2026,10
-4.5,-51.5,2,2026-12,0.81,2026,10
-4.5,-50.5,2,2026-12,0.75,2026,10
-4.5,-49.5,2,2026-12,0.67,2026,10
-4.5,-48.5,2,2026-12,0.52,2026,10
-4.5,-47.5,2,2026-12,0.41,2026,10
-4.5,-46.5,2,2026-12,0.32,2026,10
-4.5,-45.5,2,2026-12,0.27,2026,10
-4.5,-44.5,2,2026-12,0.24,2026,10
-4.5,-43.5,2,2026-12,0.16,2026,10
-4.5,-42.5,2,2026-12,0.08,2026,10
-4.5,-41.5,2,2026-12,0.07,2026,10
-4.5,-40.5,2,2026-12,0.1,2026,10
-4.5,-39.5,2,2026-12,0.18,2026,10
-4.5,-38.5,2,2026-12,0.24,2026,10
-4.5,-37.5,2,2026-12,0.24,2026,10
-4.5,-36.5,2,2026-12,0.25,2026,10
-4.5,-35.5,2,2026-12,0.38,2026,10
-4.5,-34.5,2,2026-12,0.47,2026,10
-4.5,-33.5,2,2026-12,0.5,2026,10
-4.5,-32.5,2,2026-12,0.52,2026,10
-4.5,-31.5,2,2026-12,0.53,2026,10
-4.5,-30.5,2,2026-12,0.52,2026,10
-5.5,-89.5,2,2026-12,0.35,2026,10
-5.5,-88.5,2,2026-12,0.35,2026,10
-5.5,-87.5,2,2026-12,0.35,2026,10
-5.5,-86.5,2,2026-12,0.35,2026,10
-5.5,-85.5,2,2026-12,0.36,2026,10
-5.5,-84.5,2,2026-12,0.42,2026,10
-5.5,-83.5,2,2026-12,0.56,2026,10
-5.5,-82.5,2,2026-12,0.79,2026,10
-5.5,-81.5,2,2026-12,0.97,2026,10
-5.5,-80.5,2,2026-12,2.14,2026,10
-5.5,-79.5,2,2026-12,6.78,2026,10
-5.5,-78.5,2,2026-12,6.93,2026,10
-5.5,-77.5,2,2026-12,7.85,2026,10
-5.5,-76.5,2,2026-12,7.61,2026,10
-5.5,-75.5,2,2026-12,8.36,2026,10
-5.5,-74.5,2,2026-12,8.55,2026,10
-5.5,-73.5,2,2026-12,8.67,2026,10
-5.5,-72.5,2,2026-12,8.73,2026,10
-5.5,-71.5,2,2026-12,8.8,2026,10
-5.5,-70.5,2,2026-12,8.54,2026,10
-5.5,-69.5,2,2026-12,8.26,2026,10
-5.5,-68.5,2,2026-12,8.34,2026,10
-5.5,-67.5,2,2026-12,7.92,2026,10
-5.5,-66.5,2,2026-12,8.23,2026,10
-5.5,-65.5,2,2026-12,7.92,2026,10
-5.5,-64.5,2,2026-12,7.27,2026,10
-5.5,-63.5,2,2026-12,7.11,2026,10
-5.5,-62.5,2,2026-12,6.67,2026,10
-5.5,-61.5,2,2026-12,6.66,2026,10
-5.5,-60.5,2,2026-12,6.33,2026,10
-5.5,-59.5,2,2026-12,6.02,2026,10
-5.5,-58.5,2,2026-12,5.81,2026,10
-5.5,-57.5,2,2026-12,4.82,2026,10
-5.5,-56.5,2,2026-12,4.18,2026,10
-5.5,-55.5,2,2026-12,3.5,2026,10
-5.5,-54.5,2,2026-12,2.79,2026,10
-5.5,-53.5,2,2026-12,2.33,2026,10
-5.5,-52.5,2,2026-12,1.91,2026,10
-5.5,-51.5,2,2026-12,1.41,2026,10
-5.5,-50.5,2,2026-12,1.21,2026,10
-5.5,-49.5,2,2026-12,0.99,2026,10
-5.5,-48.5,2,2026-12,0.73,2026,10
-5.5,-47.5,2,2026-12,0.7,2026,10
-5.5,-46.5,2,2026-12,0.57,2026,10
-5.5,-45.5,2,2026-12,0.49,2026,10
-5.5,-44.5,2,2026-12,0.46,2026,10
-5.5,-43.5,2,2026-12,0.32,2026,10
-5.5,-42.5,2,2026-12,0.19,2026,10
-5.5,-41.5,2,2026-12,0.09,2026,10
-5.5,-40.5,2,2026-12,0.05,2026,10
-5.5,-39.5,2,2026-12,0.12,2026,10
-5.5,-38.5,2,2026-12,0.06,2026,10
-5.5,-37.5,2,2026-12,0.06,2026,10
-5.5,-36.5,2,2026-12,0.09,2026,10
-5.5,-35.5,2,2026-12,0.42,2026,10
-5.5,-34.5,2,2026-12,0.58,2026,10
-5.5,-33.5,2,2026-12,0.54,2026,10
-5.5,-32.5,2,2026-12,0.53,2026,10
-5.5,-31.5,2,2026-12,0.51,2026,10
-5.5,-30.5,2,2026-12,0.49,2026,10
-6.5,-89.5,2,2026-12,0.39,2026,10
-6.5,-88.5,2,2026-12,0.36,2026,10
-6.5,-87.5,2,2026-12,0.33,2026,10
-6.5,-86.5,2,2026-12,0.33,2026,10
-6.5,-85.5,2,2026-12,0.35,2026,10
-6.5,-84.5,2,2026-12,0.36,2026,10
-6.5,-83.5,2,2026-12,0.39,2026,10
-6.5,-82.5,2,2026-12,0.43,2026,10
-6.5,-81.5,2,2026-12,0.5,2026,10
-6.5,-80.5,2,2026-12,0.88,2026,10
-6.5,-79.5,2,2026-12,4.42,2026,10
-6.5,-78.5,2,2026-12,7.33,2026,10
-6.5,-77.5,2,2026-12,7.56,2026,10
-6.5,-76.5,2,2026-12,6.66,2026,10
-6.5,-75.5,2,2026-12,6.62,2026,10
-6.5,-74.5,2,2026-12,7.91,2026,10
-6.5,-73.5,2,2026-12,7.93,2026,10
-6.5,-72.5,2,2026-12,8.01,2026,10
-6.5,-71.5,2,2026-12,7.96,2026,10
-6.5,-70.5,2,2026-12,8.31,2026,10
-6.5,-69.5,2,2026-12,7.97,2026,10
-6.5,-68.5,2,2026-12,7.91,2026,10
-6.5,-67.5,2,2026-12,7.88,2026,10
-6.5,-66.5,2,2026-12,7.76,2026,10
-6.5,-65.5,2,2026-12,7.99,2026,10
-6.5,-64.5,2,2026-12,7.57,2026,10
-6.5,-63.5,2,2026-12,7.3,2026,10
-6.5,-62.5,2,2026-12,7.1,2026,10
-6.5,-61.5,2,2026-12,6.97,2026,10
-6.5,-60.5,2,2026-12,6.93,2026,10
-6.5,-59.5,2,2026-12,7.02,2026,10
-6.5,-58.5,2,2026-12,6.54,2026,10
-6.5,-57.5,2,2026-12,5.86,2026,10
-6.5,-56.5,2,2026-12,5.24,2026,10
-6.5,-55.5,2,2026-12,4.41,2026,10
-6.5,-54.5,2,2026-12,3.44,2026,10
-6.5,-53.5,2,2026-12,2.95,2026,10
-6.5,-52.5,2,2026-12,2.53,2026,10
-6.5,-51.5,2,2026-12,2.2,2026,10
-6.5,-50.5,2,2026-12,1.96,2026,10
-6.5,-49.5,2,2026-12,1.49,2026,10
-6.5,-48.5,2,2026-12,1.2,2026,10
-6.5,-47.5,2,2026-12,0.97,2026,10
-6.5,-46.5,2,2026-12,0.94,2026,10
-6.5,-45.5,2,2026-12,0.8,2026,10
-6.5,-44.5,2,2026-12,0.57,2026,10
-6.5,-43.5,2,2026-12,0.4,2026,10
-6.5,-42.5,2,2026-12,0.33,2026,10
-6.5,-41.5,2,2026-12,0.18,2026,10
-6.5,-40.5,2,2026-12,0.14,2026,10
-6.5,-39.5,2,2026-12,0.19,2026,10
-6.5,-38.5,2,2026-12,0.09,2026,10
-6.5,-37.5,2,2026-12,0.04,2026,10
-6.5,-36.5,2,2026-12,0.09,2026,10
-6.5,-35.5,2,2026-12,0.56,2026,10
-6.5,-34.5,2,2026-12,0.74,2026,10
-6.5,-33.5,2,2026-12,0.57,2026,10
-6.5,-32.5,2,2026-12,0.55,2026,10
-6.5,-31.5,2,2026-12,0.53,2026,10
-6.5,-30.5,2,2026-12,0.51,2026,10
-7.5,-89.5,2,2026-12,0.45,2026,10
-7.5,-88.5,2,2026-12,0.42,2026,10
-7.5,-87.5,2,2026-12,0.39,2026,10
-7.5,-86.5,2,2026-12,0.34,2026,10
-7.5,-85.5,2,2026-12,0.35,2026,10
-7.5,-84.5,2,2026-12,0.35,2026,10
-7.5,-83.5,2,2026-12,0.33,2026,10
-7.5,-82.5,2,2026-12,0.33,2026,10
-7.5,-81.5,2,2026-12,0.41,2026,10
-7.5,-80.5,2,2026-12,0.47,2026,10
-7.5,-79.5,2,2026-12,2.07,2026,10
-7.5,-78.5,2,2026-12,6.81,2026,10
-7.5,-77.5,2,2026-12,8.76,2026,10
-7.5,-76.5,2,2026-12,7.78,2026,10
-7.5,-75.5,2,2026-12,7.05,2026,10
-7.5,-74.5,2,2026-12,7.64,2026,10
-7.5,-73.5,2,2026-12,7.27,2026,10
-7.5,-72.5,2,2026-12,7.52,2026,10
-7.5,-71.5,2,2026-12,7.61,2026,10
-7.5,-70.5,2,2026-12,7.68,2026,10
-7.5,-69.5,2,2026-12,7.41,2026,10
-7.5,-68.5,2,2026-12,7.78,2026,10
-7.5,-67.5,2,2026-12,7.59,2026,10
-7.5,-66.5,2,2026-12,7.43,2026,10
-7.5,-65.5,2,2026-12,7.32,2026,10
-7.5,-64.5,2,2026-12,7.38,2026,10
-7.5,-63.5,2,2026-12,7.35,2026,10
-7.5,-62.5,2,2026-12,6.97,2026,10
-7.5,-61.5,2,2026-12,7.07,2026,10
-7.5,-60.5,2,2026-12,7.45,2026,10
-7.5,-59.5,2,2026-12,7.68,2026,10
-7.5,-58.5,2,2026-12,7.1,2026,10
-7.5,-57.5,2,2026-12,6.82,2026,10
-7.5,-56.5,2,2026-12,5.44,2026,10
-7.5,-55.5,2,2026-12,4.65,2026,10
-7.5,-54.5,2,2026-12,3.99,2026,10
-7.5,-53.5,2,2026-12,3.58,2026,10
-7.5,-52.5,2,2026-12,3.31,2026,10
-7.5,-51.5,2,2026-12,3.07,2026,10
-7.5,-50.5,2,2026-12,2.66,2026,10
-7.5,-49.5,2,2026-12,2.13,2026,10
-7.5,-48.5,2,2026-12,1.9,2026,10
-7.5,-47.5,2,2026-12,1.42,2026,10
-7.5,-46.5,2,2026-12,1.26,2026,10
-7.5,-45.5,2,2026-12,0.98,2026,10
-7.5,-44.5,2,2026-12,0.7,2026,10
-7.5,-43.5,2,2026-12,0.48,2026,10
-7.5,-42.5,2,2026-12,0.3,2026,10
-7.5,-41.5,2,2026-12,0.23,2026,10
-7.5,-40.5,2,2026-12,0.24,2026,10
-7.5,-39.5,2,2026-12,0.24,2026,10
-7.5,-38.5,2,2026-12,0.2,2026,10
-7.5,-37.5,2,2026-12,0.11,2026,10
-7.5,-36.5,2,2026-12,0.19,2026,10
-7.5,-35.5,2,2026-12,0.67,2026,10
-7.5,-34.5,2,2026-12,0.82,2026,10
-7.5,-33.5,2,2026-12,0.64,2026,10
-7.5,-32.5,2,2026-12,0.61,2026,10
-7.5,-31.5,2,2026-12,0.59,2026,10
-7.5,-30.5,2,2026-12,0.58,2026,10
-8.5,-89.5,2,2026-12,0.55,2026,10
-8.5,-88.5,2,2026-12,0.49,2026,10
-8.5,-87.5,2,2026-12,0.45,2026,10
-8.5,-86.5,2,2026-12,0.4,2026,10
-8.5,-85.5,2,2026-12,0.34,2026,10
-8.5,-84.5,2,2026-12,0.33,2026,10
-8.5,-83.5,2,2026-12,0.34,2026,10
-8.5,-82.5,2,2026-12,0.33,2026,10
-8.5,-81.5,2,2026-12,0.37,2026,10
-8.5,-80.5,2,2026-12,0.27,2026,10
-8.5,-79.5,2,2026-12,0.48,2026,10
-8.5,-78.5,2,2026-12,4.36,2026,10
-8.5,-77.5,2,2026-12,7.54,2026,10
-8.5,-76.5,2,2026-12,8.85,2026,10
-8.5,-75.5,2,2026-12,8.34,2026,10
-8.5,-74.5,2,2026-12,7.52,2026,10
-8.5,-73.5,2,2026-12,7.65,2026,10
-8.5,-72.5,2,2026-12,7.36,2026,10
-8.5,-71.5,2,2026-12,7.14,2026,10
-8.5,-70.5,2,2026-12,7.17,2026,10
-8.5,-69.5,2,2026-12,7.28,2026,10
-8.5,-68.5,2,2026-12,7.61,2026,10
-8.5,-67.5,2,2026-12,7.37,2026,10
-8.5,-66.5,2,2026-12,7.18,2026,10
-8.5,-65.5,2,2026-12,7.19,2026,10
-8.5,-64.5,2,2026-12,7.24,2026,10
-8.5,-63.5,2,2026-12,7.05,2026,10
-8.5,-62.5,2,2026-12,6.97,2026,10
-8.5,-61.5,2,2026-12,7.04,2026,10
-8.5,-60.5,2,2026-12,7.01,2026,10
-8.5,-59.5,2,2026-12,7.4,2026,10
-8.5,-58.5,2,2026-12,7.33,2026,10
-8.5,-57.5,2,2026-12,7.06,2026,10
-8.5,-56.5,2,2026-12,6.94,2026,10
-8.5,-55.5,2,2026-12,5.14,2026,10
-8.5,-54.5,2,2026-12,4.43,2026,10
-8.5,-53.5,2,2026-12,4.17,2026,10
-8.5,-52.5,2,2026-12,4.05,2026,10
-8.5,-51.5,2,2026-12,3.76,2026,10
-8.5,-50.5,2,2026-12,3.31,2026,10
-8.5,-49.5,2,2026-12,2.86,2026,10
-8.5,-48.5,2,2026-12,2.33,2026,10
-8.5,-47.5,2,2026-12,1.96,2026,10
-8.5,-46.5,2,2026-12,1.75,2026,10
-8.5,-45.5,2,2026-12,1.31,2026,10
-8.5,-44.5,2,2026-12,1.01,2026,10
-8.5,-43.5,2,2026-12,0.71,2026,10
-8.5,-42.5,2,2026-12,0.44,2026,10
-8.5,-41.5,2,2026-12,0.34,2026,10
-8.5,-40.5,2,2026-12,0.24,2026,10
-8.5,-39.5,2,2026-12,0.22,2026,10
-8.5,-38.5,2,2026-12,0.19,2026,10
-8.5,-37.5,2,2026-12,0.22,2026,10
-8.5,-36.5,2,2026-12,0.37,2026,10
-8.5,-35.5,2,2026-12,1.03,2026,10
-8.5,-34.5,2,2026-12,0.86,2026,10
-8.5,-33.5,2,2026-12,0.66,2026,10
-8.5,-32.5,2,2026-12,0.63,2026,10
-8.5,-31.5,2,2026-12,0.61,2026,10
-8.5,-30.5,2,2026-12,0.61,2026,10
-9.5,-89.5,2,2026-12,0.6,2026,10
-9.5,-88.5,2,2026-12,0.6,2026,10
-9.5,-87.5,2,2026-12,0.53,2026,10
-9.5,-86.5,2,2026-12,0.48,2026,10
-9.5,-85.5,2,2026-12,0.41,2026,10
-9.5,-84.5,2,2026-12,0.37,2026,10
-9.5,-83.5,2,2026-12,0.35,2026,10
-9.5,-82.5,2,2026-12,0.35,2026,10
-9.5,-81.5,2,2026-12,0.28,2026,10
-9.5,-80.5,2,2026-12,0.33,2026,10
-9.5,-79.5,2,2026-12,0.35,2026,10
-9.5,-78.5,2,2026-12,0.89,2026,10
-9.5,-77.5,2,2026-12,6.07,2026,10
-9.5,-76.5,2,2026-12,7.58,2026,10
-9.5,-75.5,2,2026-12,9.74,2026,10
-9.5,-74.5,2,2026-12,9.46,2026,10
-9.5,-73.5,2,2026-12,7.52,2026,10
-9.5,-72.5,2,2026-12,7.08,2026,10
-9.5,-71.5,2,2026-12,6.77,2026,10
-9.5,-70.5,2,2026-12,6.84,2026,10
-9.5,-69.5,2,2026-12,6.77,2026,10
-9.5,-68.5,2,2026-12,6.67,2026,10
-9.5,-67.5,2,2026-12,6.99,2026,10
-9.5,-66.5,2,2026-12,7.01,2026,10
-9.5,-65.5,2,2026-12,6.89,2026,10
-9.5,-64.5,2,2026-12,6.82,2026,10
-9.5,-63.5,2,2026-12,6.68,2026,10
-9.5,-62.5,2,2026-12,6.96,2026,10
-9.5,-61.5,2,2026-12,6.99,2026,10
-9.5,-60.5,2,2026-12,6.67,2026,10
-9.5,-59.5,2,2026-12,7.03,2026,10
-9.5,-58.5,2,2026-12,7.19,2026,10
-9.5,-57.5,2,2026-12,6.89,2026,10
-9.5,-56.5,2,2026-12,6.56,2026,10
-9.5,-55.5,2,2026-12,6.88,2026,10
-9.5,-54.5,2,2026-12,5.53,2026,10
-9.5,-53.5,2,2026-12,4.52,2026,10
-9.5,-52.5,2,2026-12,4.21,2026,10
-9.5,-51.5,2,2026-12,4.23,2026,10
-9.5,-50.5,2,2026-12,3.57,2026,10
-9.5,-49.5,2,2026-12,3.26,2026,10
-9.5,-48.5,2,2026-12,2.73,2026,10
-9.5,-47.5,2,2026-12,2.29,2026,10
-9.5,-46.5,2,2026-12,1.99,2026,10
-9.5,-45.5,2,2026-12,1.45,2026,10
-9.5,-44.5,2,2026-12,1.2,2026,10
-9.5,-43.5,2,2026-12,0.88,2026,10
-9.5,-42.5,2,2026-12,0.69,2026,10
-9.5,-41.5,2,2026-12,0.38,2026,10
-9.5,-40.5,2,2026-12,0.24,2026,10
-9.5,-39.5,2,2026-12,0.24,2026,10
-9.5,-38.5,2,2026-12,0.28,2026,10
-9.5,-37.5,2,2026-12,0.38,2026,10
-9.5,-36.5,2,2026-12,0.66,2026,10
-9.5,-35.5,2,2026-12,1.01,2026,10
-9.5,-34.5,2,2026-12,0.72,2026,10
-9.5,-33.5,2,2026-12,0.63,2026,10
-9.5,-32.5,2,2026-12,0.61,2026,10
-9.5,-31.5,2,2026-12,0.61,2026,10
-9.5,-30.5,2,2026-12,0.61,2026,10
-10.5,-89.5,2,2026-12,0.62,2026,10
-10.5,-88.5,2,2026-12,0.61,2026,10
-10.5,-87.5,2,2026-12,0.59,2026,10
-10.5,-86.5,2,2026-12,0.56,2026,10
-10.5,-85.5,2,2026-12,0.5,2026,10
-10.5,-84.5,2,2026-12,0.46,2026,10
-10.5,-83.5,2,2026-12,0.41,2026,10
-10.5,-82.5,2,2026-12,0.32,2026,10
-10.5,-81.5,2,2026-12,0.32,2026,10
-10.5,-80.5,2,2026-12,0.36,2026,10
-10.5,-79.5,2,2026-12,0.2,2026,10
-10.5,-78.5,2,2026-12,0.43,2026,10
-10.5,-77.5,2,2026-12,3.11,2026,10
-10.5,-76.5,2,2026-12,5.57,2026,10
-10.5,-75.5,2,2026-12,8.82,2026,10
-10.5,-74.5,2,2026-12,8.6,2026,10
-10.5,-73.5,2,2026-12,7.45,2026,10
-10.5,-72.5,2,2026-12,7.5,2026,10
-10.5,-71.5,2,2026-12,6.33,2026,10
-10.5,-70.5,2,2026-12,6.01,2026,10
-10.5,-69.5,2,2026-12,6.26,2026,10
-10.5,-68.5,2,2026-12,6.19,2026,10
-10.5,-67.5,2,2026-12,6.25,2026,10
-10.5,-66.5,2,2026-12,6.6,2026,10
-10.5,-65.5,2,2026-12,6.68,2026,10
-10.5,-64.5,2,2026-12,6.78,2026,10
-10.5,-63.5,2,2026-12,6.7,2026,10
-10.5,-62.5,2,2026-12,6.43,2026,10
-10.5,-61.5,2,2026-12,6.88,2026,10
-10.5,-60.5,2,2026-12,6.7,2026,10
-10.5,-59.5,2,2026-12,7.31,2026,10
-10.5,-58.5,2,2026-12,6.93,2026,10
-10.5,-57.5,2,2026-12,7.1,2026,10
-10.5,-56.5,2,2026-12,6.69,2026,10
-10.5,-55.5,2,2026-12,6.1,2026,10
-10.5,-54.5,2,2026-12,5.76,2026,10
-10.5,-53.5,2,2026-12,4.99,2026,10
-10.5,-52.5,2,2026-12,4.55,2026,10
-10.5,-51.5,2,2026-12,4.39,2026,10
-10.5,-50.5,2,2026-12,3.82,2026,10
-10.5,-49.5,2,2026-12,3.4,2026,10
-10.5,-48.5,2,2026-12,2.95,2026,10
-10.5,-47.5,2,2026-12,2.32,2026,10
-10.5,-46.5,2,2026-12,2.2,2026,10
-10.5,-45.5,2,2026-12,1.76,2026,10
-10.5,-44.5,2,2026-12,1.36,2026,10
-10.5,-43.5,2,2026-12,1.02,2026,10
-10.5,-42.5,2,2026-12,0.61,2026,10
-10.5,-41.5,2,2026-12,0.56,2026,10
-10.5,-40.5,2,2026-12,0.49,2026,10
-10.5,-39.5,2,2026-12,0.46,2026,10
-10.5,-38.5,2,2026-12,0.49,2026,10
-10.5,-37.5,2,2026-12,0.67,2026,10
-10.5,-36.5,2,2026-12,0.82,2026,10
-10.5,-35.5,2,2026-12,0.77,2026,10
-10.5,-34.5,2,2026-12,0.67,2026,10
-10.5,-33.5,2,2026-12,0.61,2026,10
-10.5,-32.5,2,2026-12,0.59,2026,10
-10.5,-31.5,2,2026-12,0.58,2026,10
-10.5,-30.5,2,2026-12,0.57,2026,10
-11.5,-89.5,2,2026-12,0.61,2026,10
-11.5,-88.5,2,2026-12,0.58,2026,10
-11.5,-87.5,2,2026-12,0.6,2026,10
-11.5,-86.5,2,2026-12,0.61,2026,10
-11.5,-85.5,2,2026-12,0.62,2026,10
-11.5,-84.5,2,2026-12,0.54,2026,10
-11.5,-83.5,2,2026-12,0.44,2026,10
-11.5,-82.5,2,2026-12,0.38,2026,10
-11.5,-81.5,2,2026-12,0.38,2026,10
-11.5,-80.5,2,2026-12,0.26,2026,10
-11.5,-79.5,2,2026-12,0.32,2026,10
-11.5,-78.5,2,2026-12,0.36,2026,10
-11.5,-77.5,2,2026-12,0.68,2026,10
-11.5,-76.5,2,2026-12,3.82,2026,10
-11.5,-75.5,2,2026-12,6.1,2026,10
-11.5,-74.5,2,2026-12,8.07,2026,10
-11.5,-73.5,2,2026-12,9.78,2026,10
-11.5,-72.5,2,2026-12,7.45,2026,10
-11.5,-71.5,2,2026-12,6.26,2026,10
-11.5,-70.5,2,2026-12,6.62,2026,10
-11.5,-69.5,2,2026-12,6.04,2026,10
-11.5,-68.5,2,2026-12,6.09,2026,10
-11.5,-67.5,2,2026-12,6.19,2026,10
-11.5,-66.5,2,2026-12,6.14,2026,10
-11.5,-65.5,2,2026-12,6.34,2026,10
-11.5,-64.5,2,2026-12,6.0,2026,10
-11.5,-63.5,2,2026-12,6.6,2026,10
-11.5,-62.5,2,2026-12,6.16,2026,10
-11.5,-61.5,2,2026-12,6.05,2026,10
-11.5,-60.5,2,2026-12,6.87,2026,10
-11.5,-59.5,2,2026-12,6.86,2026,10
-11.5,-58.5,2,2026-12,6.57,2026,10
-11.5,-57.5,2,2026-12,6.32,2026,10
-11.5,-56.5,2,2026-12,6.64,2026,10
-11.5,-55.5,2,2026-12,6.16,2026,10
-11.5,-54.5,2,2026-12,5.72,2026,10
-11.5,-53.5,2,2026-12,5.32,2026,10
-11.5,-52.5,2,2026-12,4.9,2026,10
-11.5,-51.5,2,2026-12,4.56,2026,10
-11.5,-50.5,2,2026-12,4.05,2026,10
-11.5,-49.5,2,2026-12,3.55,2026,10
-11.5,-48.5,2,2026-12,2.95,2026,10
-11.5,-47.5,2,2026-12,2.77,2026,10
-11.5,-46.5,2,2026-12,2.58,2026,10
-11.5,-45.5,2,2026-12,2.06,2026,10
-11.5,-44.5,2,2026-12,1.54,2026,10
-11.5,-43.5,2,2026-12,1.16,2026,10
-11.5,-42.5,2,2026-12,0.99,2026,10
-11.5,-41.5,2,2026-12,0.7,2026,10
-11.5,-40.5,2,2026-12,0.79,2026,10
-11.5,-39.5,2,2026-12,0.55,2026,10
-11.5,-38.5,2,2026-12,0.7,2026,10
-11.5,-37.5,2,2026-12,1.06,2026,10
-11.5,-36.5,2,2026-12,0.82,2026,10
-11.5,-35.5,2,2026-12,0.78,2026,10
-11.5,-34.5,2,2026-12,0.7,2026,10
-11.5,-33.5,2,2026-12,0.64,2026,10
-11.5,-32.5,2,2026-12,0.6,2026,10
-11.5,-31.5,2,2026-12,0.57,2026,10
-11.5,-30.5,2,2026-12,0.56,2026,10
-12.5,-89.5,2,2026-12,0.64,2026,10
-12.5,-88.5,2,2026-12,0.62,2026,10
-12.5,-87.5,2,2026-12,0.65,2026,10
-12.5,-86.5,2,2026-12,0.68,2026,10
-12.5,-85.5,2,2026-12,0.62,2026,10
-12.5,-84.5,2,2026-12,0.56,2026,10
-12.5,-83.5,2,2026-12,0.51,2026,10
-12.5,-82.5,2,2026-12,0.49,2026,10
-12.5,-81.5,2,2026-12,0.34,2026,10
-12.5,-80.5,2,2026-12,0.31,2026,10
-12.5,-79.5,2,2026-12,0.34,2026,10
-12.5,-78.5,2,2026-12,0.23,2026,10
-12.5,-77.5,2,2026-12,0.5,2026,10
-12.5,-76.5,2,2026-12,1.81,2026,10
-12.5,-75.5,2,2026-12,4.36,2026,10
-12.5,-74.5,2,2026-12,5.78,2026,10
-12.5,-73.5,2,2026-12,9.2,2026,10
-12.5,-72.5,2,2026-12,9.06,2026,10
-12.5,-71.5,2,2026-12,10.05,2026,10
-12.5,-70.5,2,2026-12,9.59,2026,10
-12.5,-69.5,2,2026-12,8.92,2026,10
-12.5,-68.5,2,2026-12,6.93,2026,10
-12.5,-67.5,2,2026-12,6.34,2026,10
-12.5,-66.5,2,2026-12,5.88,2026,10
-12.5,-65.5,2,2026-12,5.84,2026,10
-12.5,-64.5,2,2026-12,5.97,2026,10
-12.5,-63.5,2,2026-12,5.89,2026,10
-12.5,-62.5,2,2026-12,6.0,2026,10
-12.5,-61.5,2,2026-12,6.01,2026,10
-12.5,-60.5,2,2026-12,6.3,2026,10
-12.5,-59.5,2,2026-12,6.27,2026,10
-12.5,-58.5,2,2026-12,6.31,2026,10
-12.5,-57.5,2,2026-12,6.41,2026,10
-12.5,-56.5,2,2026-12,6.0,2026,10
-12.5,-55.5,2,2026-12,6.01,2026,10
-12.5,-54.5,2,2026-12,5.75,2026,10
-12.5,-53.5,2,2026-12,5.54,2026,10
-12.5,-52.5,2,2026-12,5.3,2026,10
-12.5,-51.5,2,2026-12,4.83,2026,10
-12.5,-50.5,2,2026-12,4.25,2026,10
-12.5,-49.5,2,2026-12,3.76,2026,10
-12.5,-48.5,2,2026-12,3.17,2026,10
-12.5,-47.5,2,2026-12,2.77,2026,10
-12.5,-46.5,2,2026-12,2.74,2026,10
-12.5,-45.5,2,2026-12,2.51,2026,10
-12.5,-44.5,2,2026-12,2.2,2026,10
-12.5,-43.5,2,2026-12,1.62,2026,10
-12.5,-42.5,2,2026-12,1.38,2026,10
-12.5,-41.5,2,2026-12,1.39,2026,10
-12.5,-40.5,2,2026-12,1.13,2026,10
-12.5,-39.5,2,2026-12,1.03,2026,10
-12.5,-38.5,2,2026-12,1.26,2026,10
-12.5,-37.5,2,2026-12,1.13,2026,10
-12.5,-36.5,2,2026-12,0.95,2026,10
-12.5,-35.5,2,2026-12,0.85,2026,10
-12.5,-34.5,2,2026-12,0.82,2026,10
-12.5,-33.5,2,2026-12,0.78,2026,10
-12.5,-32.5,2,2026-12,0.66,2026,10
-12.5,-31.5,2,2026-12,0.59,2026,10
-12.5,-30.5,2,2026-12,0.58,2026,10
-13.5,-89.5,2,2026-12,0.68,2026,10
-13.5,-88.5,2,2026-12,0.67,2026,10
-13.5,-87.5,2,2026-12,0.65,2026,10
-13.5,-86.5,2,2026-12,0.61,2026,10
-13.5,-85.5,2,2026-12,0.61,2026,10
-13.5,-84.5,2,2026-12,0.58,2026,10
-13.5,-83.5,2,2026-12,0.54,2026,10
-13.5,-82.5,2,2026-12,0.46,2026,10
-13.5,-81.5,2,2026-12,0.44,2026,10
-13.5,-80.5,2,2026-12,0.45,2026,10
-13.5,-79.5,2,2026-12,0.34,2026,10
-13.5,-78.5,2,2026-12,0.28,2026,10
-13.5,-77.5,2,2026-12,0.2,2026,10
-13.5,-76.5,2,2026-12,0.21,2026,10
-13.5,-75.5,2,2026-12,3.08,2026,10
-13.5,-74.5,2,2026-12,4.28,2026,10
-13.5,-73.5,2,2026-12,5.09,2026,10
-13.5,-72.5,2,2026-12,4.95,2026,10
-13.5,-71.5,2,2026-12,8.22,2026,10
-13.5,-70.5,2,2026-12,11.77,2026,10
-13.5,-69.5,2,2026-12,9.75,2026,10
-13.5,-68.5,2,2026-12,8.23,2026,10
-13.5,-67.5,2,2026-12,6.85,2026,10
-13.5,-66.5,2,2026-12,6.52,2026,10
-13.5,-65.5,2,2026-12,6.17,2026,10
-13.5,-64.5,2,2026-12,5.71,2026,10
-13.5,-63.5,2,2026-12,5.63,2026,10
-13.5,-62.5,2,2026-12,5.57,2026,10
-13.5,-61.5,2,2026-12,5.37,2026,10
-13.5,-60.5,2,2026-12,5.62,2026,10
-13.5,-59.5,2,2026-12,6.41,2026,10
-13.5,-58.5,2,2026-12,5.75,2026,10
-13.5,-57.5,2,2026-12,5.89,2026,10
-13.5,-56.5,2,2026-12,6.02,2026,10
-13.5,-55.5,2,2026-12,6.25,2026,10
-13.5,-54.5,2,2026-12,6.17,2026,10
-13.5,-53.5,2,2026-12,5.74,2026,10
-13.5,-52.5,2,2026-12,5.38,2026,10
-13.5,-51.5,2,2026-12,4.85,2026,10
-13.5,-50.5,2,2026-12,4.58,2026,10
-13.5,-49.5,2,2026-12,4.12,2026,10
-13.5,-48.5,2,2026-12,3.95,2026,10
-13.5,-47.5,2,2026-12,3.76,2026,10
-13.5,-46.5,2,2026-12,3.23,2026,10
-13.5,-45.5,2,2026-12,3.1,2026,10
-13.5,-44.5,2,2026-12,2.59,2026,10
-13.5,-43.5,2,2026-12,1.86,2026,10
-13.5,-42.5,2,2026-12,1.79,2026,10
-13.5,-41.5,2,2026-12,1.89,2026,10
-13.5,-40.5,2,2026-12,1.18,2026,10
-13.5,-39.5,2,2026-12,2.0,2026,10
-13.5,-38.5,2,2026-12,1.85,2026,10
-13.5,-37.5,2,2026-12,1.33,2026,10
-13.5,-36.5,2,2026-12,1.15,2026,10
-13.5,-35.5,2,2026-12,0.96,2026,10
-13.5,-34.5,2,2026-12,0.82,2026,10
-13.5,-33.5,2,2026-12,0.81,2026,10
-13.5,-32.5,2,2026-12,0.78,2026,10
-13.5,-31.5,2,2026-12,0.67,2026,10
-13.5,-30.5,2,2026-12,0.59,2026,10
-14.5,-89.5,2,2026-12,0.7,2026,10
-14.5,-88.5,2,2026-12,0.68,2026,10
-14.5,-87.5,2,2026-12,0.66,2026,10
-14.5,-86.5,2,2026-12,0.66,2026,10
-14.5,-85.5,2,2026-12,0.65,2026,10
-14.5,-84.5,2,2026-12,0.58,2026,10
-14.5,-83.5,2,2026-12,0.55,2026,10
-14.5,-82.5,2,2026-12,0.57,2026,10
-14.5,-81.5,2,2026-12,0.56,2026,10
-14.5,-80.5,2,2026-12,0.47,2026,10
-14.5,-79.5,2,2026-12,0.42,2026,10
-14.5,-78.5,2,2026-12,0.36,2026,10
-14.5,-77.5,2,2026-12,0.24,2026,10
-14.5,-76.5,2,2026-12,0.25,2026,10
-14.5,-75.5,2,2026-12,0.48,2026,10
-14.5,-74.5,2,2026-12,3.16,2026,10
-14.5,-73.5,2,2026-12,3.78,2026,10
-14.5,-72.5,2,2026-12,4.36,2026,10
-14.5,-71.5,2,2026-12,4.04,2026,10
-14.5,-70.5,2,2026-12,4.75,2026,10
-14.5,-69.5,2,2026-12,7.15,2026,10
-14.5,-68.5,2,2026-12,7.22,2026,10
-14.5,-67.5,2,2026-12,6.92,2026,10
-14.5,-66.5,2,2026-12,7.22,2026,10
-14.5,-65.5,2,2026-12,7.09,2026,10
-14.5,-64.5,2,2026-12,6.36,2026,10
-14.5,-63.5,2,2026-12,5.91,2026,10
-14.5,-62.5,2,2026-12,5.32,2026,10
-14.5,-61.5,2,2026-12,5.08,2026,10
-14.5,-60.5,2,2026-12,5.19,2026,10
-14.5,-59.5,2,2026-12,5.28,2026,10
-14.5,-58.5,2,2026-12,5.96,2026,10
-14.5,-57.5,2,2026-12,5.73,2026,10
-14.5,-56.5,2,2026-12,5.73,2026,10
-14.5,-55.5,2,2026-12,5.68,2026,10
-14.5,-54.5,2,2026-12,5.91,2026,10
-14.5,-53.5,2,2026-12,5.87,2026,10
-14.5,-52.5,2,2026-12,5.62,2026,10
-14.5,-51.5,2,2026-12,5.07,2026,10
-14.5,-50.5,2,2026-12,4.74,2026,10
-14.5,-49.5,2,2026-12,4.56,2026,10
-14.5,-48.5,2,2026-12,4.52,2026,10
-14.5,-47.5,2,2026-12,4.62,2026,10
-14.5,-46.5,2,2026-12,3.51,2026,10
-14.5,-45.5,2,2026-12,3.5,2026,10
-14.5,-44.5,2,2026-12,2.92,2026,10
-14.5,-43.5,2,2026-12,2.14,2026,10
-14.5,-42.5,2,2026-12,1.84,2026,10
-14.5,-41.5,2,2026-12,1.54,2026,10
-14.5,-40.5,2,2026-12,1.59,2026,10
-14.5,-39.5,2,2026-12,2.28,2026,10
-14.5,-38.5,2,2026-12,2.26,2026,10
-14.5,-37.5,2,2026-12,1.75,2026,10
-14.5,-36.5,2,2026-12,1.35,2026,10
-14.5,-35.5,2,2026-12,1.22,2026,10
-14.5,-34.5,2,2026-12,1.05,2026,10
-14.5,-33.5,2,2026-12,0.99,2026,10
-14.5,-32.5,2,2026-12,0.95,2026,10
-14.5,-31.5,2,2026-12,0.84,2026,10
-14.5,-30.5,2,2026-12,0.69,2026,10
-15.5,-89.5,2,2026-12,0.73,2026,10
-15.5,-88.5,2,2026-12,0.7,2026,10
-15.5,-87.5,2,2026-12,0.7,2026,10
-15.5,-86.5,2,2026-12,0.68,2026,10
-15.5,-85.5,2,2026-12,0.63,2026,10
-15.5,-84.5,2,2026-12,0.65,2026,10
-15.5,-83.5,2,2026-12,0.64,2026,10
-15.5,-82.5,2,2026-12,0.56,2026,10
-15.5,-81.5,2,2026-12,0.5,2026,10
-15.5,-80.5,2,2026-12,0.52,2026,10
-15.5,-79.5,2,2026-12,0.49,2026,10
-15.5,-78.5,2,2026-12,0.36,2026,10
-15.5,-77.5,2,2026-12,0.37,2026,10
-15.5,-76.5,2,2026-12,0.33,2026,10
-15.5,-75.5,2,2026-12,0.78,2026,10
-15.5,-74.5,2,2026-12,0.81,2026,10
-15.5,-73.5,2,2026-12,2.21,2026,10
-15.5,-72.5,2,2026-12,2.78,2026,10
-15.5,-71.5,2,2026-12,3.51,2026,10
-15.5,-70.5,2,2026-12,3.31,2026,10
-15.5,-69.5,2,2026-12,3.7,2026,10
-15.5,-68.5,2,2026-12,7.13,2026,10
-15.5,-67.5,2,2026-12,8.17,2026,10
-15.5,-66.5,2,2026-12,7.68,2026,10
-15.5,-65.5,2,2026-12,7.73,2026,10
-15.5,-64.5,2,2026-12,6.77,2026,10
-15.5,-63.5,2,2026-12,5.86,2026,10
-15.5,-62.5,2,2026-12,5.32,2026,10
-15.5,-61.5,2,2026-12,4.38,2026,10
-15.5,-60.5,2,2026-12,4.14,2026,10
-15.5,-59.5,2,2026-12,4.59,2026,10
-15.5,-58.5,2,2026-12,4.93,2026,10
-15.5,-57.5,2,2026-12,5.04,2026,10
-15.5,-56.5,2,2026-12,5.2,2026,10
-15.5,-55.5,2,2026-12,5.94,2026,10
-15.5,-54.5,2,2026-12,6.29,2026,10
-15.5,-53.5,2,2026-12,6.05,2026,10
-15.5,-52.5,2,2026-12,6.05,2026,10
-15.5,-51.5,2,2026-12,5.37,2026,10
-15.5,-50.5,2,2026-12,5.18,2026,10
-15.5,-49.5,2,2026-12,4.91,2026,10
-15.5,-48.5,2,2026-12,4.59,2026,10
-15.5,-47.5,2,2026-12,4.55,2026,10
-15.5,-46.5,2,2026-12,4.27,2026,10
-15.5,-45.5,2,2026-12,3.91,2026,10
-15.5,-44.5,2,2026-12,3.35,2026,10
-15.5,-43.5,2,2026-12,2.55,2026,10
-15.5,-42.5,2,2026-12,2.6,2026,10
-15.5,-41.5,2,2026-12,2.41,2026,10
-15.5,-40.5,2,2026-12,2.52,2026,10
-15.5,-39.5,2,2026-12,2.5,2026,10
-15.5,-38.5,2,2026-12,2.38,2026,10
-15.5,-37.5,2,2026-12,2.15,2026,10
-15.5,-36.5,2,2026-12,1.98,2026,10
-15.5,-35.5,2,2026-12,1.56,2026,10
-15.5,-34.5,2,2026-12,1.39,2026,10
-15.5,-33.5,2,2026-12,1.32,2026,10
-15.5,-32.5,2,2026-12,1.24,2026,10
-15.5,-31.5,2,2026-12,1.07,2026,10
-15.5,-30.5,2,2026-12,0.94,2026,10
-16.5,-89.5,2,2026-12,0.76,2026,10
-16.5,-88.5,2,2026-12,0.74,2026,10
-16.5,-87.5,2,2026-12,0.72,2026,10
-16.5,-86.5,2,2026-12,0.68,2026,10
-16.5,-85.5,2,2026-12,0.7,2026,10
-16.5,-84.5,2,2026-12,0.67,2026,10
-16.5,-83.5,2,2026-12,0.59,2026,10
-16.5,-82.5,2,2026-12,0.56,2026,10
-16.5,-81.5,2,2026-12,0.55,2026,10
-16.5,-80.5,2,2026-12,0.48,2026,10
-16.5,-79.5,2,2026-12,0.42,2026,10
-16.5,-78.5,2,2026-12,0.41,2026,10
-16.5,-77.5,2,2026-12,0.32,2026,10
-16.5,-76.5,2,2026-12,0.28,2026,10
-16.5,-75.5,2,2026-12,0.26,2026,10
-16.5,-74.5,2,2026-12,0.34,2026,10
-16.5,-73.5,2,2026-12,0.67,2026,10
-16.5,-72.5,2,2026-12,0.66,2026,10
-16.5,-71.5,2,2026-12,1.04,2026,10
-16.5,-70.5,2,2026-12,1.98,2026,10
-16.5,-69.5,2,2026-12,2.54,2026,10
-16.5,-68.5,2,2026-12,3.6,2026,10
-16.5,-67.5,2,2026-12,4.7,2026,10
-16.5,-66.5,2,2026-12,8.39,2026,10
-16.5,-65.5,2,2026-12,9.22,2026,10
-16.5,-64.5,2,2026-12,9.09,2026,10
-16.5,-63.5,2,2026-12,6.17,2026,10
-16.5,-62.5,2,2026-12,4.75,2026,10
-16.5,-61.5,2,2026-12,4.12,2026,10
-16.5,-60.5,2,2026-12,3.94,2026,10
-16.5,-59.5,2,2026-12,4.31,2026,10
-16.5,-58.5,2,2026-12,4.44,2026,10
-16.5,-57.5,2,2026-12,4.76,2026,10
-16.5,-56.5,2,2026-12,5.08,2026,10
-16.5,-55.5,2,2026-12,5.35,2026,10
-16.5,-54.5,2,2026-12,5.46,2026,10
-16.5,-53.5,2,2026-12,5.89,2026,10
-16.5,-52.5,2,2026-12,5.73,2026,10
-16.5,-51.5,2,2026-12,5.62,2026,10
-16.5,-50.5,2,2026-12,5.37,2026,10
-16.5,-49.5,2,2026-12,5.43,2026,10
-16.5,-48.5,2,2026-12,5.54,2026,10
-16.5,-47.5,2,2026-12,5.33,2026,10
-16.5,-46.5,2,2026-12,4.9,2026,10
-16.5,-45.5,2,2026-12,4.41,2026,10
-16.5,-44.5,2,2026-12,4.0,2026,10
-16.5,-43.5,2,2026-12,3.29,2026,10
-16.5,-42.5,2,2026-12,3.21,2026,10
-16.5,-41.5,2,2026-12,2.91,2026,10
-16.5,-40.5,2,2026-12,2.87,2026,10
-16.5,-39.5,2,2026-12,2.87,2026,10
-16.5,-38.5,2,2026-12,2.29,2026,10
-16.5,-37.5,2,2026-12,2.17,2026,10
-16.5,-36.5,2,2026-12,2.17,2026,10
-16.5,-35.5,2,2026-12,1.83,2026,10
-16.5,-34.5,2,2026-12,1.64,2026,10
-16.5,-33.5,2,2026-12,1.57,2026,10
-16.5,-32.5,2,2026-12,1.64,2026,10
-16.5,-31.5,2,2026-12,1.45,2026,10
-16.5,-30.5,2,2026-12,1.35,2026,10
-17.5,-89.5,2,2026-12,0.73,2026,10
-17.5,-88.5,2,2026-12,0.72,2026,10
-17.5,-87.5,2,2026-12,0.72,2026,10
-17.5,-86.5,2,2026-12,0.73,2026,10
-17.5,-85.5,2,2026-12,0.67,2026,10
-17.5,-84.5,2,2026-12,0.63,2026,10
-17.5,-83.5,2,2026-12,0.64,2026,10
-17.5,-82.5,2,2026-12,0.58,2026,10
-17.5,-81.5,2,2026-12,0.5,2026,10
-17.5,-80.5,2,2026-12,0.48,2026,10
-17.5,-79.5,2,2026-12,0.44,2026,10
-17.5,-78.5,2,2026-12,0.34,2026,10
-17.5,-77.5,2,2026-12,0.26,2026,10
-17.5,-76.5,2,2026-12,0.25,2026,10
-17.5,-75.5,2,2026-12,0.2,2026,10
-17.5,-74.5,2,2026-12,0.18,2026,10
-17.5,-73.5,2,2026-12,0.21,2026,10
-17.5,-72.5,2,2026-12,0.51,2026,10
-17.5,-71.5,2,2026-12,0.51,2026,10
-17.5,-70.5,2,2026-12,0.38,2026,10
-17.5,-69.5,2,2026-12,1.11,2026,10
-17.5,-68.5,2,2026-12,1.39,2026,10
-17.5,-67.5,2,2026-12,1.68,2026,10
-17.5,-66.5,2,2026-12,2.83,2026,10
-17.5,-65.5,2,2026-12,7.64,2026,10
-17.5,-64.5,2,2026-12,8.69,2026,10
-17.5,-63.5,2,2026-12,6.66,2026,10
-17.5,-62.5,2,2026-12,4.82,2026,10
-17.5,-61.5,2,2026-12,3.82,2026,10
-17.5,-60.5,2,2026-12,3.97,2026,10
-17.5,-59.5,2,2026-12,4.2,2026,10
-17.5,-58.5,2,2026-12,4.38,2026,10
-17.5,-57.5,2,2026-12,4.72,2026,10
-17.5,-56.5,2,2026-12,4.84,2026,10
-17.5,-55.5,2,2026-12,4.98,2026,10
-17.5,-54.5,2,2026-12,5.75,2026,10
-17.5,-53.5,2,2026-12,6.08,2026,10
-17.5,-52.5,2,2026-12,5.95,2026,10
-17.5,-51.5,2,2026-12,6.24,2026,10
-17.5,-50.5,2,2026-12,5.87,2026,10
-17.5,-49.5,2,2026-12,5.91,2026,10
-17.5,-48.5,2,2026-12,5.82,2026,10
-17.5,-47.5,2,2026-12,5.83,2026,10
-17.5,-46.5,2,2026-12,5.0,2026,10
-17.5,-45.5,2,2026-12,4.69,2026,10
-17.5,-44.5,2,2026-12,4.17,2026,10
-17.5,-43.5,2,2026-12,3.93,2026,10
-17.5,-42.5,2,2026-12,3.75,2026,10
-17.5,-41.5,2,2026-12,3.79,2026,10
-17.5,-40.5,2,2026-12,3.09,2026,10
-17.5,-39.5,2,2026-12,3.09,2026,10
-17.5,-38.5,2,2026-12,2.31,2026,10
-17.5,-37.5,2,2026-12,2.18,2026,10
-17.5,-36.5,2,2026-12,2.13,2026,10
-17.5,-35.5,2,2026-12,1.95,2026,10
-17.5,-34.5,2,2026-12,1.85,2026,10
-17.5,-33.5,2,2026-12,1.83,2026,10
-17.5,-32.5,2,2026-12,1.82,2026,10
-17.5,-31.5,2,2026-12,1.69,2026,10
-17.5,-30.5,2,2026-12,1.73,2026,10
-18.5,-89.5,2,2026-12,0.74,2026,10
-18.5,-88.5,2,2026-12,0.76,2026,10
-18.5,-87.5,2,2026-12,0.72,2026,10
-18.5,-86.5,2,2026-12,0.68,2026,10
-18.5,-85.5,2,2026-12,0.69,2026,10
-18.5,-84.5,2,2026-12,0.68,2026,10
-18.5,-83.5,2,2026-12,0.61,2026,10
-18.5,-82.5,2,2026-12,0.57,2026,10
-18.5,-81.5,2,2026-12,0.54,2026,10
-18.5,-80.5,2,2026-12,0.46,2026,10
-18.5,-79.5,2,2026-12,0.41,2026,10
-18.5,-78.5,2,2026-12,0.35,2026,10
-18.5,-77.5,2,2026-12,0.26,2026,10
-18.5,-76.5,2,2026-12,0.19,2026,10
-18.5,-75.5,2,2026-12,0.22,2026,10
-18.5,-74.5,2,2026-12,0.16,2026,10
-18.5,-73.5,2,2026-12,0.15,2026,10
-18.5,-72.5,2,2026-12,0.14,2026,10
-18.5,-71.5,2,2026-12,0.2,2026,10
-18.5,-70.5,2,2026-12,0.26,2026,10
-18.5,-69.5,2,2026-12,0.44,2026,10
-18.5,-68.5,2,2026-12,0.69,2026,10
-18.5,-67.5,2,2026-12,1.02,2026,10
-18.5,-66.5,2,2026-12,2.49,2026,10
-18.5,-65.5,2,2026-12,3.48,2026,10
-18.5,-64.5,2,2026-12,3.73,2026,10
-18.5,-63.5,2,2026-12,4.88,2026,10
-18.5,-62.5,2,2026-12,3.77,2026,10
-18.5,-61.5,2,2026-12,3.8,2026,10
-18.5,-60.5,2,2026-12,3.6,2026,10
-18.5,-59.5,2,2026-12,3.69,2026,10
-18.5,-58.5,2,2026-12,4.49,2026,10
-18.5,-57.5,2,2026-12,4.8,2026,10
-18.5,-56.5,2,2026-12,5.28,2026,10
-18.5,-55.5,2,2026-12,5.67,2026,10
-18.5,-54.5,2,2026-12,5.72,2026,10
-18.5,-53.5,2,2026-12,6.2,2026,10
-18.5,-52.5,2,2026-12,6.43,2026,10
-18.5,-51.5,2,2026-12,6.48,2026,10
-18.5,-50.5,2,2026-12,6.58,2026,10
-18.5,-49.5,2,2026-12,6.4,2026,10
-18.5,-48.5,2,2026-12,5.73,2026,10
-18.5,-47.5,2,2026-12,5.36,2026,10
-18.5,-46.5,2,2026-12,5.25,2026,10
-18.5,-45.5,2,2026-12,5.16,2026,10
-18.5,-44.5,2,2026-12,4.82,2026,10
-18.5,-43.5,2,2026-12,5.01,2026,10
-18.5,-42.5,2,2026-12,4.73,2026,10
-18.5,-41.5,2,2026-12,3.54,2026,10
-18.5,-40.5,2,2026-12,3.35,2026,10
-18.5,-39.5,2,2026-12,3.38,2026,10
-18.5,-38.5,2,2026-12,2.48,2026,10
-18.5,-37.5,2,2026-12,2.18,2026,10
-18.5,-36.5,2,2026-12,2.19,2026,10
-18.5,-35.5,2,2026-12,2.15,2026,10
-18.5,-34.5,2,2026-12,2.07,2026,10
-18.5,-33.5,2,2026-12,2.12,2026,10
-18.5,-32.5,2,2026-12,1.95,2026,10
-18.5,-31.5,2,2026-12,1.73,2026,10
-18.5,-30.5,2,2026-12,1.67,2026,10
-19.5,-89.5,2,2026-12,0.76,2026,10
-19.5,-88.5,2,2026-12,0.69,2026,10
-19.5,-87.5,2,2026-12,0.68,2026,10
-19.5,-86.5,2,2026-12,0.68,2026,10
-19.5,-85.5,2,2026-12,0.68,2026,10
-19.5,-84.5,2,2026-12,0.62,2026,10
-19.5,-83.5,2,2026-12,0.61,2026,10
-19.5,-82.5,2,2026-12,0.58,2026,10
-19.5,-81.5,2,2026-12,0.52,2026,10
-19.5,-80.5,2,2026-12,0.46,2026,10
-19.5,-79.5,2,2026-12,0.4,2026,10
-19.5,-78.5,2,2026-12,0.34,2026,10
-19.5,-77.5,2,2026-12,0.29,2026,10
-19.5,-76.5,2,2026-12,0.22,2026,10
-19.5,-75.5,2,2026-12,0.2,2026,10
-19.5,-74.5,2,2026-12,0.14,2026,10
-19.5,-73.5,2,2026-12,0.14,2026,10
-19.5,-72.5,2,2026-12,0.15,2026,10
-19.5,-71.5,2,2026-12,0.11,2026,10
-19.5,-70.5,2,2026-12,0.06,2026,10
-19.5,-69.5,2,2026-12,0.12,2026,10
-19.5,-68.5,2,2026-12,0.25,2026,10
-19.5,-67.5,2,2026-12,0.42,2026,10
-19.5,-66.5,2,2026-12,1.17,2026,10
-19.5,-65.5,2,2026-12,2.84,2026,10
-19.5,-64.5,2,2026-12,4.71,2026,10
-19.5,-63.5,2,2026-12,4.25,2026,10
-19.5,-62.5,2,2026-12,3.51,2026,10
-19.5,-61.5,2,2026-12,3.48,2026,10
-19.5,-60.5,2,2026-12,3.74,2026,10
-19.5,-59.5,2,2026-12,4.22,2026,10
-19.5,-58.5,2,2026-12,4.87,2026,10
-19.5,-57.5,2,2026-12,5.44,2026,10
-19.5,-56.5,2,2026-12,5.98,2026,10
-19.5,-55.5,2,2026-12,6.55,2026,10
-19.5,-54.5,2,2026-12,6.32,2026,10
-19.5,-53.5,2,2026-12,5.83,2026,10
-19.5,-52.5,2,2026-12,6.23,2026,10
-19.5,-51.5,2,2026-12,6.66,2026,10
-19.5,-50.5,2,2026-12,6.52,2026,10
-19.5,-49.5,2,2026-12,6.46,2026,10
-19.5,-48.5,2,2026-12,6.25,2026,10
-19.5,-47.5,2,2026-12,6.22,2026,10
-19.5,-46.5,2,2026-12,6.16,2026,10
-19.5,-45.5,2,2026-12,5.98,2026,10
-19.5,-44.5,2,2026-12,5.3,2026,10
-19.5,-43.5,2,2026-12,5.13,2026,10
-19.5,-42.5,2,2026-12,4.58,2026,10
-19.5,-41.5,2,2026-12,3.8,2026,10
-19.5,-40.5,2,2026-12,3.76,2026,10
-19.5,-39.5,2,2026-12,3.44,2026,10
-19.5,-38.5,2,2026-12,2.8,2026,10
-19.5,-37.5,2,2026-12,2.51,2026,10
-19.5,-36.5,2,2026-12,2.46,2026,10
-19.5,-35.5,2,2026-12,2.52,2026,10
-19.5,-34.5,2,2026-12,2.55,2026,10
-19.5,-33.5,2,2026-12,2.5,2026,10
-19.5,-32.5,2,2026-12,2.28,2026,10
-19.5,-31.5,2,2026-12,1.99,2026,10
-19.5,-30.5,2,2026-12,1.9,2026,10
-20.5,-89.5,2,2026-12,0.77,2026,10
-20.5,-88.5,2,2026-12,0.77,2026,10
-20.5,-87.5,2,2026-12,0.73,2026,10
-20.5,-86.5,2,2026-12,0.66,2026,10
-20.5,-85.5,2,2026-12,0.63,2026,10
-20.5,-84.5,2,2026-12,0.65,2026,10
-20.5,-83.5,2,2026-12,0.58,2026,10
-20.5,-82.5,2,2026-12,0.53,2026,10
-20.5,-81.5,2,2026-12,0.52,2026,10
-20.5,-80.5,2,2026-12,0.45,2026,10
-20.5,-79.5,2,2026-12,0.37,2026,10
-20.5,-78.5,2,2026-12,0.37,2026,10
-20.5,-77.5,2,2026-12,0.31,2026,10
-20.5,-76.5,2,2026-12,0.24,2026,10
-20.5,-75.5,2,2026-12,0.2,2026,10
-20.5,-74.5,2,2026-12,0.18,2026,10
-20.5,-73.5,2,2026-12,0.13,2026,10
-20.5,-72.5,2,2026-12,0.11,2026,10
-20.5,-71.5,2,2026-12,0.16,2026,10
-20.5,-70.5,2,2026-12,0.14,2026,10
-20.5,-69.5,2,2026-12,0.05,2026,10
-20.5,-68.5,2,2026-12,0.14,2026,10
-20.5,-67.5,2,2026-12,0.1,2026,10
-20.5,-66.5,2,2026-12,0.47,2026,10
-20.5,-65.5,2,2026-12,1.72,2026,10
-20.5,-64.5,2,2026-12,5.8,2026,10
-20.5,-63.5,2,2026-12,4.58,2026,10
-20.5,-62.5,2,2026-12,3.46,2026,10
-20.5,-61.5,2,2026-12,3.52,2026,10
-20.5,-60.5,2,2026-12,4.04,2026,10
-20.5,-59.5,2,2026-12,4.77,2026,10
-20.5,-58.5,2,2026-12,6.0,2026,10
-20.5,-57.5,2,2026-12,6.83,2026,10
-20.5,-56.5,2,2026-12,7.34,2026,10
-20.5,-55.5,2,2026-12,7.38,2026,10
-20.5,-54.5,2,2026-12,6.38,2026,10
-20.5,-53.5,2,2026-12,5.86,2026,10
-20.5,-52.5,2,2026-12,6.31,2026,10
-20.5,-51.5,2,2026-12,6.5,2026,10
-20.5,-50.5,2,2026-12,6.6,2026,10
-20.5,-49.5,2,2026-12,6.31,2026,10
-20.5,-48.5,2,2026-12,6.52,2026,10
-20.5,-47.5,2,2026-12,6.59,2026,10
-20.5,-46.5,2,2026-12,6.39,2026,10
-20.5,-45.5,2,2026-12,6.17,2026,10
-20.5,-44.5,2,2026-12,6.04,2026,10
-20.5,-43.5,2,2026-12,5.82,2026,10
-20.5,-42.5,2,2026-12,5.03,2026,10
-20.5,-41.5,2,2026-12,5.6,2026,10
-20.5,-40.5,2,2026-12,4.98,2026,10
-20.5,-39.5,2,2026-12,3.43,2026,10
-20.5,-38.5,2,2026-12,3.18,2026,10
-20.5,-37.5,2,2026-12,2.95,2026,10
-20.5,-36.5,2,2026-12,2.95,2026,10
-20.5,-35.5,2,2026-12,3.08,2026,10
-20.5,-34.5,2,2026-12,3.02,2026,10
-20.5,-33.5,2,2026-12,2.85,2026,10
-20.5,-32.5,2,2026-12,2.78,2026,10
-20.5,-31.5,2,2026-12,2.52,2026,10
-20.5,-30.5,2,2026-12,2.28,2026,10
-21.5,-89.5,2,2026-12,0.73,2026,10
-21.5,-88.5,2,2026-12,0.73,2026,10
-21.5,-87.5,2,2026-12,0.75,2026,10
-21.5,-86.5,2,2026-12,0.7,2026,10
-21.5,-85.5,2,2026-12,0.62,2026,10
-21.5,-84.5,2,2026-12,0.59,2026,10
-21.5,-83.5,2,2026-12,0.6,2026,10
-21.5,-82.5,2,2026-12,0.53,2026,10
-21.5,-81.5,2,2026-12,0.46,2026,10
-21.5,-80.5,2,2026-12,0.44,2026,10
-21.5,-79.5,2,2026-12,0.4,2026,10
-21.5,-78.5,2,2026-12,0.34,2026,10
-21.5,-77.5,2,2026-12,0.29,2026,10
-21.5,-76.5,2,2026-12,0.23,2026,10
-21.5,-75.5,2,2026-12,0.2,2026,10
-21.5,-74.5,2,2026-12,0.17,2026,10
-21.5,-73.5,2,2026-12,0.13,2026,10
-21.5,-72.5,2,2026-12,0.1,2026,10
-21.5,-71.5,2,2026-12,0.14,2026,10
-21.5,-70.5,2,2026-12,0.35,2026,10
-21.5,-69.5,2,2026-12,0.05,2026,10
-21.5,-68.5,2,2026-12,0.14,2026,10
-21.5,-67.5,2,2026-12,0.14,2026,10
-21.5,-66.5,2,2026-12,0.39,2026,10
-21.5,-65.5,2,2026-12,1.99,2026,10
-21.5,-64.5,2,2026-12,6.09,2026,10
-21.5,-63.5,2,2026-12,4.48,2026,10
-21.5,-62.5,2,2026-12,3.7,2026,10
-21.5,-61.5,2,2026-12,3.78,2026,10
-21.5,-60.5,2,2026-12,4.41,2026,10
-21.5,-59.5,2,2026-12,5.43,2026,10
-21.5,-58.5,2,2026-12,6.8,2026,10
-21.5,-57.5,2,2026-12,7.56,2026,10
-21.5,-56.5,2,2026-12,7.47,2026,10
-21.5,-55.5,2,2026-12,7.65,2026,10
-21.5,-54.5,2,2026-12,6.78,2026,10
-21.5,-53.5,2,2026-12,6.76,2026,10
-21.5,-52.5,2,2026-12,6.95,2026,10
-21.5,-51.5,2,2026-12,6.89,2026,10
-21.5,-50.5,2,2026-12,6.9,2026,10
-21.5,-49.5,2,2026-12,6.92,2026,10
-21.5,-48.5,2,2026-12,7.07,2026,10
-21.5,-47.5,2,2026-12,7.05,2026,10
-21.5,-46.5,2,2026-12,7.08,2026,10
-21.5,-45.5,2,2026-12,6.57,2026,10
-21.5,-44.5,2,2026-12,6.77,2026,10
-21.5,-43.5,2,2026-12,6.78,2026,10
-21.5,-42.5,2,2026-12,5.8,2026,10
-21.5,-41.5,2,2026-12,4.99,2026,10
-21.5,-40.5,2,2026-12,3.49,2026,10
-21.5,-39.5,2,2026-12,3.31,2026,10
-21.5,-38.5,2,2026-12,3.27,2026,10
-21.5,-37.5,2,2026-12,3.35,2026,10
-21.5,-36.5,2,2026-12,3.42,2026,10
-21.5,-35.5,2,2026-12,3.46,2026,10
-21.5,-34.5,2,2026-12,3.44,2026,10
-21.5,-33.5,2,2026-12,3.37,2026,10
-21.5,-32.5,2,2026-12,3.34,2026,10
-21.5,-31.5,2,2026-12,3.22,2026,10
-21.5,-30.5,2,2026-12,3.08,2026,10
-22.5,-89.5,2,2026-12,0.72,2026,10
-22.5,-88.5,2,2026-12,0.69,2026,10
-22.5,-87.5,2,2026-12,0.65,2026,10
-22.5,-86.5,2,2026-12,0.67,2026,10
-22.5,-85.5,2,2026-12,0.69,2026,10
-22.5,-84.5,2,2026-12,0.62,2026,10
-22.5,-83.5,2,2026-12,0.54,2026,10
-22.5,-82.5,2,2026-12,0.5,2026,10
-22.5,-81.5,2,2026-12,0.48,2026,10
-22.5,-80.5,2,2026-12,0.41,2026,10
-22.5,-79.5,2,2026-12,0.37,2026,10
-22.5,-78.5,2,2026-12,0.32,2026,10
-22.5,-77.5,2,2026-12,0.26,2026,10
-22.5,-76.5,2,2026-12,0.22,2026,10
-22.5,-75.5,2,2026-12,0.2,2026,10
-22.5,-74.5,2,2026-12,0.15,2026,10
-22.5,-73.5,2,2026-12,0.13,2026,10
-22.5,-72.5,2,2026-12,0.1,2026,10
-22.5,-71.5,2,2026-12,0.09,2026,10
-22.5,-70.5,2,2026-12,0.11,2026,10
-22.5,-69.5,2,2026-12,0.02,2026,10
-22.5,-68.5,2,2026-12,0.09,2026,10
-22.5,-67.5,2,2026-12,0.15,2026,10
-22.5,-66.5,2,2026-12,0.45,2026,10
-22.5,-65.5,2,2026-12,3.05,2026,10
-22.5,-64.5,2,2026-12,8.47,2026,10
-22.5,-63.5,2,2026-12,5.22,2026,10
-22.5,-62.5,2,2026-12,3.57,2026,10
-22.5,-61.5,2,2026-12,3.94,2026,10
-22.5,-60.5,2,2026-12,4.8,2026,10
-22.5,-59.5,2,2026-12,6.14,2026,10
-22.5,-58.5,2,2026-12,7.54,2026,10
-22.5,-57.5,2,2026-12,8.59,2026,10
-22.5,-56.5,2,2026-12,9.07,2026,10
-22.5,-55.5,2,2026-12,8.34,2026,10
-22.5,-54.5,2,2026-12,7.94,2026,10
-22.5,-53.5,2,2026-12,8.0,2026,10
-22.5,-52.5,2,2026-12,7.77,2026,10
-22.5,-51.5,2,2026-12,7.59,2026,10
-22.5,-50.5,2,2026-12,7.6,2026,10
-22.5,-49.5,2,2026-12,7.51,2026,10
-22.5,-48.5,2,2026-12,7.13,2026,10
-22.5,-47.5,2,2026-12,7.37,2026,10
-22.5,-46.5,2,2026-12,8.21,2026,10
-22.5,-45.5,2,2026-12,7.23,2026,10
-22.5,-44.5,2,2026-12,7.54,2026,10
-22.5,-43.5,2,2026-12,6.0,2026,10
-22.5,-42.5,2,2026-12,6.11,2026,10
-22.5,-41.5,2,2026-12,3.78,2026,10
-22.5,-40.5,2,2026-12,2.89,2026,10
-22.5,-39.5,2,2026-12,3.25,2026,10
-22.5,-38.5,2,2026-12,3.49,2026,10
-22.5,-37.5,2,2026-12,3.59,2026,10
-22.5,-36.5,2,2026-12,3.61,2026,10
-22.5,-35.5,2,2026-12,3.7,2026,10
-22.5,-34.5,2,2026-12,3.75,2026,10
-22.5,-33.5,2,2026-12,3.63,2026,10
-22.5,-32.5,2,2026-12,3.44,2026,10
-22.5,-31.5,2,2026-12,3.38,2026,10
-22.5,-30.5,2,2026-12,3.28,2026,10
-23.5,-89.5,2,2026-12,0.69,2026,10
-23.5,-88.5,2,2026-12,0.67,2026,10
-23.5,-87.5,2,2026-12,0.64,2026,10
-23.5,-86.5,2,2026-12,0.63,2026,10
-23.5,-85.5,2,2026-12,0.62,2026,10
-23.5,-84.5,2,2026-12,0.6,2026,10
-23.5,-83.5,2,2026-12,0.54,2026,10
-23.5,-82.5,2,2026-12,0.48,2026,10
-23.5,-81.5,2,2026-12,0.44,2026,10
-23.5,-80.5,2,2026-12,0.4,2026,10
-23.5,-79.5,2,2026-12,0.35,2026,10
-23.5,-78.5,2,2026-12,0.29,2026,10
-23.5,-77.5,2,2026-12,0.27,2026,10
-23.5,-76.5,2,2026-12,0.2,2026,10
-23.5,-75.5,2,2026-12,0.18,2026,10
-23.5,-74.5,2,2026-12,0.15,2026,10
-23.5,-73.5,2,2026-12,0.13,2026,10
-23.5,-72.5,2,2026-12,0.09,2026,10
-23.5,-71.5,2,2026-12,0.13,2026,10
-23.5,-70.5,2,2026-12,0.33,2026,10
-23.5,-69.5,2,2026-12,0.03,2026,10
-23.5,-68.5,2,2026-12,0.12,2026,10
-23.5,-67.5,2,2026-12,0.2,2026,10
-23.5,-66.5,2,2026-12,0.17,2026,10
-23.5,-65.5,2,2026-12,3.97,2026,10
-23.5,-64.5,2,2026-12,5.81,2026,10
-23.5,-63.5,2,2026-12,3.4,2026,10
-23.5,-62.5,2,2026-12,3.34,2026,10
-23.5,-61.5,2,2026-12,3.99,2026,10
-23.5,-60.5,2,2026-12,5.18,2026,10
-23.5,-59.5,2,2026-12,6.56,2026,10
-23.5,-58.5,2,2026-12,8.26,2026,10
-23.5,-57.5,2,2026-12,9.74,2026,10
-23.5,-56.5,2,2026-12,10.67,2026,10
-23.5,-55.5,2,2026-12,9.99,2026,10
-23.5,-54.5,2,2026-12,9.63,2026,10
-23.5,-53.5,2,2026-12,9.45,2026,10
-23.5,-52.5,2,2026-12,9.59,2026,10
-23.5,-51.5,2,2026-12,9.12,2026,10
-23.5,-50.5,2,2026-12,8.29,2026,10
-23.5,-49.5,2,2026-12,7.54,2026,10
-23.5,-48.5,2,2026-12,7.08,2026,10
-23.5,-47.5,2,2026-12,7.41,2026,10
-23.5,-46.5,2,2026-12,7.56,2026,10
-23.5,-45.5,2,2026-12,6.84,2026,10
-23.5,-44.5,2,2026-12,5.07,2026,10
-23.5,-43.5,2,2026-12,3.32,2026,10
-23.5,-42.5,2,2026-12,2.95,2026,10
-23.5,-41.5,2,2026-12,2.97,2026,10
-23.5,-40.5,2,2026-12,3.21,2026,10
-23.5,-39.5,2,2026-12,3.36,2026,10
-23.5,-38.5,2,2026-12,3.57,2026,10
-23.5,-37.5,2,2026-12,3.77,2026,10
-23.5,-36.5,2,2026-12,3.83,2026,10
-23.5,-35.5,2,2026-12,3.99,2026,10
-23.5,-34.5,2,2026-12,4.1,2026,10
-23.5,-33.5,2,2026-12,4.07,2026,10
-23.5,-32.5,2,2026-12,3.89,2026,10
-23.5,-31.5,2,2026-12,3.66,2026,10
-23.5,-30.5,2,2026-12,3.49,2026,10
-24.5,-89.5,2,2026-12,0.69,2026,10
-24.5,-88.5,2,2026-12,0.65,2026,10
-24.5,-87.5,2,2026-12,0.62,2026,10
-24.5,-86.5,2,2026-12,0.61,2026,10
-24.5,-85.5,2,2026-12,0.58,2026,10
-24.5,-84.5,2,2026-12,0.54,2026,10
-24.5,-83.5,2,2026-12,0.52,2026,10
-24.5,-82.5,2,2026-12,0.51,2026,10
-24.5,-81.5,2,2026-12,0.45,2026,10
-24.5,-80.5,2,2026-12,0.36,2026,10
-24.5,-79.5,2,2026-12,0.33,2026,10
-24.5,-78.5,2,2026-12,0.3,2026,10
-24.5,-77.5,2,2026-12,0.24,2026,10
-24.5,-76.5,2,2026-12,0.19,2026,10
-24.5,-75.5,2,2026-12,0.15,2026,10
-24.5,-74.5,2,2026-12,0.14,2026,10
-24.5,-73.5,2,2026-12,0.12,2026,10
-24.5,-72.5,2,2026-12,0.07,2026,10
-24.5,-71.5,2,2026-12,0.1,2026,10
-24.5,-70.5,2,2026-12,0.31,2026,10
-24.5,-69.5,2,2026-12,0.03,2026,10
-24.5,-68.5,2,2026-12,0.2,2026,10
-24.5,-67.5,2,2026-12,0.09,2026,10
-24.5,-66.5,2,2026-12,0.4,2026,10
-24.5,-65.5,2,2026-12,6.81,2026,10
-24.5,-64.5,2,2026-12,5.67,2026,10
-24.5,-63.5,2,2026-12,3.11,2026,10
-24.5,-62.5,2,2026-12,3.43,2026,10
-24.5,-61.5,2,2026-12,4.21,2026,10
-24.5,-60.5,2,2026-12,5.27,2026,10
-24.5,-59.5,2,2026-12,6.87,2026,10
-24.5,-58.5,2,2026-12,8.59,2026,10
-24.5,-57.5,2,2026-12,10.84,2026,10
-24.5,-56.5,2,2026-12,12.17,2026,10
-24.5,-55.5,2,2026-12,12.16,2026,10
-24.5,-54.5,2,2026-12,11.24,2026,10
-24.5,-53.5,2,2026-12,11.85,2026,10
-24.5,-52.5,2,2026-12,11.42,2026,10
-24.5,-51.5,2,2026-12,10.84,2026,10
-24.5,-50.5,2,2026-12,8.41,2026,10
-24.5,-49.5,2,2026-12,7.37,2026,10
-24.5,-48.5,2,2026-12,7.56,2026,10
-24.5,-47.5,2,2026-12,6.83,2026,10
-24.5,-46.5,2,2026-12,5.3,2026,10
-24.5,-45.5,2,2026-12,3.97,2026,10
-24.5,-44.5,2,2026-12,3.55,2026,10
-24.5,-43.5,2,2026-12,3.32,2026,10
-24.5,-42.5,2,2026-12,3.21,2026,10
-24.5,-41.5,2,2026-12,3.44,2026,10
-24.5,-40.5,2,2026-12,3.76,2026,10
-24.5,-39.5,2,2026-12,3.88,2026,10
-24.5,-38.5,2,2026-12,4.09,2026,10
-24.5,-37.5,2,2026-12,4.5,2026,10
-24.5,-36.5,2,2026-12,4.5,2026,10
-24.5,-35.5,2,2026-12,4.41,2026,10
-24.5,-34.5,2,2026-12,4.45,2026,10
-24.5,-33.5,2,2026-12,4.43,2026,10
-24.5,-32.5,2,2026-12,4.35,2026,10
-24.5,-31.5,2,2026-12,4.33,2026,10
-24.5,-30.5,2,2026-12,4.13,2026,10
-25.5,-89.5,2,2026-12,0.7,2026,10
-25.5,-88.5,2,2026-12,0.66,2026,10
-25.5,-87.5,2,2026-12,0.6,2026,10
-25.5,-86.5,2,2026-12,0.57,2026,10
-25.5,-85.5,2,2026-12,0.57,2026,10
-25.5,-84.5,2,2026-12,0.56,2026,10
-25.5,-83.5,2,2026-12,0.51,2026,10
-25.5,-82.5,2,2026-12,0.45,2026,10
-25.5,-81.5,2,2026-12,0.44,2026,10
-25.5,-80.5,2,2026-12,0.39,2026,10
-25.5,-79.5,2,2026-12,0.31,2026,10
-25.5,-78.5,2,2026-12,0.29,2026,10
-25.5,-77.5,2,2026-12,0.25,2026,10
-25.5,-76.5,2,2026-12,0.18,2026,10
-25.5,-75.5,2,2026-12,0.14,2026,10
-25.5,-74.5,2,2026-12,0.13,2026,10
-25.5,-73.5,2,2026-12,0.12,2026,10
-25.5,-72.5,2,2026-12,0.07,2026,10
-25.5,-71.5,2,2026-12,0.07,2026,10
-25.5,-70.5,2,2026-12,0.17,2026,10
-25.5,-69.5,2,2026-12,0.26,2026,10
-25.5,-68.5,2,2026-12,0.19,2026,10
-25.5,-67.5,2,2026-12,0.09,2026,10
-25.5,-66.5,2,2026-12,2.37,2026,10
-25.5,-65.5,2,2026-12,5.83,2026,10
-25.5,-64.5,2,2026-12,5.3,2026,10
-25.5,-63.5,2,2026-12,3.97,2026,10
-25.5,-62.5,2,2026-12,3.49,2026,10
-25.5,-61.5,2,2026-12,4.24,2026,10
-25.5,-60.5,2,2026-12,5.6,2026,10
-25.5,-59.5,2,2026-12,7.21,2026,10
-25.5,-58.5,2,2026-12,9.44,2026,10
-25.5,-57.5,2,2026-12,11.74,2026,10
-25.5,-56.5,2,2026-12,13.04,2026,10
-25.5,-55.5,2,2026-12,12.99,2026,10
-25.5,-54.5,2,2026-12,12.78,2026,10
-25.5,-53.5,2,2026-12,13.42,2026,10
-25.5,-52.5,2,2026-12,12.06,2026,10
-25.5,-51.5,2,2026-12,10.29,2026,10
-25.5,-50.5,2,2026-12,7.83,2026,10
-25.5,-49.5,2,2026-12,8.08,2026,10
-25.5,-48.5,2,2026-12,7.8,2026,10
-25.5,-47.5,2,2026-12,4.96,2026,10
-25.5,-46.5,2,2026-12,4.06,2026,10
-25.5,-45.5,2,2026-12,3.76,2026,10
-25.5,-44.5,2,2026-12,3.45,2026,10
-25.5,-43.5,2,2026-12,3.08,2026,10
-25.5,-42.5,2,2026-12,3.06,2026,10
-25.5,-41.5,2,2026-12,3.37,2026,10
-25.5,-40.5,2,2026-12,3.88,2026,10
-25.5,-39.5,2,2026-12,4.43,2026,10
-25.5,-38.5,2,2026-12,4.67,2026,10
-25.5,-37.5,2,2026-12,4.87,2026,10
-25.5,-36.5,2,2026-12,5.06,2026,10
-25.5,-35.5,2,2026-12,5.05,2026,10
-25.5,-34.5,2,2026-12,5.02,2026,10
-25.5,-33.5,2,2026-12,4.86,2026,10
-25.5,-32.5,2,2026-12,4.68,2026,10
-25.5,-31.5,2,2026-12,4.63,2026,10
-25.5,-30.5,2,2026-12,4.36,2026,10
-26.5,-89.5,2,2026-12,0.71,2026,10
-26.5,-88.5,2,2026-12,0.68,2026,10
-26.5,-87.5,2,2026-12,0.64,2026,10
-26.5,-86.5,2,2026-12,0.62,2026,10
-26.5,-85.5,2,2026-12,0.57,2026,10
-26.5,-84.5,2,2026-12,0.56,2026,10
-26.5,-83.5,2,2026-12,0.53,2026,10
-26.5,-82.5,2,2026-12,0.48,2026,10
-26.5,-81.5,2,2026-12,0.41,2026,10
-26.5,-80.5,2,2026-12,0.37,2026,10
-26.5,-79.5,2,2026-12,0.34,2026,10
-26.5,-78.5,2,2026-12,0.26,2026,10
-26.5,-77.5,2,2026-12,0.22,2026,10
-26.5,-76.5,2,2026-12,0.18,2026,10
-26.5,-75.5,2,2026-12,0.13,2026,10
-26.5,-74.5,2,2026-12,0.11,2026,10
-26.5,-73.5,2,2026-12,0.09,2026,10
-26.5,-72.5,2,2026-12,0.07,2026,10
-26.5,-71.5,2,2026-12,0.09,2026,10
-26.5,-70.5,2,2026-12,0.11,2026,10
-26.5,-69.5,2,2026-12,0.48,2026,10
-26.5,-68.5,2,2026-12,0.49,2026,10
-26.5,-67.5,2,2026-12,0.18,2026,10
-26.5,-66.5,2,2026-12,2.83,2026,10
-26.5,-65.5,2,2026-12,6.93,2026,10
-26.5,-64.5,2,2026-12,5.48,2026,10
-26.5,-63.5,2,2026-12,4.16,2026,10
-26.5,-62.5,2,2026-12,3.73,2026,10
-26.5,-61.5,2,2026-12,4.15,2026,10
-26.5,-60.5,2,2026-12,5.44,2026,10
-26.5,-59.5,2,2026-12,7.27,2026,10
-26.5,-58.5,2,2026-12,9.3,2026,10
-26.5,-57.5,2,2026-12,11.35,2026,10
-26.5,-56.5,2,2026-12,13.08,2026,10
-26.5,-55.5,2,2026-12,13.71,2026,10
-26.5,-54.5,2,2026-12,13.35,2026,10
-26.5,-53.5,2,2026-12,12.64,2026,10
-26.5,-52.5,2,2026-12,11.5,2026,10
-26.5,-51.5,2,2026-12,9.44,2026,10
-26.5,-50.5,2,2026-12,8.18,2026,10
-26.5,-49.5,2,2026-12,8.24,2026,10
-26.5,-48.5,2,2026-12,6.56,2026,10
-26.5,-47.5,2,2026-12,4.76,2026,10
-26.5,-46.5,2,2026-12,4.38,2026,10
-26.5,-45.5,2,2026-12,4.09,2026,10
-26.5,-44.5,2,2026-12,3.7,2026,10
-26.5,-43.5,2,2026-12,3.4,2026,10
-26.5,-42.5,2,2026-12,3.33,2026,10
-26.5,-41.5,2,2026-12,3.4,2026,10
-26.5,-40.5,2,2026-12,3.75,2026,10
-26.5,-39.5,2,2026-12,4.34,2026,10
-26.5,-38.5,2,2026-12,4.79,2026,10
-26.5,-37.5,2,2026-12,5.15,2026,10
-26.5,-36.5,2,2026-12,5.35,2026,10
-26.5,-35.5,2,2026-12,5.64,2026,10
-26.5,-34.5,2,2026-12,5.63,2026,10
-26.5,-33.5,2,2026-12,5.34,2026,10
-26.5,-32.5,2,2026-12,5.11,2026,10
-26.5,-31.5,2,2026-12,4.96,2026,10
-26.5,-30.5,2,2026-12,4.82,2026,10
-27.5,-89.5,2,2026-12,0.77,2026,10
-27.5,-88.5,2,2026-12,0.74,2026,10
-27.5,-87.5,2,2026-12,0.68,2026,10
-27.5,-86.5,2,2026-12,0.67,2026,10
-27.5,-85.5,2,2026-12,0.62,2026,10
-27.5,-84.5,2,2026-12,0.55,2026,10
-27.5,-83.5,2,2026-12,0.51,2026,10
-27.5,-82.5,2,2026-12,0.5,2026,10
-27.5,-81.5,2,2026-12,0.44,2026,10
-27.5,-80.5,2,2026-12,0.39,2026,10
-27.5,-79.5,2,2026-12,0.34,2026,10
-27.5,-78.5,2,2026-12,0.3,2026,10
-27.5,-77.5,2,2026-12,0.22,2026,10
-27.5,-76.5,2,2026-12,0.16,2026,10
-27.5,-75.5,2,2026-12,0.13,2026,10
-27.5,-74.5,2,2026-12,0.1,2026,10
-27.5,-73.5,2,2026-12,0.08,2026,10
-27.5,-72.5,2,2026-12,0.07,2026,10
-27.5,-71.5,2,2026-12,0.07,2026,10
-27.5,-70.5,2,2026-12,0.18,2026,10
-27.5,-69.5,2,2026-12,1.05,2026,10
-27.5,-68.5,2,2026-12,0.71,2026,10
-27.5,-67.5,2,2026-12,2.47,2026,10
-27.5,-66.5,2,2026-12,2.91,2026,10
-27.5,-65.5,2,2026-12,5.56,2026,10
-27.5,-64.5,2,2026-12,3.99,2026,10
-27.5,-63.5,2,2026-12,3.5,2026,10
-27.5,-62.5,2,2026-12,3.71,2026,10
-27.5,-61.5,2,2026-12,4.16,2026,10
-27.5,-60.5,2,2026-12,5.0,2026,10
-27.5,-59.5,2,2026-12,6.56,2026,10
-27.5,-58.5,2,2026-12,8.35,2026,10
-27.5,-57.5,2,2026-12,9.95,2026,10
-27.5,-56.5,2,2026-12,11.44,2026,10
-27.5,-55.5,2,2026-12,12.65,2026,10
-27.5,-54.5,2,2026-12,12.46,2026,10
-27.5,-53.5,2,2026-12,12.7,2026,10
-27.5,-52.5,2,2026-12,12.41,2026,10
-27.5,-51.5,2,2026-12,10.66,2026,10
-27.5,-50.5,2,2026-12,9.53,2026,10
-27.5,-49.5,2,2026-12,8.77,2026,10
-27.5,-48.5,2,2026-12,6.82,2026,10
-27.5,-47.5,2,2026-12,5.07,2026,10
-27.5,-46.5,2,2026-12,4.74,2026,10
-27.5,-45.5,2,2026-12,4.24,2026,10
-27.5,-44.5,2,2026-12,3.94,2026,10
-27.5,-43.5,2,2026-12,3.79,2026,10
-27.5,-42.5,2,2026-12,3.71,2026,10
-27.5,-41.5,2,2026-12,3.69,2026,10
-27.5,-40.5,2,2026-12,3.85,2026,10
-27.5,-39.5,2,2026-12,4.22,2026,10
-27.5,-38.5,2,2026-12,4.71,2026,10
-27.5,-37.5,2,2026-12,5.26,2026,10
-27.5,-36.5,2,2026-12,5.69,2026,10
-27.5,-35.5,2,2026-12,5.89,2026,10
-27.5,-34.5,2,2026-12,5.91,2026,10
-27.5,-33.5,2,2026-12,5.66,2026,10
-27.5,-32.5,2,2026-12,5.34,2026,10
-27.5,-31.5,2,2026-12,5.11,2026,10
-27.5,-30.5,2,2026-12,4.86,2026,10
-28.5,-89.5,2,2026-12,0.8,2026,10
-28.5,-88.5,2,2026-12,0.76,2026,10
-28.5,-87.5,2,2026-12,0.75,2026,10
-28.5,-86.5,2,2026-12,0.7,2026,10
-28.5,-85.5,2,2026-12,0.65,2026,10
-28.5,-84.5,2,2026-12,0.62,2026,10
-28.5,-83.5,2,2026-12,0.54,2026,10
-28.5,-82.5,2,2026-12,0.5,2026,10
-28.5,-81.5,2,2026-12,0.48,2026,10
-28.5,-80.5,2,2026-12,0.43,2026,10
-28.5,-79.5,2,2026-12,0.36,2026,10
-28.5,-78.5,2,2026-12,0.29,2026,10
-28.5,-77.5,2,2026-12,0.24,2026,10
-28.5,-76.5,2,2026-12,0.19,2026,10
-28.5,-75.5,2,2026-12,0.12,2026,10
-28.5,-74.5,2,2026-12,0.1,2026,10
-28.5,-73.5,2,2026-12,0.08,2026,10
-28.5,-72.5,2,2026-12,0.07,2026,10
-28.5,-71.5,2,2026-12,0.09,2026,10
-28.5,-70.5,2,2026-12,0.49,2026,10
-28.5,-69.5,2,2026-12,0.95,2026,10
-28.5,-68.5,2,2026-12,1.32,2026,10
-28.5,-67.5,2,2026-12,2.57,2026,10
-28.5,-66.5,2,2026-12,2.44,2026,10
-28.5,-65.5,2,2026-12,3.59,2026,10
-28.5,-64.5,2,2026-12,3.33,2026,10
-28.5,-63.5,2,2026-12,2.97,2026,10
-28.5,-62.5,2,2026-12,3.35,2026,10
-28.5,-61.5,2,2026-12,3.97,2026,10
-28.5,-60.5,2,2026-12,4.81,2026,10
-28.5,-59.5,2,2026-12,5.6,2026,10
-28.5,-58.5,2,2026-12,6.84,2026,10
-28.5,-57.5,2,2026-12,8.34,2026,10
-28.5,-56.5,2,2026-12,9.69,2026,10
-28.5,-55.5,2,2026-12,10.82,2026,10
-28.5,-54.5,2,2026-12,11.39,2026,10
-28.5,-53.5,2,2026-12,11.35,2026,10
-28.5,-52.5,2,2026-12,10.89,2026,10
-28.5,-51.5,2,2026-12,10.16,2026,10
-28.5,-50.5,2,2026-12,9.18,2026,10
-28.5,-49.5,2,2026-12,7.75,2026,10
-28.5,-48.5,2,2026-12,5.82,2026,10
-28.5,-47.5,2,2026-12,5.51,2026,10
-28.5,-46.5,2,2026-12,5.21,2026,10
-28.5,-45.5,2,2026-12,4.65,2026,10
-28.5,-44.5,2,2026-12,4.4,2026,10
-28.5,-43.5,2,2026-12,4.25,2026,10
-28.5,-42.5,2,2026-12,4.09,2026,10
-28.5,-41.5,2,2026-12,4.09,2026,10
-28.5,-40.5,2,2026-12,4.22,2026,10
-28.5,-39.5,2,2026-12,4.41,2026,10
-28.5,-38.5,2,2026-12,4.79,2026,10
-28.5,-37.5,2,2026-12,5.36,2026,10
-28.5,-36.5,2,2026-12,5.84,2026,10
-28.5,-35.5,2,2026-12,5.91,2026,10
-28.5,-34.5,2,2026-12,6.03,2026,10
-28.5,-33.5,2,2026-12,5.91,2026,10
-28.5,-32.5,2,2026-12,5.63,2026,10
-28.5,-31.5,2,2026-12,5.39,2026,10
-28.5,-30.5,2,2026-12,5.21,2026,10
-29.5,-89.5,2,2026-12,1.03,2026,10
-29.5,-88.5,2,2026-12,0.85,2026,10
-29.5,-87.5,2,2026-12,0.74,2026,10
-29.5,-86.5,2,2026-12,0.71,2026,10
-29.5,-85.5,2,2026-12,0.67,2026,10
-29.5,-84.5,2,2026-12,0.63,2026,10
-29.5,-83.5,2,2026-12,0.6,2026,10
-29.5,-82.5,2,2026-12,0.56,2026,10
-29.5,-81.5,2,2026-12,0.51,2026,10
-29.5,-80.5,2,2026-12,0.47,2026,10
-29.5,-79.5,2,2026-12,0.42,2026,10
-29.5,-78.5,2,2026-12,0.32,2026,10
-29.5,-77.5,2,2026-12,0.25,2026,10
-29.5,-76.5,2,2026-12,0.2,2026,10
-29.5,-75.5,2,2026-12,0.16,2026,10
-29.5,-74.5,2,2026-12,0.09,2026,10
-29.5,-73.5,2,2026-12,0.08,2026,10
-29.5,-72.5,2,2026-12,0.08,2026,10
-29.5,-71.5,2,2026-12,0.2,2026,10
-29.5,-70.5,2,2026-12,1.2,2026,10
-29.5,-69.5,2,2026-12,0.82,2026,10
-29.5,-68.5,2,2026-12,1.99,2026,10
-29.5,-67.5,2,2026-12,2.5,2026,10
-29.5,-66.5,2,2026-12,2.89,2026,10
-29.5,-65.5,2,2026-12,3.34,2026,10
-29.5,-64.5,2,2026-12,3.21,2026,10
-29.5,-63.5,2,2026-12,3.57,2026,10
-29.5,-62.5,2,2026-12,3.14,2026,10
-29.5,-61.5,2,2026-12,3.47,2026,10
-29.5,-60.5,2,2026-12,4.1,2026,10
-29.5,-59.5,2,2026-12,4.78,2026,10
-29.5,-58.5,2,2026-12,5.91,2026,10
-29.5,-57.5,2,2026-12,6.9,2026,10
-29.5,-56.5,2,2026-12,7.63,2026,10
-29.5,-55.5,2,2026-12,8.43,2026,10
-29.5,-54.5,2,2026-12,8.75,2026,10
-29.5,-53.5,2,2026-12,8.85,2026,10
-29.5,-52.5,2,2026-12,8.95,2026,10
-29.5,-51.5,2,2026-12,8.63,2026,10
-29.5,-50.5,2,2026-12,8.57,2026,10
-29.5,-49.5,2,2026-12,6.17,2026,10
-29.5,-48.5,2,2026-12,5.12,2026,10
-29.5,-47.5,2,2026-12,5.15,2026,10
-29.5,-46.5,2,2026-12,4.87,2026,10
-29.5,-45.5,2,2026-12,4.52,2026,10
-29.5,-44.5,2,2026-12,4.38,2026,10
-29.5,-43.5,2,2026-12,4.37,2026,10
-29.5,-42.5,2,2026-12,4.47,2026,10
-29.5,-41.5,2,2026-12,4.65,2026,10
-29.5,-40.5,2,2026-12,4.69,2026,10
-29.5,-39.5,2,2026-12,4.76,2026,10
-29.5,-38.5,2,2026-12,4.95,2026,10
-29.5,-37.5,2,2026-12,5.23,2026,10
-29.5,-36.5,2,2026-12,5.51,2026,10
-29.5,-35.5,2,2026-12,5.74,2026,10
-29.5,-34.5,2,2026-12,5.9,2026,10
-29.5,-33.5,2,2026-12,6.01,2026,10
-29.5,-32.5,2,2026-12,5.92,2026,10
-29.5,-31.5,2,2026-12,5.7,2026,10
-29.5,-30.5,2,2026-12,5.54,2026,10
-30.5,-89.5,2,2026-12,1.15,2026,10
-30.5,-88.5,2,2026-12,1.08,2026,10
-30.5,-87.5,2,2026-12,0.92,2026,10
-30.5,-86.5,2,2026-12,0.78,2026,10
-30.5,-85.5,2,2026-12,0.73,2026,10
-30.5,-84.5,2,2026-12,0.71,2026,10
-30.5,-83.5,2,2026-12,0.65,2026,10
-30.5,-82.5,2,2026-12,0.63,2026,10
-30.5,-81.5,2,2026-12,0.57,2026,10
-30.5,-80.5,2,2026-12,0.49,2026,10
-30.5,-79.5,2,2026-12,0.47,2026,10
-30.5,-78.5,2,2026-12,0.39,2026,10
-30.5,-77.5,2,2026-12,0.28,2026,10
-30.5,-76.5,2,2026-12,0.22,2026,10
-30.5,-75.5,2,2026-12,0.17,2026,10
-30.5,-74.5,2,2026-12,0.13,2026,10
-30.5,-73.5,2,2026-12,0.09,2026,10
-30.5,-72.5,2,2026-12,0.09,2026,10
-30.5,-71.5,2,2026-12,0.27,2026,10
-30.5,-70.5,2,2026-12,1.45,2026,10
-30.5,-69.5,2,2026-12,1.49,2026,10
-30.5,-68.5,2,2026-12,1.68,2026,10
-30.5,-67.5,2,2026-12,1.91,2026,10
-30.5,-66.5,2,2026-12,2.68,2026,10
-30.5,-65.5,2,2026-12,2.67,2026,10
-30.5,-64.5,2,2026-12,4.06,2026,10
-30.5,-63.5,2,2026-12,3.7,2026,10
-30.5,-62.5,2,2026-12,3.05,2026,10
-30.5,-61.5,2,2026-12,3.17,2026,10
-30.5,-60.5,2,2026-12,3.48,2026,10
-30.5,-59.5,2,2026-12,3.97,2026,10
-30.5,-58.5,2,2026-12,4.82,2026,10
-30.5,-57.5,2,2026-12,5.49,2026,10
-30.5,-56.5,2,2026-12,6.04,2026,10
-30.5,-55.5,2,2026-12,6.27,2026,10
-30.5,-54.5,2,2026-12,6.55,2026,10
-30.5,-53.5,2,2026-12,6.8,2026,10
-30.5,-52.5,2,2026-12,6.72,2026,10
-30.5,-51.5,2,2026-12,6.32,2026,10
-30.5,-50.5,2,2026-12,5.62,2026,10
-30.5,-49.5,2,2026-12,5.2,2026,10
-30.5,-48.5,2,2026-12,5.22,2026,10
-30.5,-47.5,2,2026-12,5.01,2026,10
-30.5,-46.5,2,2026-12,4.68,2026,10
-30.5,-45.5,2,2026-12,4.62,2026,10
-30.5,-44.5,2,2026-12,4.64,2026,10
-30.5,-43.5,2,2026-12,4.61,2026,10
-30.5,-42.5,2,2026-12,4.68,2026,10
-30.5,-41.5,2,2026-12,4.92,2026,10
-30.5,-40.5,2,2026-12,4.97,2026,10
-30.5,-39.5,2,2026-12,5.02,2026,10
-30.5,-38.5,2,2026-12,5.15,2026,10
-30.5,-37.5,2,2026-12,5.25,2026,10
-30.5,-36.5,2,2026-12,5.36,2026,10
-30.5,-35.5,2,2026-12,5.52,2026,10
-30.5,-34.5,2,2026-12,5.66,2026,10
-30.5,-33.5,2,2026-12,5.87,2026,10
-30.5,-32.5,2,2026-12,6.01,2026,10
-30.5,-31.5,2,2026-12,5.93,2026,10
-30.5,-30.5,2,2026-12,5.69,2026,10
-31.5,-89.5,2,2026-12,1.18,2026,10
-31.5,-88.5,2,2026-12,1.18,2026,10
-31.5,-87.5,2,2026-12,1.08,2026,10
-31.5,-86.5,2,2026-12,0.95,2026,10
-31.5,-85.5,2,2026-12,0.82,2026,10
-31.5,-84.5,2,2026-12,0.76,2026,10
-31.5,-83.5,2,2026-12,0.71,2026,10
-31.5,-82.5,2,2026-12,0.67,2026,10
-31.5,-81.5,2,2026-12,0.6,2026,10
-31.5,-80.5,2,2026-12,0.6,2026,10
-31.5,-79.5,2,2026-12,0.52,2026,10
-31.5,-78.5,2,2026-12,0.45,2026,10
-31.5,-77.5,2,2026-12,0.36,2026,10
-31.5,-76.5,2,2026-12,0.27,2026,10
-31.5,-75.5,2,2026-12,0.21,2026,10
-31.5,-74.5,2,2026-12,0.16,2026,10
-31.5,-73.5,2,2026-12,0.12,2026,10
-31.5,-72.5,2,2026-12,0.12,2026,10
-31.5,-71.5,2,2026-12,0.44,2026,10
-31.5,-70.5,2,2026-12,1.1,2026,10
-31.5,-69.5,2,2026-12,1.17,2026,10
-31.5,-68.5,2,2026-12,1.55,2026,10
-31.5,-67.5,2,2026-12,1.59,2026,10
-31.5,-66.5,2,2026-12,2.68,2026,10
-31.5,-65.5,2,2026-12,3.03,2026,10
-31.5,-64.5,2,2026-12,4.89,2026,10
-31.5,-63.5,2,2026-12,3.36,2026,10
-31.5,-62.5,2,2026-12,3.47,2026,10
-31.5,-61.5,2,2026-12,3.34,2026,10
-31.5,-60.5,2,2026-12,3.2,2026,10
-31.5,-59.5,2,2026-12,3.57,2026,10
-31.5,-58.5,2,2026-12,4.15,2026,10
-31.5,-57.5,2,2026-12,4.5,2026,10
-31.5,-56.5,2,2026-12,4.86,2026,10
-31.5,-55.5,2,2026-12,4.74,2026,10
-31.5,-54.5,2,2026-12,4.93,2026,10
-31.5,-53.5,2,2026-12,5.05,2026,10
-31.5,-52.5,2,2026-12,5.03,2026,10
-31.5,-51.5,2,2026-12,4.51,2026,10
-31.5,-50.5,2,2026-12,4.52,2026,10
-31.5,-49.5,2,2026-12,4.95,2026,10
-31.5,-48.5,2,2026-12,4.87,2026,10
-31.5,-47.5,2,2026-12,4.61,2026,10
-31.5,-46.5,2,2026-12,4.54,2026,10
-31.5,-45.5,2,2026-12,4.43,2026,10
-31.5,-44.5,2,2026-12,4.48,2026,10
-31.5,-43.5,2,2026-12,4.59,2026,10
-31.5,-42.5,2,2026-12,4.7,2026,10
-31.5,-41.5,2,2026-12,4.92,2026,10
-31.5,-40.5,2,2026-12,5.16,2026,10
-31.5,-39.5,2,2026-12,5.21,2026,10
-31.5,-38.5,2,2026-12,5.26,2026,10
-31.5,-37.5,2,2026-12,5.33,2026,10
-31.5,-36.5,2,2026-12,5.32,2026,10
-31.5,-35.5,2,2026-12,5.3,2026,10
-31.5,-34.5,2,2026-12,5.26,2026,10
-31.5,-33.5,2,2026-12,5.42,2026,10
-31.5,-32.5,2,2026-12,5.61,2026,10
-31.5,-31.5,2,2026-12,5.77,2026,10
-31.5,-30.5,2,2026-12,5.75,2026,10
-32.5,-89.5,2,2026-12,1.23,2026,10
-32.5,-88.5,2,2026-12,1.21,2026,10
-32.5,-87.5,2,2026-12,1.14,2026,10
-32.5,-86.5,2,2026-12,1.03,2026,10
-32.5,-85.5,2,2026-12,0.93,2026,10
-32.5,-84.5,2,2026-12,0.87,2026,10
-32.5,-83.5,2,2026-12,0.83,2026,10
-32.5,-82.5,2,2026-12,0.74,2026,10
-32.5,-81.5,2,2026-12,0.68,2026,10
-32.5,-80.5,2,2026-12,0.68,2026,10
-32.5,-79.5,2,2026-12,0.64,2026,10
-32.5,-78.5,2,2026-12,0.52,2026,10
-32.5,-77.5,2,2026-12,0.46,2026,10
-32.5,-76.5,2,2026-12,0.39,2026,10
-32.5,-75.5,2,2026-12,0.28,2026,10
-32.5,-74.5,2,2026-12,0.23,2026,10
-32.5,-73.5,2,2026-12,0.18,2026,10
-32.5,-72.5,2,2026-12,0.19,2026,10
-32.5,-71.5,2,2026-12,0.61,2026,10
-32.5,-70.5,2,2026-12,1.66,2026,10
-32.5,-69.5,2,2026-12,1.92,2026,10
-32.5,-68.5,2,2026-12,2.46,2026,10
-32.5,-67.5,2,2026-12,2.02,2026,10
-32.5,-66.5,2,2026-12,3.21,2026,10
-32.5,-65.5,2,2026-12,3.79,2026,10
-32.5,-64.5,2,2026-12,4.39,2026,10
-32.5,-63.5,2,2026-12,3.89,2026,10
-32.5,-62.5,2,2026-12,3.94,2026,10
-32.5,-61.5,2,2026-12,3.67,2026,10
-32.5,-60.5,2,2026-12,3.29,2026,10
-32.5,-59.5,2,2026-12,3.38,2026,10
-32.5,-58.5,2,2026-12,3.44,2026,10
-32.5,-57.5,2,2026-12,3.55,2026,10
-32.5,-56.5,2,2026-12,3.87,2026,10
-32.5,-55.5,2,2026-12,3.87,2026,10
-32.5,-54.5,2,2026-12,3.92,2026,10
-32.5,-53.5,2,2026-12,3.99,2026,10
-32.5,-52.5,2,2026-12,3.9,2026,10
-32.5,-51.5,2,2026-12,3.74,2026,10
-32.5,-50.5,2,2026-12,4.01,2026,10
-32.5,-49.5,2,2026-12,4.68,2026,10
-32.5,-48.5,2,2026-12,4.41,2026,10
-32.5,-47.5,2,2026-12,4.29,2026,10
-32.5,-46.5,2,2026-12,4.31,2026,10
-32.5,-45.5,2,2026-12,4.27,2026,10
-32.5,-44.5,2,2026-12,4.25,2026,10
-32.5,-43.5,2,2026-12,4.38,2026,10
-32.5,-42.5,2,2026-12,4.5,2026,10
-32.5,-41.5,2,2026-12,4.65,2026,10
-32.5,-40.5,2,2026-12,4.83,2026,10
-32.5,-39.5,2,2026-12,5.06,2026,10
-32.5,-38.5,2,2026-12,5.25,2026,10
-32.5,-37.5,2,2026-12,5.38,2026,10
-32.5,-36.5,2,2026-12,5.29,2026,10
-32.5,-35.5,2,2026-12,5.18,2026,10
-32.5,-34.5,2,2026-12,5.11,2026,10
-32.5,-33.5,2,2026-12,5.23,2026,10
-32.5,-32.5,2,2026-12,5.32,2026,10
-32.5,-31.5,2,2026-12,5.46,2026,10
-32.5,-30.5,2,2026-12,5.53,2026,10
-33.5,-89.5,2,2026-12,1.31,2026,10
-33.5,-88.5,2,2026-12,1.29,2026,10
-33.5,-87.5,2,2026-12,1.21,2026,10
-33.5,-86.5,2,2026-12,1.07,2026,10
-33.5,-85.5,2,2026-12,0.98,2026,10
-33.5,-84.5,2,2026-12,0.95,2026,10
-33.5,-83.5,2,2026-12,0.86,2026,10
-33.5,-82.5,2,2026-12,0.79,2026,10
-33.5,-81.5,2,2026-12,0.75,2026,10
-33.5,-80.5,2,2026-12,0.74,2026,10
-33.5,-79.5,2,2026-12,0.69,2026,10
-33.5,-78.5,2,2026-12,0.61,2026,10
-33.5,-77.5,2,2026-12,0.53,2026,10
-33.5,-76.5,2,2026-12,0.45,2026,10
-33.5,-75.5,2,2026-12,0.41,2026,10
-33.5,-74.5,2,2026-12,0.33,2026,10
-33.5,-73.5,2,2026-12,0.3,2026,10
-33.5,-72.5,2,2026-12,0.32,2026,10
-33.5,-71.5,2,2026-12,0.85,2026,10
-33.5,-70.5,2,2026-12,2.3,2026,10
-33.5,-69.5,2,2026-12,3.41,2026,10
-33.5,-68.5,2,2026-12,3.96,2026,10
-33.5,-67.5,2,2026-12,3.91,2026,10
-33.5,-66.5,2,2026-12,4.11,2026,10
-33.5,-65.5,2,2026-12,4.77,2026,10
-33.5,-64.5,2,2026-12,4.68,2026,10
-33.5,-63.5,2,2026-12,4.31,2026,10
-33.5,-62.5,2,2026-12,4.04,2026,10
-33.5,-61.5,2,2026-12,3.69,2026,10
-33.5,-60.5,2,2026-12,3.41,2026,10
-33.5,-59.5,2,2026-12,3.31,2026,10
-33.5,-58.5,2,2026-12,3.29,2026,10
-33.5,-57.5,2,2026-12,3.25,2026,10
-33.5,-56.5,2,2026-12,3.16,2026,10
-33.5,-55.5,2,2026-12,3.08,2026,10
-33.5,-54.5,2,2026-12,3.0,2026,10
-33.5,-53.5,2,2026-12,3.03,2026,10
-33.5,-52.5,2,2026-12,3.03,2026,10
-33.5,-51.5,2,2026-12,2.98,2026,10
-33.5,-50.5,2,2026-12,3.47,2026,10
-33.5,-49.5,2,2026-12,4.06,2026,10
-33.5,-48.5,2,2026-12,3.92,2026,10
-33.5,-47.5,2,2026-12,4.01,2026,10
-33.5,-46.5,2,2026-12,4.16,2026,10
-33.5,-45.5,2,2026-12,4.13,2026,10
-33.5,-44.5,2,2026-12,4.19,2026,10
-33.5,-43.5,2,2026-12,4.3,2026,10
-33.5,-42.5,2,2026-12,4.43,2026,10
-33.5,-41.5,2,2026-12,4.47,2026,10
-33.5,-40.5,2,2026-12,4.52,2026,10
-33.5,-39.5,2,2026-12,4.78,2026,10
-33.5,-38.5,2,2026-12,4.97,2026,10
-33.5,-37.5,2,2026-12,5.05,2026,10
-33.5,-36.5,2,2026-12,5.16,2026,10
-33.5,-35.5,2,2026-12,5.18,2026,10
-33.5,-34.5,2,2026-12,5.06,2026,10
-33.5,-33.5,2,2026-12,5.03,2026,10
-33.5,-32.5,2,2026-12,5.08,2026,10
-33.5,-31.5,2,2026-12,5.08,2026,10
-33.5,-30.5,2,2026-12,5.11,2026,10
-34.5,-89.5,2,2026-12,1.51,2026,10
-34.5,-88.5,2,2026-12,1.39,2026,10
-34.5,-87.5,2,2026-12,1.3,2026,10
-34.5,-86.5,2,2026-12,1.15,2026,10
-34.5,-85.5,2,2026-12,1.03,2026,10
-34.5,-84.5,2,2026-12,1.01,2026,10
-34.5,-83.5,2,2026-12,0.95,2026,10
-34.5,-82.5,2,2026-12,0.92,2026,10
-34.5,-81.5,2,2026-12,0.89,2026,10
-34.5,-80.5,2,2026-12,0.81,2026,10
-34.5,-79.5,2,2026-12,0.8,2026,10
-34.5,-78.5,2,2026-12,0.69,2026,10
-34.5,-77.5,2,2026-12,0.58,2026,10
-34.5,-76.5,2,2026-12,0.53,2026,10
-34.5,-75.5,2,2026-12,0.47,2026,10
-34.5,-74.5,2,2026-12,0.41,2026,10
-34.5,-73.5,2,2026-12,0.4,2026,10
-34.5,-72.5,2,2026-12,0.55,2026,10
-34.5,-71.5,2,2026-12,1.63,2026,10
-34.5,-70.5,2,2026-12,3.21,2026,10
-34.5,-69.5,2,2026-12,2.56,2026,10
-34.5,-68.5,2,2026-12,3.08,2026,10
-34.5,-67.5,2,2026-12,3.12,2026,10
-34.5,-66.5,2,2026-12,4.21,2026,10
-34.5,-65.5,2,2026-12,4.35,2026,10
-34.5,-64.5,2,2026-12,4.13,2026,10
-34.5,-63.5,2,2026-12,4.22,2026,10
-34.5,-62.5,2,2026-12,4.17,2026,10
-34.5,-61.5,2,2026-12,3.91,2026,10
-34.5,-60.5,2,2026-12,3.41,2026,10
-34.5,-59.5,2,2026-12,3.09,2026,10
-34.5,-58.5,2,2026-12,2.99,2026,10
-34.5,-57.5,2,2026-12,2.89,2026,10
-34.5,-56.5,2,2026-12,2.97,2026,10
-34.5,-55.5,2,2026-12,2.8,2026,10
-34.5,-54.5,2,2026-12,2.64,2026,10
-34.5,-53.5,2,2026-12,2.52,2026,10
-34.5,-52.5,2,2026-12,2.55,2026,10
-34.5,-51.5,2,2026-12,2.75,2026,10
-34.5,-50.5,2,2026-12,3.44,2026,10
-34.5,-49.5,2,2026-12,3.66,2026,10
-34.5,-48.5,2,2026-12,3.53,2026,10
-34.5,-47.5,2,2026-12,3.58,2026,10
-34.5,-46.5,2,2026-12,3.8,2026,10
-34.5,-45.5,2,2026-12,3.95,2026,10
-34.5,-44.5,2,2026-12,4.04,2026,10
-34.5,-43.5,2,2026-12,4.13,2026,10
-34.5,-42.5,2,2026-12,4.18,2026,10
-34.5,-41.5,2,2026-12,4.29,2026,10
-34.5,-40.5,2,2026-12,4.47,2026,10
-34.5,-39.5,2,2026-12,4.49,2026,10
-34.5,-38.5,2,2026-12,4.61,2026,10
-34.5,-37.5,2,2026-12,4.66,2026,10
-34.5,-36.5,2,2026-12,4.72,2026,10
-34.5,-35.5,2,2026-12,4.83,2026,10
-34.5,-34.5,2,2026-12,4.84,2026,10
-34.5,-33.5,2,2026-12,4.78,2026,10
-34.5,-32.5,2,2026-12,4.67,2026,10
-34.5,-31.5,2,2026-12,4.68,2026,10
-34.5,-30.5,2,2026-12,4.61,2026,10
-35.5,-89.5,2,2026-12,1.53,2026,10
-35.5,-88.5,2,2026-12,1.52,2026,10
-35.5,-87.5,2,2026-12,1.45,2026,10
-35.5,-86.5,2,2026-12,1.27,2026,10
-35.5,-85.5,2,2026-12,1.16,2026,10
-35.5,-84.5,2,2026-12,1.08,2026,10
-35.5,-83.5,2,2026-12,1.06,2026,10
-35.5,-82.5,2,2026-12,1.0,2026,10
-35.5,-81.5,2,2026-12,0.96,2026,10
-35.5,-80.5,2,2026-12,0.93,2026,10
-35.5,-79.5,2,2026-12,0.86,2026,10
-35.5,-78.5,2,2026-12,0.77,2026,10
-35.5,-77.5,2,2026-12,0.69,2026,10
-35.5,-76.5,2,2026-12,0.65,2026,10
-35.5,-75.5,2,2026-12,0.64,2026,10
-35.5,-74.5,2,2026-12,0.58,2026,10
-35.5,-73.5,2,2026-12,0.59,2026,10
-35.5,-72.5,2,2026-12,0.92,2026,10
-35.5,-71.5,2,2026-12,2.82,2026,10
-35.5,-70.5,2,2026-12,3.0,2026,10
-35.5,-69.5,2,2026-12,1.55,2026,10
-35.5,-68.5,2,2026-12,2.34,2026,10
-35.5,-67.5,2,2026-12,2.85,2026,10
-35.5,-66.5,2,2026-12,3.49,2026,10
-35.5,-65.5,2,2026-12,3.8,2026,10
-35.5,-64.5,2,2026-12,4.07,2026,10
-35.5,-63.5,2,2026-12,4.16,2026,10
-35.5,-62.5,2,2026-12,3.99,2026,10
-35.5,-61.5,2,2026-12,3.68,2026,10
-35.5,-60.5,2,2026-12,3.42,2026,10
-35.5,-59.5,2,2026-12,3.07,2026,10
-35.5,-58.5,2,2026-12,2.95,2026,10
-35.5,-57.5,2,2026-12,2.8,2026,10
-35.5,-56.5,2,2026-12,2.49,2026,10
-35.5,-55.5,2,2026-12,2.35,2026,10
-35.5,-54.5,2,2026-12,2.3,2026,10
-35.5,-53.5,2,2026-12,2.22,2026,10
-35.5,-52.5,2,2026-12,2.3,2026,10
-35.5,-51.5,2,2026-12,2.79,2026,10
-35.5,-50.5,2,2026-12,3.43,2026,10
-35.5,-49.5,2,2026-12,3.45,2026,10
-35.5,-48.5,2,2026-12,3.35,2026,10
-35.5,-47.5,2,2026-12,3.39,2026,10
-35.5,-46.5,2,2026-12,3.53,2026,10
-35.5,-45.5,2,2026-12,3.65,2026,10
-35.5,-44.5,2,2026-12,3.78,2026,10
-35.5,-43.5,2,2026-12,3.9,2026,10
-35.5,-42.5,2,2026-12,3.97,2026,10
-35.5,-41.5,2,2026-12,4.02,2026,10
-35.5,-40.5,2,2026-12,4.15,2026,10
-35.5,-39.5,2,2026-12,4.33,2026,10
-35.5,-38.5,2,2026-12,4.4,2026,10
-35.5,-37.5,2,2026-12,4.34,2026,10
-35.5,-36.5,2,2026-12,4.29,2026,10
-35.5,-35.5,2,2026-12,4.39,2026,10
-35.5,-34.5,2,2026-12,4.5,2026,10
-35.5,-33.5,2,2026-12,4.56,2026,10
-35.5,-32.5,2,2026-12,4.42,2026,10
-35.5,-31.5,2,2026-12,4.33,2026,10
-35.5,-30.5,2,2026-12,4.31,2026,10
-36.5,-89.5,2,2026-12,1.6,2026,10
-36.5,-88.5,2,2026-12,1.6,2026,10
-36.5,-87.5,2,2026-12,1.5,2026,10
-36.5,-86.5,2,2026-12,1.43,2026,10
-36.5,-85.5,2,2026-12,1.32,2026,10
-36.5,-84.5,2,2026-12,1.26,2026,10
-36.5,-83.5,2,2026-12,1.14,2026,10
-36.5,-82.5,2,2026-12,1.06,2026,10
-36.5,-81.5,2,2026-12,1.07,2026,10
-36.5,-80.5,2,2026-12,1.04,2026,10
-36.5,-79.5,2,2026-12,0.95,2026,10
-36.5,-78.5,2,2026-12,0.85,2026,10
-36.5,-77.5,2,2026-12,0.81,2026,10
-36.5,-76.5,2,2026-12,0.77,2026,10
-36.5,-75.5,2,2026-12,0.75,2026,10
-36.5,-74.5,2,2026-12,0.83,2026,10
-36.5,-73.5,2,2026-12,1.01,2026,10
-36.5,-72.5,2,2026-12,1.51,2026,10
-36.5,-71.5,2,2026-12,3.84,2026,10
-36.5,-70.5,2,2026-12,2.22,2026,10
-36.5,-69.5,2,2026-12,1.3,2026,10
-36.5,-68.5,2,2026-12,2.07,2026,10
-36.5,-67.5,2,2026-12,2.24,2026,10
-36.5,-66.5,2,2026-12,2.85,2026,10
-36.5,-65.5,2,2026-12,3.41,2026,10
-36.5,-64.5,2,2026-12,3.67,2026,10
-36.5,-63.5,2,2026-12,3.79,2026,10
-36.5,-62.5,2,2026-12,3.74,2026,10
-36.5,-61.5,2,2026-12,3.63,2026,10
-36.5,-60.5,2,2026-12,3.34,2026,10
-36.5,-59.5,2,2026-12,3.08,2026,10
-36.5,-58.5,2,2026-12,2.9,2026,10
-36.5,-57.5,2,2026-12,2.86,2026,10
-36.5,-56.5,2,2026-12,2.59,2026,10
-36.5,-55.5,2,2026-12,2.33,2026,10
-36.5,-54.5,2,2026-12,2.22,2026,10
-36.5,-53.5,2,2026-12,2.23,2026,10
-36.5,-52.5,2,2026-12,2.46,2026,10
-36.5,-51.5,2,2026-12,3.0,2026,10
-36.5,-50.5,2,2026-12,3.23,2026,10
-36.5,-49.5,2,2026-12,3.15,2026,10
-36.5,-48.5,2,2026-12,3.14,2026,10
-36.5,-47.5,2,2026-12,3.23,2026,10
-36.5,-46.5,2,2026-12,3.36,2026,10
-36.5,-45.5,2,2026-12,3.45,2026,10
-36.5,-44.5,2,2026-12,3.49,2026,10
-36.5,-43.5,2,2026-12,3.59,2026,10
-36.5,-42.5,2,2026-12,3.63,2026,10
-36.5,-41.5,2,2026-12,3.69,2026,10
-36.5,-40.5,2,2026-12,3.81,2026,10
-36.5,-39.5,2,2026-12,3.95,2026,10
-36.5,-38.5,2,2026-12,4.1,2026,10
-36.5,-37.5,2,2026-12,4.14,2026,10
-36.5,-36.5,2,2026-12,4.16,2026,10
-36.5,-35.5,2,2026-12,4.19,2026,10
-36.5,-34.5,2,2026-12,4.22,2026,10
-36.5,-33.5,2,2026-12,4.21,2026,10
-36.5,-32.5,2,2026-12,4.15,2026,10
-36.5,-31.5,2,2026-12,4.1,2026,10
-36.5,-30.5,2,2026-12,4.11,2026,10
-37.5,-89.5,2,2026-12,1.72,2026,10
-37.5,-88.5,2,2026-12,1.74,2026,10
-37.5,-87.5,2,2026-12,1.64,2026,10
-37.5,-86.5,2,2026-12,1.55,2026,10
-37.5,-85.5,2,2026-12,1.48,2026,10
-37.5,-84.5,2,2026-12,1.38,2026,10
-37.5,-83.5,2,2026-12,1.28,2026,10
-37.5,-82.5,2,2026-12,1.18,2026,10
-37.5,-81.5,2,2026-12,1.15,2026,10
-37.5,-80.5,2,2026-12,1.1,2026,10
-37.5,-79.5,2,2026-12,1.03,2026,10
-37.5,-78.5,2,2026-12,0.99,2026,10
-37.5,-77.5,2,2026-12,0.93,2026,10
-37.5,-76.5,2,2026-12,0.88,2026,10
-37.5,-75.5,2,2026-12,0.9,2026,10
-37.5,-74.5,2,2026-12,1.11,2026,10
-37.5,-73.5,2,2026-12,1.95,2026,10
-37.5,-72.5,2,2026-12,2.52,2026,10
-37.5,-71.5,2,2026-12,3.89,2026,10
-37.5,-70.5,2,2026-12,1.8,2026,10
-37.5,-69.5,2,2026-12,1.27,2026,10
-37.5,-68.5,2,2026-12,1.64,2026,10
-37.5,-67.5,2,2026-12,2.06,2026,10
-37.5,-66.5,2,2026-12,2.58,2026,10
-37.5,-65.5,2,2026-12,3.19,2026,10
-37.5,-64.5,2,2026-12,3.3,2026,10
-37.5,-63.5,2,2026-12,3.34,2026,10
-37.5,-62.5,2,2026-12,3.57,2026,10
-37.5,-61.5,2,2026-12,3.44,2026,10
-37.5,-60.5,2,2026-12,3.21,2026,10
-37.5,-59.5,2,2026-12,3.09,2026,10
-37.5,-58.5,2,2026-12,3.03,2026,10
-37.5,-57.5,2,2026-12,2.99,2026,10
-37.5,-56.5,2,2026-12,2.59,2026,10
-37.5,-55.5,2,2026-12,2.44,2026,10
-37.5,-54.5,2,2026-12,2.35,2026,10
-37.5,-53.5,2,2026-12,2.42,2026,10
-37.5,-52.5,2,2026-12,2.83,2026,10
-37.5,-51.5,2,2026-12,3.18,2026,10
-37.5,-50.5,2,2026-12,3.25,2026,10
-37.5,-49.5,2,2026-12,3.23,2026,10
-37.5,-48.5,2,2026-12,3.12,2026,10
-37.5,-47.5,2,2026-12,3.14,2026,10
-37.5,-46.5,2,2026-12,3.21,2026,10
-37.5,-45.5,2,2026-12,3.25,2026,10
-37.5,-44.5,2,2026-12,3.31,2026,10
-37.5,-43.5,2,2026-12,3.3,2026,10
-37.5,-42.5,2,2026-12,3.32,2026,10
-37.5,-41.5,2,2026-12,3.38,2026,10
-37.5,-40.5,2,2026-12,3.44,2026,10
-37.5,-39.5,2,2026-12,3.51,2026,10
-37.5,-38.5,2,2026-12,3.66,2026,10
-37.5,-37.5,2,2026-12,3.83,2026,10
-37.5,-36.5,2,2026-12,3.86,2026,10
-37.5,-35.5,2,2026-12,3.87,2026,10
-37.5,-34.5,2,2026-12,3.95,2026,10
-37.5,-33.5,2,2026-12,4.02,2026,10
-37.5,-32.5,2,2026-12,4.0,2026,10
-37.5,-31.5,2,2026-12,3.89,2026,10
-37.5,-30.5,2,2026-12,3.83,2026,10
-38.5,-89.5,2,2026-12,1.7,2026,10
-38.5,-88.5,2,2026-12,1.67,2026,10
-38.5,-87.5,2,2026-12,1.62,2026,10
-38.5,-86.5,2,2026-12,1.59,2026,10
-38.5,-85.5,2,2026-12,1.52,2026,10
-38.5,-84.5,2,2026-12,1.47,2026,10
-38.5,-83.5,2,2026-12,1.32,2026,10
-38.5,-82.5,2,2026-12,1.26,2026,10
-38.5,-81.5,2,2026-12,1.25,2026,10
-38.5,-80.5,2,2026-12,1.18,2026,10
-38.5,-79.5,2,2026-12,1.16,2026,10
-38.5,-78.5,2,2026-12,1.11,2026,10
-38.5,-77.5,2,2026-12,1.05,2026,10
-38.5,-76.5,2,2026-12,1.06,2026,10
-38.5,-75.5,2,2026-12,1.09,2026,10
-38.5,-74.5,2,2026-12,1.38,2026,10
-38.5,-73.5,2,2026-12,2.29,2026,10
-38.5,-72.5,2,2026-12,3.38,2026,10
-38.5,-71.5,2,2026-12,4.25,2026,10
-38.5,-70.5,2,2026-12,1.64,2026,10
-38.5,-69.5,2,2026-12,1.15,2026,10
-38.5,-68.5,2,2026-12,1.22,2026,10
-38.5,-67.5,2,2026-12,1.71,2026,10
-38.5,-66.5,2,2026-12,2.09,2026,10
-38.5,-65.5,2,2026-12,2.41,2026,10
-38.5,-64.5,2,2026-12,2.71,2026,10
-38.5,-63.5,2,2026-12,2.81,2026,10
-38.5,-62.5,2,2026-12,3.07,2026,10
-38.5,-61.5,2,2026-12,3.23,2026,10
-38.5,-60.5,2,2026-12,3.14,2026,10
-38.5,-59.5,2,2026-12,3.05,2026,10
-38.5,-58.5,2,2026-12,2.91,2026,10
-38.5,-57.5,2,2026-12,2.69,2026,10
-38.5,-56.5,2,2026-12,2.42,2026,10
-38.5,-55.5,2,2026-12,2.31,2026,10
-38.5,-54.5,2,2026-12,2.37,2026,10
-38.5,-53.5,2,2026-12,2.57,2026,10
-38.5,-52.5,2,2026-12,3.1,2026,10
-38.5,-51.5,2,2026-12,3.24,2026,10
-38.5,-50.5,2,2026-12,3.32,2026,10
-38.5,-49.5,2,2026-12,3.23,2026,10
-38.5,-48.5,2,2026-12,3.08,2026,10
-38.5,-47.5,2,2026-12,3.04,2026,10
-38.5,-46.5,2,2026-12,3.19,2026,10
-38.5,-45.5,2,2026-12,3.2,2026,10
-38.5,-44.5,2,2026-12,3.14,2026,10
-38.5,-43.5,2,2026-12,3.1,2026,10
-38.5,-42.5,2,2026-12,3.13,2026,10
-38.5,-41.5,2,2026-12,3.19,2026,10
-38.5,-40.5,2,2026-12,3.26,2026,10
-38.5,-39.5,2,2026-12,3.27,2026,10
-38.5,-38.5,2,2026-12,3.27,2026,10
-38.5,-37.5,2,2026-12,3.43,2026,10
-38.5,-36.5,2,2026-12,3.5,2026,10
-38.5,-35.5,2,2026-12,3.48,2026,10
-38.5,-34.5,2,2026-12,3.62,2026,10
-38.5,-33.5,2,2026-12,3.7,2026,10
-38.5,-32.5,2,2026-12,3.73,2026,10
-38.5,-31.5,2,2026-12,3.75,2026,10
-38.5,-30.5,2,2026-12,3.75,2026,10
-39.5,-89.5,2,2026-12,1.72,2026,10
-39.5,-88.5,2,2026-12,1.73,2026,10
-39.5,-87.5,2,2026-12,1.68,2026,10
-39.5,-86.5,2,2026-12,1.62,2026,10
-39.5,-85.5,2,2026-12,1.57,2026,10
-39.5,-84.5,2,2026-12,1.51,2026,10
-39.5,-83.5,2,2026-12,1.44,2026,10
-39.5,-82.5,2,2026-12,1.37,2026,10
-39.5,-81.5,2,2026-12,1.32,2026,10
-39.5,-80.5,2,2026-12,1.25,2026,10
-39.5,-79.5,2,2026-12,1.21,2026,10
-39.5,-78.5,2,2026-12,1.2,2026,10
-39.5,-77.5,2,2026-12,1.17,2026,10
-39.5,-76.5,2,2026-12,1.16,2026,10
-39.5,-75.5,2,2026-12,1.31,2026,10
-39.5,-74.5,2,2026-12,1.59,2026,10
-39.5,-73.5,2,2026-12,2.9,2026,10
-39.5,-72.5,2,2026-12,4.93,2026,10
-39.5,-71.5,2,2026-12,4.3,2026,10
-39.5,-70.5,2,2026-12,1.46,2026,10
-39.5,-69.5,2,2026-12,1.11,2026,10
-39.5,-68.5,2,2026-12,1.24,2026,10
-39.5,-67.5,2,2026-12,1.41,2026,10
-39.5,-66.5,2,2026-12,1.58,2026,10
-39.5,-65.5,2,2026-12,1.82,2026,10
-39.5,-64.5,2,2026-12,2.05,2026,10
-39.5,-63.5,2,2026-12,2.26,2026,10
-39.5,-62.5,2,2026-12,2.45,2026,10
-39.5,-61.5,2,2026-12,2.31,2026,10
-39.5,-60.5,2,2026-12,2.25,2026,10
-39.5,-59.5,2,2026-12,2.12,2026,10
-39.5,-58.5,2,2026-12,2.07,2026,10
-39.5,-57.5,2,2026-12,2.1,2026,10
-39.5,-56.5,2,2026-12,2.11,2026,10
-39.5,-55.5,2,2026-12,2.08,2026,10
-39.5,-54.5,2,2026-12,2.22,2026,10
-39.5,-53.5,2,2026-12,2.59,2026,10
-39.5,-52.5,2,2026-12,3.09,2026,10
-39.5,-51.5,2,2026-12,3.3,2026,10
-39.5,-50.5,2,2026-12,3.42,2026,10
-39.5,-49.5,2,2026-12,3.33,2026,10
-39.5,-48.5,2,2026-12,3.11,2026,10
-39.5,-47.5,2,2026-12,3.13,2026,10
-39.5,-46.5,2,2026-12,3.14,2026,10
-39.5,-45.5,2,2026-12,3.1,2026,10
-39.5,-44.5,2,2026-12,3.06,2026,10
-39.5,-43.5,2,2026-12,3.09,2026,10
-39.5,-42.5,2,2026-12,3.1,2026,10
-39.5,-41.5,2,2026-12,3.13,2026,10
-39.5,-40.5,2,2026-12,3.21,2026,10
-39.5,-39.5,2,2026-12,3.28,2026,10
-39.5,-38.5,2,2026-12,3.29,2026,10
-39.5,-37.5,2,2026-12,3.32,2026,10
-39.5,-36.5,2,2026-12,3.33,2026,10
-39.5,-35.5,2,2026-12,3.26,2026,10
-39.5,-34.5,2,2026-12,3.33,2026,10
-39.5,-33.5,2,2026-12,3.45,2026,10
-39.5,-32.5,2,2026-12,3.57,2026,10
-39.5,-31.5,2,2026-12,3.61,2026,10
-39.5,-30.5,2,2026-12,3.6,2026,10
-40.5,-89.5,2,2026-12,1.85,2026,10
-40.5,-88.5,2,2026-12,1.81,2026,10
-40.5,-87.5,2,2026-12,1.75,2026,10
-40.5,-86.5,2,2026-12,1.71,2026,10
-40.5,-85.5,2,2026-12,1.62,2026,10
-40.5,-84.5,2,2026-12,1.58,2026,10
-40.5,-83.5,2,2026-12,1.57,2026,10
-40.5,-82.5,2,2026-12,1.55,2026,10
-40.5,-81.5,2,2026-12,1.48,2026,10
-40.5,-80.5,2,2026-12,1.38,2026,10
-40.5,-79.5,2,2026-12,1.3,2026,10
-40.5,-78.5,2,2026-12,1.32,2026,10
-40.5,-77.5,2,2026-12,1.3,2026,10
-40.5,-76.5,2,2026-12,1.34,2026,10
-40.5,-75.5,2,2026-12,1.6,2026,10
-40.5,-74.5,2,2026-12,2.54,2026,10
-40.5,-73.5,2,2026-12,3.57,2026,10
-40.5,-72.5,2,2026-12,5.85,2026,10
-40.5,-71.5,2,2026-12,3.68,2026,10
-40.5,-70.5,2,2026-12,1.22,2026,10
-40.5,-69.5,2,2026-12,1.21,2026,10
-40.5,-68.5,2,2026-12,1.28,2026,10
-40.5,-67.5,2,2026-12,1.33,2026,10
-40.5,-66.5,2,2026-12,1.36,2026,10
-40.5,-65.5,2,2026-12,1.43,2026,10
-40.5,-64.5,2,2026-12,1.58,2026,10
-40.5,-63.5,2,2026-12,1.82,2026,10
-40.5,-62.5,2,2026-12,1.89,2026,10
-40.5,-61.5,2,2026-12,1.77,2026,10
-40.5,-60.5,2,2026-12,1.78,2026,10
-40.5,-59.5,2,2026-12,1.87,2026,10
-40.5,-58.5,2,2026-12,1.9,2026,10
-40.5,-57.5,2,2026-12,1.91,2026,10
-40.5,-56.5,2,2026-12,1.99,2026,10
-40.5,-55.5,2,2026-12,2.0,2026,10
-40.5,-54.5,2,2026-12,2.15,2026,10
-40.5,-53.5,2,2026-12,2.48,2026,10
-40.5,-52.5,2,2026-12,2.86,2026,10
-40.5,-51.5,2,2026-12,3.1,2026,10
-40.5,-50.5,2,2026-12,3.19,2026,10
-40.5,-49.5,2,2026-12,3.27,2026,10
-40.5,-48.5,2,2026-12,3.18,2026,10
-40.5,-47.5,2,2026-12,3.12,2026,10
-40.5,-46.5,2,2026-12,3.01,2026,10
-40.5,-45.5,2,2026-12,2.96,2026,10
-40.5,-44.5,2,2026-12,3.07,2026,10
-40.5,-43.5,2,2026-12,3.15,2026,10
-40.5,-42.5,2,2026-12,3.16,2026,10
-40.5,-41.5,2,2026-12,3.18,2026,10
-40.5,-40.5,2,2026-12,3.21,2026,10
-40.5,-39.5,2,2026-12,3.29,2026,10
-40.5,-38.5,2,2026-12,3.36,2026,10
-40.5,-37.5,2,2026-12,3.38,2026,10
-40.5,-36.5,2,2026-12,3.4,2026,10
-40.5,-35.5,2,2026-12,3.27,2026,10
-40.5,-34.5,2,2026-12,3.22,2026,10
-40.5,-33.5,2,2026-12,3.3,2026,10
-40.5,-32.5,2,2026-12,3.42,2026,10
-40.5,-31.5,2,2026-12,3.39,2026,10
-40.5,-30.5,2,2026-12,3.3,2026,10
-41.5,-89.5,2,2026-12,1.9,2026,10
-41.5,-88.5,2,2026-12,1.84,2026,10
-41.5,-87.5,2,2026-12,1.76,2026,10
-41.5,-86.5,2,2026-12,1.74,2026,10
-41.5,-85.5,2,2026-12,1.72,2026,10
-41.5,-84.5,2,2026-12,1.7,2026,10
-41.5,-83.5,2,2026-12,1.67,2026,10
-41.5,-82.5,2,2026-12,1.64,2026,10
-41.5,-81.5,2,2026-12,1.58,2026,10
-41.5,-80.5,2,2026-12,1.49,2026,10
-41.5,-79.5,2,2026-12,1.46,2026,10
-41.5,-78.5,2,2026-12,1.48,2026,10
-41.5,-77.5,2,2026-12,1.51,2026,10
-41.5,-76.5,2,2026-12,1.59,2026,10
-41.5,-75.5,2,2026-12,1.94,2026,10
-41.5,-74.5,2,2026-12,2.83,2026,10
-41.5,-73.5,2,2026-12,3.87,2026,10
-41.5,-72.5,2,2026-12,7.69,2026,10
-41.5,-71.5,2,2026-12,3.77,2026,10
-41.5,-70.5,2,2026-12,1.25,2026,10
-41.5,-69.5,2,2026-12,1.17,2026,10
-41.5,-68.5,2,2026-12,1.25,2026,10
-41.5,-67.5,2,2026-12,1.32,2026,10
-41.5,-66.5,2,2026-12,1.4,2026,10
-41.5,-65.5,2,2026-12,1.23,2026,10
-41.5,-64.5,2,2026-12,0.98,2026,10
-41.5,-63.5,2,2026-12,1.09,2026,10
-41.5,-62.5,2,2026-12,1.23,2026,10
-41.5,-61.5,2,2026-12,1.39,2026,10
-41.5,-60.5,2,2026-12,1.54,2026,10
-41.5,-59.5,2,2026-12,1.69,2026,10
-41.5,-58.5,2,2026-12,1.82,2026,10
-41.5,-57.5,2,2026-12,1.86,2026,10
-41.5,-56.5,2,2026-12,1.88,2026,10
-41.5,-55.5,2,2026-12,1.98,2026,10
-41.5,-54.5,2,2026-12,2.21,2026,10
-41.5,-53.5,2,2026-12,2.34,2026,10
-41.5,-52.5,2,2026-12,2.52,2026,10
-41.5,-51.5,2,2026-12,2.7,2026,10
-41.5,-50.5,2,2026-12,2.83,2026,10
-41.5,-49.5,2,2026-12,3.07,2026,10
-41.5,-48.5,2,2026-12,3.19,2026,10
-41.5,-47.5,2,2026-12,3.06,2026,10
-41.5,-46.5,2,2026-12,2.94,2026,10
-41.5,-45.5,2,2026-12,2.83,2026,10
-41.5,-44.5,2,2026-12,2.88,2026,10
-41.5,-43.5,2,2026-12,3.0,2026,10
-41.5,-42.5,2,2026-12,3.1,2026,10
-41.5,-41.5,2,2026-12,3.04,2026,10
-41.5,-40.5,2,2026-12,3.07,2026,10
-41.5,-39.5,2,2026-12,3.19,2026,10
-41.5,-38.5,2,2026-12,3.31,2026,10
-41.5,-37.5,2,2026-12,3.35,2026,10
-41.5,-36.5,2,2026-12,3.35,2026,10
-41.5,-35.5,2,2026-12,3.29,2026,10
-41.5,-34.5,2,2026-12,3.31,2026,10
-41.5,-33.5,2,2026-12,3.36,2026,10
-41.5,-32.5,2,2026-12,3.46,2026,10
-41.5,-31.5,2,2026-12,3.43,2026,10
-41.5,-30.5,2,2026-12,3.36,2026,10
-42.5,-89.5,2,2026-12,1.86,2026,10
-42.5,-88.5,2,2026-12,1.88,2026,10
-42.5,-87.5,2,2026-12,1.84,2026,10
-42.5,-86.5,2,2026-12,1.83,2026,10
-42.5,-85.5,2,2026-12,1.79,2026,10
-42.5,-84.5,2,2026-12,1.69,2026,10
-42.5,-83.5,2,2026-12,1.65,2026,10
-42.5,-82.5,2,2026-12,1.66,2026,10
-42.5,-81.5,2,2026-12,1.67,2026,10
-42.5,-80.5,2,2026-12,1.64,2026,10
-42.5,-79.5,2,2026-12,1.59,2026,10
-42.5,-78.5,2,2026-12,1.59,2026,10
-42.5,-77.5,2,2026-12,1.68,2026,10
-42.5,-76.5,2,2026-12,1.86,2026,10
-42.5,-75.5,2,2026-12,2.12,2026,10
-42.5,-74.5,2,2026-12,3.75,2026,10
-42.5,-73.5,2,2026-12,4.67,2026,10
-42.5,-72.5,2,2026-12,8.87,2026,10
-42.5,-71.5,2,2026-12,3.83,2026,10
-42.5,-70.5,2,2026-12,1.12,2026,10
-42.5,-69.5,2,2026-12,1.21,2026,10
-42.5,-68.5,2,2026-12,1.35,2026,10
-42.5,-67.5,2,2026-12,1.13,2026,10
-42.5,-66.5,2,2026-12,0.96,2026,10
-42.5,-65.5,2,2026-12,1.05,2026,10
-42.5,-64.5,2,2026-12,0.92,2026,10
-42.5,-63.5,2,2026-12,0.91,2026,10
-42.5,-62.5,2,2026-12,1.04,2026,10
-42.5,-61.5,2,2026-12,1.24,2026,10
-42.5,-60.5,2,2026-12,1.42,2026,10
-42.5,-59.5,2,2026-12,1.54,2026,10
-42.5,-58.5,2,2026-12,1.61,2026,10
-42.5,-57.5,2,2026-12,1.68,2026,10
-42.5,-56.5,2,2026-12,1.74,2026,10
-42.5,-55.5,2,2026-12,1.91,2026,10
-42.5,-54.5,2,2026-12,2.16,2026,10
-42.5,-53.5,2,2026-12,2.36,2026,10
-42.5,-52.5,2,2026-12,2.51,2026,10
-42.5,-51.5,2,2026-12,2.64,2026,10
-42.5,-50.5,2,2026-12,2.8,2026,10
-42.5,-49.5,2,2026-12,3.04,2026,10
-42.5,-48.5,2,2026-12,3.12,2026,10
-42.5,-47.5,2,2026-12,2.96,2026,10
-42.5,-46.5,2,2026-12,2.9,2026,10
-42.5,-45.5,2,2026-12,2.85,2026,10
-42.5,-44.5,2,2026-12,2.76,2026,10
-42.5,-43.5,2,2026-12,2.77,2026,10
-42.5,-42.5,2,2026-12,2.86,2026,10
-42.5,-41.5,2,2026-12,2.9,2026,10
-42.5,-40.5,2,2026-12,2.96,2026,10
-42.5,-39.5,2,2026-12,3.02,2026,10
-42.5,-38.5,2,2026-12,3.04,2026,10
-42.5,-37.5,2,2026-12,3.04,2026,10
-42.5,-36.5,2,2026-12,3.14,2026,10
-42.5,-35.5,2,2026-12,3.21,2026,10
-42.5,-34.5,2,2026-12,3.24,2026,10
-42.5,-33.5,2,2026-12,3.24,2026,10
-42.5,-32.5,2,2026-12,3.35,2026,10
-42.5,-31.5,2,2026-12,3.36,2026,10
-42.5,-30.5,2,2026-12,3.35,2026,10
-43.5,-89.5,2,2026-12,1.95,2026,10
-43.5,-88.5,2,2026-12,1.97,2026,10
-43.5,-87.5,2,2026-12,1.88,2026,10
-43.5,-86.5,2,2026-12,1.88,2026,10
-43.5,-85.5,2,2026-12,1.86,2026,10
-43.5,-84.5,2,2026-12,1.8,2026,10
-43.5,-83.5,2,2026-12,1.81,2026,10
-43.5,-82.5,2,2026-12,1.83,2026,10
-43.5,-81.5,2,2026-12,1.84,2026,10
-43.5,-80.5,2,2026-12,1.79,2026,10
-43.5,-79.5,2,2026-12,1.79,2026,10
-43.5,-78.5,2,2026-12,1.72,2026,10
-43.5,-77.5,2,2026-12,1.84,2026,10
-43.5,-76.5,2,2026-12,2.04,2026,10
-43.5,-75.5,2,2026-12,2.35,2026,10
-43.5,-74.5,2,2026-12,3.37,2026,10
-43.5,-73.5,2,2026-12,6.78,2026,10
-43.5,-72.5,2,2026-12,9.56,2026,10
-43.5,-71.5,2,2026-12,3.38,2026,10
-43.5,-70.5,2,2026-12,1.27,2026,10
-43.5,-69.5,2,2026-12,0.96,2026,10
-43.5,-68.5,2,2026-12,0.8,2026,10
-43.5,-67.5,2,2026-12,0.71,2026,10
-43.5,-66.5,2,2026-12,0.73,2026,10
-43.5,-65.5,2,2026-12,0.94,2026,10
-43.5,-64.5,2,2026-12,0.87,2026,10
-43.5,-63.5,2,2026-12,0.87,2026,10
-43.5,-62.5,2,2026-12,0.97,2026,10
-43.5,-61.5,2,2026-12,1.11,2026,10
-43.5,-60.5,2,2026-12,1.27,2026,10
-43.5,-59.5,2,2026-12,1.35,2026,10
-43.5,-58.5,2,2026-12,1.41,2026,10
-43.5,-57.5,2,2026-12,1.59,2026,10
-43.5,-56.5,2,2026-12,1.74,2026,10
-43.5,-55.5,2,2026-12,1.93,2026,10
-43.5,-54.5,2,2026-12,2.08,2026,10
-43.5,-53.5,2,2026-12,2.24,2026,10
-43.5,-52.5,2,2026-12,2.47,2026,10
-43.5,-51.5,2,2026-12,2.69,2026,10
-43.5,-50.5,2,2026-12,2.78,2026,10
-43.5,-49.5,2,2026-12,2.78,2026,10
-43.5,-48.5,2,2026-12,2.75,2026,10
-43.5,-47.5,2,2026-12,2.76,2026,10
-43.5,-46.5,2,2026-12,2.79,2026,10
-43.5,-45.5,2,2026-12,2.81,2026,10
-43.5,-44.5,2,2026-12,2.8,2026,10
-43.5,-43.5,2,2026-12,2.72,2026,10
-43.5,-42.5,2,2026-12,2.74,2026,10
-43.5,-41.5,2,2026-12,2.76,2026,10
-43.5,-40.5,2,2026-12,2.8,2026,10
-43.5,-39.5,2,2026-12,2.82,2026,10
-43.5,-38.5,2,2026-12,2.8,2026,10
-43.5,-37.5,2,2026-12,2.87,2026,10
-43.5,-36.5,2,2026-12,2.98,2026,10
-43.5,-35.5,2,2026-12,3.06,2026,10
-43.5,-34.5,2,2026-12,3.11,2026,10
-43.5,-33.5,2,2026-12,3.09,2026,10
-43.5,-32.5,2,2026-12,3.15,2026,10
-43.5,-31.5,2,2026-12,3.24,2026,10
-43.5,-30.5,2,2026-12,3.3,2026,10
-44.5,-89.5,2,2026-12,1.89,2026,10
-44.5,-88.5,2,2026-12,1.89,2026,10
-44.5,-87.5,2,2026-12,1.88,2026,10
-44.5,-86.5,2,2026-12,1.9,2026,10
-44.5,-85.5,2,2026-12,1.91,2026,10
-44.5,-84.5,2,2026-12,1.91,2026,10
-44.5,-83.5,2,2026-12,1.94,2026,10
-44.5,-82.5,2,2026-12,1.89,2026,10
-44.5,-81.5,2,2026-12,1.89,2026,10
-44.5,-80.5,2,2026-12,1.96,2026,10
-44.5,-79.5,2,2026-12,1.93,2026,10
-44.5,-78.5,2,2026-12,1.91,2026,10
-44.5,-77.5,2,2026-12,1.93,2026,10
-44.5,-76.5,2,2026-12,2.34,2026,10
-44.5,-75.5,2,2026-12,2.87,2026,10
-44.5,-74.5,2,2026-12,4.68,2026,10
-44.5,-73.5,2,2026-12,7.69,2026,10
-44.5,-72.5,2,2026-12,8.45,2026,10
-44.5,-71.5,2,2026-12,3.03,2026,10
-44.5,-70.5,2,2026-12,1.07,2026,10
-44.5,-69.5,2,2026-12,0.91,2026,10
-44.5,-68.5,2,2026-12,0.75,2026,10
-44.5,-67.5,2,2026-12,0.77,2026,10
-44.5,-66.5,2,2026-12,0.88,2026,10
-44.5,-65.5,2,2026-12,0.85,2026,10
-44.5,-64.5,2,2026-12,0.74,2026,10
-44.5,-63.5,2,2026-12,0.86,2026,10
-44.5,-62.5,2,2026-12,0.96,2026,10
-44.5,-61.5,2,2026-12,1.03,2026,10
-44.5,-60.5,2,2026-12,1.16,2026,10
-44.5,-59.5,2,2026-12,1.22,2026,10
-44.5,-58.5,2,2026-12,1.35,2026,10
-44.5,-57.5,2,2026-12,1.58,2026,10
-44.5,-56.5,2,2026-12,1.72,2026,10
-44.5,-55.5,2,2026-12,1.97,2026,10
-44.5,-54.5,2,2026-12,2.17,2026,10
-44.5,-53.5,2,2026-12,2.27,2026,10
-44.5,-52.5,2,2026-12,2.41,2026,10
-44.5,-51.5,2,2026-12,2.62,2026,10
-44.5,-50.5,2,2026-12,2.62,2026,10
-44.5,-49.5,2,2026-12,2.54,2026,10
-44.5,-48.5,2,2026-12,2.59,2026,10
-44.5,-47.5,2,2026-12,2.68,2026,10
-44.5,-46.5,2,2026-12,2.74,2026,10
-44.5,-45.5,2,2026-12,2.78,2026,10
-44.5,-44.5,2,2026-12,2.79,2026,10
-44.5,-43.5,2,2026-12,2.79,2026,10
-44.5,-42.5,2,2026-12,2.78,2026,10
-44.5,-41.5,2,2026-12,2.78,2026,10
-44.5,-40.5,2,2026-12,2.82,2026,10
-44.5,-39.5,2,2026-12,2.85,2026,10
-44.5,-38.5,2,2026-12,2.84,2026,10
-44.5,-37.5,2,2026-12,2.86,2026,10
-44.5,-36.5,2,2026-12,2.85,2026,10
-44.5,-35.5,2,2026-12,2.87,2026,10
-44.5,-34.5,2,2026-12,2.94,2026,10
-44.5,-33.5,2,2026-12,2.95,2026,10
-44.5,-32.5,2,2026-12,2.96,2026,10
-44.5,-31.5,2,2026-12,3.06,2026,10
-44.5,-30.5,2,2026-12,3.19,2026,10
-45.5,-89.5,2,2026-12,1.84,2026,10
-45.5,-88.5,2,2026-12,1.8,2026,10
-45.5,-87.5,2,2026-12,1.81,2026,10
-45.5,-86.5,2,2026-12,1.87,2026,10
-45.5,-85.5,2,2026-12,1.97,2026,10
-45.5,-84.5,2,2026-12,1.95,2026,10
-45.5,-83.5,2,2026-12,1.89,2026,10
-45.5,-82.5,2,2026-12,1.92,2026,10
-45.5,-81.5,2,2026-12,1.94,2026,10
-45.5,-80.5,2,2026-12,1.98,2026,10
-45.5,-79.5,2,2026-12,2.05,2026,10
-45.5,-78.5,2,2026-12,2.15,2026,10
-45.5,-77.5,2,2026-12,2.32,2026,10
-45.5,-76.5,2,2026-12,2.66,2026,10
-45.5,-75.5,2,2026-12,4.1,2026,10
-45.5,-74.5,2,2026-12,6.28,2026,10
-45.5,-73.5,2,2026-12,8.55,2026,10
-45.5,-72.5,2,2026-12,6.62,2026,10
-45.5,-71.5,2,2026-12,2.1,2026,10
-45.5,-70.5,2,2026-12,0.9,2026,10
-45.5,-69.5,2,2026-12,0.77,2026,10
-45.5,-68.5,2,2026-12,0.82,2026,10
-45.5,-67.5,2,2026-12,0.87,2026,10
-45.5,-66.5,2,2026-12,0.67,2026,10
-45.5,-65.5,2,2026-12,0.61,2026,10
-45.5,-64.5,2,2026-12,0.67,2026,10
-45.5,-63.5,2,2026-12,0.76,2026,10
-45.5,-62.5,2,2026-12,0.9,2026,10
-45.5,-61.5,2,2026-12,1.0,2026,10
-45.5,-60.5,2,2026-12,1.08,2026,10
-45.5,-59.5,2,2026-12,1.12,2026,10
-45.5,-58.5,2,2026-12,1.22,2026,10
-45.5,-57.5,2,2026-12,1.45,2026,10
-45.5,-56.5,2,2026-12,1.67,2026,10
-45.5,-55.5,2,2026-12,1.89,2026,10
-45.5,-54.5,2,2026-12,2.14,2026,10
-45.5,-53.5,2,2026-12,2.31,2026,10
-45.5,-52.5,2,2026-12,2.49,2026,10
-45.5,-51.5,2,2026-12,2.53,2026,10
-45.5,-50.5,2,2026-12,2.51,2026,10
-45.5,-49.5,2,2026-12,2.49,2026,10
-45.5,-48.5,2,2026-12,2.54,2026,10
-45.5,-47.5,2,2026-12,2.58,2026,10
-45.5,-46.5,2,2026-12,2.72,2026,10
-45.5,-45.5,2,2026-12,2.82,2026,10
-45.5,-44.5,2,2026-12,2.87,2026,10
-45.5,-43.5,2,2026-12,2.91,2026,10
-45.5,-42.5,2,2026-12,2.88,2026,10
-45.5,-41.5,2,2026-12,2.87,2026,10
-45.5,-40.5,2,2026-12,2.89,2026,10
-45.5,-39.5,2,2026-12,2.89,2026,10
-45.5,-38.5,2,2026-12,2.85,2026,10
-45.5,-37.5,2,2026-12,2.79,2026,10
-45.5,-36.5,2,2026-12,2.79,2026,10
-45.5,-35.5,2,2026-12,2.81,2026,10
-45.5,-34.5,2,2026-12,2.86,2026,10
-45.5,-33.5,2,2026-12,2.89,2026,10
-45.5,-32.5,2,2026-12,2.92,2026,10
-45.5,-31.5,2,2026-12,3.03,2026,10
-45.5,-30.5,2,2026-12,3.06,2026,10
-46.5,-89.5,2,2026-12,1.83,2026,10
-46.5,-88.5,2,2026-12,1.8,2026,10
-46.5,-87.5,2,2026-12,1.84,2026,10
-46.5,-86.5,2,2026-12,1.87,2026,10
-46.5,-85.5,2,2026-12,1.89,2026,10
-46.5,-84.5,2,2026-12,1.95,2026,10
-46.5,-83.5,2,2026-12,1.87,2026,10
-46.5,-82.5,2,2026-12,1.85,2026,10
-46.5,-81.5,2,2026-12,1.95,2026,10
-46.5,-80.5,2,2026-12,2.0,2026,10
-46.5,-79.5,2,2026-12,2.16,2026,10
-46.5,-78.5,2,2026-12,2.3,2026,10
-46.5,-77.5,2,2026-12,2.69,2026,10
-46.5,-76.5,2,2026-12,3.29,2026,10
-46.5,-75.5,2,2026-12,5.59,2026,10
-46.5,-74.5,2,2026-12,7.83,2026,10
-46.5,-73.5,2,2026-12,9.47,2026,10
-46.5,-72.5,2,2026-12,4.58,2026,10
-46.5,-71.5,2,2026-12,1.35,2026,10
-46.5,-70.5,2,2026-12,0.76,2026,10
-46.5,-69.5,2,2026-12,0.74,2026,10
-46.5,-68.5,2,2026-12,0.81,2026,10
-46.5,-67.5,2,2026-12,0.71,2026,10
-46.5,-66.5,2,2026-12,0.59,2026,10
-46.5,-65.5,2,2026-12,0.58,2026,10
-46.5,-64.5,2,2026-12,0.61,2026,10
-46.5,-63.5,2,2026-12,0.73,2026,10
-46.5,-62.5,2,2026-12,0.84,2026,10
-46.5,-61.5,2,2026-12,0.95,2026,10
-46.5,-60.5,2,2026-12,1.05,2026,10
-46.5,-59.5,2,2026-12,1.08,2026,10
-46.5,-58.5,2,2026-12,1.17,2026,10
-46.5,-57.5,2,2026-12,1.38,2026,10
-46.5,-56.5,2,2026-12,1.62,2026,10
-46.5,-55.5,2,2026-12,1.77,2026,10
-46.5,-54.5,2,2026-12,1.95,2026,10
-46.5,-53.5,2,2026-12,2.19,2026,10
-46.5,-52.5,2,2026-12,2.36,2026,10
-46.5,-51.5,2,2026-12,2.49,2026,10
-46.5,-50.5,2,2026-12,2.55,2026,10
-46.5,-49.5,2,2026-12,2.58,2026,10
-46.5,-48.5,2,2026-12,2.62,2026,10
-46.5,-47.5,2,2026-12,2.67,2026,10
-46.5,-46.5,2,2026-12,2.73,2026,10
-46.5,-45.5,2,2026-12,2.84,2026,10
-46.5,-44.5,2,2026-12,2.93,2026,10
-46.5,-43.5,2,2026-12,2.95,2026,10
-46.5,-42.5,2,2026-12,2.93,2026,10
-46.5,-41.5,2,2026-12,2.96,2026,10
-46.5,-40.5,2,2026-12,3.01,2026,10
-46.5,-39.5,2,2026-12,2.95,2026,10
-46.5,-38.5,2,2026-12,2.86,2026,10
-46.5,-37.5,2,2026-12,2.81,2026,10
-46.5,-36.5,2,2026-12,2.78,2026,10
-46.5,-35.5,2,2026-12,2.82,2026,10
-46.5,-34.5,2,2026-12,2.86,2026,10
-46.5,-33.5,2,2026-12,2.93,2026,10
-46.5,-32.5,2,2026-12,2.94,2026,10
-46.5,-31.5,2,2026-12,2.98,2026,10
-46.5,-30.5,2,2026-12,3.01,2026,10
-47.5,-89.5,2,2026-12,1.81,2026,10
-47.5,-88.5,2,2026-12,1.79,2026,10
-47.5,-87.5,2,2026-12,1.84,2026,10
-47.5,-86.5,2,2026-12,1.86,2026,10
-47.5,-85.5,2,2026-12,1.81,2026,10
-47.5,-84.5,2,2026-12,1.89,2026,10
-47.5,-83.5,2,2026-12,1.9,2026,10
-47.5,-82.5,2,2026-12,2.0,2026,10
-47.5,-81.5,2,2026-12,2.06,2026,10
-47.5,-80.5,2,2026-12,2.15,2026,10
-47.5,-79.5,2,2026-12,2.28,2026,10
-47.5,-78.5,2,2026-12,2.5,2026,10
-47.5,-77.5,2,2026-12,2.94,2026,10
-47.5,-76.5,2,2026-12,3.58,2026,10
-47.5,-75.5,2,2026-12,5.55,2026,10
-47.5,-74.5,2,2026-12,10.66,2026,10
-47.5,-73.5,2,2026-12,10.18,2026,10
-47.5,-72.5,2,2026-12,4.21,2026,10
-47.5,-71.5,2,2026-12,1.39,2026,10
-47.5,-70.5,2,2026-12,0.83,2026,10
-47.5,-69.5,2,2026-12,0.97,2026,10
-47.5,-68.5,2,2026-12,0.87,2026,10
-47.5,-67.5,2,2026-12,0.79,2026,10
-47.5,-66.5,2,2026-12,0.89,2026,10
-47.5,-65.5,2,2026-12,0.78,2026,10
-47.5,-64.5,2,2026-12,0.74,2026,10
-47.5,-63.5,2,2026-12,0.82,2026,10
-47.5,-62.5,2,2026-12,0.88,2026,10
-47.5,-61.5,2,2026-12,0.94,2026,10
-47.5,-60.5,2,2026-12,1.02,2026,10
-47.5,-59.5,2,2026-12,1.12,2026,10
-47.5,-58.5,2,2026-12,1.21,2026,10
-47.5,-57.5,2,2026-12,1.29,2026,10
-47.5,-56.5,2,2026-12,1.43,2026,10
-47.5,-55.5,2,2026-12,1.57,2026,10
-47.5,-54.5,2,2026-12,1.82,2026,10
-47.5,-53.5,2,2026-12,2.15,2026,10
-47.5,-52.5,2,2026-12,2.39,2026,10
-47.5,-51.5,2,2026-12,2.55,2026,10
-47.5,-50.5,2,2026-12,2.63,2026,10
-47.5,-49.5,2,2026-12,2.62,2026,10
-47.5,-48.5,2,2026-12,2.64,2026,10
-47.5,-47.5,2,2026-12,2.7,2026,10
-47.5,-46.5,2,2026-12,2.73,2026,10
-47.5,-45.5,2,2026-12,2.81,2026,10
-47.5,-44.5,2,2026-12,2.92,2026,10
-47.5,-43.5,2,2026-12,2.98,2026,10
-47.5,-42.5,2,2026-12,3.01,2026,10
-47.5,-41.5,2,2026-12,3.07,2026,10
-47.5,-40.5,2,2026-12,3.12,2026,10
-47.5,-39.5,2,2026-12,3.1,2026,10
-47.5,-38.5,2,2026-12,3.01,2026,10
-47.5,-37.5,2,2026-12,2.91,2026,10
-47.5,-36.5,2,2026-12,2.89,2026,10
-47.5,-35.5,2,2026-12,2.91,2026,10
-47.5,-34.5,2,2026-12,2.88,2026,10
-47.5,-33.5,2,2026-12,2.85,2026,10
-47.5,-32.5,2,2026-12,2.81,2026,10
-47.5,-31.5,2,2026-12,2.79,2026,10
-47.5,-30.5,2,2026-12,2.79,2026,10
-48.5,-89.5,2,2026-12,1.84,2026,10
-48.5,-88.5,2,2026-12,1.81,2026,10
-48.5,-87.5,2,2026-12,1.79,2026,10
-48.5,-86.5,2,2026-12,1.84,2026,10
-48.5,-85.5,2,2026-12,1.84,2026,10
-48.5,-84.5,2,2026-12,1.86,2026,10
-48.5,-83.5,2,2026-12,1.91,2026,10
-48.5,-82.5,2,2026-12,2.0,2026,10
-48.5,-81.5,2,2026-12,2.09,2026,10
-48.5,-80.5,2,2026-12,2.22,2026,10
-48.5,-79.5,2,2026-12,2.58,2026,10
-48.5,-78.5,2,2026-12,2.6,2026,10
-48.5,-77.5,2,2026-12,3.3,2026,10
-48.5,-76.5,2,2026-12,4.23,2026,10
-48.5,-75.5,2,2026-12,7.94,2026,10
-48.5,-74.5,2,2026-12,11.58,2026,10
-48.5,-73.5,2,2026-12,11.57,2026,10
-48.5,-72.5,2,2026-12,4.85,2026,10
-48.5,-71.5,2,2026-12,1.42,2026,10
-48.5,-70.5,2,2026-12,0.91,2026,10
-48.5,-69.5,2,2026-12,0.97,2026,10
-48.5,-68.5,2,2026-12,0.89,2026,10
-48.5,-67.5,2,2026-12,0.93,2026,10
-48.5,-66.5,2,2026-12,0.86,2026,10
-48.5,-65.5,2,2026-12,0.78,2026,10
-48.5,-64.5,2,2026-12,0.81,2026,10
-48.5,-63.5,2,2026-12,0.89,2026,10
-48.5,-62.5,2,2026-12,0.95,2026,10
-48.5,-61.5,2,2026-12,1.0,2026,10
-48.5,-60.5,2,2026-12,1.05,2026,10
-48.5,-59.5,2,2026-12,1.12,2026,10
-48.5,-58.5,2,2026-12,1.21,2026,10
-48.5,-57.5,2,2026-12,1.32,2026,10
-48.5,-56.5,2,2026-12,1.4,2026,10
-48.5,-55.5,2,2026-12,1.47,2026,10
-48.5,-54.5,2,2026-12,1.58,2026,10
-48.5,-53.5,2,2026-12,1.8,2026,10
-48.5,-52.5,2,2026-12,2.0,2026,10
-48.5,-51.5,2,2026-12,2.18,2026,10
-48.5,-50.5,2,2026-12,2.41,2026,10
-48.5,-49.5,2,2026-12,2.55,2026,10
-48.5,-48.5,2,2026-12,2.68,2026,10
-48.5,-47.5,2,2026-12,2.74,2026,10
-48.5,-46.5,2,2026-12,2.78,2026,10
-48.5,-45.5,2,2026-12,2.81,2026,10
-48.5,-44.5,2,2026-12,2.84,2026,10
-48.5,-43.5,2,2026-12,2.85,2026,10
-48.5,-42.5,2,2026-12,2.84,2026,10
-48.5,-41.5,2,2026-12,2.85,2026,10
-48.5,-40.5,2,2026-12,2.79,2026,10
-48.5,-39.5,2,2026-12,2.78,2026,10
-48.5,-38.5,2,2026-12,2.83,2026,10
-48.5,-37.5,2,2026-12,2.89,2026,10
-48.5,-36.5,2,2026-12,2.8,2026,10
-48.5,-35.5,2,2026-12,2.62,2026,10
-48.5,-34.5,2,2026-12,2.54,2026,10
-48.5,-33.5,2,2026-12,2.59,2026,10
-48.5,-32.5,2,2026-12,2.69,2026,10
-48.5,-31.5,2,2026-12,2.71,2026,10
-48.5,-30.5,2,2026-12,2.71,2026,10
-49.5,-89.5,2,2026-12,1.91,2026,10
-49.5,-88.5,2,2026-12,1.87,2026,10
-49.5,-87.5,2,2026-12,1.83,2026,10
-49.5,-86.5,2,2026-12,1.87,2026,10
-49.5,-85.5,2,2026-12,1.85,2026,10
-49.5,-84.5,2,2026-12,1.94,2026,10
-49.5,-83.5,2,2026-12,1.95,2026,10
-49.5,-82.5,2,2026-12,2.0,2026,10
-49.5,-81.5,2,2026-12,2.13,2026,10
-49.5,-80.5,2,2026-12,2.27,2026,10
-49.5,-79.5,2,2026-12,2.67,2026,10
-49.5,-78.5,2,2026-12,2.81,2026,10
-49.5,-77.5,2,2026-12,3.5,2026,10
-49.5,-76.5,2,2026-12,4.83,2026,10
-49.5,-75.5,2,2026-12,9.19,2026,10
-49.5,-74.5,2,2026-12,12.9,2026,10
-49.5,-73.5,2,2026-12,9.72,2026,10
-49.5,-72.5,2,2026-12,2.6,2026,10
-49.5,-71.5,2,2026-12,0.97,2026,10
-49.5,-70.5,2,2026-12,0.83,2026,10
-49.5,-69.5,2,2026-12,0.91,2026,10
-49.5,-68.5,2,2026-12,0.99,2026,10
-49.5,-67.5,2,2026-12,0.9,2026,10
-49.5,-66.5,2,2026-12,0.81,2026,10
-49.5,-65.5,2,2026-12,0.84,2026,10
-49.5,-64.5,2,2026-12,0.87,2026,10
-49.5,-63.5,2,2026-12,0.96,2026,10
-49.5,-62.5,2,2026-12,1.01,2026,10
-49.5,-61.5,2,2026-12,1.06,2026,10
-49.5,-60.5,2,2026-12,1.14,2026,10
-49.5,-59.5,2,2026-12,1.2,2026,10
-49.5,-58.5,2,2026-12,1.32,2026,10
-49.5,-57.5,2,2026-12,1.4,2026,10
-49.5,-56.5,2,2026-12,1.48,2026,10
-49.5,-55.5,2,2026-12,1.56,2026,10
-49.5,-54.5,2,2026-12,1.56,2026,10
-49.5,-53.5,2,2026-12,1.62,2026,10
-49.5,-52.5,2,2026-12,1.71,2026,10
-49.5,-51.5,2,2026-12,1.86,2026,10
-49.5,-50.5,2,2026-12,2.03,2026,10
-49.5,-49.5,2,2026-12,2.26,2026,10
-49.5,-48.5,2,2026-12,2.45,2026,10
-49.5,-47.5,2,2026-12,2.47,2026,10
-49.5,-46.5,2,2026-12,2.46,2026,10
-49.5,-45.5,2,2026-12,2.47,2026,10
-49.5,-44.5,2,2026-12,2.47,2026,10
-49.5,-43.5,2,2026-12,2.43,2026,10
-49.5,-42.5,2,2026-12,2.43,2026,10
-49.5,-41.5,2,2026-12,2.42,2026,10
-49.5,-40.5,2,2026-12,2.4,2026,10
-49.5,-39.5,2,2026-12,2.44,2026,10
-49.5,-38.5,2,2026-12,2.57,2026,10
-49.5,-37.5,2,2026-12,2.67,2026,10
-49.5,-36.5,2,2026-12,2.69,2026,10
-49.5,-35.5,2,2026-12,2.62,2026,10
-49.5,-34.5,2,2026-12,2.64,2026,10
-49.5,-33.5,2,2026-12,2.68,2026,10
-49.5,-32.5,2,2026-12,2.77,2026,10
-49.5,-31.5,2,2026-12,2.79,2026,10
-49.5,-30.5,2,2026-12,2.81,2026,10
-50.5,-89.5,2,2026-12,2.0,2026,10
-50.5,-88.5,2,2026-12,1.93,2026,10
-50.5,-87.5,2,2026-12,1.91,2026,10
-50.5,-86.5,2,2026-12,1.92,2026,10
-50.5,-85.5,2,2026-12,1.92,2026,10
-50.5,-84.5,2,2026-12,1.96,2026,10
-50.5,-83.5,2,2026-12,2.02,2026,10
-50.5,-82.5,2,2026-12,2.1,2026,10
-50.5,-81.5,2,2026-12,2.35,2026,10
-50.5,-80.5,2,2026-12,2.32,2026,10
-50.5,-79.5,2,2026-12,2.72,2026,10
-50.5,-78.5,2,2026-12,2.75,2026,10
-50.5,-77.5,2,2026-12,3.36,2026,10
-50.5,-76.5,2,2026-12,4.46,2026,10
-50.5,-75.5,2,2026-12,7.88,2026,10
-50.5,-74.5,2,2026-12,13.34,2026,10
-50.5,-73.5,2,2026-12,11.15,2026,10
-50.5,-72.5,2,2026-12,3.28,2026,10
-50.5,-71.5,2,2026-12,1.39,2026,10
-50.5,-70.5,2,2026-12,1.11,2026,10
-50.5,-69.5,2,2026-12,1.14,2026,10
-50.5,-68.5,2,2026-12,0.89,2026,10
-50.5,-67.5,2,2026-12,0.87,2026,10
-50.5,-66.5,2,2026-12,0.87,2026,10
-50.5,-65.5,2,2026-12,0.91,2026,10
-50.5,-64.5,2,2026-12,0.93,2026,10
-50.5,-63.5,2,2026-12,1.01,2026,10
-50.5,-62.5,2,2026-12,1.12,2026,10
-50.5,-61.5,2,2026-12,1.18,2026,10
-50.5,-60.5,2,2026-12,1.3,2026,10
-50.5,-59.5,2,2026-12,1.36,2026,10
-50.5,-58.5,2,2026-12,1.43,2026,10
-50.5,-57.5,2,2026-12,1.47,2026,10
-50.5,-56.5,2,2026-12,1.55,2026,10
-50.5,-55.5,2,2026-12,1.63,2026,10
-50.5,-54.5,2,2026-12,1.67,2026,10
-50.5,-53.5,2,2026-12,1.69,2026,10
-50.5,-52.5,2,2026-12,1.74,2026,10
-50.5,-51.5,2,2026-12,1.79,2026,10
-50.5,-50.5,2,2026-12,1.84,2026,10
-50.5,-49.5,2,2026-12,1.93,2026,10
-50.5,-48.5,2,2026-12,2.06,2026,10
-50.5,-47.5,2,2026-12,2.18,2026,10
-50.5,-46.5,2,2026-12,2.26,2026,10
-50.5,-45.5,2,2026-12,2.32,2026,10
-50.5,-44.5,2,2026-12,2.35,2026,10
-50.5,-43.5,2,2026-12,2.37,2026,10
-50.5,-42.5,2,2026-12,2.37,2026,10
-50.5,-41.5,2,2026-12,2.39,2026,10
-50.5,-40.5,2,2026-12,2.34,2026,10
-50.5,-39.5,2,2026-12,2.38,2026,10
-50.5,-38.5,2,2026-12,2.55,2026,10
-50.5,-37.5,2,2026-12,2.67,2026,10
-50.5,-36.5,2,2026-12,2.69,2026,10
-50.5,-35.5,2,2026-12,2.65,2026,10
-50.5,-34.5,2,2026-12,2.62,2026,10
-50.5,-33.5,2,2026-12,2.71,2026,10
-50.5,-32.5,2,2026-12,2.73,2026,10
-50.5,-31.5,2,2026-12,2.75,2026,10
-50.5,-30.5,2,2026-12,2.72,2026,10
-51.5,-89.5,2,2026-12,2.03,2026,10
-51.5,-88.5,2,2026-12,2.0,2026,10
-51.5,-87.5,2,2026-12,1.98,2026,10
-51.5,-86.5,2,2026-12,2.03,2026,10
-51.5,-85.5,2,2026-12,1.99,2026,10
-51.5,-84.5,2,2026-12,2.0,2026,10
-51.5,-83.5,2,2026-12,2.04,2026,10
-51.5,-82.5,2,2026-12,2.15,2026,10
-51.5,-81.5,2,2026-12,2.38,2026,10
-51.5,-80.5,2,2026-12,2.48,2026,10
-51.5,-79.5,2,2026-12,2.71,2026,10
-51.5,-78.5,2,2026-12,2.79,2026,10
-51.5,-77.5,2,2026-12,3.25,2026,10
-51.5,-76.5,2,2026-12,3.98,2026,10
-51.5,-75.5,2,2026-12,6.46,2026,10
-51.5,-74.5,2,2026-12,10.99,2026,10
-51.5,-73.5,2,2026-12,10.81,2026,10
-51.5,-72.5,2,2026-12,4.89,2026,10
-51.5,-71.5,2,2026-12,2.21,2026,10
-51.5,-70.5,2,2026-12,1.44,2026,10
-51.5,-69.5,2,2026-12,1.38,2026,10
-51.5,-68.5,2,2026-12,1.07,2026,10
-51.5,-67.5,2,2026-12,0.91,2026,10
-51.5,-66.5,2,2026-12,0.9,2026,10
-51.5,-65.5,2,2026-12,0.93,2026,10
-51.5,-64.5,2,2026-12,0.96,2026,10
-51.5,-63.5,2,2026-12,1.08,2026,10
-51.5,-62.5,2,2026-12,1.19,2026,10
-51.5,-61.5,2,2026-12,1.35,2026,10
-51.5,-60.5,2,2026-12,1.71,2026,10
-51.5,-59.5,2,2026-12,2.07,2026,10
-51.5,-58.5,2,2026-12,1.98,2026,10
-51.5,-57.5,2,2026-12,1.92,2026,10
-51.5,-56.5,2,2026-12,1.72,2026,10
-51.5,-55.5,2,2026-12,1.73,2026,10
-51.5,-54.5,2,2026-12,1.74,2026,10
-51.5,-53.5,2,2026-12,1.76,2026,10
-51.5,-52.5,2,2026-12,1.82,2026,10
-51.5,-51.5,2,2026-12,1.87,2026,10
-51.5,-50.5,2,2026-12,1.91,2026,10
-51.5,-49.5,2,2026-12,1.93,2026,10
-51.5,-48.5,2,2026-12,2.01,2026,10
-51.5,-47.5,2,2026-12,2.09,2026,10
-51.5,-46.5,2,2026-12,2.2,2026,10
-51.5,-45.5,2,2026-12,2.32,2026,10
-51.5,-44.5,2,2026-12,2.39,2026,10
-51.5,-43.5,2,2026-12,2.38,2026,10
-51.5,-42.5,2,2026-12,2.38,2026,10
-51.5,-41.5,2,2026-12,2.29,2026,10
-51.5,-40.5,2,2026-12,2.21,2026,10
-51.5,-39.5,2,2026-12,2.28,2026,10
-51.5,-38.5,2,2026-12,2.38,2026,10
-51.5,-37.5,2,2026-12,2.42,2026,10
-51.5,-36.5,2,2026-12,2.51,2026,10
-51.5,-35.5,2,2026-12,2.6,2026,10
-51.5,-34.5,2,2026-12,2.53,2026,10
-51.5,-33.5,2,2026-12,2.47,2026,10
-51.5,-32.5,2,2026-12,2.44,2026,10
-51.5,-31.5,2,2026-12,2.52,2026,10
-51.5,-30.5,2,2026-12,2.62,2026,10
-52.5,-89.5,2,2026-12,2.08,2026,10
-52.5,-88.5,2,2026-12,2.09,2026,10
-52.5,-87.5,2,2026-12,2.09,2026,10
-52.5,-86.5,2,2026-12,2.09,2026,10
-52.5,-85.5,2,2026-12,2.07,2026,10
-52.5,-84.5,2,2026-12,2.08,2026,10
-52.5,-83.5,2,2026-12,2.15,2026,10
-52.5,-82.5,2,2026-12,2.21,2026,10
-52.5,-81.5,2,2026-12,2.36,2026,10
-52.5,-80.5,2,2026-12,2.45,2026,10
-52.5,-79.5,2,2026-12,2.76,2026,10
-52.5,-78.5,2,2026-12,2.74,2026,10
-52.5,-77.5,2,2026-12,3.15,2026,10
-52.5,-76.5,2,2026-12,3.52,2026,10
-52.5,-75.5,2,2026-12,4.88,2026,10
-52.5,-74.5,2,2026-12,7.11,2026,10
-52.5,-73.5,2,2026-12,10.54,2026,10
-52.5,-72.5,2,2026-12,6.34,2026,10
-52.5,-71.5,2,2026-12,2.87,2026,10
-52.5,-70.5,2,2026-12,2.0,2026,10
-52.5,-69.5,2,2026-12,1.86,2026,10
-52.5,-68.5,2,2026-12,1.36,2026,10
-52.5,-67.5,2,2026-12,1.0,2026,10
-52.5,-66.5,2,2026-12,0.96,2026,10
-52.5,-65.5,2,2026-12,0.99,2026,10
-52.5,-64.5,2,2026-12,1.04,2026,10
-52.5,-63.5,2,2026-12,1.17,2026,10
-52.5,-62.5,2,2026-12,1.31,2026,10
-52.5,-61.5,2,2026-12,1.45,2026,10
-52.5,-60.5,2,2026-12,1.67,2026,10
-52.5,-59.5,2,2026-12,1.86,2026,10
-52.5,-58.5,2,2026-12,1.95,2026,10
-52.5,-57.5,2,2026-12,1.86,2026,10
-52.5,-56.5,2,2026-12,1.8,2026,10
-52.5,-55.5,2,2026-12,1.76,2026,10
-52.5,-54.5,2,2026-12,1.75,2026,10
-52.5,-53.5,2,2026-12,1.84,2026,10
-52.5,-52.5,2,2026-12,1.91,2026,10
-52.5,-51.5,2,2026-12,1.93,2026,10
-52.5,-50.5,2,2026-12,1.93,2026,10
-52.5,-49.5,2,2026-12,1.92,2026,10
-52.5,-48.5,2,2026-12,1.93,2026,10
-52.5,-47.5,2,2026-12,1.91,2026,10
-52.5,-46.5,2,2026-12,1.96,2026,10
-52.5,-45.5,2,2026-12,2.04,2026,10
-52.5,-44.5,2,2026-12,2.15,2026,10
-52.5,-43.5,2,2026-12,2.19,2026,10
-52.5,-42.5,2,2026-12,2.18,2026,10
-52.5,-41.5,2,2026-12,2.14,2026,10
-52.5,-40.5,2,2026-12,2.19,2026,10
-52.5,-39.5,2,2026-12,2.23,2026,10
-52.5,-38.5,2,2026-12,2.21,2026,10
-52.5,-37.5,2,2026-12,2.19,2026,10
-52.5,-36.5,2,2026-12,2.25,2026,10
-52.5,-35.5,2,2026-12,2.32,2026,10
-52.5,-34.5,2,2026-12,2.35,2026,10
-52.5,-33.5,2,2026-12,2.39,2026,10
-52.5,-32.5,2,2026-12,2.36,2026,10
-52.5,-31.5,2,2026-12,2.41,2026,10
-52.5,-30.5,2,2026-12,2.5,2026,10
-53.5,-89.5,2,2026-12,2.13,2026,10
-53.5,-88.5,2,2026-12,2.18,2026,10
-53.5,-87.5,2,2026-12,2.21,2026,10
-53.5,-86.5,2,2026-12,2.21,2026,10
-53.5,-85.5,2,2026-12,2.2,2026,10
-53.5,-84.5,2,2026-12,2.17,2026,10
-53.5,-83.5,2,2026-12,2.19,2026,10
-53.5,-82.5,2,2026-12,2.24,2026,10
-53.5,-81.5,2,2026-12,2.34,2026,10
-53.5,-80.5,2,2026-12,2.4,2026,10
-53.5,-79.5,2,2026-12,2.61,2026,10
-53.5,-78.5,2,2026-12,2.76,2026,10
-53.5,-77.5,2,2026-12,3.13,2026,10
-53.5,-76.5,2,2026-12,3.21,2026,10
-53.5,-75.5,2,2026-12,4.08,2026,10
-53.5,-74.5,2,2026-12,4.86,2026,10
-53.5,-73.5,2,2026-12,9.71,2026,10
-53.5,-72.5,2,2026-12,7.73,2026,10
-53.5,-71.5,2,2026-12,4.7,2026,10
-53.5,-70.5,2,2026-12,2.58,2026,10
-53.5,-69.5,2,2026-12,2.59,2026,10
-53.5,-68.5,2,2026-12,1.79,2026,10
-53.5,-67.5,2,2026-12,1.21,2026,10
-53.5,-66.5,2,2026-12,1.1,2026,10
-53.5,-65.5,2,2026-12,1.15,2026,10
-53.5,-64.5,2,2026-12,1.29,2026,10
-53.5,-63.5,2,2026-12,1.42,2026,10
-53.5,-62.5,2,2026-12,1.52,2026,10
-53.5,-61.5,2,2026-12,1.49,2026,10
-53.5,-60.5,2,2026-12,1.56,2026,10
-53.5,-59.5,2,2026-12,1.69,2026,10
-53.5,-58.5,2,2026-12,1.82,2026,10
-53.5,-57.5,2,2026-12,1.91,2026,10
-53.5,-56.5,2,2026-12,1.92,2026,10
-53.5,-55.5,2,2026-12,1.82,2026,10
-53.5,-54.5,2,2026-12,1.87,2026,10
-53.5,-53.5,2,2026-12,1.97,2026,10
-53.5,-52.5,2,2026-12,2.02,2026,10
-53.5,-51.5,2,2026-12,2.03,2026,10
-53.5,-50.5,2,2026-12,2.02,2026,10
-53.5,-49.5,2,2026-12,1.98,2026,10
-53.5,-48.5,2,2026-12,1.98,2026,10
-53.5,-47.5,2,2026-12,1.96,2026,10
-53.5,-46.5,2,2026-12,1.97,2026,10
-53.5,-45.5,2,2026-12,1.97,2026,10
-53.5,-44.5,2,2026-12,1.99,2026,10
-53.5,-43.5,2,2026-12,2.01,2026,10
-53.5,-42.5,2,2026-12,2.06,2026,10
-53.5,-41.5,2,2026-12,2.09,2026,10
-53.5,-40.5,2,2026-12,2.15,2026,10
-53.5,-39.5,2,2026-12,2.22,2026,10
-53.5,-38.5,2,2026-12,2.36,2026,10
-53.5,-37.5,2,2026-12,2.55,2026,10
-53.5,-36.5,2,2026-12,2.35,2026,10
-53.5,-35.5,2,2026-12,2.07,2026,10
-53.5,-34.5,2,2026-12,2.1,2026,10
-53.5,-33.5,2,2026-12,2.17,2026,10
-53.5,-32.5,2,2026-12,2.24,2026,10
-53.5,-31.5,2,2026-12,2.35,2026,10
-53.5,-30.5,2,2026-12,2.53,2026,10
-54.5,-89.5,2,2026-12,2.27,2026,10
-54.5,-88.5,2,2026-12,2.28,2026,10
-54.5,-87.5,2,2026-12,2.26,2026,10
-54.5,-86.5,2,2026-12,2.28,2026,10
-54.5,-85.5,2,2026-12,2.31,2026,10
-54.5,-84.5,2,2026-12,2.33,2026,10
-54.5,-83.5,2,2026-12,2.32,2026,10
-54.5,-82.5,2,2026-12,2.32,2026,10
-54.5,-81.5,2,2026-12,2.35,2026,10
-54.5,-80.5,2,2026-12,2.37,2026,10
-54.5,-79.5,2,2026-12,2.47,2026,10
-54.5,-78.5,2,2026-12,2.61,2026,10
-54.5,-77.5,2,2026-12,2.76,2026,10
-54.5,-76.5,2,2026-12,3.04,2026,10
-54.5,-75.5,2,2026-12,3.16,2026,10
-54.5,-74.5,2,2026-12,3.72,2026,10
-54.5,-73.5,2,2026-12,4.86,2026,10
-54.5,-72.5,2,2026-12,6.38,2026,10
-54.5,-71.5,2,2026-12,8.55,2026,10
-54.5,-70.5,2,2026-12,8.19,2026,10
-54.5,-69.5,2,2026-12,6.17,2026,10
-54.5,-68.5,2,2026-12,3.16,2026,10
-54.5,-67.5,2,2026-12,2.48,2026,10
-54.5,-66.5,2,2026-12,2.33,2026,10
-54.5,-65.5,2,2026-12,2.18,2026,10
-54.5,-64.5,2,2026-12,2.15,2026,10
-54.5,-63.5,2,2026-12,1.98,2026,10
-54.5,-62.5,2,2026-12,1.86,2026,10
-54.5,-61.5,2,2026-12,1.78,2026,10
-54.5,-60.5,2,2026-12,1.81,2026,10
-54.5,-59.5,2,2026-12,1.93,2026,10
-54.5,-58.5,2,2026-12,2.06,2026,10
-54.5,-57.5,2,2026-12,2.13,2026,10
-54.5,-56.5,2,2026-12,2.18,2026,10
-54.5,-55.5,2,2026-12,2.1,2026,10
-54.5,-54.5,2,2026-12,1.95,2026,10
-54.5,-53.5,2,2026-12,1.92,2026,10
-54.5,-52.5,2,2026-12,1.94,2026,10
-54.5,-51.5,2,2026-12,1.98,2026,10
-54.5,-50.5,2,2026-12,2.03,2026,10
-54.5,-49.5,2,2026-12,2.05,2026,10
-54.5,-48.5,2,2026-12,2.12,2026,10
-54.5,-47.5,2,2026-12,2.15,2026,10
-54.5,-46.5,2,2026-12,2.18,2026,10
-54.5,-45.5,2,2026-12,2.16,2026,10
-54.5,-44.5,2,2026-12,2.1,2026,10
-54.5,-43.5,2,2026-12,2.05,2026,10
-54.5,-42.5,2,2026-12,2.05,2026,10
-54.5,-41.5,2,2026-12,2.09,2026,10
-54.5,-40.5,2,2026-12,2.13,2026,10
-54.5,-39.5,2,2026-12,2.28,2026,10
-54.5,-38.5,2,2026-12,2.49,2026,10
-54.5,-37.5,2,2026-12,3.64,2026,10
-54.5,-36.5,2,2026-12,3.62,2026,10
-54.5,-35.5,2,2026-12,2.14,2026,10
-54.5,-34.5,2,2026-12,1.98,2026,10
-54.5,-33.5,2,2026-12,2.12,2026,10
-54.5,-32.5,2,2026-12,2.21,2026,10
-54.5,-31.5,2,2026-12,2.37,2026,10
-54.5,-30.5,2,2026-12,2.52,2026,10
-55.5,-89.5,2,2026-12,2.42,2026,10
-55.5,-88.5,2,2026-12,2.41,2026,10
-55.5,-87.5,2,2026-12,2.35,2026,10
-55.5,-86.5,2,2026-12,2.32,2026,10
-55.5,-85.5,2,2026-12,2.36,2026,10
-55.5,-84.5,2,2026-12,2.44,2026,10
-55.5,-83.5,2,2026-12,2.43,2026,10
-55.5,-82.5,2,2026-12,2.48,2026,10
-55.5,-81.5,2,2026-12,2.46,2026,10
-55.5,-80.5,2,2026-12,2.49,2026,10
-55.5,-79.5,2,2026-12,2.5,2026,10
-55.5,-78.5,2,2026-12,2.53,2026,10
-55.5,-77.5,2,2026-12,2.57,2026,10
-55.5,-76.5,2,2026-12,2.74,2026,10
-55.5,-75.5,2,2026-12,2.88,2026,10
-55.5,-74.5,2,2026-12,3.04,2026,10
-55.5,-73.5,2,2026-12,3.49,2026,10
-55.5,-72.5,2,2026-12,4.1,2026,10
-55.5,-71.5,2,2026-12,4.72,2026,10
-55.5,-70.5,2,2026-12,6.83,2026,10
-55.5,-69.5,2,2026-12,6.98,2026,10
-55.5,-68.5,2,2026-12,5.67,2026,10
-55.5,-67.5,2,2026-12,4.43,2026,10
-55.5,-66.5,2,2026-12,3.87,2026,10
-55.5,-65.5,2,2026-12,2.71,2026,10
-55.5,-64.5,2,2026-12,2.07,2026,10
-55.5,-63.5,2,2026-12,1.77,2026,10
-55.5,-62.5,2,2026-12,1.72,2026,10
-55.5,-61.5,2,2026-12,1.75,2026,10
-55.5,-60.5,2,2026-12,1.81,2026,10
-55.5,-59.5,2,2026-12,1.87,2026,10
-55.5,-58.5,2,2026-12,1.94,2026,10
-55.5,-57.5,2,2026-12,2.0,2026,10
-55.5,-56.5,2,2026-12,2.01,2026,10
-55.5,-55.5,2,2026-12,2.03,2026,10
-55.5,-54.5,2,2026-12,2.05,2026,10
-55.5,-53.5,2,2026-12,2.0,2026,10
-55.5,-52.5,2,2026-12,1.98,2026,10
-55.5,-51.5,2,2026-12,2.05,2026,10
-55.5,-50.5,2,2026-12,2.09,2026,10
-55.5,-49.5,2,2026-12,2.14,2026,10
-55.5,-48.5,2,2026-12,2.14,2026,10
-55.5,-47.5,2,2026-12,2.14,2026,10
-55.5,-46.5,2,2026-12,2.17,2026,10
-55.5,-45.5,2,2026-12,2.19,2026,10
-55.5,-44.5,2,2026-12,2.09,2026,10
-55.5,-43.5,2,2026-12,2.13,2026,10
-55.5,-42.5,2,2026-12,2.18,2026,10
-55.5,-41.5,2,2026-12,2.18,2026,10
-55.5,-40.5,2,2026-12,2.11,2026,10
-55.5,-39.5,2,2026-12,2.14,2026,10
-55.5,-38.5,2,2026-12,2.19,2026,10
-55.5,-37.5,2,2026-12,2.31,2026,10
-55.5,-36.5,2,2026-12,2.46,2026,10
-55.5,-35.5,2,2026-12,2.32,2026,10
-55.5,-34.5,2,2026-12,2.29,2026,10
-55.5,-33.5,2,2026-12,2.23,2026,10
-55.5,-32.5,2,2026-12,2.26,2026,10
-55.5,-31.5,2,2026-12,2.28,2026,10
-55.5,-30.5,2,2026-12,2.33,2026,10
-56.5,-89.5,2,2026-12,2.46,2026,10
-56.5,-88.5,2,2026-12,2.47,2026,10
-56.5,-87.5,2,2026-12,2.49,2026,10
-56.5,-86.5,2,2026-12,2.46,2026,10
-56.5,-85.5,2,2026-12,2.43,2026,10
-56.5,-84.5,2,2026-12,2.45,2026,10
-56.5,-83.5,2,2026-12,2.5,2026,10
-56.5,-82.5,2,2026-12,2.58,2026,10
-56.5,-81.5,2,2026-12,2.59,2026,10
-56.5,-80.5,2,2026-12,2.6,2026,10
-56.5,-79.5,2,2026-12,2.6,2026,10
-56.5,-78.5,2,2026-12,2.59,2026,10
-56.5,-77.5,2,2026-12,2.56,2026,10
-56.5,-76.5,2,2026-12,2.64,2026,10
-56.5,-75.5,2,2026-12,2.66,2026,10
-56.5,-74.5,2,2026-12,2.74,2026,10
-56.5,-73.5,2,2026-12,2.92,2026,10
-56.5,-72.5,2,2026-12,3.05,2026,10
-56.5,-71.5,2,2026-12,3.2,2026,10
-56.5,-70.5,2,2026-12,3.4,2026,10
-56.5,-69.5,2,2026-12,3.71,2026,10
-56.5,-68.5,2,2026-12,3.93,2026,10
-56.5,-67.5,2,2026-12,3.7,2026,10
-56.5,-66.5,2,2026-12,2.82,2026,10
-56.5,-65.5,2,2026-12,2.13,2026,10
-56.5,-64.5,2,2026-12,1.93,2026,10
-56.5,-63.5,2,2026-12,1.96,2026,10
-56.5,-62.5,2,2026-12,1.96,2026,10
-56.5,-61.5,2,2026-12,1.97,2026,10
-56.5,-60.5,2,2026-12,1.98,2026,10
-56.5,-59.5,2,2026-12,1.99,2026,10
-56.5,-58.5,2,2026-12,2.02,2026,10
-56.5,-57.5,2,2026-12,1.97,2026,10
-56.5,-56.5,2,2026-12,1.89,2026,10
-56.5,-55.5,2,2026-12,1.94,2026,10
-56.5,-54.5,2,2026-12,1.99,2026,10
-56.5,-53.5,2,2026-12,2.0,2026,10
-56.5,-52.5,2,2026-12,2.05,2026,10
-56.5,-51.5,2,2026-12,2.15,2026,10
-56.5,-50.5,2,2026-12,2.13,2026,10
-56.5,-49.5,2,2026-12,2.11,2026,10
-56.5,-48.5,2,2026-12,2.09,2026,10
-56.5,-47.5,2,2026-12,2.09,2026,10
-56.5,-46.5,2,2026-12,2.13,2026,10
-56.5,-45.5,2,2026-12,2.17,2026,10
-56.5,-44.5,2,2026-12,2.13,2026,10
-56.5,-43.5,2,2026-12,2.09,2026,10
-56.5,-42.5,2,2026-12,2.11,2026,10
-56.5,-41.5,2,2026-12,2.15,2026,10
-56.5,-40.5,2,2026-12,2.16,2026,10
-56.5,-39.5,2,2026-12,2.13,2026,10
-56.5,-38.5,2,2026-12,2.13,2026,10
-56.5,-37.5,2,2026-12,2.14,2026,10
-56.5,-36.5,2,2026-12,2.17,2026,10
-56.5,-35.5,2,2026-12,2.19,2026,10
-56.5,-34.5,2,2026-12,2.22,2026,10
-56.5,-33.5,2,2026-12,2.22,2026,10
-56.5,-32.5,2,2026-12,2.22,2026,10
-56.5,-31.5,2,2026-12,2.24,2026,10
-56.5,-30.5,2,2026-12,2.25,2026,10
-57.5,-89.5,2,2026-12,2.36,2026,10
-57.5,-88.5,2,2026-12,2.44,2026,10
-57.5,-87.5,2,2026-12,2.52,2026,10
-57.5,-86.5,2,2026-12,2.54,2026,10
-57.5,-85.5,2,2026-12,2.52,2026,10
-57.5,-84.5,2,2026-12,2.56,2026,10
-57.5,-83.5,2,2026-12,2.57,2026,10
-57.5,-82.5,2,2026-12,2.55,2026,10
-57.5,-81.5,2,2026-12,2.52,2026,10
-57.5,-80.5,2,2026-12,2.53,2026,10
-57.5,-79.5,2,2026-12,2.55,2026,10
-57.5,-78.5,2,2026-12,2.59,2026,10
-57.5,-77.5,2,2026-12,2.63,2026,10
-57.5,-76.5,2,2026-12,2.58,2026,10
-57.5,-75.5,2,2026-12,2.6,2026,10
-57.5,-74.5,2,2026-12,2.65,2026,10
-57.5,-73.5,2,2026-12,2.71,2026,10
-57.5,-72.5,2,2026-12,2.86,2026,10
-57.5,-71.5,2,2026-12,2.83,2026,10
-57.5,-70.5,2,2026-12,2.7,2026,10
-57.5,-69.5,2,2026-12,2.52,2026,10
-57.5,-68.5,2,2026-12,2.25,2026,10
-57.5,-67.5,2,2026-12,2.09,2026,10
-57.5,-66.5,2,2026-12,2.0,2026,10
-57.5,-65.5,2,2026-12,1.98,2026,10
-57.5,-64.5,2,2026-12,2.02,2026,10
-57.5,-63.5,2,2026-12,2.03,2026,10
-57.5,-62.5,2,2026-12,2.0,2026,10
-57.5,-61.5,2,2026-12,1.99,2026,10
-57.5,-60.5,2,2026-12,1.9,2026,10
-57.5,-59.5,2,2026-12,1.82,2026,10
-57.5,-58.5,2,2026-12,1.8,2026,10
-57.5,-57.5,2,2026-12,1.82,2026,10
-57.5,-56.5,2,2026-12,1.83,2026,10
-57.5,-55.5,2,2026-12,1.89,2026,10
-57.5,-54.5,2,2026-12,1.94,2026,10
-57.5,-53.5,2,2026-12,1.97,2026,10
-57.5,-52.5,2,2026-12,2.01,2026,10
-57.5,-51.5,2,2026-12,2.1,2026,10
-57.5,-50.5,2,2026-12,2.09,2026,10
-57.5,-49.5,2,2026-12,2.07,2026,10
-57.5,-48.5,2,2026-12,2.05,2026,10
-57.5,-47.5,2,2026-12,2.04,2026,10
-57.5,-46.5,2,2026-12,2.05,2026,10
-57.5,-45.5,2,2026-12,2.08,2026,10
-57.5,-44.5,2,2026-12,1.99,2026,10
-57.5,-43.5,2,2026-12,1.96,2026,10
-57.5,-42.5,2,2026-12,1.99,2026,10
-57.5,-41.5,2,2026-12,2.06,2026,10
-57.5,-40.5,2,2026-12,2.12,2026,10
-57.5,-39.5,2,2026-12,2.1,2026,10
-57.5,-38.5,2,2026-12,2.1,2026,10
-57.5,-37.5,2,2026-12,2.08,2026,10
-57.5,-36.5,2,2026-12,2.08,2026,10
-57.5,-35.5,2,2026-12,2.09,2026,10
-57.5,-34.5,2,2026-12,2.1,2026,10
-57.5,-33.5,2,2026-12,2.12,2026,10
-57.5,-32.5,2,2026-12,2.15,2026,10
-57.5,-31.5,2,2026-12,2.17,2026,10
-57.5,-30.5,2,2026-12,2.18,2026,10
-58.5,-89.5,2,2026-12,2.47,2026,10
-58.5,-88.5,2,2026-12,2.56,2026,10
-58.5,-87.5,2,2026-12,2.56,2026,10
-58.5,-86.5,2,2026-12,2.55,2026,10
-58.5,-85.5,2,2026-12,2.5,2026,10
-58.5,-84.5,2,2026-12,2.56,2026,10
-58.5,-83.5,2,2026-12,2.6,2026,10
-58.5,-82.5,2,2026-12,2.59,2026,10
-58.5,-81.5,2,2026-12,2.61,2026,10
-58.5,-80.5,2,2026-12,2.62,2026,10
-58.5,-79.5,2,2026-12,2.63,2026,10
-58.5,-78.5,2,2026-12,2.58,2026,10
-58.5,-77.5,2,2026-12,2.5,2026,10
-58.5,-76.5,2,2026-12,2.5,2026,10
-58.5,-75.5,2,2026-12,2.5,2026,10
-58.5,-74.5,2,2026-12,2.53,2026,10
-58.5,-73.5,2,2026-12,2.62,2026,10
-58.5,-72.5,2,2026-12,2.73,2026,10
-58.5,-71.5,2,2026-12,2.76,2026,10
-58.5,-70.5,2,2026-12,2.71,2026,10
-58.5,-69.5,2,2026-12,2.43,2026,10
-58.5,-68.5,2,2026-12,2.05,2026,10
-58.5,-67.5,2,2026-12,1.93,2026,10
-58.5,-66.5,2,2026-12,1.89,2026,10
-58.5,-65.5,2,2026-12,1.84,2026,10
-58.5,-64.5,2,2026-12,1.84,2026,10
-58.5,-63.5,2,2026-12,1.9,2026,10
-58.5,-62.5,2,2026-12,2.0,2026,10
-58.5,-61.5,2,2026-12,2.04,2026,10
-58.5,-60.5,2,2026-12,1.96,2026,10
-58.5,-59.5,2,2026-12,1.84,2026,10
-58.5,-58.5,2,2026-12,1.8,2026,10
-58.5,-57.5,2,2026-12,1.81,2026,10
-58.5,-56.5,2,2026-12,1.85,2026,10
-58.5,-55.5,2,2026-12,1.89,2026,10
-58.5,-54.5,2,2026-12,1.92,2026,10
-58.5,-53.5,2,2026-12,1.92,2026,10
-58.5,-52.5,2,2026-12,1.91,2026,10
-58.5,-51.5,2,2026-12,1.94,2026,10
-58.5,-50.5,2,2026-12,1.97,2026,10
-58.5,-49.5,2,2026-12,2.03,2026,10
-58.5,-48.5,2,2026-12,2.04,2026,10
-58.5,-47.5,2,2026-12,2.07,2026,10
-58.5,-46.5,2,2026-12,2.02,2026,10
-58.5,-45.5,2,2026-12,1.93,2026,10
-58.5,-44.5,2,2026-12,1.89,2026,10
-58.5,-43.5,2,2026-12,1.87,2026,10
-58.5,-42.5,2,2026-12,1.86,2026,10
-58.5,-41.5,2,2026-12,1.88,2026,10
-58.5,-40.5,2,2026-12,1.93,2026,10
-58.5,-39.5,2,2026-12,1.98,2026,10
-58.5,-38.5,2,2026-12,1.99,2026,10
-58.5,-37.5,2,2026-12,1.98,2026,10
-58.5,-36.5,2,2026-12,1.99,2026,10
-58.5,-35.5,2,2026-12,2.02,2026,10
-58.5,-34.5,2,2026-12,2.04,2026,10
-58.5,-33.5,2,2026-12,2.06,2026,10
-58.5,-32.5,2,2026-12,2.07,2026,10
-58.5,-31.5,2,2026-12,2.09,2026,10
-58.5,-30.5,2,2026-12,2.1,2026,10
-59.5,-89.5,2,2026-12,2.43,2026,10
-59.5,-88.5,2,2026-12,2.47,2026,10
-59.5,-87.5,2,2026-12,2.5,2026,10
-59.5,-86.5,2,2026-12,2.51,2026,10
-59.5,-85.5,2,2026-12,2.56,2026,10
-59.5,-84.5,2,2026-12,2.65,2026,10
-59.5,-83.5,2,2026-12,2.74,2026,10
-59.5,-82.5,2,2026-12,2.75,2026,10
-59.5,-81.5,2,2026-12,2.62,2026,10
-59.5,-80.5,2,2026-12,2.59,2026,10
-59.5,-79.5,2,2026-12,2.55,2026,10
-59.5,-78.5,2,2026-12,2.48,2026,10
-59.5,-77.5,2,2026-12,2.42,2026,10
-59.5,-76.5,2,2026-12,2.39,2026,10
-59.5,-75.5,2,2026-12,2.39,2026,10
-59.5,-74.5,2,2026-12,2.35,2026,10
-59.5,-73.5,2,2026-12,2.39,2026,10
-59.5,-72.5,2,2026-12,2.49,2026,10
-59.5,-71.5,2,2026-12,2.61,2026,10
-59.5,-70.5,2,2026-12,2.6,2026,10
-59.5,-69.5,2,2026-12,2.45,2026,10
-59.5,-68.5,2,2026-12,2.15,2026,10
-59.5,-67.5,2,2026-12,1.92,2026,10
-59.5,-66.5,2,2026-12,1.82,2026,10
-59.5,-65.5,2,2026-12,1.74,2026,10
-59.5,-64.5,2,2026-12,1.71,2026,10
-59.5,-63.5,2,2026-12,1.77,2026,10
-59.5,-62.5,2,2026-12,1.83,2026,10
-59.5,-61.5,2,2026-12,1.88,2026,10
-59.5,-60.5,2,2026-12,1.89,2026,10
-59.5,-59.5,2,2026-12,1.85,2026,10
-59.5,-58.5,2,2026-12,1.84,2026,10
-59.5,-57.5,2,2026-12,1.82,2026,10
-59.5,-56.5,2,2026-12,1.83,2026,10
-59.5,-55.5,2,2026-12,1.88,2026,10
-59.5,-54.5,2,2026-12,1.88,2026,10
-59.5,-53.5,2,2026-12,1.88,2026,10
-59.5,-52.5,2,2026-12,1.87,2026,10
-59.5,-51.5,2,2026-12,1.84,2026,10
-59.5,-50.5,2,2026-12,1.82,2026,10
-59.5,-49.5,2,2026-12,1.89,2026,10
-59.5,-48.5,2,2026-12,1.92,2026,10
-59.5,-47.5,2,2026-12,1.92,2026,10
-59.5,-46.5,2,2026-12,1.96,2026,10
-59.5,-45.5,2,2026-12,1.89,2026,10
-59.5,-44.5,2,2026-12,1.85,2026,10
-59.5,-43.5,2,2026-12,1.81,2026,10
-59.5,-42.5,2,2026-12,1.82,2026,10
-59.5,-41.5,2,2026-12,1.83,2026,10
-59.5,-40.5,2,2026-12,1.84,2026,10
-59.5,-39.5,2,2026-12,1.87,2026,10
-59.5,-38.5,2,2026-12,1.89,2026,10
-59.5,-37.5,2,2026-12,1.92,2026,10
-59.5,-36.5,2,2026-12,1.94,2026,10
-59.5,-35.5,2,2026-12,1.96,2026,10
-59.5,-34.5,2,2026-12,1.96,2026,10
-59.5,-33.5,2,2026-12,1.97,2026,10
-59.5,-32.5,2,2026-12,1.98,2026,10
-59.5,-31.5,2,2026-12,1.98,2026,10
-59.5,-30.5,2,2026-12,1.99,2026,10
14.5,-89.5,3,2027-01,0.38,2026,10
14.5,-88.5,3,2027-01,0.9,2026,10
14.5,-87.5,3,2027-01,1.0,2026,10
14.5,-86.5,3,2027-01,0.98,2026,10
14.5,-85.5,3,2027-01,1.67,2026,10
14.5,-84.5,3,2027-01,2.5,2026,10
14.5,-83.5,3,2027-01,3.49,2026,10
14.5,-82.5,3,2027-01,3.62,2026,10
14.5,-81.5,3,2027-01,3.07,2026,10
14.5,-80.5,3,2027-01,2.49,2026,10
14.5,-79.5,3,2027-01,2.18,2026,10
14.5,-78.5,3,2027-01,1.93,2026,10
14.5,-77.5,3,2027-01,1.69,2026,10
14.5,-76.5,3,2027-01,1.5,2026,10
14.5,-75.5,3,2027-01,1.42,2026,10
14.5,-74.5,3,2027-01,1.3,2026,10
14.5,-73.5,3,2027-01,1.36,2026,10
14.5,-72.5,3,2027-01,1.39,2026,10
14.5,-71.5,3,2027-01,1.42,2026,10
14.5,-70.5,3,2027-01,1.47,2026,10
14.5,-69.5,3,2027-01,1.52,2026,10
14.5,-68.5,3,2027-01,1.53,2026,10
14.5,-67.5,3,2027-01,1.54,2026,10
14.5,-66.5,3,2027-01,1.55,2026,10
14.5,-65.5,3,2027-01,1.59,2026,10
14.5,-64.5,3,2027-01,1.62,2026,10
14.5,-63.5,3,2027-01,1.68,2026,10
14.5,-62.5,3,2027-01,1.61,2026,10
14.5,-61.5,3,2027-01,1.44,2026,10
14.5,-60.5,3,2027-01,1.57,2026,10
14.5,-59.5,3,2027-01,1.45,2026,10
14.5,-58.5,3,2027-01,1.44,2026,10
14.5,-57.5,3,2027-01,1.44,2026,10
14.5,-56.5,3,2027-01,1.45,2026,10
14.5,-55.5,3,2027-01,1.47,2026,10
14.5,-54.5,3,2027-01,1.48,2026,10
14.5,-53.5,3,2027-01,1.53,2026,10
14.5,-52.5,3,2027-01,1.56,2026,10
14.5,-51.5,3,2027-01,1.62,2026,10
14.5,-50.5,3,2027-01,1.67,2026,10
14.5,-49.5,3,2027-01,1.7,2026,10
14.5,-48.5,3,2027-01,1.81,2026,10
14.5,-47.5,3,2027-01,1.88,2026,10
14.5,-46.5,3,2027-01,1.78,2026,10
14.5,-45.5,3,2027-01,1.67,2026,10
14.5,-44.5,3,2027-01,1.59,2026,10
14.5,-43.5,3,2027-01,1.53,2026,10
14.5,-42.5,3,2027-01,1.51,2026,10
14.5,-41.5,3,2027-01,1.48,2026,10
14.5,-40.5,3,2027-01,1.43,2026,10
14.5,-39.5,3,2027-01,1.29,2026,10
14.5,-38.5,3,2027-01,1.27,2026,10
14.5,-37.5,3,2027-01,1.29,2026,10
14.5,-36.5,3,2027-01,1.21,2026,10
14.5,-35.5,3,2027-01,1.08,2026,10
14.5,-34.5,3,2027-01,0.99,2026,10
14.5,-33.5,3,2027-01,0.9,2026,10
14.5,-32.5,3,2027-01,0.85,2026,10
14.5,-31.5,3,2027-01,0.74,2026,10
14.5,-30.5,3,2027-01,0.62,2026,10
13.5,-89.5,3,2027-01,0.11,2026,10
13.5,-88.5,3,2027-01,0.15,2026,10
13.5,-87.5,3,2027-01,0.13,2026,10
13.5,-86.5,3,2027-01,0.42,2026,10
13.5,-85.5,3,2027-01,1.62,2026,10
13.5,-84.5,3,2027-01,1.84,2026,10
13.5,-83.5,3,2027-01,3.84,2026,10
13.5,-82.5,3,2027-01,3.64,2026,10
13.5,-81.5,3,2027-01,2.79,2026,10
13.5,-80.5,3,2027-01,2.21,2026,10
13.5,-79.5,3,2027-01,1.89,2026,10
13.5,-78.5,3,2027-01,1.48,2026,10
13.5,-77.5,3,2027-01,1.24,2026,10
13.5,-76.5,3,2027-01,1.12,2026,10
13.5,-75.5,3,2027-01,0.97,2026,10
13.5,-74.5,3,2027-01,0.97,2026,10
13.5,-73.5,3,2027-01,0.91,2026,10
13.5,-72.5,3,2027-01,0.94,2026,10
13.5,-71.5,3,2027-01,0.94,2026,10
13.5,-70.5,3,2027-01,1.04,2026,10
13.5,-69.5,3,2027-01,1.16,2026,10
13.5,-68.5,3,2027-01,1.23,2026,10
13.5,-67.5,3,2027-01,1.26,2026,10
13.5,-66.5,3,2027-01,1.27,2026,10
13.5,-65.5,3,2027-01,1.43,2026,10
13.5,-64.5,3,2027-01,1.52,2026,10
13.5,-63.5,3,2027-01,1.65,2026,10
13.5,-62.5,3,2027-01,1.76,2026,10
13.5,-61.5,3,2027-01,1.66,2026,10
13.5,-60.5,3,2027-01,1.77,2026,10
13.5,-59.5,3,2027-01,1.69,2026,10
13.5,-58.5,3,2027-01,1.65,2026,10
13.5,-57.5,3,2027-01,1.63,2026,10
13.5,-56.5,3,2027-01,1.63,2026,10
13.5,-55.5,3,2027-01,1.61,2026,10
13.5,-54.5,3,2027-01,1.59,2026,10
13.5,-53.5,3,2027-01,1.64,2026,10
13.5,-52.5,3,2027-01,1.7,2026,10
13.5,-51.5,3,2027-01,1.73,2026,10
13.5,-50.5,3,2027-01,1.76,2026,10
13.5,-49.5,3,2027-01,1.81,2026,10
13.5,-48.5,3,2027-01,1.93,2026,10
13.5,-47.5,3,2027-01,1.91,2026,10
13.5,-46.5,3,2027-01,1.8,2026,10
13.5,-45.5,3,2027-01,1.72,2026,10
13.5,-44.5,3,2027-01,1.63,2026,10
13.5,-43.5,3,2027-01,1.56,2026,10
13.5,-42.5,3,2027-01,1.59,2026,10
13.5,-41.5,3,2027-01,1.63,2026,10
13.5,-40.5,3,2027-01,1.51,2026,10
13.5,-39.5,3,2027-01,1.35,2026,10
13.5,-38.5,3,2027-01,1.27,2026,10
13.5,-37.5,3,2027-01,1.3,2026,10
13.5,-36.5,3,2027-01,1.25,2026,10
13.5,-35.5,3,2027-01,1.12,2026,10
13.5,-34.5,3,2027-01,1.11,2026,10
13.5,-33.5,3,2027-01,1.06,2026,10
13.5,-32.5,3,2027-01,0.92,2026,10
13.5,-31.5,3,2027-01,0.68,2026,10
13.5,-30.5,3,2027-01,0.64,2026,10
12.5,-89.5,3,2027-01,0.24,2026,10
12.5,-88.5,3,2027-01,0.24,2026,10
12.5,-87.5,3,2027-01,0.21,2026,10
12.5,-86.5,3,2027-01,0.11,2026,10
12.5,-85.5,3,2027-01,0.76,2026,10
12.5,-84.5,3,2027-01,2.27,2026,10
12.5,-83.5,3,2027-01,4.07,2026,10
12.5,-82.5,3,2027-01,3.63,2026,10
12.5,-81.5,3,2027-01,2.4,2026,10
12.5,-80.5,3,2027-01,2.05,2026,10
12.5,-79.5,3,2027-01,1.49,2026,10
12.5,-78.5,3,2027-01,1.28,2026,10
12.5,-77.5,3,2027-01,0.94,2026,10
12.5,-76.5,3,2027-01,0.69,2026,10
12.5,-75.5,3,2027-01,0.65,2026,10
12.5,-74.5,3,2027-01,0.64,2026,10
12.5,-73.5,3,2027-01,0.82,2026,10
12.5,-72.5,3,2027-01,0.62,2026,10
12.5,-71.5,3,2027-01,0.62,2026,10
12.5,-70.5,3,2027-01,0.72,2026,10
12.5,-69.5,3,2027-01,1.28,2026,10
12.5,-68.5,3,2027-01,1.3,2026,10
12.5,-67.5,3,2027-01,1.11,2026,10
12.5,-66.5,3,2027-01,1.17,2026,10
12.5,-65.5,3,2027-01,1.16,2026,10
12.5,-64.5,3,2027-01,1.31,2026,10
12.5,-63.5,3,2027-01,1.57,2026,10
12.5,-62.5,3,2027-01,1.94,2026,10
12.5,-61.5,3,2027-01,2.04,2026,10
12.5,-60.5,3,2027-01,2.05,2026,10
12.5,-59.5,3,2027-01,1.97,2026,10
12.5,-58.5,3,2027-01,1.96,2026,10
12.5,-57.5,3,2027-01,1.91,2026,10
12.5,-56.5,3,2027-01,1.89,2026,10
12.5,-55.5,3,2027-01,1.85,2026,10
12.5,-54.5,3,2027-01,1.82,2026,10
12.5,-53.5,3,2027-01,1.87,2026,10
12.5,-52.5,3,2027-01,1.96,2026,10
12.5,-51.5,3,2027-01,1.99,2026,10
12.5,-50.5,3,2027-01,2.03,2026,10
12.5,-49.5,3,2027-01,2.09,2026,10
12.5,-48.5,3,2027-01,2.08,2026,10
12.5,-47.5,3,2027-01,2.02,2026,10
12.5,-46.5,3,2027-01,1.99,2026,10
12.5,-45.5,3,2027-01,1.91,2026,10
12.5,-44.5,3,2027-01,1.88,2026,10
12.5,-43.5,3,2027-01,1.78,2026,10
12.5,-42.5,3,2027-01,1.75,2026,10
12.5,-41.5,3,2027-01,1.84,2026,10
12.5,-40.5,3,2027-01,1.77,2026,10
12.5,-39.5,3,2027-01,1.64,2026,10
12.5,-38.5,3,2027-01,1.55,2026,10
12.5,-37.5,3,2027-01,1.62,2026,10
12.5,-36.5,3,2027-01,1.67,2026,10
12.5,-35.5,3,2027-01,1.42,2026,10
12.5,-34.5,3,2027-01,1.22,2026,10
12.5,-33.5,3,2027-01,1.05,2026,10
12.5,-32.5,3,2027-01,0.81,2026,10
12.5,-31.5,3,2027-01,0.67,2026,10
12.5,-30.5,3,2027-01,0.62,2026,10
11.5,-89.5,3,2027-01,0.47,2026,10
11.5,-88.5,3,2027-01,0.36,2026,10
11.5,-87.5,3,2027-01,0.23,2026,10
11.5,-86.5,3,2027-01,0.13,2026,10
11.5,-85.5,3,2027-01,1.18,2026,10
11.5,-84.5,3,2027-01,2.31,2026,10
11.5,-83.5,3,2027-01,5.61,2026,10
11.5,-82.5,3,2027-01,3.48,2026,10
11.5,-81.5,3,2027-01,2.51,2026,10
11.5,-80.5,3,2027-01,1.81,2026,10
11.5,-79.5,3,2027-01,1.41,2026,10
11.5,-78.5,3,2027-01,1.11,2026,10
11.5,-77.5,3,2027-01,0.94,2026,10
11.5,-76.5,3,2027-01,0.74,2026,10
11.5,-75.5,3,2027-01,0.48,2026,10
11.5,-74.5,3,2027-01,0.75,2026,10
11.5,-73.5,3,2027-01,1.38,2026,10
11.5,-72.5,3,2027-01,1.34,2026,10
11.5,-71.5,3,2027-01,0.68,2026,10
11.5,-70.5,3,2027-01,0.36,2026,10
11.5,-69.5,3,2027-01,1.29,2026,10
11.5,-68.5,3,2027-01,1.64,2026,10
11.5,-67.5,3,2027-01,1.24,2026,10
11.5,-66.5,3,2027-01,1.25,2026,10
11.5,-65.5,3,2027-01,0.8,2026,10
11.5,-64.5,3,2027-01,0.7,2026,10
11.5,-63.5,3,2027-01,1.17,2026,10
11.5,-62.5,3,2027-01,1.88,2026,10
11.5,-61.5,3,2027-01,2.19,2026,10
11.5,-60.5,3,2027-01,2.52,2026,10
11.5,-59.5,3,2027-01,2.49,2026,10
11.5,-58.5,3,2027-01,2.38,2026,10
11.5,-57.5,3,2027-01,2.36,2026,10
11.5,-56.5,3,2027-01,2.31,2026,10
11.5,-55.5,3,2027-01,2.24,2026,10
11.5,-54.5,3,2027-01,2.22,2026,10
11.5,-53.5,3,2027-01,2.24,2026,10
11.5,-52.5,3,2027-01,2.3,2026,10
11.5,-51.5,3,2027-01,2.37,2026,10
11.5,-50.5,3,2027-01,2.5,2026,10
11.5,-49.5,3,2027-01,2.54,2026,10
11.5,-48.5,3,2027-01,2.5,2026,10
11.5,-47.5,3,2027-01,2.43,2026,10
11.5,-46.5,3,2027-01,2.31,2026,10
11.5,-45.5,3,2027-01,2.23,2026,10
11.5,-44.5,3,2027-01,2.25,2026,10
11.5,-43.5,3,2027-01,2.21,2026,10
11.5,-42.5,3,2027-01,2.25,2026,10
11.5,-41.5,3,2027-01,2.33,2026,10
11.5,-40.5,3,2027-01,2.3,2026,10
11.5,-39.5,3,2027-01,2.21,2026,10
11.5,-38.5,3,2027-01,2.11,2026,10
11.5,-37.5,3,2027-01,2.12,2026,10
11.5,-36.5,3,2027-01,2.05,2026,10
11.5,-35.5,3,2027-01,1.58,2026,10
11.5,-34.5,3,2027-01,1.32,2026,10
11.5,-33.5,3,2027-01,1.04,2026,10
11.5,-32.5,3,2027-01,0.85,2026,10
11.5,-31.5,3,2027-01,0.8,2026,10
11.5,-30.5,3,2027-01,0.71,2026,10
10.5,-89.5,3,2027-01,0.62,2026,10
10.5,-88.5,3,2027-01,0.44,2026,10
10.5,-87.5,3,2027-01,0.29,2026,10
10.5,-86.5,3,2027-01,0.24,2026,10
10.5,-85.5,3,2027-01,0.41,2026,10
10.5,-84.5,3,2027-01,3.42,2026,10
10.5,-83.5,3,2027-01,9.5,2026,10
10.5,-82.5,3,2027-01,5.24,2026,10
10.5,-81.5,3,2027-01,3.55,2026,10
10.5,-80.5,3,2027-01,2.25,2026,10
10.5,-79.5,3,2027-01,1.86,2026,10
10.5,-78.5,3,2027-01,1.31,2026,10
10.5,-77.5,3,2027-01,1.03,2026,10
10.5,-76.5,3,2027-01,0.81,2026,10
10.5,-75.5,3,2027-01,0.73,2026,10
10.5,-74.5,3,2027-01,2.32,2026,10
10.5,-73.5,3,2027-01,2.57,2026,10
10.5,-72.5,3,2027-01,1.74,2026,10
10.5,-71.5,3,2027-01,1.01,2026,10
10.5,-70.5,3,2027-01,0.75,2026,10
10.5,-69.5,3,2027-01,0.91,2026,10
10.5,-68.5,3,2027-01,1.81,2026,10
10.5,-67.5,3,2027-01,1.13,2026,10
10.5,-66.5,3,2027-01,2.19,2026,10
10.5,-65.5,3,2027-01,1.08,2026,10
10.5,-64.5,3,2027-01,0.51,2026,10
10.5,-63.5,3,2027-01,1.73,2026,10
10.5,-62.5,3,2027-01,3.62,2026,10
10.5,-61.5,3,2027-01,2.46,2026,10
10.5,-60.5,3,2027-01,3.31,2026,10
10.5,-59.5,3,2027-01,3.01,2026,10
10.5,-58.5,3,2027-01,2.84,2026,10
10.5,-57.5,3,2027-01,2.72,2026,10
10.5,-56.5,3,2027-01,2.59,2026,10
10.5,-55.5,3,2027-01,2.58,2026,10
10.5,-54.5,3,2027-01,2.6,2026,10
10.5,-53.5,3,2027-01,2.65,2026,10
10.5,-52.5,3,2027-01,2.65,2026,10
10.5,-51.5,3,2027-01,2.71,2026,10
10.5,-50.5,3,2027-01,2.84,2026,10
10.5,-49.5,3,2027-01,2.93,2026,10
10.5,-48.5,3,2027-01,3.06,2026,10
10.5,-47.5,3,2027-01,3.03,2026,10
10.5,-46.5,3,2027-01,2.97,2026,10
10.5,-45.5,3,2027-01,3.0,2026,10
10.5,-44.5,3,2027-01,3.03,2026,10
10.5,-43.5,3,2027-01,3.16,2026,10
10.5,-42.5,3,2027-01,3.18,2026,10
10.5,-41.5,3,2027-01,3.15,2026,10
10.5,-40.5,3,2027-01,3.02,2026,10
10.5,-39.5,3,2027-01,2.85,2026,10
10.5,-38.5,3,2027-01,2.73,2026,10
10.5,-37.5,3,2027-01,2.51,2026,10
10.5,-36.5,3,2027-01,2.28,2026,10
10.5,-35.5,3,2027-01,1.91,2026,10
10.5,-34.5,3,2027-01,1.57,2026,10
10.5,-33.5,3,2027-01,1.31,2026,10
10.5,-32.5,3,2027-01,1.12,2026,10
10.5,-31.5,3,2027-01,1.09,2026,10
10.5,-30.5,3,2027-01,1.12,2026,10
9.5,-89.5,3,2027-01,0.93,2026,10
9.5,-88.5,3,2027-01,0.75,2026,10
9.5,-87.5,3,2027-01,0.56,2026,10
9.5,-86.5,3,2027-01,0.45,2026,10
9.5,-85.5,3,2027-01,0.6,2026,10
9.5,-84.5,3,2027-01,1.68,2026,10
9.5,-83.5,3,2027-01,4.43,2026,10
9.5,-82.5,3,2027-01,7.41,2026,10
9.5,-81.5,3,2027-01,7.78,2026,10
9.5,-80.5,3,2027-01,4.28,2026,10
9.5,-79.5,3,2027-01,2.71,2026,10
9.5,-78.5,3,2027-01,2.78,2026,10
9.5,-77.5,3,2027-01,1.9,2026,10
9.5,-76.5,3,2027-01,1.51,2026,10
9.5,-75.5,3,2027-01,1.33,2026,10
9.5,-74.5,3,2027-01,1.15,2026,10
9.5,-73.5,3,2027-01,1.05,2026,10
9.5,-72.5,3,2027-01,1.58,2026,10
9.5,-71.5,3,2027-01,2.31,2026,10
9.5,-70.5,3,2027-01,1.9,2026,10
9.5,-69.5,3,2027-01,1.37,2026,10
9.5,-68.5,3,2027-01,0.76,2026,10
9.5,-67.5,3,2027-01,0.44,2026,10
9.5,-66.5,3,2027-01,0.48,2026,10
9.5,-65.5,3,2027-01,0.59,2026,10
9.5,-64.5,3,2027-01,0.56,2026,10
9.5,-63.5,3,2027-01,1.42,2026,10
9.5,-62.5,3,2027-01,2.13,2026,10
9.5,-61.5,3,2027-01,2.99,2026,10
9.5,-60.5,3,2027-01,4.13,2026,10
9.5,-59.5,3,2027-01,3.61,2026,10
9.5,-58.5,3,2027-01,3.44,2026,10
9.5,-57.5,3,2027-01,3.17,2026,10
9.5,-56.5,3,2027-01,3.06,2026,10
9.5,-55.5,3,2027-01,2.89,2026,10
9.5,-54.5,3,2027-01,2.86,2026,10
9.5,-53.5,3,2027-01,2.94,2026,10
9.5,-52.5,3,2027-01,2.99,2026,10
9.5,-51.5,3,2027-01,3.04,2026,10
9.5,-50.5,3,2027-01,3.23,2026,10
9.5,-49.5,3,2027-01,3.49,2026,10
9.5,-48.5,3,2027-01,3.69,2026,10
9.5,-47.5,3,2027-01,3.79,2026,10
9.5,-46.5,3,2027-01,3.78,2026,10
9.5,-45.5,3,2027-01,3.73,2026,10
9.5,-44.5,3,2027-01,3.73,2026,10
9.5,-43.5,3,2027-01,3.92,2026,10
9.5,-42.5,3,2027-01,3.87,2026,10
9.5,-41.5,3,2027-01,3.64,2026,10
9.5,-40.5,3,2027-01,3.42,2026,10
9.5,-39.5,3,2027-01,3.24,2026,10
9.5,-38.5,3,2027-01,3.16,2026,10
9.5,-37.5,3,2027-01,2.96,2026,10
9.5,-36.5,3,2027-01,2.76,2026,10
9.5,-35.5,3,2027-01,2.43,2026,10
9.5,-34.5,3,2027-01,2.14,2026,10
9.5,-33.5,3,2027-01,1.88,2026,10
9.5,-32.5,3,2027-01,1.62,2026,10
9.5,-31.5,3,2027-01,1.5,2026,10
9.5,-30.5,3,2027-01,1.43,2026,10
8.5,-89.5,3,2027-01,1.74,2026,10
8.5,-88.5,3,2027-01,1.44,2026,10
8.5,-87.5,3,2027-01,1.21,2026,10
8.5,-86.5,3,2027-01,1.17,2026,10
8.5,-85.5,3,2027-01,1.47,2026,10
8.5,-84.5,3,2027-01,2.05,2026,10
8.5,-83.5,3,2027-01,1.8,2026,10
8.5,-82.5,3,2027-01,1.57,2026,10
8.5,-81.5,3,2027-01,4.28,2026,10
8.5,-80.5,3,2027-01,2.11,2026,10
8.5,-79.5,3,2027-01,1.92,2026,10
8.5,-78.5,3,2027-01,2.1,2026,10
8.5,-77.5,3,2027-01,3.07,2026,10
8.5,-76.5,3,2027-01,3.17,2026,10
8.5,-75.5,3,2027-01,2.28,2026,10
8.5,-74.5,3,2027-01,2.56,2026,10
8.5,-73.5,3,2027-01,1.48,2026,10
8.5,-72.5,3,2027-01,1.89,2026,10
8.5,-71.5,3,2027-01,3.34,2026,10
8.5,-70.5,3,2027-01,2.84,2026,10
8.5,-69.5,3,2027-01,1.25,2026,10
8.5,-68.5,3,2027-01,0.72,2026,10
8.5,-67.5,3,2027-01,0.48,2026,10
8.5,-66.5,3,2027-01,0.36,2026,10
8.5,-65.5,3,2027-01,0.35,2026,10
8.5,-64.5,3,2027-01,0.41,2026,10
8.5,-63.5,3,2027-01,0.72,2026,10
8.5,-62.5,3,2027-01,1.26,2026,10
8.5,-61.5,3,2027-01,2.58,2026,10
8.5,-60.5,3,2027-01,3.86,2026,10
8.5,-59.5,3,2027-01,4.71,2026,10
8.5,-58.5,3,2027-01,3.97,2026,10
8.5,-57.5,3,2027-01,3.47,2026,10
8.5,-56.5,3,2027-01,3.32,2026,10
8.5,-55.5,3,2027-01,3.08,2026,10
8.5,-54.5,3,2027-01,3.2,2026,10
8.5,-53.5,3,2027-01,3.52,2026,10
8.5,-52.5,3,2027-01,3.7,2026,10
8.5,-51.5,3,2027-01,3.73,2026,10
8.5,-50.5,3,2027-01,3.68,2026,10
8.5,-49.5,3,2027-01,4.05,2026,10
8.5,-48.5,3,2027-01,4.22,2026,10
8.5,-47.5,3,2027-01,4.25,2026,10
8.5,-46.5,3,2027-01,4.32,2026,10
8.5,-45.5,3,2027-01,4.33,2026,10
8.5,-44.5,3,2027-01,4.23,2026,10
8.5,-43.5,3,2027-01,4.19,2026,10
8.5,-42.5,3,2027-01,4.09,2026,10
8.5,-41.5,3,2027-01,4.04,2026,10
8.5,-40.5,3,2027-01,4.0,2026,10
8.5,-39.5,3,2027-01,3.87,2026,10
8.5,-38.5,3,2027-01,3.78,2026,10
8.5,-37.5,3,2027-01,3.69,2026,10
8.5,-36.5,3,2027-01,3.51,2026,10
8.5,-35.5,3,2027-01,3.27,2026,10
8.5,-34.5,3,2027-01,3.16,2026,10
8.5,-33.5,3,2027-01,3.0,2026,10
8.5,-32.5,3,2027-01,2.77,2026,10
8.5,-31.5,3,2027-01,2.62,2026,10
8.5,-30.5,3,2027-01,2.49,2026,10
7.5,-89.5,3,2027-01,2.92,2026,10
7.5,-88.5,3,2027-01,2.49,2026,10
7.5,-87.5,3,2027-01,2.13,2026,10
7.5,-86.5,3,2027-01,1.99,2026,10
7.5,-85.5,3,2027-01,2.43,2026,10
7.5,-84.5,3,2027-01,2.21,2026,10
7.5,-83.5,3,2027-01,2.28,2026,10
7.5,-82.5,3,2027-01,1.33,2026,10
7.5,-81.5,3,2027-01,1.11,2026,10
7.5,-80.5,3,2027-01,1.66,2026,10
7.5,-79.5,3,2027-01,4.36,2026,10
7.5,-78.5,3,2027-01,3.62,2026,10
7.5,-77.5,3,2027-01,4.03,2026,10
7.5,-76.5,3,2027-01,5.1,2026,10
7.5,-75.5,3,2027-01,4.57,2026,10
7.5,-74.5,3,2027-01,3.97,2026,10
7.5,-73.5,3,2027-01,2.96,2026,10
7.5,-72.5,3,2027-01,1.97,2026,10
7.5,-71.5,3,2027-01,1.67,2026,10
7.5,-70.5,3,2027-01,1.48,2026,10
7.5,-69.5,3,2027-01,1.05,2026,10
7.5,-68.5,3,2027-01,0.75,2026,10
7.5,-67.5,3,2027-01,0.52,2026,10
7.5,-66.5,3,2027-01,0.47,2026,10
7.5,-65.5,3,2027-01,0.65,2026,10
7.5,-64.5,3,2027-01,0.54,2026,10
7.5,-63.5,3,2027-01,0.63,2026,10
7.5,-62.5,3,2027-01,1.06,2026,10
7.5,-61.5,3,2027-01,1.77,2026,10
7.5,-60.5,3,2027-01,3.02,2026,10
7.5,-59.5,3,2027-01,4.36,2026,10
7.5,-58.5,3,2027-01,5.43,2026,10
7.5,-57.5,3,2027-01,3.51,2026,10
7.5,-56.5,3,2027-01,3.4,2026,10
7.5,-55.5,3,2027-01,3.09,2026,10
7.5,-54.5,3,2027-01,3.23,2026,10
7.5,-53.5,3,2027-01,3.85,2026,10
7.5,-52.5,3,2027-01,4.03,2026,10
7.5,-51.5,3,2027-01,4.11,2026,10
7.5,-50.5,3,2027-01,4.05,2026,10
7.5,-49.5,3,2027-01,4.37,2026,10
7.5,-48.5,3,2027-01,4.55,2026,10
7.5,-47.5,3,2027-01,4.73,2026,10
7.5,-46.5,3,2027-01,4.91,2026,10
7.5,-45.5,3,2027-01,5.04,2026,10
7.5,-44.5,3,2027-01,5.04,2026,10
7.5,-43.5,3,2027-01,5.11,2026,10
7.5,-42.5,3,2027-01,5.16,2026,10
7.5,-41.5,3,2027-01,5.18,2026,10
7.5,-40.5,3,2027-01,5.25,2026,10
7.5,-39.5,3,2027-01,5.32,2026,10
7.5,-38.5,3,2027-01,5.31,2026,10
7.5,-37.5,3,2027-01,5.33,2026,10
7.5,-36.5,3,2027-01,5.11,2026,10
7.5,-35.5,3,2027-01,4.78,2026,10
7.5,-34.5,3,2027-01,4.7,2026,10
7.5,-33.5,3,2027-01,4.89,2026,10
7.5,-32.5,3,2027-01,4.81,2026,10
7.5,-31.5,3,2027-01,4.46,2026,10
7.5,-30.5,3,2027-01,4.1,2026,10
6.5,-89.5,3,2027-01,4.28,2026,10
6.5,-88.5,3,2027-01,3.64,2026,10
6.5,-87.5,3,2027-01,3.31,2026,10
6.5,-86.5,3,2027-01,3.26,2026,10
6.5,-85.5,3,2027-01,3.15,2026,10
6.5,-84.5,3,2027-01,3.04,2026,10
6.5,-83.5,3,2027-01,2.71,2026,10
6.5,-82.5,3,2027-01,2.75,2026,10
6.5,-81.5,3,2027-01,2.41,2026,10
6.5,-80.5,3,2027-01,3.62,2026,10
6.5,-79.5,3,2027-01,5.61,2026,10
6.5,-78.5,3,2027-01,5.41,2026,10
6.5,-77.5,3,2027-01,6.82,2026,10
6.5,-76.5,3,2027-01,8.4,2026,10
6.5,-75.5,3,2027-01,5.34,2026,10
6.5,-74.5,3,2027-01,3.13,2026,10
6.5,-73.5,3,2027-01,3.92,2026,10
6.5,-72.5,3,2027-01,4.16,2026,10
6.5,-71.5,3,2027-01,2.39,2026,10
6.5,-70.5,3,2027-01,1.46,2026,10
6.5,-69.5,3,2027-01,1.44,2026,10
6.5,-68.5,3,2027-01,0.99,2026,10
6.5,-67.5,3,2027-01,0.86,2026,10
6.5,-66.5,3,2027-01,1.02,2026,10
6.5,-65.5,3,2027-01,1.41,2026,10
6.5,-64.5,3,2027-01,1.14,2026,10
6.5,-63.5,3,2027-01,0.78,2026,10
6.5,-62.5,3,2027-01,1.63,2026,10
6.5,-61.5,3,2027-01,1.79,2026,10
6.5,-60.5,3,2027-01,3.25,2026,10
6.5,-59.5,3,2027-01,4.3,2026,10
6.5,-58.5,3,2027-01,4.94,2026,10
6.5,-57.5,3,2027-01,5.06,2026,10
6.5,-56.5,3,2027-01,3.21,2026,10
6.5,-55.5,3,2027-01,2.58,2026,10
6.5,-54.5,3,2027-01,2.98,2026,10
6.5,-53.5,3,2027-01,3.87,2026,10
6.5,-52.5,3,2027-01,4.48,2026,10
6.5,-51.5,3,2027-01,4.33,2026,10
6.5,-50.5,3,2027-01,4.3,2026,10
6.5,-49.5,3,2027-01,4.65,2026,10
6.5,-48.5,3,2027-01,5.08,2026,10
6.5,-47.5,3,2027-01,5.27,2026,10
6.5,-46.5,3,2027-01,5.58,2026,10
6.5,-45.5,3,2027-01,6.01,2026,10
6.5,-44.5,3,2027-01,6.4,2026,10
6.5,-43.5,3,2027-01,6.51,2026,10
6.5,-42.5,3,2027-01,6.63,2026,10
6.5,-41.5,3,2027-01,6.84,2026,10
6.5,-40.5,3,2027-01,7.14,2026,10
6.5,-39.5,3,2027-01,7.39,2026,10
6.5,-38.5,3,2027-01,7.54,2026,10
6.5,-37.5,3,2027-01,7.41,2026,10
6.5,-36.5,3,2027-01,7.15,2026,10
6.5,-35.5,3,2027-01,7.05,2026,10
6.5,-34.5,3,2027-01,7.09,2026,10
6.5,-33.5,3,2027-01,7.18,2026,10
6.5,-32.5,3,2027-01,7.2,2026,10
6.5,-31.5,3,2027-01,7.04,2026,10
6.5,-30.5,3,2027-01,6.72,2026,10
5.5,-89.5,3,2027-01,5.48,2026,10
5.5,-88.5,3,2027-01,4.99,2026,10
5.5,-87.5,3,2027-01,4.63,2026,10
5.5,-86.5,3,2027-01,4.46,2026,10
5.5,-85.5,3,2027-01,4.0,2026,10
5.5,-84.5,3,2027-01,3.94,2026,10
5.5,-83.5,3,2027-01,3.94,2026,10
5.5,-82.5,3,2027-01,4.07,2026,10
5.5,-81.5,3,2027-01,4.57,2026,10
5.5,-80.5,3,2027-01,6.24,2026,10
5.5,-79.5,3,2027-01,6.86,2026,10
5.5,-78.5,3,2027-01,7.05,2026,10
5.5,-77.5,3,2027-01,8.74,2026,10
5.5,-76.5,3,2027-01,10.06,2026,10
5.5,-75.5,3,2027-01,5.49,2026,10
5.5,-74.5,3,2027-01,5.56,2026,10
5.5,-73.5,3,2027-01,3.89,2026,10
5.5,-72.5,3,2027-01,2.76,2026,10
5.5,-71.5,3,2027-01,1.54,2026,10
5.5,-70.5,3,2027-01,1.89,2026,10
5.5,-69.5,3,2027-01,1.87,2026,10
5.5,-68.5,3,2027-01,1.81,2026,10
5.5,-67.5,3,2027-01,2.75,2026,10
5.5,-66.5,3,2027-01,1.63,2026,10
5.5,-65.5,3,2027-01,1.94,2026,10
5.5,-64.5,3,2027-01,1.9,2026,10
5.5,-63.5,3,2027-01,1.55,2026,10
5.5,-62.5,3,2027-01,2.32,2026,10
5.5,-61.5,3,2027-01,2.04,2026,10
5.5,-60.5,3,2027-01,3.07,2026,10
5.5,-59.5,3,2027-01,5.34,2026,10
5.5,-58.5,3,2027-01,3.78,2026,10
5.5,-57.5,3,2027-01,3.52,2026,10
5.5,-56.5,3,2027-01,3.63,2026,10
5.5,-55.5,3,2027-01,3.84,2026,10
5.5,-54.5,3,2027-01,4.54,2026,10
5.5,-53.5,3,2027-01,5.38,2026,10
5.5,-52.5,3,2027-01,6.58,2026,10
5.5,-51.5,3,2027-01,5.45,2026,10
5.5,-50.5,3,2027-01,4.7,2026,10
5.5,-49.5,3,2027-01,4.87,2026,10
5.5,-48.5,3,2027-01,5.35,2026,10
5.5,-47.5,3,2027-01,5.69,2026,10
5.5,-46.5,3,2027-01,6.07,2026,10
5.5,-45.5,3,2027-01,6.49,2026,10
5.5,-44.5,3,2027-01,6.85,2026,10
5.5,-43.5,3,2027-01,7.32,2026,10
5.5,-42.5,3,2027-01,7.75,2026,10
5.5,-41.5,3,2027-01,8.32,2026,10
5.5,-40.5,3,2027-01,8.71,2026,10
5.5,-39.5,3,2027-01,9.09,2026,10
5.5,-38.5,3,2027-01,9.22,2026,10
5.5,-37.5,3,2027-01,9.03,2026,10
5.5,-36.5,3,2027-01,8.93,2026,10
5.5,-35.5,3,2027-01,9.09,2026,10
5.5,-34.5,3,2027-01,9.31,2026,10
5.5,-33.5,3,2027-01,9.41,2026,10
5.5,-32.5,3,2027-01,9.46,2026,10
5.5,-31.5,3,2027-01,9.88,2026,10
5.5,-30.5,3,2027-01,9.77,2026,10
4.5,-89.5,3,2027-01,6.86,2026,10
4.5,-88.5,3,2027-01,6.38,2026,10
4.5,-87.5,3,2027-01,5.92,2026,10
4.5,-86.5,3,2027-01,5.45,2026,10
4.5,-85.5,3,2027-01,5.3,2026,10
4.5,-84.5,3,2027-01,5.15,2026,10
4.5,-83.5,3,2027-01,5.39,2026,10
4.5,-82.5,3,2027-01,5.84,2026,10
4.5,-81.5,3,2027-01,6.86,2026,10
4.5,-80.5,3,2027-01,7.45,2026,10
4.5,-79.5,3,2027-01,8.3,2026,10
4.5,-78.5,3,2027-01,8.69,2026,10
4.5,-77.5,3,2027-01,10.5,2026,10
4.5,-76.5,3,2027-01,10.49,2026,10
4.5,-75.5,3,2027-01,4.47,2026,10
4.5,-74.5,3,2027-01,5.14,2026,10
4.5,-73.5,3,2027-01,2.5,2026,10
4.5,-72.5,3,2027-01,2.13,2026,10
4.5,-71.5,3,2027-01,2.32,2026,10
4.5,-70.5,3,2027-01,2.92,2026,10
4.5,-69.5,3,2027-01,3.13,2026,10
4.5,-68.5,3,2027-01,3.29,2026,10
4.5,-67.5,3,2027-01,4.57,2026,10
4.5,-66.5,3,2027-01,2.48,2026,10
4.5,-65.5,3,2027-01,2.74,2026,10
4.5,-64.5,3,2027-01,2.37,2026,10
4.5,-63.5,3,2027-01,2.39,2026,10
4.5,-62.5,3,2027-01,1.98,2026,10
4.5,-61.5,3,2027-01,1.42,2026,10
4.5,-60.5,3,2027-01,1.02,2026,10
4.5,-59.5,3,2027-01,1.71,2026,10
4.5,-58.5,3,2027-01,2.3,2026,10
4.5,-57.5,3,2027-01,2.02,2026,10
4.5,-56.5,3,2027-01,2.51,2026,10
4.5,-55.5,3,2027-01,3.05,2026,10
4.5,-54.5,3,2027-01,3.7,2026,10
4.5,-53.5,3,2027-01,5.02,2026,10
4.5,-52.5,3,2027-01,7.31,2026,10
4.5,-51.5,3,2027-01,8.97,2026,10
4.5,-50.5,3,2027-01,5.66,2026,10
4.5,-49.5,3,2027-01,4.7,2026,10
4.5,-48.5,3,2027-01,5.3,2026,10
4.5,-47.5,3,2027-01,5.87,2026,10
4.5,-46.5,3,2027-01,6.28,2026,10
4.5,-45.5,3,2027-01,6.72,2026,10
4.5,-44.5,3,2027-01,7.2,2026,10
4.5,-43.5,3,2027-01,7.61,2026,10
4.5,-42.5,3,2027-01,8.03,2026,10
4.5,-41.5,3,2027-01,8.63,2026,10
4.5,-40.5,3,2027-01,9.05,2026,10
4.5,-39.5,3,2027-01,9.26,2026,10
4.5,-38.5,3,2027-01,9.42,2026,10
4.5,-37.5,3,2027-01,9.61,2026,10
4.5,-36.5,3,2027-01,9.8,2026,10
4.5,-35.5,3,2027-01,10.05,2026,10
4.5,-34.5,3,2027-01,10.24,2026,10
4.5,-33.5,3,2027-01,10.43,2026,10
4.5,-32.5,3,2027-01,10.47,2026,10
4.5,-31.5,3,2027-01,10.61,2026,10
4.5,-30.5,3,2027-01,10.59,2026,10
3.5,-89.5,3,2027-01,8.17,2026,10
3.5,-88.5,3,2027-01,7.53,2026,10
3.5,-87.5,3,2027-01,7.14,2026,10
3.5,-86.5,3,2027-01,6.75,2026,10
3.5,-85.5,3,2027-01,6.53,2026,10
3.5,-84.5,3,2027-01,6.69,2026,10
3.5,-83.5,3,2027-01,7.05,2026,10
3.5,-82.5,3,2027-01,7.75,2026,10
3.5,-81.5,3,2027-01,8.82,2026,10
3.5,-80.5,3,2027-01,9.33,2026,10
3.5,-79.5,3,2027-01,9.31,2026,10
3.5,-78.5,3,2027-01,11.12,2026,10
3.5,-77.5,3,2027-01,12.42,2026,10
3.5,-76.5,3,2027-01,10.42,2026,10
3.5,-75.5,3,2027-01,2.78,2026,10
3.5,-74.5,3,2027-01,3.87,2026,10
3.5,-73.5,3,2027-01,2.62,2026,10
3.5,-72.5,3,2027-01,3.25,2026,10
3.5,-71.5,3,2027-01,3.77,2026,10
3.5,-70.5,3,2027-01,4.61,2026,10
3.5,-69.5,3,2027-01,4.53,2026,10
3.5,-68.5,3,2027-01,4.54,2026,10
3.5,-67.5,3,2027-01,4.03,2026,10
3.5,-66.5,3,2027-01,4.13,2026,10
3.5,-65.5,3,2027-01,3.89,2026,10
3.5,-64.5,3,2027-01,2.44,2026,10
3.5,-63.5,3,2027-01,2.35,2026,10
3.5,-62.5,3,2027-01,1.69,2026,10
3.5,-61.5,3,2027-01,1.02,2026,10
3.5,-60.5,3,2027-01,0.69,2026,10
3.5,-59.5,3,2027-01,0.94,2026,10
3.5,-58.5,3,2027-01,1.53,2026,10
3.5,-57.5,3,2027-01,1.37,2026,10
3.5,-56.5,3,2027-01,1.74,2026,10
3.5,-55.5,3,2027-01,2.52,2026,10
3.5,-54.5,3,2027-01,2.94,2026,10
3.5,-53.5,3,2027-01,3.95,2026,10
3.5,-52.5,3,2027-01,5.56,2026,10
3.5,-51.5,3,2027-01,8.71,2026,10
3.5,-50.5,3,2027-01,8.46,2026,10
3.5,-49.5,3,2027-01,4.71,2026,10
3.5,-48.5,3,2027-01,4.55,2026,10
3.5,-47.5,3,2027-01,5.19,2026,10
3.5,-46.5,3,2027-01,5.71,2026,10
3.5,-45.5,3,2027-01,6.07,2026,10
3.5,-44.5,3,2027-01,6.44,2026,10
3.5,-43.5,3,2027-01,6.8,2026,10
3.5,-42.5,3,2027-01,7.27,2026,10
3.5,-41.5,3,2027-01,7.56,2026,10
3.5,-40.5,3,2027-01,8.06,2026,10
3.5,-39.5,3,2027-01,8.39,2026,10
3.5,-38.5,3,2027-01,8.65,2026,10
3.5,-37.5,3,2027-01,8.98,2026,10
3.5,-36.5,3,2027-01,8.99,2026,10
3.5,-35.5,3,2027-01,9.02,2026,10
3.5,-34.5,3,2027-01,9.06,2026,10
3.5,-33.5,3,2027-01,9.0,2026,10
3.5,-32.5,3,2027-01,8.95,2026,10
3.5,-31.5,3,2027-01,9.1,2026,10
3.5,-30.5,3,2027-01,9.05,2026,10
2.5,-89.5,3,2027-01,9.11,2026,10
2.5,-88.5,3,2027-01,8.78,2026,10
2.5,-87.5,3,2027-01,8.36,2026,10
2.5,-86.5,3,2027-01,7.99,2026,10
2.5,-85.5,3,2027-01,7.95,2026,10
2.5,-84.5,3,2027-01,8.39,2026,10
2.5,-83.5,3,2027-01,9.08,2026,10
2.5,-82.5,3,2027-01,10.26,2026,10
2.5,-81.5,3,2027-01,10.98,2026,10
2.5,-80.5,3,2027-01,11.79,2026,10
2.5,-79.5,3,2027-01,12.73,2026,10
2.5,-78.5,3,2027-01,13.11,2026,10
2.5,-77.5,3,2027-01,11.28,2026,10
2.5,-76.5,3,2027-01,5.76,2026,10
2.5,-75.5,3,2027-01,3.12,2026,10
2.5,-74.5,3,2027-01,2.13,2026,10
2.5,-73.5,3,2027-01,4.21,2026,10
2.5,-72.5,3,2027-01,4.38,2026,10
2.5,-71.5,3,2027-01,4.6,2026,10
2.5,-70.5,3,2027-01,4.85,2026,10
2.5,-69.5,3,2027-01,5.37,2026,10
2.5,-68.5,3,2027-01,5.13,2026,10
2.5,-67.5,3,2027-01,5.06,2026,10
2.5,-66.5,3,2027-01,4.75,2026,10
2.5,-65.5,3,2027-01,3.81,2026,10
2.5,-64.5,3,2027-01,3.4,2026,10
2.5,-63.5,3,2027-01,2.47,2026,10
2.5,-62.5,3,2027-01,1.88,2026,10
2.5,-61.5,3,2027-01,1.62,2026,10
2.5,-60.5,3,2027-01,1.15,2026,10
2.5,-59.5,3,2027-01,1.09,2026,10
2.5,-58.5,3,2027-01,1.43,2026,10
2.5,-57.5,3,2027-01,1.31,2026,10
2.5,-56.5,3,2027-01,1.21,2026,10
2.5,-55.5,3,2027-01,1.85,2026,10
2.5,-54.5,3,2027-01,2.6,2026,10
2.5,-53.5,3,2027-01,2.98,2026,10
2.5,-52.5,3,2027-01,4.0,2026,10
2.5,-51.5,3,2027-01,6.39,2026,10
2.5,-50.5,3,2027-01,10.01,2026,10
2.5,-49.5,3,2027-01,5.34,2026,10
2.5,-48.5,3,2027-01,3.55,2026,10
2.5,-47.5,3,2027-01,3.81,2026,10
2.5,-46.5,3,2027-01,4.2,2026,10
2.5,-45.5,3,2027-01,4.57,2026,10
2.5,-44.5,3,2027-01,4.89,2026,10
2.5,-43.5,3,2027-01,5.27,2026,10
2.5,-42.5,3,2027-01,5.56,2026,10
2.5,-41.5,3,2027-01,5.8,2026,10
2.5,-40.5,3,2027-01,6.18,2026,10
2.5,-39.5,3,2027-01,6.4,2026,10
2.5,-38.5,3,2027-01,6.56,2026,10
2.5,-37.5,3,2027-01,6.62,2026,10
2.5,-36.5,3,2027-01,6.62,2026,10
2.5,-35.5,3,2027-01,6.69,2026,10
2.5,-34.5,3,2027-01,6.76,2026,10
2.5,-33.5,3,2027-01,6.85,2026,10
2.5,-32.5,3,2027-01,6.79,2026,10
2.5,-31.5,3,2027-01,6.82,2026,10
2.5,-30.5,3,2027-01,6.87,2026,10
1.5,-89.5,3,2027-01,9.57,2026,10
1.5,-88.5,3,2027-01,9.33,2026,10
1.5,-87.5,3,2027-01,9.3,2026,10
1.5,-86.5,3,2027-01,9.4,2026,10
1.5,-85.5,3,2027-01,9.61,2026,10
1.5,-84.5,3,2027-01,10.15,2026,10
1.5,-83.5,3,2027-01,11.18,2026,10
1.5,-82.5,3,2027-01,11.92,2026,10
1.5,-81.5,3,2027-01,13.29,2026,10
1.5,-80.5,3,2027-01,15.63,2026,10
1.5,-79.5,3,2027-01,16.13,2026,10
1.5,-78.5,3,2027-01,15.21,2026,10
1.5,-77.5,3,2027-01,10.55,2026,10
1.5,-76.5,3,2027-01,5.67,2026,10
1.5,-75.5,3,2027-01,4.83,2026,10
1.5,-74.5,3,2027-01,4.27,2026,10
1.5,-73.5,3,2027-01,4.35,2026,10
1.5,-72.5,3,2027-01,5.09,2026,10
1.5,-71.5,3,2027-01,5.56,2026,10
1.5,-70.5,3,2027-01,5.73,2026,10
1.5,-69.5,3,2027-01,5.84,2026,10
1.5,-68.5,3,2027-01,5.33,2026,10
1.5,-67.5,3,2027-01,5.56,2026,10
1.5,-66.5,3,2027-01,5.33,2026,10
1.5,-65.5,3,2027-01,4.32,2026,10
1.5,-64.5,3,2027-01,3.12,2026,10
1.5,-63.5,3,2027-01,2.87,2026,10
1.5,-62.5,3,2027-01,2.77,2026,10
1.5,-61.5,3,2027-01,2.53,2026,10
1.5,-60.5,3,2027-01,1.95,2026,10
1.5,-59.5,3,2027-01,1.43,2026,10
1.5,-58.5,3,2027-01,1.57,2026,10
1.5,-57.5,3,2027-01,1.6,2026,10
1.5,-56.5,3,2027-01,1.17,2026,10
1.5,-55.5,3,2027-01,1.22,2026,10
1.5,-54.5,3,2027-01,1.84,2026,10
1.5,-53.5,3,2027-01,2.23,2026,10
1.5,-52.5,3,2027-01,3.06,2026,10
1.5,-51.5,3,2027-01,4.04,2026,10
1.5,-50.5,3,2027-01,5.45,2026,10
1.5,-49.5,3,2027-01,5.21,2026,10
1.5,-48.5,3,2027-01,2.79,2026,10
1.5,-47.5,3,2027-01,2.33,2026,10
1.5,-46.5,3,2027-01,2.65,2026,10
1.5,-45.5,3,2027-01,2.9,2026,10
1.5,-44.5,3,2027-01,3.09,2026,10
1.5,-43.5,3,2027-01,3.37,2026,10
1.5,-42.5,3,2027-01,3.56,2026,10
1.5,-41.5,3,2027-01,3.73,2026,10
1.5,-40.5,3,2027-01,3.9,2026,10
1.5,-39.5,3,2027-01,4.08,2026,10
1.5,-38.5,3,2027-01,4.13,2026,10
1.5,-37.5,3,2027-01,4.17,2026,10
1.5,-36.5,3,2027-01,4.27,2026,10
1.5,-35.5,3,2027-01,4.47,2026,10
1.5,-34.5,3,2027-01,4.49,2026,10
1.5,-33.5,3,2027-01,4.55,2026,10
1.5,-32.5,3,2027-01,4.56,2026,10
1.5,-31.5,3,2027-01,4.48,2026,10
1.5,-30.5,3,2027-01,4.5,2026,10
0.5,-89.5,3,2027-01,9.45,2026,10
0.5,-88.5,3,2027-01,9.59,2026,10
0.5,-87.5,3,2027-01,9.45,2026,10
0.5,-86.5,3,2027-01,9.53,2026,10
0.5,-85.5,3,2027-01,10.26,2026,10
0.5,-84.5,3,2027-01,11.11,2026,10
0.5,-83.5,3,2027-01,12.0,2026,10
0.5,-82.5,3,2027-01,13.08,2026,10
0.5,-81.5,3,2027-01,14.9,2026,10
0.5,-80.5,3,2027-01,16.01,2026,10
0.5,-79.5,3,2027-01,15.47,2026,10
0.5,-78.5,3,2027-01,16.3,2026,10
0.5,-77.5,3,2027-01,5.54,2026,10
0.5,-76.5,3,2027-01,5.89,2026,10
0.5,-75.5,3,2027-01,6.37,2026,10
0.5,-74.5,3,2027-01,6.02,2026,10
0.5,-73.5,3,2027-01,6.04,2026,10
0.5,-72.5,3,2027-01,5.99,2026,10
0.5,-71.5,3,2027-01,6.46,2026,10
0.5,-70.5,3,2027-01,6.43,2026,10
0.5,-69.5,3,2027-01,6.33,2026,10
0.5,-68.5,3,2027-01,6.52,2026,10
0.5,-67.5,3,2027-01,6.46,2026,10
0.5,-66.5,3,2027-01,6.19,2026,10
0.5,-65.5,3,2027-01,4.82,2026,10
0.5,-64.5,3,2027-01,4.54,2026,10
0.5,-63.5,3,2027-01,4.17,2026,10
0.5,-62.5,3,2027-01,3.85,2026,10
0.5,-61.5,3,2027-01,3.41,2026,10
0.5,-60.5,3,2027-01,2.95,2026,10
0.5,-59.5,3,2027-01,2.32,2026,10
0.5,-58.5,3,2027-01,1.96,2026,10
0.5,-57.5,3,2027-01,1.76,2026,10
0.5,-56.5,3,2027-01,1.42,2026,10
0.5,-55.5,3,2027-01,1.18,2026,10
0.5,-54.5,3,2027-01,1.53,2026,10
0.5,-53.5,3,2027-01,1.68,2026,10
0.5,-52.5,3,2027-01,2.16,2026,10
0.5,-51.5,3,2027-01,2.69,2026,10
0.5,-50.5,3,2027-01,3.75,2026,10
0.5,-49.5,3,2027-01,4.49,2026,10
0.5,-48.5,3,2027-01,2.7,2026,10
0.5,-47.5,3,2027-01,1.92,2026,10
0.5,-46.5,3,2027-01,1.67,2026,10
0.5,-45.5,3,2027-01,1.64,2026,10
0.5,-44.5,3,2027-01,1.69,2026,10
0.5,-43.5,3,2027-01,1.77,2026,10
0.5,-42.5,3,2027-01,1.84,2026,10
0.5,-41.5,3,2027-01,1.97,2026,10
0.5,-40.5,3,2027-01,2.11,2026,10
0.5,-39.5,3,2027-01,2.24,2026,10
0.5,-38.5,3,2027-01,2.35,2026,10
0.5,-37.5,3,2027-01,2.46,2026,10
0.5,-36.5,3,2027-01,2.57,2026,10
0.5,-35.5,3,2027-01,2.64,2026,10
0.5,-34.5,3,2027-01,2.69,2026,10
0.5,-33.5,3,2027-01,2.7,2026,10
0.5,-32.5,3,2027-01,2.69,2026,10
0.5,-31.5,3,2027-01,2.6,2026,10
0.5,-30.5,3,2027-01,2.52,2026,10
-0.5,-89.5,3,2027-01,9.01,2026,10
-0.5,-88.5,3,2027-01,9.46,2026,10
-0.5,-87.5,3,2027-01,9.28,2026,10
-0.5,-86.5,3,2027-01,9.1,2026,10
-0.5,-85.5,3,2027-01,9.32,2026,10
-0.5,-84.5,3,2027-01,9.77,2026,10
-0.5,-83.5,3,2027-01,11.42,2026,10
-0.5,-82.5,3,2027-01,12.19,2026,10
-0.5,-81.5,3,2027-01,13.41,2026,10
-0.5,-80.5,3,2027-01,13.39,2026,10
-0.5,-79.5,3,2027-01,19.76,2026,10
-0.5,-78.5,3,2027-01,12.4,2026,10
-0.5,-77.5,3,2027-01,5.79,2026,10
-0.5,-76.5,3,2027-01,6.61,2026,10
-0.5,-75.5,3,2027-01,7.72,2026,10
-0.5,-74.5,3,2027-01,7.3,2026,10
-0.5,-73.5,3,2027-01,7.32,2026,10
-0.5,-72.5,3,2027-01,7.33,2026,10
-0.5,-71.5,3,2027-01,7.47,2026,10
-0.5,-70.5,3,2027-01,7.43,2026,10
-0.5,-69.5,3,2027-01,7.45,2026,10
-0.5,-68.5,3,2027-01,7.13,2026,10
-0.5,-67.5,3,2027-01,6.43,2026,10
-0.5,-66.5,3,2027-01,5.9,2026,10
-0.5,-65.5,3,2027-01,5.61,2026,10
-0.5,-64.5,3,2027-01,6.05,2026,10
-0.5,-63.5,3,2027-01,5.63,2026,10
-0.5,-62.5,3,2027-01,5.38,2026,10
-0.5,-61.5,3,2027-01,5.01,2026,10
-0.5,-60.5,3,2027-01,4.23,2026,10
-0.5,-59.5,3,2027-01,3.41,2026,10
-0.5,-58.5,3,2027-01,2.64,2026,10
-0.5,-57.5,3,2027-01,2.33,2026,10
-0.5,-56.5,3,2027-01,1.95,2026,10
-0.5,-55.5,3,2027-01,1.36,2026,10
-0.5,-54.5,3,2027-01,1.35,2026,10
-0.5,-53.5,3,2027-01,1.45,2026,10
-0.5,-52.5,3,2027-01,1.39,2026,10
-0.5,-51.5,3,2027-01,1.93,2026,10
-0.5,-50.5,3,2027-01,2.37,2026,10
-0.5,-49.5,3,2027-01,3.0,2026,10
-0.5,-48.5,3,2027-01,2.54,2026,10
-0.5,-47.5,3,2027-01,2.15,2026,10
-0.5,-46.5,3,2027-01,1.95,2026,10
-0.5,-45.5,3,2027-01,1.31,2026,10
-0.5,-44.5,3,2027-01,1.0,2026,10
-0.5,-43.5,3,2027-01,0.98,2026,10
-0.5,-42.5,3,2027-01,1.08,2026,10
-0.5,-41.5,3,2027-01,1.19,2026,10
-0.5,-40.5,3,2027-01,1.36,2026,10
-0.5,-39.5,3,2027-01,1.55,2026,10
-0.5,-38.5,3,2027-01,1.72,2026,10
-0.5,-37.5,3,2027-01,1.84,2026,10
-0.5,-36.5,3,2027-01,1.93,2026,10
-0.5,-35.5,3,2027-01,2.0,2026,10
-0.5,-34.5,3,2027-01,2.06,2026,10
-0.5,-33.5,3,2027-01,2.06,2026,10
-0.5,-32.5,3,2027-01,2.04,2026,10
-0.5,-31.5,3,2027-01,2.01,2026,10
-0.5,-30.5,3,2027-01,1.93,2026,10
-1.5,-89.5,3,2027-01,7.73,2026,10
-1.5,-88.5,3,2027-01,7.9,2026,10
-1.5,-87.5,3,2027-01,7.72,2026,10
-1.5,-86.5,3,2027-01,7.82,2026,10
-1.5,-85.5,3,2027-01,7.69,2026,10
-1.5,-84.5,3,2027-01,7.44,2026,10
-1.5,-83.5,3,2027-01,8.41,2026,10
-1.5,-82.5,3,2027-01,10.03,2026,10
-1.5,-81.5,3,2027-01,14.0,2026,10
-1.5,-80.5,3,2027-01,13.34,2026,10
-1.5,-79.5,3,2027-01,31.35,2026,10
-1.5,-78.5,3,2027-01,9.05,2026,10
-1.5,-77.5,3,2027-01,5.82,2026,10
-1.5,-76.5,3,2027-01,6.93,2026,10
-1.5,-75.5,3,2027-01,7.93,2026,10
-1.5,-74.5,3,2027-01,8.12,2026,10
-1.5,-73.5,3,2027-01,8.76,2026,10
-1.5,-72.5,3,2027-01,8.61,2026,10
-1.5,-71.5,3,2027-01,8.44,2026,10
-1.5,-70.5,3,2027-01,8.44,2026,10
-1.5,-69.5,3,2027-01,8.14,2026,10
-1.5,-68.5,3,2027-01,7.55,2026,10
-1.5,-67.5,3,2027-01,7.07,2026,10
-1.5,-66.5,3,2027-01,6.64,2026,10
-1.5,-65.5,3,2027-01,6.37,2026,10
-1.5,-64.5,3,2027-01,6.42,2026,10
-1.5,-63.5,3,2027-01,6.55,2026,10
-1.5,-62.5,3,2027-01,6.38,2026,10
-1.5,-61.5,3,2027-01,6.11,2026,10
-1.5,-60.5,3,2027-01,5.76,2026,10
-1.5,-59.5,3,2027-01,5.37,2026,10
-1.5,-58.5,3,2027-01,3.42,2026,10
-1.5,-57.5,3,2027-01,2.98,2026,10
-1.5,-56.5,3,2027-01,2.92,2026,10
-1.5,-55.5,3,2027-01,2.19,2026,10
-1.5,-54.5,3,2027-01,1.43,2026,10
-1.5,-53.5,3,2027-01,1.29,2026,10
-1.5,-52.5,3,2027-01,1.34,2026,10
-1.5,-51.5,3,2027-01,1.67,2026,10
-1.5,-50.5,3,2027-01,1.78,2026,10
-1.5,-49.5,3,2027-01,1.79,2026,10
-1.5,-48.5,3,2027-01,1.86,2026,10
-1.5,-47.5,3,2027-01,1.76,2026,10
-1.5,-46.5,3,2027-01,1.61,2026,10
-1.5,-45.5,3,2027-01,1.61,2026,10
-1.5,-44.5,3,2027-01,1.22,2026,10
-1.5,-43.5,3,2027-01,0.69,2026,10
-1.5,-42.5,3,2027-01,0.67,2026,10
-1.5,-41.5,3,2027-01,0.79,2026,10
-1.5,-40.5,3,2027-01,0.98,2026,10
-1.5,-39.5,3,2027-01,1.2,2026,10
-1.5,-38.5,3,2027-01,1.39,2026,10
-1.5,-37.5,3,2027-01,1.58,2026,10
-1.5,-36.5,3,2027-01,1.71,2026,10
-1.5,-35.5,3,2027-01,1.83,2026,10
-1.5,-34.5,3,2027-01,1.93,2026,10
-1.5,-33.5,3,2027-01,1.99,2026,10
-1.5,-32.5,3,2027-01,2.01,2026,10
-1.5,-31.5,3,2027-01,1.97,2026,10
-1.5,-30.5,3,2027-01,1.9,2026,10
-2.5,-89.5,3,2027-01,4.9,2026,10
-2.5,-88.5,3,2027-01,5.09,2026,10
-2.5,-87.5,3,2027-01,5.02,2026,10
-2.5,-86.5,3,2027-01,5.37,2026,10
-2.5,-85.5,3,2027-01,5.35,2026,10
-2.5,-84.5,3,2027-01,5.21,2026,10
-2.5,-83.5,3,2027-01,5.63,2026,10
-2.5,-82.5,3,2027-01,6.95,2026,10
-2.5,-81.5,3,2027-01,9.42,2026,10
-2.5,-80.5,3,2027-01,14.38,2026,10
-2.5,-79.5,3,2027-01,22.06,2026,10
-2.5,-78.5,3,2027-01,7.23,2026,10
-2.5,-77.5,3,2027-01,5.36,2026,10
-2.5,-76.5,3,2027-01,7.27,2026,10
-2.5,-75.5,3,2027-01,8.13,2026,10
-2.5,-74.5,3,2027-01,9.35,2026,10
-2.5,-73.5,3,2027-01,9.32,2026,10
-2.5,-72.5,3,2027-01,8.98,2026,10
-2.5,-71.5,3,2027-01,9.24,2026,10
-2.5,-70.5,3,2027-01,9.11,2026,10
-2.5,-69.5,3,2027-01,8.74,2026,10
-2.5,-68.5,3,2027-01,8.04,2026,10
-2.5,-67.5,3,2027-01,7.8,2026,10
-2.5,-66.5,3,2027-01,7.25,2026,10
-2.5,-65.5,3,2027-01,7.06,2026,10
-2.5,-64.5,3,2027-01,6.89,2026,10
-2.5,-63.5,3,2027-01,6.99,2026,10
-2.5,-62.5,3,2027-01,6.66,2026,10
-2.5,-61.5,3,2027-01,6.66,2026,10
-2.5,-60.5,3,2027-01,6.7,2026,10
-2.5,-59.5,3,2027-01,5.17,2026,10
-2.5,-58.5,3,2027-01,4.64,2026,10
-2.5,-57.5,3,2027-01,4.25,2026,10
-2.5,-56.5,3,2027-01,3.67,2026,10
-2.5,-55.5,3,2027-01,3.28,2026,10
-2.5,-54.5,3,2027-01,2.41,2026,10
-2.5,-53.5,3,2027-01,1.81,2026,10
-2.5,-52.5,3,2027-01,2.15,2026,10
-2.5,-51.5,3,2027-01,1.86,2026,10
-2.5,-50.5,3,2027-01,1.69,2026,10
-2.5,-49.5,3,2027-01,1.92,2026,10
-2.5,-48.5,3,2027-01,1.66,2026,10
-2.5,-47.5,3,2027-01,1.46,2026,10
-2.5,-46.5,3,2027-01,1.37,2026,10
-2.5,-45.5,3,2027-01,1.22,2026,10
-2.5,-44.5,3,2027-01,1.39,2026,10
-2.5,-43.5,3,2027-01,0.99,2026,10
-2.5,-42.5,3,2027-01,0.89,2026,10
-2.5,-41.5,3,2027-01,0.77,2026,10
-2.5,-40.5,3,2027-01,0.87,2026,10
-2.5,-39.5,3,2027-01,1.19,2026,10
-2.5,-38.5,3,2027-01,1.19,2026,10
-2.5,-37.5,3,2027-01,1.26,2026,10
-2.5,-36.5,3,2027-01,1.4,2026,10
-2.5,-35.5,3,2027-01,1.6,2026,10
-2.5,-34.5,3,2027-01,1.77,2026,10
-2.5,-33.5,3,2027-01,1.83,2026,10
-2.5,-32.5,3,2027-01,1.81,2026,10
-2.5,-31.5,3,2027-01,1.8,2026,10
-2.5,-30.5,3,2027-01,1.72,2026,10
-3.5,-89.5,3,2027-01,2.29,2026,10
-3.5,-88.5,3,2027-01,2.59,2026,10
-3.5,-87.5,3,2027-01,2.76,2026,10
-3.5,-86.5,3,2027-01,3.09,2026,10
-3.5,-85.5,3,2027-01,3.2,2026,10
-3.5,-84.5,3,2027-01,3.35,2026,10
-3.5,-83.5,3,2027-01,3.69,2026,10
-3.5,-82.5,3,2027-01,4.77,2026,10
-3.5,-81.5,3,2027-01,6.29,2026,10
-3.5,-80.5,3,2027-01,11.46,2026,10
-3.5,-79.5,3,2027-01,14.06,2026,10
-3.5,-78.5,3,2027-01,5.75,2026,10
-3.5,-77.5,3,2027-01,7.67,2026,10
-3.5,-76.5,3,2027-01,8.67,2026,10
-3.5,-75.5,3,2027-01,9.27,2026,10
-3.5,-74.5,3,2027-01,9.78,2026,10
-3.5,-73.5,3,2027-01,10.05,2026,10
-3.5,-72.5,3,2027-01,10.18,2026,10
-3.5,-71.5,3,2027-01,9.75,2026,10
-3.5,-70.5,3,2027-01,9.59,2026,10
-3.5,-69.5,3,2027-01,9.29,2026,10
-3.5,-68.5,3,2027-01,9.02,2026,10
-3.5,-67.5,3,2027-01,8.42,2026,10
-3.5,-66.5,3,2027-01,7.97,2026,10
-3.5,-65.5,3,2027-01,7.42,2026,10
-3.5,-64.5,3,2027-01,7.48,2026,10
-3.5,-63.5,3,2027-01,7.64,2026,10
-3.5,-62.5,3,2027-01,7.35,2026,10
-3.5,-61.5,3,2027-01,6.92,2026,10
-3.5,-60.5,3,2027-01,7.05,2026,10
-3.5,-59.5,3,2027-01,5.85,2026,10
-3.5,-58.5,3,2027-01,5.36,2026,10
-3.5,-57.5,3,2027-01,4.76,2026,10
-3.5,-56.5,3,2027-01,3.97,2026,10
-3.5,-55.5,3,2027-01,3.57,2026,10
-3.5,-54.5,3,2027-01,3.05,2026,10
-3.5,-53.5,3,2027-01,2.74,2026,10
-3.5,-52.5,3,2027-01,2.78,2026,10
-3.5,-51.5,3,2027-01,2.82,2026,10
-3.5,-50.5,3,2027-01,2.64,2026,10
-3.5,-49.5,3,2027-01,2.63,2026,10
-3.5,-48.5,3,2027-01,2.22,2026,10
-3.5,-47.5,3,2027-01,1.75,2026,10
-3.5,-46.5,3,2027-01,1.42,2026,10
-3.5,-45.5,3,2027-01,1.38,2026,10
-3.5,-44.5,3,2027-01,1.33,2026,10
-3.5,-43.5,3,2027-01,1.04,2026,10
-3.5,-42.5,3,2027-01,0.8,2026,10
-3.5,-41.5,3,2027-01,0.71,2026,10
-3.5,-40.5,3,2027-01,0.78,2026,10
-3.5,-39.5,3,2027-01,0.94,2026,10
-3.5,-38.5,3,2027-01,1.26,2026,10
-3.5,-37.5,3,2027-01,1.03,2026,10
-3.5,-36.5,3,2027-01,1.06,2026,10
-3.5,-35.5,3,2027-01,1.24,2026,10
-3.5,-34.5,3,2027-01,1.39,2026,10
-3.5,-33.5,3,2027-01,1.47,2026,10
-3.5,-32.5,3,2027-01,1.48,2026,10
-3.5,-31.5,3,2027-01,1.47,2026,10
-3.5,-30.5,3,2027-01,1.41,2026,10
-4.5,-89.5,3,2027-01,0.93,2026,10
-4.5,-88.5,3,2027-01,1.03,2026,10
-4.5,-87.5,3,2027-01,1.21,2026,10
-4.5,-86.5,3,2027-01,1.51,2026,10
-4.5,-85.5,3,2027-01,1.71,2026,10
-4.5,-84.5,3,2027-01,1.74,2026,10
-4.5,-83.5,3,2027-01,1.85,2026,10
-4.5,-82.5,3,2027-01,2.82,2026,10
-4.5,-81.5,3,2027-01,4.01,2026,10
-4.5,-80.5,3,2027-01,9.39,2026,10
-4.5,-79.5,3,2027-01,10.57,2026,10
-4.5,-78.5,3,2027-01,8.74,2026,10
-4.5,-77.5,3,2027-01,8.22,2026,10
-4.5,-76.5,3,2027-01,9.03,2026,10
-4.5,-75.5,3,2027-01,9.52,2026,10
-4.5,-74.5,3,2027-01,10.13,2026,10
-4.5,-73.5,3,2027-01,10.36,2026,10
-4.5,-72.5,3,2027-01,10.05,2026,10
-4.5,-71.5,3,2027-01,9.83,2026,10
-4.5,-70.5,3,2027-01,9.91,2026,10
-4.5,-69.5,3,2027-01,9.89,2026,10
-4.5,-68.5,3,2027-01,9.41,2026,10
-4.5,-67.5,3,2027-01,9.17,2026,10
-4.5,-66.5,3,2027-01,8.86,2026,10
-4.5,-65.5,3,2027-01,8.33,2026,10
-4.5,-64.5,3,2027-01,7.64,2026,10
-4.5,-63.5,3,2027-01,7.54,2026,10
-4.5,-62.5,3,2027-01,7.53,2026,10
-4.5,-61.5,3,2027-01,7.63,2026,10
-4.5,-60.5,3,2027-01,7.19,2026,10
-4.5,-59.5,3,2027-01,6.83,2026,10
-4.5,-58.5,3,2027-01,6.23,2026,10
-4.5,-57.5,3,2027-01,5.71,2026,10
-4.5,-56.5,3,2027-01,4.93,2026,10
-4.5,-55.5,3,2027-01,4.8,2026,10
-4.5,-54.5,3,2027-01,4.31,2026,10
-4.5,-53.5,3,2027-01,3.89,2026,10
-4.5,-52.5,3,2027-01,3.54,2026,10
-4.5,-51.5,3,2027-01,3.31,2026,10
-4.5,-50.5,3,2027-01,3.56,2026,10
-4.5,-49.5,3,2027-01,3.79,2026,10
-4.5,-48.5,3,2027-01,2.65,2026,10
-4.5,-47.5,3,2027-01,2.05,2026,10
-4.5,-46.5,3,2027-01,1.75,2026,10
-4.5,-45.5,3,2027-01,1.73,2026,10
-4.5,-44.5,3,2027-01,1.59,2026,10
-4.5,-43.5,3,2027-01,1.27,2026,10
-4.5,-42.5,3,2027-01,0.84,2026,10
-4.5,-41.5,3,2027-01,0.59,2026,10
-4.5,-40.5,3,2027-01,0.6,2026,10
-4.5,-39.5,3,2027-01,0.65,2026,10
-4.5,-38.5,3,2027-01,0.86,2026,10
-4.5,-37.5,3,2027-01,0.81,2026,10
-4.5,-36.5,3,2027-01,0.75,2026,10
-4.5,-35.5,3,2027-01,1.01,2026,10
-4.5,-34.5,3,2027-01,1.14,2026,10
-4.5,-33.5,3,2027-01,1.12,2026,10
-4.5,-32.5,3,2027-01,1.11,2026,10
-4.5,-31.5,3,2027-01,1.05,2026,10
-4.5,-30.5,3,2027-01,1.02,2026,10
-5.5,-89.5,3,2027-01,0.45,2026,10
-5.5,-88.5,3,2027-01,0.47,2026,10
-5.5,-87.5,3,2027-01,0.54,2026,10
-5.5,-86.5,3,2027-01,0.73,2026,10
-5.5,-85.5,3,2027-01,0.84,2026,10
-5.5,-84.5,3,2027-01,0.9,2026,10
-5.5,-83.5,3,2027-01,0.93,2026,10
-5.5,-82.5,3,2027-01,1.21,2026,10
-5.5,-81.5,3,2027-01,1.67,2026,10
-5.5,-80.5,3,2027-01,3.58,2026,10
-5.5,-79.5,3,2027-01,7.79,2026,10
-5.5,-78.5,3,2027-01,7.72,2026,10
-5.5,-77.5,3,2027-01,7.95,2026,10
-5.5,-76.5,3,2027-01,7.66,2026,10
-5.5,-75.5,3,2027-01,9.15,2026,10
-5.5,-74.5,3,2027-01,9.53,2026,10
-5.5,-73.5,3,2027-01,9.78,2026,10
-5.5,-72.5,3,2027-01,9.99,2026,10
-5.5,-71.5,3,2027-01,10.12,2026,10
-5.5,-70.5,3,2027-01,9.85,2026,10
-5.5,-69.5,3,2027-01,9.66,2026,10
-5.5,-68.5,3,2027-01,9.73,2026,10
-5.5,-67.5,3,2027-01,9.61,2026,10
-5.5,-66.5,3,2027-01,9.47,2026,10
-5.5,-65.5,3,2027-01,9.12,2026,10
-5.5,-64.5,3,2027-01,8.61,2026,10
-5.5,-63.5,3,2027-01,8.51,2026,10
-5.5,-62.5,3,2027-01,8.22,2026,10
-5.5,-61.5,3,2027-01,8.52,2026,10
-5.5,-60.5,3,2027-01,8.13,2026,10
-5.5,-59.5,3,2027-01,7.92,2026,10
-5.5,-58.5,3,2027-01,7.59,2026,10
-5.5,-57.5,3,2027-01,7.05,2026,10
-5.5,-56.5,3,2027-01,6.49,2026,10
-5.5,-55.5,3,2027-01,5.83,2026,10
-5.5,-54.5,3,2027-01,5.23,2026,10
-5.5,-53.5,3,2027-01,4.78,2026,10
-5.5,-52.5,3,2027-01,4.37,2026,10
-5.5,-51.5,3,2027-01,3.94,2026,10
-5.5,-50.5,3,2027-01,3.97,2026,10
-5.5,-49.5,3,2027-01,4.0,2026,10
-5.5,-48.5,3,2027-01,3.33,2026,10
-5.5,-47.5,3,2027-01,2.59,2026,10
-5.5,-46.5,3,2027-01,2.2,2026,10
-5.5,-45.5,3,2027-01,2.09,2026,10
-5.5,-44.5,3,2027-01,1.89,2026,10
-5.5,-43.5,3,2027-01,1.59,2026,10
-5.5,-42.5,3,2027-01,1.16,2026,10
-5.5,-41.5,3,2027-01,0.64,2026,10
-5.5,-40.5,3,2027-01,0.45,2026,10
-5.5,-39.5,3,2027-01,0.54,2026,10
-5.5,-38.5,3,2027-01,0.45,2026,10
-5.5,-37.5,3,2027-01,0.48,2026,10
-5.5,-36.5,3,2027-01,0.51,2026,10
-5.5,-35.5,3,2027-01,1.05,2026,10
-5.5,-34.5,3,2027-01,1.06,2026,10
-5.5,-33.5,3,2027-01,0.91,2026,10
-5.5,-32.5,3,2027-01,0.84,2026,10
-5.5,-31.5,3,2027-01,0.8,2026,10
-5.5,-30.5,3,2027-01,0.75,2026,10
-6.5,-89.5,3,2027-01,0.39,2026,10
-6.5,-88.5,3,2027-01,0.36,2026,10
-6.5,-87.5,3,2027-01,0.36,2026,10
-6.5,-86.5,3,2027-01,0.41,2026,10
-6.5,-85.5,3,2027-01,0.46,2026,10
-6.5,-84.5,3,2027-01,0.48,2026,10
-6.5,-83.5,3,2027-01,0.49,2026,10
-6.5,-82.5,3,2027-01,0.49,2026,10
-6.5,-81.5,3,2027-01,0.67,2026,10
-6.5,-80.5,3,2027-01,1.14,2026,10
-6.5,-79.5,3,2027-01,5.2,2026,10
-6.5,-78.5,3,2027-01,7.57,2026,10
-6.5,-77.5,3,2027-01,7.75,2026,10
-6.5,-76.5,3,2027-01,6.73,2026,10
-6.5,-75.5,3,2027-01,7.2,2026,10
-6.5,-74.5,3,2027-01,8.73,2026,10
-6.5,-73.5,3,2027-01,8.98,2026,10
-6.5,-72.5,3,2027-01,9.4,2026,10
-6.5,-71.5,3,2027-01,9.65,2026,10
-6.5,-70.5,3,2027-01,10.09,2026,10
-6.5,-69.5,3,2027-01,9.66,2026,10
-6.5,-68.5,3,2027-01,9.79,2026,10
-6.5,-67.5,3,2027-01,9.76,2026,10
-6.5,-66.5,3,2027-01,9.57,2026,10
-6.5,-65.5,3,2027-01,9.5,2026,10
-6.5,-64.5,3,2027-01,9.13,2026,10
-6.5,-63.5,3,2027-01,9.1,2026,10
-6.5,-62.5,3,2027-01,9.12,2026,10
-6.5,-61.5,3,2027-01,9.12,2026,10
-6.5,-60.5,3,2027-01,8.81,2026,10
-6.5,-59.5,3,2027-01,8.91,2026,10
-6.5,-58.5,3,2027-01,8.51,2026,10
-6.5,-57.5,3,2027-01,8.16,2026,10
-6.5,-56.5,3,2027-01,7.59,2026,10
-6.5,-55.5,3,2027-01,6.88,2026,10
-6.5,-54.5,3,2027-01,6.01,2026,10
-6.5,-53.5,3,2027-01,5.54,2026,10
-6.5,-52.5,3,2027-01,5.1,2026,10
-6.5,-51.5,3,2027-01,4.59,2026,10
-6.5,-50.5,3,2027-01,4.47,2026,10
-6.5,-49.5,3,2027-01,4.41,2026,10
-6.5,-48.5,3,2027-01,3.91,2026,10
-6.5,-47.5,3,2027-01,3.18,2026,10
-6.5,-46.5,3,2027-01,2.98,2026,10
-6.5,-45.5,3,2027-01,2.54,2026,10
-6.5,-44.5,3,2027-01,2.03,2026,10
-6.5,-43.5,3,2027-01,1.64,2026,10
-6.5,-42.5,3,2027-01,1.29,2026,10
-6.5,-41.5,3,2027-01,0.81,2026,10
-6.5,-40.5,3,2027-01,0.62,2026,10
-6.5,-39.5,3,2027-01,0.78,2026,10
-6.5,-38.5,3,2027-01,0.59,2026,10
-6.5,-37.5,3,2027-01,0.47,2026,10
-6.5,-36.5,3,2027-01,0.47,2026,10
-6.5,-35.5,3,2027-01,1.15,2026,10
-6.5,-34.5,3,2027-01,1.17,2026,10
-6.5,-33.5,3,2027-01,0.8,2026,10
-6.5,-32.5,3,2027-01,0.73,2026,10
-6.5,-31.5,3,2027-01,0.69,2026,10
-6.5,-30.5,3,2027-01,0.62,2026,10
-7.5,-89.5,3,2027-01,0.43,2026,10
-7.5,-88.5,3,2027-01,0.41,2026,10
-7.5,-87.5,3,2027-01,0.38,2026,10
-7.5,-86.5,3,2027-01,0.36,2026,10
-7.5,-85.5,3,2027-01,0.4,2026,10
-7.5,-84.5,3,2027-01,0.35,2026,10
-7.5,-83.5,3,2027-01,0.29,2026,10
-7.5,-82.5,3,2027-01,0.3,2026,10
-7.5,-81.5,3,2027-01,0.47,2026,10
-7.5,-80.5,3,2027-01,0.52,2026,10
-7.5,-79.5,3,2027-01,3.06,2026,10
-7.5,-78.5,3,2027-01,8.58,2026,10
-7.5,-77.5,3,2027-01,9.71,2026,10
-7.5,-76.5,3,2027-01,8.39,2026,10
-7.5,-75.5,3,2027-01,7.71,2026,10
-7.5,-74.5,3,2027-01,8.23,2026,10
-7.5,-73.5,3,2027-01,8.19,2026,10
-7.5,-72.5,3,2027-01,8.85,2026,10
-7.5,-71.5,3,2027-01,9.29,2026,10
-7.5,-70.5,3,2027-01,9.45,2026,10
-7.5,-69.5,3,2027-01,9.19,2026,10
-7.5,-68.5,3,2027-01,9.64,2026,10
-7.5,-67.5,3,2027-01,9.76,2026,10
-7.5,-66.5,3,2027-01,9.74,2026,10
-7.5,-65.5,3,2027-01,9.56,2026,10
-7.5,-64.5,3,2027-01,9.57,2026,10
-7.5,-63.5,3,2027-01,9.62,2026,10
-7.5,-62.5,3,2027-01,9.61,2026,10
-7.5,-61.5,3,2027-01,9.64,2026,10
-7.5,-60.5,3,2027-01,9.68,2026,10
-7.5,-59.5,3,2027-01,9.37,2026,10
-7.5,-58.5,3,2027-01,9.12,2026,10
-7.5,-57.5,3,2027-01,8.82,2026,10
-7.5,-56.5,3,2027-01,8.08,2026,10
-7.5,-55.5,3,2027-01,7.59,2026,10
-7.5,-54.5,3,2027-01,6.89,2026,10
-7.5,-53.5,3,2027-01,6.54,2026,10
-7.5,-52.5,3,2027-01,6.01,2026,10
-7.5,-51.5,3,2027-01,5.6,2026,10
-7.5,-50.5,3,2027-01,5.34,2026,10
-7.5,-49.5,3,2027-01,4.84,2026,10
-7.5,-48.5,3,2027-01,4.61,2026,10
-7.5,-47.5,3,2027-01,3.98,2026,10
-7.5,-46.5,3,2027-01,3.59,2026,10
-7.5,-45.5,3,2027-01,2.81,2026,10
-7.5,-44.5,3,2027-01,2.31,2026,10
-7.5,-43.5,3,2027-01,1.88,2026,10
-7.5,-42.5,3,2027-01,1.4,2026,10
-7.5,-41.5,3,2027-01,1.04,2026,10
-7.5,-40.5,3,2027-01,0.91,2026,10
-7.5,-39.5,3,2027-01,0.95,2026,10
-7.5,-38.5,3,2027-01,0.66,2026,10
-7.5,-37.5,3,2027-01,0.56,2026,10
-7.5,-36.5,3,2027-01,0.64,2026,10
-7.5,-35.5,3,2027-01,1.32,2026,10
-7.5,-34.5,3,2027-01,1.34,2026,10
-7.5,-33.5,3,2027-01,0.86,2026,10
-7.5,-32.5,3,2027-01,0.74,2026,10
-7.5,-31.5,3,2027-01,0.67,2026,10
-7.5,-30.5,3,2027-01,0.62,2026,10
-8.5,-89.5,3,2027-01,0.51,2026,10
-8.5,-88.5,3,2027-01,0.48,2026,10
-8.5,-87.5,3,2027-01,0.45,2026,10
-8.5,-86.5,3,2027-01,0.39,2026,10
-8.5,-85.5,3,2027-01,0.36,2026,10
-8.5,-84.5,3,2027-01,0.34,2026,10
-8.5,-83.5,3,2027-01,0.3,2026,10
-8.5,-82.5,3,2027-01,0.27,2026,10
-8.5,-81.5,3,2027-01,0.34,2026,10
-8.5,-80.5,3,2027-01,0.32,2026,10
-8.5,-79.5,3,2027-01,0.56,2026,10
-8.5,-78.5,3,2027-01,5.78,2026,10
-8.5,-77.5,3,2027-01,8.92,2026,10
-8.5,-76.5,3,2027-01,9.94,2026,10
-8.5,-75.5,3,2027-01,9.19,2026,10
-8.5,-74.5,3,2027-01,8.58,2026,10
-8.5,-73.5,3,2027-01,8.74,2026,10
-8.5,-72.5,3,2027-01,8.78,2026,10
-8.5,-71.5,3,2027-01,8.58,2026,10
-8.5,-70.5,3,2027-01,8.81,2026,10
-8.5,-69.5,3,2027-01,8.94,2026,10
-8.5,-68.5,3,2027-01,8.96,2026,10
-8.5,-67.5,3,2027-01,9.29,2026,10
-8.5,-66.5,3,2027-01,9.49,2026,10
-8.5,-65.5,3,2027-01,9.57,2026,10
-8.5,-64.5,3,2027-01,9.66,2026,10
-8.5,-63.5,3,2027-01,9.74,2026,10
-8.5,-62.5,3,2027-01,9.67,2026,10
-8.5,-61.5,3,2027-01,9.48,2026,10
-8.5,-60.5,3,2027-01,9.64,2026,10
-8.5,-59.5,3,2027-01,9.65,2026,10
-8.5,-58.5,3,2027-01,9.84,2026,10
-8.5,-57.5,3,2027-01,9.83,2026,10
-8.5,-56.5,3,2027-01,9.38,2026,10
-8.5,-55.5,3,2027-01,8.07,2026,10
-8.5,-54.5,3,2027-01,7.63,2026,10
-8.5,-53.5,3,2027-01,7.05,2026,10
-8.5,-52.5,3,2027-01,6.92,2026,10
-8.5,-51.5,3,2027-01,6.59,2026,10
-8.5,-50.5,3,2027-01,6.26,2026,10
-8.5,-49.5,3,2027-01,5.6,2026,10
-8.5,-48.5,3,2027-01,5.15,2026,10
-8.5,-47.5,3,2027-01,4.76,2026,10
-8.5,-46.5,3,2027-01,4.16,2026,10
-8.5,-45.5,3,2027-01,3.37,2026,10
-8.5,-44.5,3,2027-01,2.62,2026,10
-8.5,-43.5,3,2027-01,2.07,2026,10
-8.5,-42.5,3,2027-01,1.4,2026,10
-8.5,-41.5,3,2027-01,1.23,2026,10
-8.5,-40.5,3,2027-01,0.96,2026,10
-8.5,-39.5,3,2027-01,0.78,2026,10
-8.5,-38.5,3,2027-01,0.7,2026,10
-8.5,-37.5,3,2027-01,0.6,2026,10
-8.5,-36.5,3,2027-01,0.84,2026,10
-8.5,-35.5,3,2027-01,1.73,2026,10
-8.5,-34.5,3,2027-01,1.4,2026,10
-8.5,-33.5,3,2027-01,0.96,2026,10
-8.5,-32.5,3,2027-01,0.84,2026,10
-8.5,-31.5,3,2027-01,0.74,2026,10
-8.5,-30.5,3,2027-01,0.7,2026,10
-9.5,-89.5,3,2027-01,0.54,2026,10
-9.5,-88.5,3,2027-01,0.55,2026,10
-9.5,-87.5,3,2027-01,0.51,2026,10
-9.5,-86.5,3,2027-01,0.47,2026,10
-9.5,-85.5,3,2027-01,0.42,2026,10
-9.5,-84.5,3,2027-01,0.38,2026,10
-9.5,-83.5,3,2027-01,0.35,2026,10
-9.5,-82.5,3,2027-01,0.32,2026,10
-9.5,-81.5,3,2027-01,0.23,2026,10
-9.5,-80.5,3,2027-01,0.33,2026,10
-9.5,-79.5,3,2027-01,0.44,2026,10
-9.5,-78.5,3,2027-01,1.24,2026,10
-9.5,-77.5,3,2027-01,7.79,2026,10
-9.5,-76.5,3,2027-01,8.97,2026,10
-9.5,-75.5,3,2027-01,12.16,2026,10
-9.5,-74.5,3,2027-01,11.31,2026,10
-9.5,-73.5,3,2027-01,8.94,2026,10
-9.5,-72.5,3,2027-01,8.55,2026,10
-9.5,-71.5,3,2027-01,8.42,2026,10
-9.5,-70.5,3,2027-01,8.38,2026,10
-9.5,-69.5,3,2027-01,8.36,2026,10
-9.5,-68.5,3,2027-01,8.39,2026,10
-9.5,-67.5,3,2027-01,8.76,2026,10
-9.5,-66.5,3,2027-01,8.88,2026,10
-9.5,-65.5,3,2027-01,9.02,2026,10
-9.5,-64.5,3,2027-01,9.27,2026,10
-9.5,-63.5,3,2027-01,9.13,2026,10
-9.5,-62.5,3,2027-01,9.3,2026,10
-9.5,-61.5,3,2027-01,9.63,2026,10
-9.5,-60.5,3,2027-01,9.74,2026,10
-9.5,-59.5,3,2027-01,9.46,2026,10
-9.5,-58.5,3,2027-01,9.34,2026,10
-9.5,-57.5,3,2027-01,9.41,2026,10
-9.5,-56.5,3,2027-01,9.31,2026,10
-9.5,-55.5,3,2027-01,9.44,2026,10
-9.5,-54.5,3,2027-01,8.32,2026,10
-9.5,-53.5,3,2027-01,7.56,2026,10
-9.5,-52.5,3,2027-01,7.05,2026,10
-9.5,-51.5,3,2027-01,7.1,2026,10
-9.5,-50.5,3,2027-01,6.49,2026,10
-9.5,-49.5,3,2027-01,6.24,2026,10
-9.5,-48.5,3,2027-01,5.69,2026,10
-9.5,-47.5,3,2027-01,4.88,2026,10
-9.5,-46.5,3,2027-01,4.1,2026,10
-9.5,-45.5,3,2027-01,3.2,2026,10
-9.5,-44.5,3,2027-01,2.53,2026,10
-9.5,-43.5,3,2027-01,2.12,2026,10
-9.5,-42.5,3,2027-01,1.54,2026,10
-9.5,-41.5,3,2027-01,1.22,2026,10
-9.5,-40.5,3,2027-01,0.92,2026,10
-9.5,-39.5,3,2027-01,0.78,2026,10
-9.5,-38.5,3,2027-01,0.63,2026,10
-9.5,-37.5,3,2027-01,0.63,2026,10
-9.5,-36.5,3,2027-01,1.01,2026,10
-9.5,-35.5,3,2027-01,1.45,2026,10
-9.5,-34.5,3,2027-01,1.09,2026,10
-9.5,-33.5,3,2027-01,0.91,2026,10
-9.5,-32.5,3,2027-01,0.86,2026,10
-9.5,-31.5,3,2027-01,0.83,2026,10
-9.5,-30.5,3,2027-01,0.78,2026,10
-10.5,-89.5,3,2027-01,0.57,2026,10
-10.5,-88.5,3,2027-01,0.56,2026,10
-10.5,-87.5,3,2027-01,0.53,2026,10
-10.5,-86.5,3,2027-01,0.53,2026,10
-10.5,-85.5,3,2027-01,0.52,2026,10
-10.5,-84.5,3,2027-01,0.47,2026,10
-10.5,-83.5,3,2027-01,0.41,2026,10
-10.5,-82.5,3,2027-01,0.31,2026,10
-10.5,-81.5,3,2027-01,0.31,2026,10
-10.5,-80.5,3,2027-01,0.31,2026,10
-10.5,-79.5,3,2027-01,0.24,2026,10
-10.5,-78.5,3,2027-01,0.53,2026,10
-10.5,-77.5,3,2027-01,4.24,2026,10
-10.5,-76.5,3,2027-01,7.07,2026,10
-10.5,-75.5,3,2027-01,11.58,2026,10
-10.5,-74.5,3,2027-01,10.57,2026,10
-10.5,-73.5,3,2027-01,9.22,2026,10
-10.5,-72.5,3,2027-01,9.34,2026,10
-10.5,-71.5,3,2027-01,8.11,2026,10
-10.5,-70.5,3,2027-01,7.48,2026,10
-10.5,-69.5,3,2027-01,7.7,2026,10
-10.5,-68.5,3,2027-01,7.77,2026,10
-10.5,-67.5,3,2027-01,7.81,2026,10
-10.5,-66.5,3,2027-01,8.23,2026,10
-10.5,-65.5,3,2027-01,8.49,2026,10
-10.5,-64.5,3,2027-01,8.96,2026,10
-10.5,-63.5,3,2027-01,8.81,2026,10
-10.5,-62.5,3,2027-01,8.61,2026,10
-10.5,-61.5,3,2027-01,9.18,2026,10
-10.5,-60.5,3,2027-01,9.1,2026,10
-10.5,-59.5,3,2027-01,9.6,2026,10
-10.5,-58.5,3,2027-01,9.29,2026,10
-10.5,-57.5,3,2027-01,9.1,2026,10
-10.5,-56.5,3,2027-01,8.93,2026,10
-10.5,-55.5,3,2027-01,8.75,2026,10
-10.5,-54.5,3,2027-01,8.59,2026,10
-10.5,-53.5,3,2027-01,7.81,2026,10
-10.5,-52.5,3,2027-01,7.32,2026,10
-10.5,-51.5,3,2027-01,7.13,2026,10
-10.5,-50.5,3,2027-01,6.55,2026,10
-10.5,-49.5,3,2027-01,6.5,2026,10
-10.5,-48.5,3,2027-01,5.93,2026,10
-10.5,-47.5,3,2027-01,4.83,2026,10
-10.5,-46.5,3,2027-01,4.35,2026,10
-10.5,-45.5,3,2027-01,3.46,2026,10
-10.5,-44.5,3,2027-01,2.61,2026,10
-10.5,-43.5,3,2027-01,2.03,2026,10
-10.5,-42.5,3,2027-01,1.54,2026,10
-10.5,-41.5,3,2027-01,1.48,2026,10
-10.5,-40.5,3,2027-01,1.29,2026,10
-10.5,-39.5,3,2027-01,0.97,2026,10
-10.5,-38.5,3,2027-01,0.93,2026,10
-10.5,-37.5,3,2027-01,0.99,2026,10
-10.5,-36.5,3,2027-01,1.04,2026,10
-10.5,-35.5,3,2027-01,1.07,2026,10
-10.5,-34.5,3,2027-01,0.94,2026,10
-10.5,-33.5,3,2027-01,0.82,2026,10
-10.5,-32.5,3,2027-01,0.75,2026,10
-10.5,-31.5,3,2027-01,0.7,2026,10
-10.5,-30.5,3,2027-01,0.69,2026,10
-11.5,-89.5,3,2027-01,0.56,2026,10
-11.5,-88.5,3,2027-01,0.55,2026,10
-11.5,-87.5,3,2027-01,0.56,2026,10
-11.5,-86.5,3,2027-01,0.54,2026,10
-11.5,-85.5,3,2027-01,0.57,2026,10
-11.5,-84.5,3,2027-01,0.54,2026,10
-11.5,-83.5,3,2027-01,0.45,2026,10
-11.5,-82.5,3,2027-01,0.4,2026,10
-11.5,-81.5,3,2027-01,0.37,2026,10
-11.5,-80.5,3,2027-01,0.23,2026,10
-11.5,-79.5,3,2027-01,0.39,2026,10
-11.5,-78.5,3,2027-01,0.43,2026,10
-11.5,-77.5,3,2027-01,0.88,2026,10
-11.5,-76.5,3,2027-01,5.09,2026,10
-11.5,-75.5,3,2027-01,7.49,2026,10
-11.5,-74.5,3,2027-01,9.7,2026,10
-11.5,-73.5,3,2027-01,12.14,2026,10
-11.5,-72.5,3,2027-01,9.52,2026,10
-11.5,-71.5,3,2027-01,7.08,2026,10
-11.5,-70.5,3,2027-01,7.36,2026,10
-11.5,-69.5,3,2027-01,6.92,2026,10
-11.5,-68.5,3,2027-01,7.26,2026,10
-11.5,-67.5,3,2027-01,7.67,2026,10
-11.5,-66.5,3,2027-01,7.9,2026,10
-11.5,-65.5,3,2027-01,8.11,2026,10
-11.5,-64.5,3,2027-01,8.13,2026,10
-11.5,-63.5,3,2027-01,8.5,2026,10
-11.5,-62.5,3,2027-01,8.36,2026,10
-11.5,-61.5,3,2027-01,8.35,2026,10
-11.5,-60.5,3,2027-01,9.06,2026,10
-11.5,-59.5,3,2027-01,8.86,2026,10
-11.5,-58.5,3,2027-01,9.06,2026,10
-11.5,-57.5,3,2027-01,8.82,2026,10
-11.5,-56.5,3,2027-01,8.86,2026,10
-11.5,-55.5,3,2027-01,8.55,2026,10
-11.5,-54.5,3,2027-01,8.27,2026,10
-11.5,-53.5,3,2027-01,7.94,2026,10
-11.5,-52.5,3,2027-01,7.79,2026,10
-11.5,-51.5,3,2027-01,7.27,2026,10
-11.5,-50.5,3,2027-01,6.69,2026,10
-11.5,-49.5,3,2027-01,6.26,2026,10
-11.5,-48.5,3,2027-01,5.74,2026,10
-11.5,-47.5,3,2027-01,5.38,2026,10
-11.5,-46.5,3,2027-01,4.83,2026,10
-11.5,-45.5,3,2027-01,3.74,2026,10
-11.5,-44.5,3,2027-01,2.87,2026,10
-11.5,-43.5,3,2027-01,2.13,2026,10
-11.5,-42.5,3,2027-01,2.0,2026,10
-11.5,-41.5,3,2027-01,1.5,2026,10
-11.5,-40.5,3,2027-01,1.64,2026,10
-11.5,-39.5,3,2027-01,1.16,2026,10
-11.5,-38.5,3,2027-01,1.15,2026,10
-11.5,-37.5,3,2027-01,1.31,2026,10
-11.5,-36.5,3,2027-01,1.0,2026,10
-11.5,-35.5,3,2027-01,0.89,2026,10
-11.5,-34.5,3,2027-01,0.79,2026,10
-11.5,-33.5,3,2027-01,0.71,2026,10
-11.5,-32.5,3,2027-01,0.65,2026,10
-11.5,-31.5,3,2027-01,0.61,2026,10
-11.5,-30.5,3,2027-01,0.58,2026,10
-12.5,-89.5,3,2027-01,0.61,2026,10
-12.5,-88.5,3,2027-01,0.59,2026,10
-12.5,-87.5,3,2027-01,0.57,2026,10
-12.5,-86.5,3,2027-01,0.56,2026,10
-12.5,-85.5,3,2027-01,0.55,2026,10
-12.5,-84.5,3,2027-01,0.56,2026,10
-12.5,-83.5,3,2027-01,0.52,2026,10
-12.5,-82.5,3,2027-01,0.48,2026,10
-12.5,-81.5,3,2027-01,0.36,2026,10
-12.5,-80.5,3,2027-01,0.33,2026,10
-12.5,-79.5,3,2027-01,0.34,2026,10
-12.5,-78.5,3,2027-01,0.26,2026,10
-12.5,-77.5,3,2027-01,0.65,2026,10
-12.5,-76.5,3,2027-01,2.76,2026,10
-12.5,-75.5,3,2027-01,5.9,2026,10
-12.5,-74.5,3,2027-01,7.19,2026,10
-12.5,-73.5,3,2027-01,10.97,2026,10
-12.5,-72.5,3,2027-01,11.73,2026,10
-12.5,-71.5,3,2027-01,12.25,2026,10
-12.5,-70.5,3,2027-01,11.0,2026,10
-12.5,-69.5,3,2027-01,10.6,2026,10
-12.5,-68.5,3,2027-01,8.77,2026,10
-12.5,-67.5,3,2027-01,7.93,2026,10
-12.5,-66.5,3,2027-01,7.5,2026,10
-12.5,-65.5,3,2027-01,7.55,2026,10
-12.5,-64.5,3,2027-01,7.44,2026,10
-12.5,-63.5,3,2027-01,7.5,2026,10
-12.5,-62.5,3,2027-01,8.01,2026,10
-12.5,-61.5,3,2027-01,8.11,2026,10
-12.5,-60.5,3,2027-01,8.47,2026,10
-12.5,-59.5,3,2027-01,8.42,2026,10
-12.5,-58.5,3,2027-01,8.63,2026,10
-12.5,-57.5,3,2027-01,8.9,2026,10
-12.5,-56.5,3,2027-01,8.09,2026,10
-12.5,-55.5,3,2027-01,7.88,2026,10
-12.5,-54.5,3,2027-01,8.12,2026,10
-12.5,-53.5,3,2027-01,7.97,2026,10
-12.5,-52.5,3,2027-01,7.7,2026,10
-12.5,-51.5,3,2027-01,7.13,2026,10
-12.5,-50.5,3,2027-01,6.99,2026,10
-12.5,-49.5,3,2027-01,6.24,2026,10
-12.5,-48.5,3,2027-01,5.96,2026,10
-12.5,-47.5,3,2027-01,5.65,2026,10
-12.5,-46.5,3,2027-01,5.06,2026,10
-12.5,-45.5,3,2027-01,4.13,2026,10
-12.5,-44.5,3,2027-01,3.64,2026,10
-12.5,-43.5,3,2027-01,2.62,2026,10
-12.5,-42.5,3,2027-01,2.28,2026,10
-12.5,-41.5,3,2027-01,2.28,2026,10
-12.5,-40.5,3,2027-01,1.79,2026,10
-12.5,-39.5,3,2027-01,1.59,2026,10
-12.5,-38.5,3,2027-01,1.57,2026,10
-12.5,-37.5,3,2027-01,1.29,2026,10
-12.5,-36.5,3,2027-01,0.98,2026,10
-12.5,-35.5,3,2027-01,0.86,2026,10
-12.5,-34.5,3,2027-01,0.77,2026,10
-12.5,-33.5,3,2027-01,0.68,2026,10
-12.5,-32.5,3,2027-01,0.6,2026,10
-12.5,-31.5,3,2027-01,0.55,2026,10
-12.5,-30.5,3,2027-01,0.55,2026,10
-13.5,-89.5,3,2027-01,0.65,2026,10
-13.5,-88.5,3,2027-01,0.62,2026,10
-13.5,-87.5,3,2027-01,0.59,2026,10
-13.5,-86.5,3,2027-01,0.57,2026,10
-13.5,-85.5,3,2027-01,0.58,2026,10
-13.5,-84.5,3,2027-01,0.56,2026,10
-13.5,-83.5,3,2027-01,0.57,2026,10
-13.5,-82.5,3,2027-01,0.53,2026,10
-13.5,-81.5,3,2027-01,0.49,2026,10
-13.5,-80.5,3,2027-01,0.43,2026,10
-13.5,-79.5,3,2027-01,0.28,2026,10
-13.5,-78.5,3,2027-01,0.34,2026,10
-13.5,-77.5,3,2027-01,0.24,2026,10
-13.5,-76.5,3,2027-01,0.37,2026,10
-13.5,-75.5,3,2027-01,4.82,2026,10
-13.5,-74.5,3,2027-01,5.45,2026,10
-13.5,-73.5,3,2027-01,6.33,2026,10
-13.5,-72.5,3,2027-01,6.22,2026,10
-13.5,-71.5,3,2027-01,10.48,2026,10
-13.5,-70.5,3,2027-01,15.74,2026,10
-13.5,-69.5,3,2027-01,12.71,2026,10
-13.5,-68.5,3,2027-01,10.45,2026,10
-13.5,-67.5,3,2027-01,8.57,2026,10
-13.5,-66.5,3,2027-01,8.06,2026,10
-13.5,-65.5,3,2027-01,7.73,2026,10
-13.5,-64.5,3,2027-01,7.37,2026,10
-13.5,-63.5,3,2027-01,7.7,2026,10
-13.5,-62.5,3,2027-01,7.77,2026,10
-13.5,-61.5,3,2027-01,7.49,2026,10
-13.5,-60.5,3,2027-01,7.55,2026,10
-13.5,-59.5,3,2027-01,8.57,2026,10
-13.5,-58.5,3,2027-01,7.35,2026,10
-13.5,-57.5,3,2027-01,7.38,2026,10
-13.5,-56.5,3,2027-01,7.33,2026,10
-13.5,-55.5,3,2027-01,7.63,2026,10
-13.5,-54.5,3,2027-01,8.23,2026,10
-13.5,-53.5,3,2027-01,7.9,2026,10
-13.5,-52.5,3,2027-01,7.79,2026,10
-13.5,-51.5,3,2027-01,7.59,2026,10
-13.5,-50.5,3,2027-01,7.47,2026,10
-13.5,-49.5,3,2027-01,6.83,2026,10
-13.5,-48.5,3,2027-01,6.85,2026,10
-13.5,-47.5,3,2027-01,6.62,2026,10
-13.5,-46.5,3,2027-01,5.37,2026,10
-13.5,-45.5,3,2027-01,4.84,2026,10
-13.5,-44.5,3,2027-01,4.15,2026,10
-13.5,-43.5,3,2027-01,3.25,2026,10
-13.5,-42.5,3,2027-01,2.98,2026,10
-13.5,-41.5,3,2027-01,2.85,2026,10
-13.5,-40.5,3,2027-01,1.91,2026,10
-13.5,-39.5,3,2027-01,2.65,2026,10
-13.5,-38.5,3,2027-01,2.1,2026,10
-13.5,-37.5,3,2027-01,1.47,2026,10
-13.5,-36.5,3,2027-01,1.1,2026,10
-13.5,-35.5,3,2027-01,0.94,2026,10
-13.5,-34.5,3,2027-01,0.81,2026,10
-13.5,-33.5,3,2027-01,0.71,2026,10
-13.5,-32.5,3,2027-01,0.62,2026,10
-13.5,-31.5,3,2027-01,0.58,2026,10
-13.5,-30.5,3,2027-01,0.56,2026,10
-14.5,-89.5,3,2027-01,0.67,2026,10
-14.5,-88.5,3,2027-01,0.65,2026,10
-14.5,-87.5,3,2027-01,0.63,2026,10
-14.5,-86.5,3,2027-01,0.62,2026,10
-14.5,-85.5,3,2027-01,0.59,2026,10
-14.5,-84.5,3,2027-01,0.58,2026,10
-14.5,-83.5,3,2027-01,0.57,2026,10
-14.5,-82.5,3,2027-01,0.59,2026,10
-14.5,-81.5,3,2027-01,0.58,2026,10
-14.5,-80.5,3,2027-01,0.44,2026,10
-14.5,-79.5,3,2027-01,0.37,2026,10
-14.5,-78.5,3,2027-01,0.32,2026,10
-14.5,-77.5,3,2027-01,0.29,2026,10
-14.5,-76.5,3,2027-01,0.25,2026,10
-14.5,-75.5,3,2027-01,0.84,2026,10
-14.5,-74.5,3,2027-01,4.56,2026,10
-14.5,-73.5,3,2027-01,4.71,2026,10
-14.5,-72.5,3,2027-01,5.53,2026,10
-14.5,-71.5,3,2027-01,5.01,2026,10
-14.5,-70.5,3,2027-01,5.81,2026,10
-14.5,-69.5,3,2027-01,8.5,2026,10
-14.5,-68.5,3,2027-01,8.04,2026,10
-14.5,-67.5,3,2027-01,8.0,2026,10
-14.5,-66.5,3,2027-01,8.85,2026,10
-14.5,-65.5,3,2027-01,8.98,2026,10
-14.5,-64.5,3,2027-01,8.41,2026,10
-14.5,-63.5,3,2027-01,7.89,2026,10
-14.5,-62.5,3,2027-01,7.42,2026,10
-14.5,-61.5,3,2027-01,7.09,2026,10
-14.5,-60.5,3,2027-01,7.0,2026,10
-14.5,-59.5,3,2027-01,6.95,2026,10
-14.5,-58.5,3,2027-01,7.41,2026,10
-14.5,-57.5,3,2027-01,6.94,2026,10
-14.5,-56.5,3,2027-01,6.89,2026,10
-14.5,-55.5,3,2027-01,7.53,2026,10
-14.5,-54.5,3,2027-01,8.07,2026,10
-14.5,-53.5,3,2027-01,8.05,2026,10
-14.5,-52.5,3,2027-01,8.36,2026,10
-14.5,-51.5,3,2027-01,8.48,2026,10
-14.5,-50.5,3,2027-01,8.01,2026,10
-14.5,-49.5,3,2027-01,7.77,2026,10
-14.5,-48.5,3,2027-01,7.51,2026,10
-14.5,-47.5,3,2027-01,7.4,2026,10
-14.5,-46.5,3,2027-01,5.67,2026,10
-14.5,-45.5,3,2027-01,5.26,2026,10
-14.5,-44.5,3,2027-01,4.38,2026,10
-14.5,-43.5,3,2027-01,3.59,2026,10
-14.5,-42.5,3,2027-01,3.4,2026,10
-14.5,-41.5,3,2027-01,2.6,2026,10
-14.5,-40.5,3,2027-01,2.47,2026,10
-14.5,-39.5,3,2027-01,2.96,2026,10
-14.5,-38.5,3,2027-01,2.4,2026,10
-14.5,-37.5,3,2027-01,1.73,2026,10
-14.5,-36.5,3,2027-01,1.37,2026,10
-14.5,-35.5,3,2027-01,1.17,2026,10
-14.5,-34.5,3,2027-01,0.99,2026,10
-14.5,-33.5,3,2027-01,0.82,2026,10
-14.5,-32.5,3,2027-01,0.73,2026,10
-14.5,-31.5,3,2027-01,0.67,2026,10
-14.5,-30.5,3,2027-01,0.64,2026,10
-15.5,-89.5,3,2027-01,0.72,2026,10
-15.5,-88.5,3,2027-01,0.7,2026,10
-15.5,-87.5,3,2027-01,0.7,2026,10
-15.5,-86.5,3,2027-01,0.68,2026,10
-15.5,-85.5,3,2027-01,0.62,2026,10
-15.5,-84.5,3,2027-01,0.62,2026,10
-15.5,-83.5,3,2027-01,0.59,2026,10
-15.5,-82.5,3,2027-01,0.56,2026,10
-15.5,-81.5,3,2027-01,0.55,2026,10
-15.5,-80.5,3,2027-01,0.55,2026,10
-15.5,-79.5,3,2027-01,0.41,2026,10
-15.5,-78.5,3,2027-01,0.34,2026,10
-15.5,-77.5,3,2027-01,0.35,2026,10
-15.5,-76.5,3,2027-01,0.3,2026,10
-15.5,-75.5,3,2027-01,0.79,2026,10
-15.5,-74.5,3,2027-01,1.28,2026,10
-15.5,-73.5,3,2027-01,3.05,2026,10
-15.5,-72.5,3,2027-01,3.7,2026,10
-15.5,-71.5,3,2027-01,4.49,2026,10
-15.5,-70.5,3,2027-01,3.9,2026,10
-15.5,-69.5,3,2027-01,4.12,2026,10
-15.5,-68.5,3,2027-01,7.72,2026,10
-15.5,-67.5,3,2027-01,9.78,2026,10
-15.5,-66.5,3,2027-01,10.04,2026,10
-15.5,-65.5,3,2027-01,9.49,2026,10
-15.5,-64.5,3,2027-01,8.69,2026,10
-15.5,-63.5,3,2027-01,7.84,2026,10
-15.5,-62.5,3,2027-01,7.32,2026,10
-15.5,-61.5,3,2027-01,6.17,2026,10
-15.5,-60.5,3,2027-01,5.73,2026,10
-15.5,-59.5,3,2027-01,5.96,2026,10
-15.5,-58.5,3,2027-01,6.37,2026,10
-15.5,-57.5,3,2027-01,6.57,2026,10
-15.5,-56.5,3,2027-01,6.54,2026,10
-15.5,-55.5,3,2027-01,7.83,2026,10
-15.5,-54.5,3,2027-01,8.3,2026,10
-15.5,-53.5,3,2027-01,8.4,2026,10
-15.5,-52.5,3,2027-01,9.02,2026,10
-15.5,-51.5,3,2027-01,9.15,2026,10
-15.5,-50.5,3,2027-01,8.67,2026,10
-15.5,-49.5,3,2027-01,8.15,2026,10
-15.5,-48.5,3,2027-01,7.42,2026,10
-15.5,-47.5,3,2027-01,7.16,2026,10
-15.5,-46.5,3,2027-01,6.61,2026,10
-15.5,-45.5,3,2027-01,5.88,2026,10
-15.5,-44.5,3,2027-01,4.84,2026,10
-15.5,-43.5,3,2027-01,3.89,2026,10
-15.5,-42.5,3,2027-01,3.91,2026,10
-15.5,-41.5,3,2027-01,3.39,2026,10
-15.5,-40.5,3,2027-01,3.41,2026,10
-15.5,-39.5,3,2027-01,3.26,2026,10
-15.5,-38.5,3,2027-01,2.62,2026,10
-15.5,-37.5,3,2027-01,2.0,2026,10
-15.5,-36.5,3,2027-01,1.62,2026,10
-15.5,-35.5,3,2027-01,1.4,2026,10
-15.5,-34.5,3,2027-01,1.29,2026,10
-15.5,-33.5,3,2027-01,1.03,2026,10
-15.5,-32.5,3,2027-01,0.88,2026,10
-15.5,-31.5,3,2027-01,0.84,2026,10
-15.5,-30.5,3,2027-01,0.8,2026,10
-16.5,-89.5,3,2027-01,0.77,2026,10
-16.5,-88.5,3,2027-01,0.76,2026,10
-16.5,-87.5,3,2027-01,0.75,2026,10
-16.5,-86.5,3,2027-01,0.71,2026,10
-16.5,-85.5,3,2027-01,0.72,2026,10
-16.5,-84.5,3,2027-01,0.67,2026,10
-16.5,-83.5,3,2027-01,0.57,2026,10
-16.5,-82.5,3,2027-01,0.54,2026,10
-16.5,-81.5,3,2027-01,0.57,2026,10
-16.5,-80.5,3,2027-01,0.51,2026,10
-16.5,-79.5,3,2027-01,0.43,2026,10
-16.5,-78.5,3,2027-01,0.39,2026,10
-16.5,-77.5,3,2027-01,0.33,2026,10
-16.5,-76.5,3,2027-01,0.29,2026,10
-16.5,-75.5,3,2027-01,0.26,2026,10
-16.5,-74.5,3,2027-01,0.36,2026,10
-16.5,-73.5,3,2027-01,0.9,2026,10
-16.5,-72.5,3,2027-01,0.94,2026,10
-16.5,-71.5,3,2027-01,1.61,2026,10
-16.5,-70.5,3,2027-01,2.61,2026,10
-16.5,-69.5,3,2027-01,3.08,2026,10
-16.5,-68.5,3,2027-01,4.14,2026,10
-16.5,-67.5,3,2027-01,5.62,2026,10
-16.5,-66.5,3,2027-01,11.16,2026,10
-16.5,-65.5,3,2027-01,13.12,2026,10
-16.5,-64.5,3,2027-01,12.49,2026,10
-16.5,-63.5,3,2027-01,8.74,2026,10
-16.5,-62.5,3,2027-01,6.36,2026,10
-16.5,-61.5,3,2027-01,5.33,2026,10
-16.5,-60.5,3,2027-01,5.2,2026,10
-16.5,-59.5,3,2027-01,5.5,2026,10
-16.5,-58.5,3,2027-01,5.5,2026,10
-16.5,-57.5,3,2027-01,5.9,2026,10
-16.5,-56.5,3,2027-01,6.56,2026,10
-16.5,-55.5,3,2027-01,7.34,2026,10
-16.5,-54.5,3,2027-01,7.47,2026,10
-16.5,-53.5,3,2027-01,8.32,2026,10
-16.5,-52.5,3,2027-01,8.43,2026,10
-16.5,-51.5,3,2027-01,9.02,2026,10
-16.5,-50.5,3,2027-01,8.37,2026,10
-16.5,-49.5,3,2027-01,7.76,2026,10
-16.5,-48.5,3,2027-01,8.23,2026,10
-16.5,-47.5,3,2027-01,8.16,2026,10
-16.5,-46.5,3,2027-01,7.71,2026,10
-16.5,-45.5,3,2027-01,6.54,2026,10
-16.5,-44.5,3,2027-01,5.64,2026,10
-16.5,-43.5,3,2027-01,4.87,2026,10
-16.5,-42.5,3,2027-01,4.61,2026,10
-16.5,-41.5,3,2027-01,4.03,2026,10
-16.5,-40.5,3,2027-01,3.75,2026,10
-16.5,-39.5,3,2027-01,3.7,2026,10
-16.5,-38.5,3,2027-01,2.48,2026,10
-16.5,-37.5,3,2027-01,2.49,2026,10
-16.5,-36.5,3,2027-01,2.24,2026,10
-16.5,-35.5,3,2027-01,1.88,2026,10
-16.5,-34.5,3,2027-01,1.58,2026,10
-16.5,-33.5,3,2027-01,1.34,2026,10
-16.5,-32.5,3,2027-01,1.12,2026,10
-16.5,-31.5,3,2027-01,0.95,2026,10
-16.5,-30.5,3,2027-01,0.89,2026,10
-17.5,-89.5,3,2027-01,0.76,2026,10
-17.5,-88.5,3,2027-01,0.75,2026,10
-17.5,-87.5,3,2027-01,0.76,2026,10
-17.5,-86.5,3,2027-01,0.77,2026,10
-17.5,-85.5,3,2027-01,0.71,2026,10
-17.5,-84.5,3,2027-01,0.67,2026,10
-17.5,-83.5,3,2027-01,0.65,2026,10
-17.5,-82.5,3,2027-01,0.59,2026,10
-17.5,-81.5,3,2027-01,0.54,2026,10
-17.5,-80.5,3,2027-01,0.52,2026,10
-17.5,-79.5,3,2027-01,0.45,2026,10
-17.5,-78.5,3,2027-01,0.36,2026,10
-17.5,-77.5,3,2027-01,0.31,2026,10
-17.5,-76.5,3,2027-01,0.29,2026,10
-17.5,-75.5,3,2027-01,0.19,2026,10
-17.5,-74.5,3,2027-01,0.17,2026,10
-17.5,-73.5,3,2027-01,0.2,2026,10
-17.5,-72.5,3,2027-01,0.58,2026,10
-17.5,-71.5,3,2027-01,0.65,2026,10
-17.5,-70.5,3,2027-01,0.72,2026,10
-17.5,-69.5,3,2027-01,1.67,2026,10
-17.5,-68.5,3,2027-01,1.91,2026,10
-17.5,-67.5,3,2027-01,2.16,2026,10
-17.5,-66.5,3,2027-01,3.87,2026,10
-17.5,-65.5,3,2027-01,10.39,2026,10
-17.5,-64.5,3,2027-01,12.43,2026,10
-17.5,-63.5,3,2027-01,8.94,2026,10
-17.5,-62.5,3,2027-01,6.08,2026,10
-17.5,-61.5,3,2027-01,4.81,2026,10
-17.5,-60.5,3,2027-01,5.11,2026,10
-17.5,-59.5,3,2027-01,5.41,2026,10
-17.5,-58.5,3,2027-01,5.71,2026,10
-17.5,-57.5,3,2027-01,5.94,2026,10
-17.5,-56.5,3,2027-01,6.36,2026,10
-17.5,-55.5,3,2027-01,6.97,2026,10
-17.5,-54.5,3,2027-01,7.73,2026,10
-17.5,-53.5,3,2027-01,8.0,2026,10
-17.5,-52.5,3,2027-01,7.7,2026,10
-17.5,-51.5,3,2027-01,8.23,2026,10
-17.5,-50.5,3,2027-01,7.91,2026,10
-17.5,-49.5,3,2027-01,8.15,2026,10
-17.5,-48.5,3,2027-01,8.38,2026,10
-17.5,-47.5,3,2027-01,8.94,2026,10
-17.5,-46.5,3,2027-01,8.28,2026,10
-17.5,-45.5,3,2027-01,7.32,2026,10
-17.5,-44.5,3,2027-01,6.45,2026,10
-17.5,-43.5,3,2027-01,6.27,2026,10
-17.5,-42.5,3,2027-01,5.43,2026,10
-17.5,-41.5,3,2027-01,5.41,2026,10
-17.5,-40.5,3,2027-01,4.03,2026,10
-17.5,-39.5,3,2027-01,3.72,2026,10
-17.5,-38.5,3,2027-01,2.6,2026,10
-17.5,-37.5,3,2027-01,2.73,2026,10
-17.5,-36.5,3,2027-01,2.66,2026,10
-17.5,-35.5,3,2027-01,2.57,2026,10
-17.5,-34.5,3,2027-01,2.22,2026,10
-17.5,-33.5,3,2027-01,1.69,2026,10
-17.5,-32.5,3,2027-01,1.26,2026,10
-17.5,-31.5,3,2027-01,1.05,2026,10
-17.5,-30.5,3,2027-01,0.97,2026,10
-18.5,-89.5,3,2027-01,0.77,2026,10
-18.5,-88.5,3,2027-01,0.8,2026,10
-18.5,-87.5,3,2027-01,0.75,2026,10
-18.5,-86.5,3,2027-01,0.72,2026,10
-18.5,-85.5,3,2027-01,0.74,2026,10
-18.5,-84.5,3,2027-01,0.72,2026,10
-18.5,-83.5,3,2027-01,0.65,2026,10
-18.5,-82.5,3,2027-01,0.61,2026,10
-18.5,-81.5,3,2027-01,0.58,2026,10
-18.5,-80.5,3,2027-01,0.51,2026,10
-18.5,-79.5,3,2027-01,0.45,2026,10
-18.5,-78.5,3,2027-01,0.37,2026,10
-18.5,-77.5,3,2027-01,0.3,2026,10
-18.5,-76.5,3,2027-01,0.24,2026,10
-18.5,-75.5,3,2027-01,0.24,2026,10
-18.5,-74.5,3,2027-01,0.18,2026,10
-18.5,-73.5,3,2027-01,0.15,2026,10
-18.5,-72.5,3,2027-01,0.15,2026,10
-18.5,-71.5,3,2027-01,0.26,2026,10
-18.5,-70.5,3,2027-01,0.39,2026,10
-18.5,-69.5,3,2027-01,1.16,2026,10
-18.5,-68.5,3,2027-01,1.17,2026,10
-18.5,-67.5,3,2027-01,1.42,2026,10
-18.5,-66.5,3,2027-01,3.35,2026,10
-18.5,-65.5,3,2027-01,4.45,2026,10
-18.5,-64.5,3,2027-01,4.77,2026,10
-18.5,-63.5,3,2027-01,6.34,2026,10
-18.5,-62.5,3,2027-01,4.55,2026,10
-18.5,-61.5,3,2027-01,4.71,2026,10
-18.5,-60.5,3,2027-01,4.49,2026,10
-18.5,-59.5,3,2027-01,4.42,2026,10
-18.5,-58.5,3,2027-01,5.36,2026,10
-18.5,-57.5,3,2027-01,5.93,2026,10
-18.5,-56.5,3,2027-01,6.76,2026,10
-18.5,-55.5,3,2027-01,7.29,2026,10
-18.5,-54.5,3,2027-01,7.48,2026,10
-18.5,-53.5,3,2027-01,7.45,2026,10
-18.5,-52.5,3,2027-01,7.9,2026,10
-18.5,-51.5,3,2027-01,8.2,2026,10
-18.5,-50.5,3,2027-01,8.67,2026,10
-18.5,-49.5,3,2027-01,8.42,2026,10
-18.5,-48.5,3,2027-01,8.13,2026,10
-18.5,-47.5,3,2027-01,7.93,2026,10
-18.5,-46.5,3,2027-01,8.09,2026,10
-18.5,-45.5,3,2027-01,7.99,2026,10
-18.5,-44.5,3,2027-01,7.17,2026,10
-18.5,-43.5,3,2027-01,7.63,2026,10
-18.5,-42.5,3,2027-01,7.39,2026,10
-18.5,-41.5,3,2027-01,5.69,2026,10
-18.5,-40.5,3,2027-01,5.04,2026,10
-18.5,-39.5,3,2027-01,4.25,2026,10
-18.5,-38.5,3,2027-01,3.16,2026,10
-18.5,-37.5,3,2027-01,3.07,2026,10
-18.5,-36.5,3,2027-01,3.36,2026,10
-18.5,-35.5,3,2027-01,3.2,2026,10
-18.5,-34.5,3,2027-01,2.88,2026,10
-18.5,-33.5,3,2027-01,2.25,2026,10
-18.5,-32.5,3,2027-01,1.69,2026,10
-18.5,-31.5,3,2027-01,1.31,2026,10
-18.5,-30.5,3,2027-01,1.18,2026,10
-19.5,-89.5,3,2027-01,0.81,2026,10
-19.5,-88.5,3,2027-01,0.73,2026,10
-19.5,-87.5,3,2027-01,0.71,2026,10
-19.5,-86.5,3,2027-01,0.72,2026,10
-19.5,-85.5,3,2027-01,0.71,2026,10
-19.5,-84.5,3,2027-01,0.67,2026,10
-19.5,-83.5,3,2027-01,0.65,2026,10
-19.5,-82.5,3,2027-01,0.62,2026,10
-19.5,-81.5,3,2027-01,0.55,2026,10
-19.5,-80.5,3,2027-01,0.51,2026,10
-19.5,-79.5,3,2027-01,0.46,2026,10
-19.5,-78.5,3,2027-01,0.38,2026,10
-19.5,-77.5,3,2027-01,0.32,2026,10
-19.5,-76.5,3,2027-01,0.26,2026,10
-19.5,-75.5,3,2027-01,0.24,2026,10
-19.5,-74.5,3,2027-01,0.16,2026,10
-19.5,-73.5,3,2027-01,0.15,2026,10
-19.5,-72.5,3,2027-01,0.13,2026,10
-19.5,-71.5,3,2027-01,0.12,2026,10
-19.5,-70.5,3,2027-01,0.09,2026,10
-19.5,-69.5,3,2027-01,0.51,2026,10
-19.5,-68.5,3,2027-01,0.67,2026,10
-19.5,-67.5,3,2027-01,0.72,2026,10
-19.5,-66.5,3,2027-01,1.93,2026,10
-19.5,-65.5,3,2027-01,3.91,2026,10
-19.5,-64.5,3,2027-01,6.13,2026,10
-19.5,-63.5,3,2027-01,5.45,2026,10
-19.5,-62.5,3,2027-01,4.39,2026,10
-19.5,-61.5,3,2027-01,4.21,2026,10
-19.5,-60.5,3,2027-01,4.11,2026,10
-19.5,-59.5,3,2027-01,4.82,2026,10
-19.5,-58.5,3,2027-01,5.66,2026,10
-19.5,-57.5,3,2027-01,6.63,2026,10
-19.5,-56.5,3,2027-01,7.69,2026,10
-19.5,-55.5,3,2027-01,8.22,2026,10
-19.5,-54.5,3,2027-01,7.54,2026,10
-19.5,-53.5,3,2027-01,6.61,2026,10
-19.5,-52.5,3,2027-01,7.7,2026,10
-19.5,-51.5,3,2027-01,8.58,2026,10
-19.5,-50.5,3,2027-01,8.25,2026,10
-19.5,-49.5,3,2027-01,8.29,2026,10
-19.5,-48.5,3,2027-01,8.77,2026,10
-19.5,-47.5,3,2027-01,8.47,2026,10
-19.5,-46.5,3,2027-01,8.48,2026,10
-19.5,-45.5,3,2027-01,8.98,2026,10
-19.5,-44.5,3,2027-01,8.49,2026,10
-19.5,-43.5,3,2027-01,8.25,2026,10
-19.5,-42.5,3,2027-01,7.63,2026,10
-19.5,-41.5,3,2027-01,6.36,2026,10
-19.5,-40.5,3,2027-01,6.22,2026,10
-19.5,-39.5,3,2027-01,4.97,2026,10
-19.5,-38.5,3,2027-01,4.05,2026,10
-19.5,-37.5,3,2027-01,3.98,2026,10
-19.5,-36.5,3,2027-01,3.92,2026,10
-19.5,-35.5,3,2027-01,3.79,2026,10
-19.5,-34.5,3,2027-01,3.38,2026,10
-19.5,-33.5,3,2027-01,2.93,2026,10
-19.5,-32.5,3,2027-01,2.27,2026,10
-19.5,-31.5,3,2027-01,1.76,2026,10
-19.5,-30.5,3,2027-01,1.5,2026,10
-20.5,-89.5,3,2027-01,0.78,2026,10
-20.5,-88.5,3,2027-01,0.79,2026,10
-20.5,-87.5,3,2027-01,0.75,2026,10
-20.5,-86.5,3,2027-01,0.68,2026,10
-20.5,-85.5,3,2027-01,0.65,2026,10
-20.5,-84.5,3,2027-01,0.68,2026,10
-20.5,-83.5,3,2027-01,0.63,2026,10
-20.5,-82.5,3,2027-01,0.56,2026,10
-20.5,-81.5,3,2027-01,0.56,2026,10
-20.5,-80.5,3,2027-01,0.5,2026,10
-20.5,-79.5,3,2027-01,0.42,2026,10
-20.5,-78.5,3,2027-01,0.41,2026,10
-20.5,-77.5,3,2027-01,0.36,2026,10
-20.5,-76.5,3,2027-01,0.28,2026,10
-20.5,-75.5,3,2027-01,0.23,2026,10
-20.5,-74.5,3,2027-01,0.22,2026,10
-20.5,-73.5,3,2027-01,0.14,2026,10
-20.5,-72.5,3,2027-01,0.12,2026,10
-20.5,-71.5,3,2027-01,0.16,2026,10
-20.5,-70.5,3,2027-01,0.1,2026,10
-20.5,-69.5,3,2027-01,0.18,2026,10
-20.5,-68.5,3,2027-01,0.51,2026,10
-20.5,-67.5,3,2027-01,0.29,2026,10
-20.5,-66.5,3,2027-01,0.99,2026,10
-20.5,-65.5,3,2027-01,2.65,2026,10
-20.5,-64.5,3,2027-01,7.34,2026,10
-20.5,-63.5,3,2027-01,5.87,2026,10
-20.5,-62.5,3,2027-01,4.38,2026,10
-20.5,-61.5,3,2027-01,4.45,2026,10
-20.5,-60.5,3,2027-01,4.58,2026,10
-20.5,-59.5,3,2027-01,5.33,2026,10
-20.5,-58.5,3,2027-01,6.66,2026,10
-20.5,-57.5,3,2027-01,8.0,2026,10
-20.5,-56.5,3,2027-01,8.48,2026,10
-20.5,-55.5,3,2027-01,8.33,2026,10
-20.5,-54.5,3,2027-01,7.17,2026,10
-20.5,-53.5,3,2027-01,6.92,2026,10
-20.5,-52.5,3,2027-01,7.46,2026,10
-20.5,-51.5,3,2027-01,7.83,2026,10
-20.5,-50.5,3,2027-01,7.94,2026,10
-20.5,-49.5,3,2027-01,8.18,2026,10
-20.5,-48.5,3,2027-01,8.49,2026,10
-20.5,-47.5,3,2027-01,8.48,2026,10
-20.5,-46.5,3,2027-01,8.46,2026,10
-20.5,-45.5,3,2027-01,8.85,2026,10
-20.5,-44.5,3,2027-01,8.9,2026,10
-20.5,-43.5,3,2027-01,8.54,2026,10
-20.5,-42.5,3,2027-01,7.73,2026,10
-20.5,-41.5,3,2027-01,7.93,2026,10
-20.5,-40.5,3,2027-01,6.99,2026,10
-20.5,-39.5,3,2027-01,5.25,2026,10
-20.5,-38.5,3,2027-01,4.59,2026,10
-20.5,-37.5,3,2027-01,4.53,2026,10
-20.5,-36.5,3,2027-01,4.58,2026,10
-20.5,-35.5,3,2027-01,4.35,2026,10
-20.5,-34.5,3,2027-01,4.03,2026,10
-20.5,-33.5,3,2027-01,3.61,2026,10
-20.5,-32.5,3,2027-01,2.9,2026,10
-20.5,-31.5,3,2027-01,2.46,2026,10
-20.5,-30.5,3,2027-01,2.05,2026,10
-21.5,-89.5,3,2027-01,0.76,2026,10
-21.5,-88.5,3,2027-01,0.73,2026,10
-21.5,-87.5,3,2027-01,0.74,2026,10
-21.5,-86.5,3,2027-01,0.72,2026,10
-21.5,-85.5,3,2027-01,0.65,2026,10
-21.5,-84.5,3,2027-01,0.62,2026,10
-21.5,-83.5,3,2027-01,0.63,2026,10
-21.5,-82.5,3,2027-01,0.58,2026,10
-21.5,-81.5,3,2027-01,0.5,2026,10
-21.5,-80.5,3,2027-01,0.48,2026,10
-21.5,-79.5,3,2027-01,0.45,2026,10
-21.5,-78.5,3,2027-01,0.41,2026,10
-21.5,-77.5,3,2027-01,0.35,2026,10
-21.5,-76.5,3,2027-01,0.29,2026,10
-21.5,-75.5,3,2027-01,0.27,2026,10
-21.5,-74.5,3,2027-01,0.23,2026,10
-21.5,-73.5,3,2027-01,0.16,2026,10
-21.5,-72.5,3,2027-01,0.12,2026,10
-21.5,-71.5,3,2027-01,0.15,2026,10
-21.5,-70.5,3,2027-01,0.23,2026,10
-21.5,-69.5,3,2027-01,0.09,2026,10
-21.5,-68.5,3,2027-01,0.52,2026,10
-21.5,-67.5,3,2027-01,0.46,2026,10
-21.5,-66.5,3,2027-01,1.18,2026,10
-21.5,-65.5,3,2027-01,3.2,2026,10
-21.5,-64.5,3,2027-01,7.55,2026,10
-21.5,-63.5,3,2027-01,5.93,2026,10
-21.5,-62.5,3,2027-01,4.82,2026,10
-21.5,-61.5,3,2027-01,4.66,2026,10
-21.5,-60.5,3,2027-01,5.26,2026,10
-21.5,-59.5,3,2027-01,6.11,2026,10
-21.5,-58.5,3,2027-01,7.07,2026,10
-21.5,-57.5,3,2027-01,8.03,2026,10
-21.5,-56.5,3,2027-01,7.88,2026,10
-21.5,-55.5,3,2027-01,7.74,2026,10
-21.5,-54.5,3,2027-01,7.18,2026,10
-21.5,-53.5,3,2027-01,7.69,2026,10
-21.5,-52.5,3,2027-01,7.85,2026,10
-21.5,-51.5,3,2027-01,7.68,2026,10
-21.5,-50.5,3,2027-01,7.75,2026,10
-21.5,-49.5,3,2027-01,7.97,2026,10
-21.5,-48.5,3,2027-01,8.34,2026,10
-21.5,-47.5,3,2027-01,8.51,2026,10
-21.5,-46.5,3,2027-01,8.97,2026,10
-21.5,-45.5,3,2027-01,8.71,2026,10
-21.5,-44.5,3,2027-01,9.06,2026,10
-21.5,-43.5,3,2027-01,9.51,2026,10
-21.5,-42.5,3,2027-01,8.52,2026,10
-21.5,-41.5,3,2027-01,7.4,2026,10
-21.5,-40.5,3,2027-01,4.94,2026,10
-21.5,-39.5,3,2027-01,5.04,2026,10
-21.5,-38.5,3,2027-01,5.26,2026,10
-21.5,-37.5,3,2027-01,5.26,2026,10
-21.5,-36.5,3,2027-01,5.13,2026,10
-21.5,-35.5,3,2027-01,4.94,2026,10
-21.5,-34.5,3,2027-01,4.53,2026,10
-21.5,-33.5,3,2027-01,4.12,2026,10
-21.5,-32.5,3,2027-01,3.73,2026,10
-21.5,-31.5,3,2027-01,3.21,2026,10
-21.5,-30.5,3,2027-01,2.64,2026,10
-22.5,-89.5,3,2027-01,0.75,2026,10
-22.5,-88.5,3,2027-01,0.71,2026,10
-22.5,-87.5,3,2027-01,0.67,2026,10
-22.5,-86.5,3,2027-01,0.66,2026,10
-22.5,-85.5,3,2027-01,0.65,2026,10
-22.5,-84.5,3,2027-01,0.61,2026,10
-22.5,-83.5,3,2027-01,0.58,2026,10
-22.5,-82.5,3,2027-01,0.54,2026,10
-22.5,-81.5,3,2027-01,0.51,2026,10
-22.5,-80.5,3,2027-01,0.45,2026,10
-22.5,-79.5,3,2027-01,0.42,2026,10
-22.5,-78.5,3,2027-01,0.38,2026,10
-22.5,-77.5,3,2027-01,0.33,2026,10
-22.5,-76.5,3,2027-01,0.28,2026,10
-22.5,-75.5,3,2027-01,0.26,2026,10
-22.5,-74.5,3,2027-01,0.21,2026,10
-22.5,-73.5,3,2027-01,0.17,2026,10
-22.5,-72.5,3,2027-01,0.13,2026,10
-22.5,-71.5,3,2027-01,0.14,2026,10
-22.5,-70.5,3,2027-01,0.1,2026,10
-22.5,-69.5,3,2027-01,0.03,2026,10
-22.5,-68.5,3,2027-01,0.26,2026,10
-22.5,-67.5,3,2027-01,0.47,2026,10
-22.5,-66.5,3,2027-01,1.22,2026,10
-22.5,-65.5,3,2027-01,4.1,2026,10
-22.5,-64.5,3,2027-01,9.75,2026,10
-22.5,-63.5,3,2027-01,6.72,2026,10
-22.5,-62.5,3,2027-01,4.97,2026,10
-22.5,-61.5,3,2027-01,4.96,2026,10
-22.5,-60.5,3,2027-01,5.71,2026,10
-22.5,-59.5,3,2027-01,6.75,2026,10
-22.5,-58.5,3,2027-01,7.59,2026,10
-22.5,-57.5,3,2027-01,8.38,2026,10
-22.5,-56.5,3,2027-01,9.12,2026,10
-22.5,-55.5,3,2027-01,8.44,2026,10
-22.5,-54.5,3,2027-01,7.98,2026,10
-22.5,-53.5,3,2027-01,8.2,2026,10
-22.5,-52.5,3,2027-01,7.98,2026,10
-22.5,-51.5,3,2027-01,7.84,2026,10
-22.5,-50.5,3,2027-01,7.98,2026,10
-22.5,-49.5,3,2027-01,8.12,2026,10
-22.5,-48.5,3,2027-01,7.89,2026,10
-22.5,-47.5,3,2027-01,8.41,2026,10
-22.5,-46.5,3,2027-01,9.37,2026,10
-22.5,-45.5,3,2027-01,8.91,2026,10
-22.5,-44.5,3,2027-01,10.18,2026,10
-22.5,-43.5,3,2027-01,8.67,2026,10
-22.5,-42.5,3,2027-01,8.33,2026,10
-22.5,-41.5,3,2027-01,5.09,2026,10
-22.5,-40.5,3,2027-01,4.14,2026,10
-22.5,-39.5,3,2027-01,4.85,2026,10
-22.5,-38.5,3,2027-01,5.13,2026,10
-22.5,-37.5,3,2027-01,5.35,2026,10
-22.5,-36.5,3,2027-01,5.71,2026,10
-22.5,-35.5,3,2027-01,5.58,2026,10
-22.5,-34.5,3,2027-01,5.19,2026,10
-22.5,-33.5,3,2027-01,4.87,2026,10
-22.5,-32.5,3,2027-01,4.55,2026,10
-22.5,-31.5,3,2027-01,4.17,2026,10
-22.5,-30.5,3,2027-01,3.57,2026,10
-23.5,-89.5,3,2027-01,0.75,2026,10
-23.5,-88.5,3,2027-01,0.71,2026,10
-23.5,-87.5,3,2027-01,0.66,2026,10
-23.5,-86.5,3,2027-01,0.63,2026,10
-23.5,-85.5,3,2027-01,0.6,2026,10
-23.5,-84.5,3,2027-01,0.58,2026,10
-23.5,-83.5,3,2027-01,0.55,2026,10
-23.5,-82.5,3,2027-01,0.51,2026,10
-23.5,-81.5,3,2027-01,0.47,2026,10
-23.5,-80.5,3,2027-01,0.43,2026,10
-23.5,-79.5,3,2027-01,0.39,2026,10
-23.5,-78.5,3,2027-01,0.35,2026,10
-23.5,-77.5,3,2027-01,0.32,2026,10
-23.5,-76.5,3,2027-01,0.26,2026,10
-23.5,-75.5,3,2027-01,0.23,2026,10
-23.5,-74.5,3,2027-01,0.21,2026,10
-23.5,-73.5,3,2027-01,0.18,2026,10
-23.5,-72.5,3,2027-01,0.11,2026,10
-23.5,-71.5,3,2027-01,0.16,2026,10
-23.5,-70.5,3,2027-01,0.37,2026,10
-23.5,-69.5,3,2027-01,0.04,2026,10
-23.5,-68.5,3,2027-01,0.13,2026,10
-23.5,-67.5,3,2027-01,0.26,2026,10
-23.5,-66.5,3,2027-01,0.5,2026,10
-23.5,-65.5,3,2027-01,5.24,2026,10
-23.5,-64.5,3,2027-01,7.44,2026,10
-23.5,-63.5,3,2027-01,5.18,2026,10
-23.5,-62.5,3,2027-01,4.84,2026,10
-23.5,-61.5,3,2027-01,5.19,2026,10
-23.5,-60.5,3,2027-01,6.18,2026,10
-23.5,-59.5,3,2027-01,7.2,2026,10
-23.5,-58.5,3,2027-01,8.44,2026,10
-23.5,-57.5,3,2027-01,9.62,2026,10
-23.5,-56.5,3,2027-01,10.26,2026,10
-23.5,-55.5,3,2027-01,9.35,2026,10
-23.5,-54.5,3,2027-01,9.29,2026,10
-23.5,-53.5,3,2027-01,9.2,2026,10
-23.5,-52.5,3,2027-01,9.2,2026,10
-23.5,-51.5,3,2027-01,8.97,2026,10
-23.5,-50.5,3,2027-01,8.18,2026,10
-23.5,-49.5,3,2027-01,7.48,2026,10
-23.5,-48.5,3,2027-01,7.21,2026,10
-23.5,-47.5,3,2027-01,7.71,2026,10
-23.5,-46.5,3,2027-01,8.49,2026,10
-23.5,-45.5,3,2027-01,8.73,2026,10
-23.5,-44.5,3,2027-01,5.96,2026,10
-23.5,-43.5,3,2027-01,3.81,2026,10
-23.5,-42.5,3,2027-01,3.39,2026,10
-23.5,-41.5,3,2027-01,3.46,2026,10
-23.5,-40.5,3,2027-01,4.12,2026,10
-23.5,-39.5,3,2027-01,4.91,2026,10
-23.5,-38.5,3,2027-01,5.61,2026,10
-23.5,-37.5,3,2027-01,5.88,2026,10
-23.5,-36.5,3,2027-01,6.16,2026,10
-23.5,-35.5,3,2027-01,6.08,2026,10
-23.5,-34.5,3,2027-01,5.74,2026,10
-23.5,-33.5,3,2027-01,5.17,2026,10
-23.5,-32.5,3,2027-01,4.85,2026,10
-23.5,-31.5,3,2027-01,4.39,2026,10
-23.5,-30.5,3,2027-01,3.81,2026,10
-24.5,-89.5,3,2027-01,0.71,2026,10
-24.5,-88.5,3,2027-01,0.69,2026,10
-24.5,-87.5,3,2027-01,0.67,2026,10
-24.5,-86.5,3,2027-01,0.63,2026,10
-24.5,-85.5,3,2027-01,0.59,2026,10
-24.5,-84.5,3,2027-01,0.53,2026,10
-24.5,-83.5,3,2027-01,0.51,2026,10
-24.5,-82.5,3,2027-01,0.52,2026,10
-24.5,-81.5,3,2027-01,0.46,2026,10
-24.5,-80.5,3,2027-01,0.38,2026,10
-24.5,-79.5,3,2027-01,0.35,2026,10
-24.5,-78.5,3,2027-01,0.33,2026,10
-24.5,-77.5,3,2027-01,0.29,2026,10
-24.5,-76.5,3,2027-01,0.24,2026,10
-24.5,-75.5,3,2027-01,0.19,2026,10
-24.5,-74.5,3,2027-01,0.19,2026,10
-24.5,-73.5,3,2027-01,0.17,2026,10
-24.5,-72.5,3,2027-01,0.09,2026,10
-24.5,-71.5,3,2027-01,0.11,2026,10
-24.5,-70.5,3,2027-01,0.38,2026,10
-24.5,-69.5,3,2027-01,0.04,2026,10
-24.5,-68.5,3,2027-01,0.17,2026,10
-24.5,-67.5,3,2027-01,0.1,2026,10
-24.5,-66.5,3,2027-01,1.0,2026,10
-24.5,-65.5,3,2027-01,8.49,2026,10
-24.5,-64.5,3,2027-01,7.54,2026,10
-24.5,-63.5,3,2027-01,4.91,2026,10
-24.5,-62.5,3,2027-01,5.27,2026,10
-24.5,-61.5,3,2027-01,5.65,2026,10
-24.5,-60.5,3,2027-01,6.59,2026,10
-24.5,-59.5,3,2027-01,7.76,2026,10
-24.5,-58.5,3,2027-01,9.31,2026,10
-24.5,-57.5,3,2027-01,10.54,2026,10
-24.5,-56.5,3,2027-01,10.95,2026,10
-24.5,-55.5,3,2027-01,10.68,2026,10
-24.5,-54.5,3,2027-01,10.41,2026,10
-24.5,-53.5,3,2027-01,10.69,2026,10
-24.5,-52.5,3,2027-01,10.43,2026,10
-24.5,-51.5,3,2027-01,9.66,2026,10
-24.5,-50.5,3,2027-01,7.66,2026,10
-24.5,-49.5,3,2027-01,6.82,2026,10
-24.5,-48.5,3,2027-01,7.76,2026,10
-24.5,-47.5,3,2027-01,7.63,2026,10
-24.5,-46.5,3,2027-01,5.85,2026,10
-24.5,-45.5,3,2027-01,4.19,2026,10
-24.5,-44.5,3,2027-01,3.6,2026,10
-24.5,-43.5,3,2027-01,3.21,2026,10
-24.5,-42.5,3,2027-01,3.14,2026,10
-24.5,-41.5,3,2027-01,3.44,2026,10
-24.5,-40.5,3,2027-01,4.34,2026,10
-24.5,-39.5,3,2027-01,5.07,2026,10
-24.5,-38.5,3,2027-01,5.82,2026,10
-24.5,-37.5,3,2027-01,6.29,2026,10
-24.5,-36.5,3,2027-01,6.61,2026,10
-24.5,-35.5,3,2027-01,6.56,2026,10
-24.5,-34.5,3,2027-01,6.2,2026,10
-24.5,-33.5,3,2027-01,5.73,2026,10
-24.5,-32.5,3,2027-01,5.22,2026,10
-24.5,-31.5,3,2027-01,4.72,2026,10
-24.5,-30.5,3,2027-01,4.22,2026,10
-25.5,-89.5,3,2027-01,0.63,2026,10
-25.5,-88.5,3,2027-01,0.64,2026,10
-25.5,-87.5,3,2027-01,0.61,2026,10
-25.5,-86.5,3,2027-01,0.58,2026,10
-25.5,-85.5,3,2027-01,0.57,2026,10
-25.5,-84.5,3,2027-01,0.55,2026,10
-25.5,-83.5,3,2027-01,0.49,2026,10
-25.5,-82.5,3,2027-01,0.44,2026,10
-25.5,-81.5,3,2027-01,0.43,2026,10
-25.5,-80.5,3,2027-01,0.38,2026,10
-25.5,-79.5,3,2027-01,0.31,2026,10
-25.5,-78.5,3,2027-01,0.29,2026,10
-25.5,-77.5,3,2027-01,0.27,2026,10
-25.5,-76.5,3,2027-01,0.23,2026,10
-25.5,-75.5,3,2027-01,0.16,2026,10
-25.5,-74.5,3,2027-01,0.15,2026,10
-25.5,-73.5,3,2027-01,0.14,2026,10
-25.5,-72.5,3,2027-01,0.08,2026,10
-25.5,-71.5,3,2027-01,0.07,2026,10
-25.5,-70.5,3,2027-01,0.17,2026,10
-25.5,-69.5,3,2027-01,0.25,2026,10
-25.5,-68.5,3,2027-01,0.18,2026,10
-25.5,-67.5,3,2027-01,0.18,2026,10
-25.5,-66.5,3,2027-01,3.86,2026,10
-25.5,-65.5,3,2027-01,7.43,2026,10
-25.5,-64.5,3,2027-01,6.86,2026,10
-25.5,-63.5,3,2027-01,5.5,2026,10
-25.5,-62.5,3,2027-01,5.19,2026,10
-25.5,-61.5,3,2027-01,5.92,2026,10
-25.5,-60.5,3,2027-01,7.26,2026,10
-25.5,-59.5,3,2027-01,8.54,2026,10
-25.5,-58.5,3,2027-01,10.15,2026,10
-25.5,-57.5,3,2027-01,11.41,2026,10
-25.5,-56.5,3,2027-01,11.3,2026,10
-25.5,-55.5,3,2027-01,11.61,2026,10
-25.5,-54.5,3,2027-01,11.76,2026,10
-25.5,-53.5,3,2027-01,11.28,2026,10
-25.5,-52.5,3,2027-01,10.26,2026,10
-25.5,-51.5,3,2027-01,8.66,2026,10
-25.5,-50.5,3,2027-01,6.77,2026,10
-25.5,-49.5,3,2027-01,7.26,2026,10
-25.5,-48.5,3,2027-01,8.24,2026,10
-25.5,-47.5,3,2027-01,4.74,2026,10
-25.5,-46.5,3,2027-01,3.55,2026,10
-25.5,-45.5,3,2027-01,3.44,2026,10
-25.5,-44.5,3,2027-01,3.4,2026,10
-25.5,-43.5,3,2027-01,3.12,2026,10
-25.5,-42.5,3,2027-01,3.21,2026,10
-25.5,-41.5,3,2027-01,3.4,2026,10
-25.5,-40.5,3,2027-01,4.05,2026,10
-25.5,-39.5,3,2027-01,4.81,2026,10
-25.5,-38.5,3,2027-01,5.63,2026,10
-25.5,-37.5,3,2027-01,6.17,2026,10
-25.5,-36.5,3,2027-01,6.43,2026,10
-25.5,-35.5,3,2027-01,6.47,2026,10
-25.5,-34.5,3,2027-01,6.66,2026,10
-25.5,-33.5,3,2027-01,6.42,2026,10
-25.5,-32.5,3,2027-01,5.89,2026,10
-25.5,-31.5,3,2027-01,5.21,2026,10
-25.5,-30.5,3,2027-01,4.55,2026,10
-26.5,-89.5,3,2027-01,0.6,2026,10
-26.5,-88.5,3,2027-01,0.59,2026,10
-26.5,-87.5,3,2027-01,0.62,2026,10
-26.5,-86.5,3,2027-01,0.6,2026,10
-26.5,-85.5,3,2027-01,0.54,2026,10
-26.5,-84.5,3,2027-01,0.52,2026,10
-26.5,-83.5,3,2027-01,0.5,2026,10
-26.5,-82.5,3,2027-01,0.45,2026,10
-26.5,-81.5,3,2027-01,0.39,2026,10
-26.5,-80.5,3,2027-01,0.35,2026,10
-26.5,-79.5,3,2027-01,0.32,2026,10
-26.5,-78.5,3,2027-01,0.25,2026,10
-26.5,-77.5,3,2027-01,0.23,2026,10
-26.5,-76.5,3,2027-01,0.19,2026,10
-26.5,-75.5,3,2027-01,0.14,2026,10
-26.5,-74.5,3,2027-01,0.12,2026,10
-26.5,-73.5,3,2027-01,0.09,2026,10
-26.5,-72.5,3,2027-01,0.07,2026,10
-26.5,-71.5,3,2027-01,0.08,2026,10
-26.5,-70.5,3,2027-01,0.08,2026,10
-26.5,-69.5,3,2027-01,0.37,2026,10
-26.5,-68.5,3,2027-01,0.33,2026,10
-26.5,-67.5,3,2027-01,0.46,2026,10
-26.5,-66.5,3,2027-01,3.89,2026,10
-26.5,-65.5,3,2027-01,7.81,2026,10
-26.5,-64.5,3,2027-01,6.73,2026,10
-26.5,-63.5,3,2027-01,5.64,2026,10
-26.5,-62.5,3,2027-01,5.74,2026,10
-26.5,-61.5,3,2027-01,6.03,2026,10
-26.5,-60.5,3,2027-01,7.28,2026,10
-26.5,-59.5,3,2027-01,8.81,2026,10
-26.5,-58.5,3,2027-01,10.56,2026,10
-26.5,-57.5,3,2027-01,11.17,2026,10
-26.5,-56.5,3,2027-01,11.45,2026,10
-26.5,-55.5,3,2027-01,12.0,2026,10
-26.5,-54.5,3,2027-01,12.01,2026,10
-26.5,-53.5,3,2027-01,10.81,2026,10
-26.5,-52.5,3,2027-01,9.81,2026,10
-26.5,-51.5,3,2027-01,7.77,2026,10
-26.5,-50.5,3,2027-01,6.9,2026,10
-26.5,-49.5,3,2027-01,7.63,2026,10
-26.5,-48.5,3,2027-01,6.65,2026,10
-26.5,-47.5,3,2027-01,4.07,2026,10
-26.5,-46.5,3,2027-01,3.61,2026,10
-26.5,-45.5,3,2027-01,3.65,2026,10
-26.5,-44.5,3,2027-01,3.49,2026,10
-26.5,-43.5,3,2027-01,3.39,2026,10
-26.5,-42.5,3,2027-01,3.47,2026,10
-26.5,-41.5,3,2027-01,3.7,2026,10
-26.5,-40.5,3,2027-01,4.08,2026,10
-26.5,-39.5,3,2027-01,4.79,2026,10
-26.5,-38.5,3,2027-01,5.54,2026,10
-26.5,-37.5,3,2027-01,6.15,2026,10
-26.5,-36.5,3,2027-01,6.36,2026,10
-26.5,-35.5,3,2027-01,6.28,2026,10
-26.5,-34.5,3,2027-01,6.34,2026,10
-26.5,-33.5,3,2027-01,6.27,2026,10
-26.5,-32.5,3,2027-01,6.09,2026,10
-26.5,-31.5,3,2027-01,5.59,2026,10
-26.5,-30.5,3,2027-01,4.99,2026,10
-27.5,-89.5,3,2027-01,0.63,2026,10
-27.5,-88.5,3,2027-01,0.59,2026,10
-27.5,-87.5,3,2027-01,0.58,2026,10
-27.5,-86.5,3,2027-01,0.6,2026,10
-27.5,-85.5,3,2027-01,0.56,2026,10
-27.5,-84.5,3,2027-01,0.48,2026,10
-27.5,-83.5,3,2027-01,0.46,2026,10
-27.5,-82.5,3,2027-01,0.46,2026,10
-27.5,-81.5,3,2027-01,0.39,2026,10
-27.5,-80.5,3,2027-01,0.33,2026,10
-27.5,-79.5,3,2027-01,0.29,2026,10
-27.5,-78.5,3,2027-01,0.26,2026,10
-27.5,-77.5,3,2027-01,0.21,2026,10
-27.5,-76.5,3,2027-01,0.16,2026,10
-27.5,-75.5,3,2027-01,0.13,2026,10
-27.5,-74.5,3,2027-01,0.1,2026,10
-27.5,-73.5,3,2027-01,0.07,2026,10
-27.5,-72.5,3,2027-01,0.05,2026,10
-27.5,-71.5,3,2027-01,0.07,2026,10
-27.5,-70.5,3,2027-01,0.12,2026,10
-27.5,-69.5,3,2027-01,0.71,2026,10
-27.5,-68.5,3,2027-01,0.9,2026,10
-27.5,-67.5,3,2027-01,3.65,2026,10
-27.5,-66.5,3,2027-01,4.38,2026,10
-27.5,-65.5,3,2027-01,7.06,2026,10
-27.5,-64.5,3,2027-01,5.51,2026,10
-27.5,-63.5,3,2027-01,4.85,2026,10
-27.5,-62.5,3,2027-01,5.57,2026,10
-27.5,-61.5,3,2027-01,6.13,2026,10
-27.5,-60.5,3,2027-01,7.22,2026,10
-27.5,-59.5,3,2027-01,8.69,2026,10
-27.5,-58.5,3,2027-01,9.9,2026,10
-27.5,-57.5,3,2027-01,11.07,2026,10
-27.5,-56.5,3,2027-01,11.22,2026,10
-27.5,-55.5,3,2027-01,11.18,2026,10
-27.5,-54.5,3,2027-01,10.99,2026,10
-27.5,-53.5,3,2027-01,11.15,2026,10
-27.5,-52.5,3,2027-01,10.71,2026,10
-27.5,-51.5,3,2027-01,8.6,2026,10
-27.5,-50.5,3,2027-01,7.47,2026,10
-27.5,-49.5,3,2027-01,7.46,2026,10
-27.5,-48.5,3,2027-01,6.07,2026,10
-27.5,-47.5,3,2027-01,4.03,2026,10
-27.5,-46.5,3,2027-01,3.93,2026,10
-27.5,-45.5,3,2027-01,3.57,2026,10
-27.5,-44.5,3,2027-01,3.51,2026,10
-27.5,-43.5,3,2027-01,3.37,2026,10
-27.5,-42.5,3,2027-01,3.65,2026,10
-27.5,-41.5,3,2027-01,4.05,2026,10
-27.5,-40.5,3,2027-01,4.4,2026,10
-27.5,-39.5,3,2027-01,4.91,2026,10
-27.5,-38.5,3,2027-01,5.72,2026,10
-27.5,-37.5,3,2027-01,6.08,2026,10
-27.5,-36.5,3,2027-01,6.22,2026,10
-27.5,-35.5,3,2027-01,6.27,2026,10
-27.5,-34.5,3,2027-01,6.07,2026,10
-27.5,-33.5,3,2027-01,6.02,2026,10
-27.5,-32.5,3,2027-01,5.88,2026,10
-27.5,-31.5,3,2027-01,5.8,2026,10
-27.5,-30.5,3,2027-01,5.46,2026,10
-28.5,-89.5,3,2027-01,0.62,2026,10
-28.5,-88.5,3,2027-01,0.62,2026,10
-28.5,-87.5,3,2027-01,0.6,2026,10
-28.5,-86.5,3,2027-01,0.56,2026,10
-28.5,-85.5,3,2027-01,0.56,2026,10
-28.5,-84.5,3,2027-01,0.53,2026,10
-28.5,-83.5,3,2027-01,0.45,2026,10
-28.5,-82.5,3,2027-01,0.42,2026,10
-28.5,-81.5,3,2027-01,0.4,2026,10
-28.5,-80.5,3,2027-01,0.35,2026,10
-28.5,-79.5,3,2027-01,0.29,2026,10
-28.5,-78.5,3,2027-01,0.23,2026,10
-28.5,-77.5,3,2027-01,0.2,2026,10
-28.5,-76.5,3,2027-01,0.18,2026,10
-28.5,-75.5,3,2027-01,0.12,2026,10
-28.5,-74.5,3,2027-01,0.09,2026,10
-28.5,-73.5,3,2027-01,0.06,2026,10
-28.5,-72.5,3,2027-01,0.04,2026,10
-28.5,-71.5,3,2027-01,0.07,2026,10
-28.5,-70.5,3,2027-01,0.3,2026,10
-28.5,-69.5,3,2027-01,0.61,2026,10
-28.5,-68.5,3,2027-01,2.46,2026,10
-28.5,-67.5,3,2027-01,3.45,2026,10
-28.5,-66.5,3,2027-01,3.43,2026,10
-28.5,-65.5,3,2027-01,5.03,2026,10
-28.5,-64.5,3,2027-01,4.67,2026,10
-28.5,-63.5,3,2027-01,4.37,2026,10
-28.5,-62.5,3,2027-01,5.15,2026,10
-28.5,-61.5,3,2027-01,6.18,2026,10
-28.5,-60.5,3,2027-01,7.34,2026,10
-28.5,-59.5,3,2027-01,8.39,2026,10
-28.5,-58.5,3,2027-01,9.58,2026,10
-28.5,-57.5,3,2027-01,10.46,2026,10
-28.5,-56.5,3,2027-01,10.58,2026,10
-28.5,-55.5,3,2027-01,10.42,2026,10
-28.5,-54.5,3,2027-01,10.61,2026,10
-28.5,-53.5,3,2027-01,9.81,2026,10
-28.5,-52.5,3,2027-01,9.34,2026,10
-28.5,-51.5,3,2027-01,8.71,2026,10
-28.5,-50.5,3,2027-01,7.67,2026,10
-28.5,-49.5,3,2027-01,7.17,2026,10
-28.5,-48.5,3,2027-01,4.64,2026,10
-28.5,-47.5,3,2027-01,4.07,2026,10
-28.5,-46.5,3,2027-01,3.91,2026,10
-28.5,-45.5,3,2027-01,3.65,2026,10
-28.5,-44.5,3,2027-01,3.67,2026,10
-28.5,-43.5,3,2027-01,3.62,2026,10
-28.5,-42.5,3,2027-01,3.91,2026,10
-28.5,-41.5,3,2027-01,4.47,2026,10
-28.5,-40.5,3,2027-01,4.74,2026,10
-28.5,-39.5,3,2027-01,5.08,2026,10
-28.5,-38.5,3,2027-01,5.72,2026,10
-28.5,-37.5,3,2027-01,6.2,2026,10
-28.5,-36.5,3,2027-01,6.23,2026,10
-28.5,-35.5,3,2027-01,6.34,2026,10
-28.5,-34.5,3,2027-01,6.34,2026,10
-28.5,-33.5,3,2027-01,6.07,2026,10
-28.5,-32.5,3,2027-01,5.64,2026,10
-28.5,-31.5,3,2027-01,5.42,2026,10
-28.5,-30.5,3,2027-01,5.31,2026,10
-29.5,-89.5,3,2027-01,0.77,2026,10
-29.5,-88.5,3,2027-01,0.68,2026,10
-29.5,-87.5,3,2027-01,0.61,2026,10
-29.5,-86.5,3,2027-01,0.58,2026,10
-29.5,-85.5,3,2027-01,0.55,2026,10
-29.5,-84.5,3,2027-01,0.5,2026,10
-29.5,-83.5,3,2027-01,0.5,2026,10
-29.5,-82.5,3,2027-01,0.44,2026,10
-29.5,-81.5,3,2027-01,0.39,2026,10
-29.5,-80.5,3,2027-01,0.35,2026,10
-29.5,-79.5,3,2027-01,0.31,2026,10
-29.5,-78.5,3,2027-01,0.24,2026,10
-29.5,-77.5,3,2027-01,0.19,2026,10
-29.5,-76.5,3,2027-01,0.16,2026,10
-29.5,-75.5,3,2027-01,0.14,2026,10
-29.5,-74.5,3,2027-01,0.08,2026,10
-29.5,-73.5,3,2027-01,0.05,2026,10
-29.5,-72.5,3,2027-01,0.04,2026,10
-29.5,-71.5,3,2027-01,0.12,2026,10
-29.5,-70.5,3,2027-01,0.78,2026,10
-29.5,-69.5,3,2027-01,0.94,2026,10
-29.5,-68.5,3,2027-01,3.34,2026,10
-29.5,-67.5,3,2027-01,3.77,2026,10
-29.5,-66.5,3,2027-01,3.67,2026,10
-29.5,-65.5,3,2027-01,4.28,2026,10
-29.5,-64.5,3,2027-01,4.02,2026,10
-29.5,-63.5,3,2027-01,4.53,2026,10
-29.5,-62.5,3,2027-01,4.85,2026,10
-29.5,-61.5,3,2027-01,5.66,2026,10
-29.5,-60.5,3,2027-01,6.75,2026,10
-29.5,-59.5,3,2027-01,7.85,2026,10
-29.5,-58.5,3,2027-01,8.71,2026,10
-29.5,-57.5,3,2027-01,9.27,2026,10
-29.5,-56.5,3,2027-01,10.01,2026,10
-29.5,-55.5,3,2027-01,9.99,2026,10
-29.5,-54.5,3,2027-01,9.06,2026,10
-29.5,-53.5,3,2027-01,8.54,2026,10
-29.5,-52.5,3,2027-01,8.28,2026,10
-29.5,-51.5,3,2027-01,7.85,2026,10
-29.5,-50.5,3,2027-01,7.67,2026,10
-29.5,-49.5,3,2027-01,5.35,2026,10
-29.5,-48.5,3,2027-01,4.16,2026,10
-29.5,-47.5,3,2027-01,4.04,2026,10
-29.5,-46.5,3,2027-01,3.92,2026,10
-29.5,-45.5,3,2027-01,3.63,2026,10
-29.5,-44.5,3,2027-01,3.58,2026,10
-29.5,-43.5,3,2027-01,3.79,2026,10
-29.5,-42.5,3,2027-01,4.11,2026,10
-29.5,-41.5,3,2027-01,4.53,2026,10
-29.5,-40.5,3,2027-01,5.08,2026,10
-29.5,-39.5,3,2027-01,5.53,2026,10
-29.5,-38.5,3,2027-01,5.9,2026,10
-29.5,-37.5,3,2027-01,6.16,2026,10
-29.5,-36.5,3,2027-01,6.27,2026,10
-29.5,-35.5,3,2027-01,6.43,2026,10
-29.5,-34.5,3,2027-01,6.49,2026,10
-29.5,-33.5,3,2027-01,6.33,2026,10
-29.5,-32.5,3,2027-01,5.97,2026,10
-29.5,-31.5,3,2027-01,5.6,2026,10
-29.5,-30.5,3,2027-01,5.39,2026,10
-30.5,-89.5,3,2027-01,0.86,2026,10
-30.5,-88.5,3,2027-01,0.81,2026,10
-30.5,-87.5,3,2027-01,0.68,2026,10
-30.5,-86.5,3,2027-01,0.59,2026,10
-30.5,-85.5,3,2027-01,0.57,2026,10
-30.5,-84.5,3,2027-01,0.55,2026,10
-30.5,-83.5,3,2027-01,0.52,2026,10
-30.5,-82.5,3,2027-01,0.49,2026,10
-30.5,-81.5,3,2027-01,0.42,2026,10
-30.5,-80.5,3,2027-01,0.34,2026,10
-30.5,-79.5,3,2027-01,0.33,2026,10
-30.5,-78.5,3,2027-01,0.29,2026,10
-30.5,-77.5,3,2027-01,0.2,2026,10
-30.5,-76.5,3,2027-01,0.16,2026,10
-30.5,-75.5,3,2027-01,0.12,2026,10
-30.5,-74.5,3,2027-01,0.09,2026,10
-30.5,-73.5,3,2027-01,0.05,2026,10
-30.5,-72.5,3,2027-01,0.04,2026,10
-30.5,-71.5,3,2027-01,0.12,2026,10
-30.5,-70.5,3,2027-01,0.87,2026,10
-30.5,-69.5,3,2027-01,2.34,2026,10
-30.5,-68.5,3,2027-01,2.65,2026,10
-30.5,-67.5,3,2027-01,2.7,2026,10
-30.5,-66.5,3,2027-01,3.79,2026,10
-30.5,-65.5,3,2027-01,3.34,2026,10
-30.5,-64.5,3,2027-01,4.56,2026,10
-30.5,-63.5,3,2027-01,4.29,2026,10
-30.5,-62.5,3,2027-01,4.34,2026,10
-30.5,-61.5,3,2027-01,4.99,2026,10
-30.5,-60.5,3,2027-01,5.89,2026,10
-30.5,-59.5,3,2027-01,6.63,2026,10
-30.5,-58.5,3,2027-01,7.37,2026,10
-30.5,-57.5,3,2027-01,7.88,2026,10
-30.5,-56.5,3,2027-01,8.57,2026,10
-30.5,-55.5,3,2027-01,8.71,2026,10
-30.5,-54.5,3,2027-01,8.17,2026,10
-30.5,-53.5,3,2027-01,7.57,2026,10
-30.5,-52.5,3,2027-01,7.08,2026,10
-30.5,-51.5,3,2027-01,6.38,2026,10
-30.5,-50.5,3,2027-01,5.18,2026,10
-30.5,-49.5,3,2027-01,4.39,2026,10
-30.5,-48.5,3,2027-01,4.26,2026,10
-30.5,-47.5,3,2027-01,4.21,2026,10
-30.5,-46.5,3,2027-01,3.92,2026,10
-30.5,-45.5,3,2027-01,3.67,2026,10
-30.5,-44.5,3,2027-01,3.68,2026,10
-30.5,-43.5,3,2027-01,3.89,2026,10
-30.5,-42.5,3,2027-01,4.29,2026,10
-30.5,-41.5,3,2027-01,4.6,2026,10
-30.5,-40.5,3,2027-01,4.93,2026,10
-30.5,-39.5,3,2027-01,5.41,2026,10
-30.5,-38.5,3,2027-01,5.92,2026,10
-30.5,-37.5,3,2027-01,6.08,2026,10
-30.5,-36.5,3,2027-01,6.25,2026,10
-30.5,-35.5,3,2027-01,6.36,2026,10
-30.5,-34.5,3,2027-01,6.39,2026,10
-30.5,-33.5,3,2027-01,6.43,2026,10
-30.5,-32.5,3,2027-01,6.22,2026,10
-30.5,-31.5,3,2027-01,5.88,2026,10
-30.5,-30.5,3,2027-01,5.61,2026,10
-31.5,-89.5,3,2027-01,0.83,2026,10
-31.5,-88.5,3,2027-01,0.87,2026,10
-31.5,-87.5,3,2027-01,0.82,2026,10
-31.5,-86.5,3,2027-01,0.7,2026,10
-31.5,-85.5,3,2027-01,0.6,2026,10
-31.5,-84.5,3,2027-01,0.58,2026,10
-31.5,-83.5,3,2027-01,0.58,2026,10
-31.5,-82.5,3,2027-01,0.53,2026,10
-31.5,-81.5,3,2027-01,0.45,2026,10
-31.5,-80.5,3,2027-01,0.43,2026,10
-31.5,-79.5,3,2027-01,0.36,2026,10
-31.5,-78.5,3,2027-01,0.31,2026,10
-31.5,-77.5,3,2027-01,0.26,2026,10
-31.5,-76.5,3,2027-01,0.2,2026,10
-31.5,-75.5,3,2027-01,0.13,2026,10
-31.5,-74.5,3,2027-01,0.09,2026,10
-31.5,-73.5,3,2027-01,0.06,2026,10
-31.5,-72.5,3,2027-01,0.05,2026,10
-31.5,-71.5,3,2027-01,0.18,2026,10
-31.5,-70.5,3,2027-01,0.75,2026,10
-31.5,-69.5,3,2027-01,1.8,2026,10
-31.5,-68.5,3,2027-01,2.38,2026,10
-31.5,-67.5,3,2027-01,2.45,2026,10
-31.5,-66.5,3,2027-01,3.68,2026,10
-31.5,-65.5,3,2027-01,3.73,2026,10
-31.5,-64.5,3,2027-01,5.53,2026,10
-31.5,-63.5,3,2027-01,3.98,2026,10
-31.5,-62.5,3,2027-01,4.38,2026,10
-31.5,-61.5,3,2027-01,4.74,2026,10
-31.5,-60.5,3,2027-01,5.22,2026,10
-31.5,-59.5,3,2027-01,5.83,2026,10
-31.5,-58.5,3,2027-01,6.19,2026,10
-31.5,-57.5,3,2027-01,6.82,2026,10
-31.5,-56.5,3,2027-01,7.36,2026,10
-31.5,-55.5,3,2027-01,7.18,2026,10
-31.5,-54.5,3,2027-01,6.82,2026,10
-31.5,-53.5,3,2027-01,6.29,2026,10
-31.5,-52.5,3,2027-01,5.91,2026,10
-31.5,-51.5,3,2027-01,4.96,2026,10
-31.5,-50.5,3,2027-01,4.63,2026,10
-31.5,-49.5,3,2027-01,4.51,2026,10
-31.5,-48.5,3,2027-01,4.34,2026,10
-31.5,-47.5,3,2027-01,4.05,2026,10
-31.5,-46.5,3,2027-01,3.82,2026,10
-31.5,-45.5,3,2027-01,3.78,2026,10
-31.5,-44.5,3,2027-01,3.73,2026,10
-31.5,-43.5,3,2027-01,3.89,2026,10
-31.5,-42.5,3,2027-01,4.16,2026,10
-31.5,-41.5,3,2027-01,4.53,2026,10
-31.5,-40.5,3,2027-01,4.75,2026,10
-31.5,-39.5,3,2027-01,5.1,2026,10
-31.5,-38.5,3,2027-01,5.57,2026,10
-31.5,-37.5,3,2027-01,5.88,2026,10
-31.5,-36.5,3,2027-01,6.03,2026,10
-31.5,-35.5,3,2027-01,6.09,2026,10
-31.5,-34.5,3,2027-01,6.15,2026,10
-31.5,-33.5,3,2027-01,6.25,2026,10
-31.5,-32.5,3,2027-01,6.18,2026,10
-31.5,-31.5,3,2027-01,5.93,2026,10
-31.5,-30.5,3,2027-01,5.77,2026,10
-32.5,-89.5,3,2027-01,0.89,2026,10
-32.5,-88.5,3,2027-01,0.87,2026,10
-32.5,-87.5,3,2027-01,0.82,2026,10
-32.5,-86.5,3,2027-01,0.74,2026,10
-32.5,-85.5,3,2027-01,0.65,2026,10
-32.5,-84.5,3,2027-01,0.61,2026,10
-32.5,-83.5,3,2027-01,0.59,2026,10
-32.5,-82.5,3,2027-01,0.55,2026,10
-32.5,-81.5,3,2027-01,0.49,2026,10
-32.5,-80.5,3,2027-01,0.48,2026,10
-32.5,-79.5,3,2027-01,0.44,2026,10
-32.5,-78.5,3,2027-01,0.35,2026,10
-32.5,-77.5,3,2027-01,0.3,2026,10
-32.5,-76.5,3,2027-01,0.26,2026,10
-32.5,-75.5,3,2027-01,0.17,2026,10
-32.5,-74.5,3,2027-01,0.13,2026,10
-32.5,-73.5,3,2027-01,0.08,2026,10
-32.5,-72.5,3,2027-01,0.06,2026,10
-32.5,-71.5,3,2027-01,0.2,2026,10
-32.5,-70.5,3,2027-01,0.91,2026,10
-32.5,-69.5,3,2027-01,2.36,2026,10
-32.5,-68.5,3,2027-01,3.65,2026,10
-32.5,-67.5,3,2027-01,3.38,2026,10
-32.5,-66.5,3,2027-01,4.66,2026,10
-32.5,-65.5,3,2027-01,4.89,2026,10
-32.5,-64.5,3,2027-01,5.2,2026,10
-32.5,-63.5,3,2027-01,4.43,2026,10
-32.5,-62.5,3,2027-01,4.4,2026,10
-32.5,-61.5,3,2027-01,4.45,2026,10
-32.5,-60.5,3,2027-01,4.44,2026,10
-32.5,-59.5,3,2027-01,4.68,2026,10
-32.5,-58.5,3,2027-01,4.99,2026,10
-32.5,-57.5,3,2027-01,5.28,2026,10
-32.5,-56.5,3,2027-01,5.56,2026,10
-32.5,-55.5,3,2027-01,5.71,2026,10
-32.5,-54.5,3,2027-01,5.69,2026,10
-32.5,-53.5,3,2027-01,5.24,2026,10
-32.5,-52.5,3,2027-01,4.89,2026,10
-32.5,-51.5,3,2027-01,4.3,2026,10
-32.5,-50.5,3,2027-01,4.27,2026,10
-32.5,-49.5,3,2027-01,4.46,2026,10
-32.5,-48.5,3,2027-01,4.21,2026,10
-32.5,-47.5,3,2027-01,4.03,2026,10
-32.5,-46.5,3,2027-01,3.91,2026,10
-32.5,-45.5,3,2027-01,3.83,2026,10
-32.5,-44.5,3,2027-01,3.87,2026,10
-32.5,-43.5,3,2027-01,4.08,2026,10
-32.5,-42.5,3,2027-01,4.3,2026,10
-32.5,-41.5,3,2027-01,4.51,2026,10
-32.5,-40.5,3,2027-01,4.69,2026,10
-32.5,-39.5,3,2027-01,4.92,2026,10
-32.5,-38.5,3,2027-01,5.16,2026,10
-32.5,-37.5,3,2027-01,5.39,2026,10
-32.5,-36.5,3,2027-01,5.59,2026,10
-32.5,-35.5,3,2027-01,5.7,2026,10
-32.5,-34.5,3,2027-01,5.79,2026,10
-32.5,-33.5,3,2027-01,5.99,2026,10
-32.5,-32.5,3,2027-01,6.12,2026,10
-32.5,-31.5,3,2027-01,6.05,2026,10
-32.5,-30.5,3,2027-01,5.85,2026,10
-33.5,-89.5,3,2027-01,0.96,2026,10
-33.5,-88.5,3,2027-01,0.96,2026,10
-33.5,-87.5,3,2027-01,0.88,2026,10
-33.5,-86.5,3,2027-01,0.8,2026,10
-33.5,-85.5,3,2027-01,0.72,2026,10
-33.5,-84.5,3,2027-01,0.67,2026,10
-33.5,-83.5,3,2027-01,0.6,2026,10
-33.5,-82.5,3,2027-01,0.58,2026,10
-33.5,-81.5,3,2027-01,0.54,2026,10
-33.5,-80.5,3,2027-01,0.5,2026,10
-33.5,-79.5,3,2027-01,0.45,2026,10
-33.5,-78.5,3,2027-01,0.39,2026,10
-33.5,-77.5,3,2027-01,0.3,2026,10
-33.5,-76.5,3,2027-01,0.26,2026,10
-33.5,-75.5,3,2027-01,0.24,2026,10
-33.5,-74.5,3,2027-01,0.16,2026,10
-33.5,-73.5,3,2027-01,0.12,2026,10
-33.5,-72.5,3,2027-01,0.12,2026,10
-33.5,-71.5,3,2027-01,0.28,2026,10
-33.5,-70.5,3,2027-01,1.17,2026,10
-33.5,-69.5,3,2027-01,3.62,2026,10
-33.5,-68.5,3,2027-01,5.18,2026,10
-33.5,-67.5,3,2027-01,5.36,2026,10
-33.5,-66.5,3,2027-01,5.61,2026,10
-33.5,-65.5,3,2027-01,5.85,2026,10
-33.5,-64.5,3,2027-01,5.46,2026,10
-33.5,-63.5,3,2027-01,5.09,2026,10
-33.5,-62.5,3,2027-01,4.81,2026,10
-33.5,-61.5,3,2027-01,4.66,2026,10
-33.5,-60.5,3,2027-01,4.37,2026,10
-33.5,-59.5,3,2027-01,4.26,2026,10
-33.5,-58.5,3,2027-01,4.35,2026,10
-33.5,-57.5,3,2027-01,4.52,2026,10
-33.5,-56.5,3,2027-01,4.52,2026,10
-33.5,-55.5,3,2027-01,4.57,2026,10
-33.5,-54.5,3,2027-01,4.57,2026,10
-33.5,-53.5,3,2027-01,4.34,2026,10
-33.5,-52.5,3,2027-01,3.98,2026,10
-33.5,-51.5,3,2027-01,3.69,2026,10
-33.5,-50.5,3,2027-01,3.75,2026,10
-33.5,-49.5,3,2027-01,3.83,2026,10
-33.5,-48.5,3,2027-01,3.69,2026,10
-33.5,-47.5,3,2027-01,3.61,2026,10
-33.5,-46.5,3,2027-01,3.78,2026,10
-33.5,-45.5,3,2027-01,3.94,2026,10
-33.5,-44.5,3,2027-01,3.88,2026,10
-33.5,-43.5,3,2027-01,3.93,2026,10
-33.5,-42.5,3,2027-01,4.1,2026,10
-33.5,-41.5,3,2027-01,4.21,2026,10
-33.5,-40.5,3,2027-01,4.33,2026,10
-33.5,-39.5,3,2027-01,4.57,2026,10
-33.5,-38.5,3,2027-01,4.75,2026,10
-33.5,-37.5,3,2027-01,5.0,2026,10
-33.5,-36.5,3,2027-01,5.16,2026,10
-33.5,-35.5,3,2027-01,5.25,2026,10
-33.5,-34.5,3,2027-01,5.4,2026,10
-33.5,-33.5,3,2027-01,5.5,2026,10
-33.5,-32.5,3,2027-01,5.45,2026,10
-33.5,-31.5,3,2027-01,5.45,2026,10
-33.5,-30.5,3,2027-01,5.61,2026,10
-34.5,-89.5,3,2027-01,1.06,2026,10
-34.5,-88.5,3,2027-01,1.0,2026,10
-34.5,-87.5,3,2027-01,0.93,2026,10
-34.5,-86.5,3,2027-01,0.85,2026,10
-34.5,-85.5,3,2027-01,0.76,2026,10
-34.5,-84.5,3,2027-01,0.72,2026,10
-34.5,-83.5,3,2027-01,0.66,2026,10
-34.5,-82.5,3,2027-01,0.65,2026,10
-34.5,-81.5,3,2027-01,0.61,2026,10
-34.5,-80.5,3,2027-01,0.54,2026,10
-34.5,-79.5,3,2027-01,0.51,2026,10
-34.5,-78.5,3,2027-01,0.41,2026,10
-34.5,-77.5,3,2027-01,0.32,2026,10
-34.5,-76.5,3,2027-01,0.28,2026,10
-34.5,-75.5,3,2027-01,0.24,2026,10
-34.5,-74.5,3,2027-01,0.2,2026,10
-34.5,-73.5,3,2027-01,0.17,2026,10
-34.5,-72.5,3,2027-01,0.22,2026,10
-34.5,-71.5,3,2027-01,0.64,2026,10
-34.5,-70.5,3,2027-01,1.5,2026,10
-34.5,-69.5,3,2027-01,2.54,2026,10
-34.5,-68.5,3,2027-01,3.77,2026,10
-34.5,-67.5,3,2027-01,3.89,2026,10
-34.5,-66.5,3,2027-01,4.84,2026,10
-34.5,-65.5,3,2027-01,5.02,2026,10
-34.5,-64.5,3,2027-01,4.88,2026,10
-34.5,-63.5,3,2027-01,5.07,2026,10
-34.5,-62.5,3,2027-01,4.83,2026,10
-34.5,-61.5,3,2027-01,4.65,2026,10
-34.5,-60.5,3,2027-01,4.33,2026,10
-34.5,-59.5,3,2027-01,4.1,2026,10
-34.5,-58.5,3,2027-01,3.93,2026,10
-34.5,-57.5,3,2027-01,3.81,2026,10
-34.5,-56.5,3,2027-01,4.06,2026,10
-34.5,-55.5,3,2027-01,3.87,2026,10
-34.5,-54.5,3,2027-01,3.77,2026,10
-34.5,-53.5,3,2027-01,3.64,2026,10
-34.5,-52.5,3,2027-01,3.53,2026,10
-34.5,-51.5,3,2027-01,3.67,2026,10
-34.5,-50.5,3,2027-01,4.01,2026,10
-34.5,-49.5,3,2027-01,3.88,2026,10
-34.5,-48.5,3,2027-01,3.75,2026,10
-34.5,-47.5,3,2027-01,3.68,2026,10
-34.5,-46.5,3,2027-01,3.67,2026,10
-34.5,-45.5,3,2027-01,3.74,2026,10
-34.5,-44.5,3,2027-01,3.81,2026,10
-34.5,-43.5,3,2027-01,3.89,2026,10
-34.5,-42.5,3,2027-01,4.0,2026,10
-34.5,-41.5,3,2027-01,4.12,2026,10
-34.5,-40.5,3,2027-01,4.2,2026,10
-34.5,-39.5,3,2027-01,4.32,2026,10
-34.5,-38.5,3,2027-01,4.46,2026,10
-34.5,-37.5,3,2027-01,4.61,2026,10
-34.5,-36.5,3,2027-01,4.81,2026,10
-34.5,-35.5,3,2027-01,4.89,2026,10
-34.5,-34.5,3,2027-01,4.85,2026,10
-34.5,-33.5,3,2027-01,4.89,2026,10
-34.5,-32.5,3,2027-01,4.92,2026,10
-34.5,-31.5,3,2027-01,4.94,2026,10
-34.5,-30.5,3,2027-01,4.92,2026,10
-35.5,-89.5,3,2027-01,1.06,2026,10
-35.5,-88.5,3,2027-01,1.05,2026,10
-35.5,-87.5,3,2027-01,1.03,2026,10
-35.5,-86.5,3,2027-01,0.92,2026,10
-35.5,-85.5,3,2027-01,0.86,2026,10
-35.5,-84.5,3,2027-01,0.81,2026,10
-35.5,-83.5,3,2027-01,0.77,2026,10
-35.5,-82.5,3,2027-01,0.73,2026,10
-35.5,-81.5,3,2027-01,0.68,2026,10
-35.5,-80.5,3,2027-01,0.64,2026,10
-35.5,-79.5,3,2027-01,0.58,2026,10
-35.5,-78.5,3,2027-01,0.5,2026,10
-35.5,-77.5,3,2027-01,0.43,2026,10
-35.5,-76.5,3,2027-01,0.35,2026,10
-35.5,-75.5,3,2027-01,0.29,2026,10
-35.5,-74.5,3,2027-01,0.25,2026,10
-35.5,-73.5,3,2027-01,0.28,2026,10
-35.5,-72.5,3,2027-01,0.39,2026,10
-35.5,-71.5,3,2027-01,1.16,2026,10
-35.5,-70.5,3,2027-01,1.58,2026,10
-35.5,-69.5,3,2027-01,1.28,2026,10
-35.5,-68.5,3,2027-01,2.72,2026,10
-35.5,-67.5,3,2027-01,3.47,2026,10
-35.5,-66.5,3,2027-01,4.15,2026,10
-35.5,-65.5,3,2027-01,4.33,2026,10
-35.5,-64.5,3,2027-01,4.54,2026,10
-35.5,-63.5,3,2027-01,4.69,2026,10
-35.5,-62.5,3,2027-01,4.68,2026,10
-35.5,-61.5,3,2027-01,4.37,2026,10
-35.5,-60.5,3,2027-01,4.24,2026,10
-35.5,-59.5,3,2027-01,4.01,2026,10
-35.5,-58.5,3,2027-01,3.77,2026,10
-35.5,-57.5,3,2027-01,3.51,2026,10
-35.5,-56.5,3,2027-01,3.22,2026,10
-35.5,-55.5,3,2027-01,3.1,2026,10
-35.5,-54.5,3,2027-01,3.13,2026,10
-35.5,-53.5,3,2027-01,3.39,2026,10
-35.5,-52.5,3,2027-01,3.49,2026,10
-35.5,-51.5,3,2027-01,3.71,2026,10
-35.5,-50.5,3,2027-01,3.97,2026,10
-35.5,-49.5,3,2027-01,3.88,2026,10
-35.5,-48.5,3,2027-01,3.81,2026,10
-35.5,-47.5,3,2027-01,3.84,2026,10
-35.5,-46.5,3,2027-01,3.86,2026,10
-35.5,-45.5,3,2027-01,3.83,2026,10
-35.5,-44.5,3,2027-01,3.81,2026,10
-35.5,-43.5,3,2027-01,3.94,2026,10
-35.5,-42.5,3,2027-01,4.11,2026,10
-35.5,-41.5,3,2027-01,4.22,2026,10
-35.5,-40.5,3,2027-01,4.24,2026,10
-35.5,-39.5,3,2027-01,4.24,2026,10
-35.5,-38.5,3,2027-01,4.23,2026,10
-35.5,-37.5,3,2027-01,4.2,2026,10
-35.5,-36.5,3,2027-01,4.29,2026,10
-35.5,-35.5,3,2027-01,4.5,2026,10
-35.5,-34.5,3,2027-01,4.65,2026,10
-35.5,-33.5,3,2027-01,4.72,2026,10
-35.5,-32.5,3,2027-01,4.71,2026,10
-35.5,-31.5,3,2027-01,4.65,2026,10
-35.5,-30.5,3,2027-01,4.6,2026,10
-36.5,-89.5,3,2027-01,1.15,2026,10
-36.5,-88.5,3,2027-01,1.14,2026,10
-36.5,-87.5,3,2027-01,1.1,2026,10
-36.5,-86.5,3,2027-01,1.05,2026,10
-36.5,-85.5,3,2027-01,0.95,2026,10
-36.5,-84.5,3,2027-01,0.91,2026,10
-36.5,-83.5,3,2027-01,0.85,2026,10
-36.5,-82.5,3,2027-01,0.81,2026,10
-36.5,-81.5,3,2027-01,0.79,2026,10
-36.5,-80.5,3,2027-01,0.74,2026,10
-36.5,-79.5,3,2027-01,0.68,2026,10
-36.5,-78.5,3,2027-01,0.62,2026,10
-36.5,-77.5,3,2027-01,0.55,2026,10
-36.5,-76.5,3,2027-01,0.45,2026,10
-36.5,-75.5,3,2027-01,0.38,2026,10
-36.5,-74.5,3,2027-01,0.36,2026,10
-36.5,-73.5,3,2027-01,0.43,2026,10
-36.5,-72.5,3,2027-01,0.61,2026,10
-36.5,-71.5,3,2027-01,1.65,2026,10
-36.5,-70.5,3,2027-01,1.35,2026,10
-36.5,-69.5,3,2027-01,1.16,2026,10
-36.5,-68.5,3,2027-01,2.39,2026,10
-36.5,-67.5,3,2027-01,2.62,2026,10
-36.5,-66.5,3,2027-01,3.42,2026,10
-36.5,-65.5,3,2027-01,4.04,2026,10
-36.5,-64.5,3,2027-01,4.34,2026,10
-36.5,-63.5,3,2027-01,4.42,2026,10
-36.5,-62.5,3,2027-01,4.36,2026,10
-36.5,-61.5,3,2027-01,4.25,2026,10
-36.5,-60.5,3,2027-01,4.05,2026,10
-36.5,-59.5,3,2027-01,3.9,2026,10
-36.5,-58.5,3,2027-01,3.75,2026,10
-36.5,-57.5,3,2027-01,3.55,2026,10
-36.5,-56.5,3,2027-01,3.17,2026,10
-36.5,-55.5,3,2027-01,2.89,2026,10
-36.5,-54.5,3,2027-01,2.66,2026,10
-36.5,-53.5,3,2027-01,2.59,2026,10
-36.5,-52.5,3,2027-01,2.95,2026,10
-36.5,-51.5,3,2027-01,3.43,2026,10
-36.5,-50.5,3,2027-01,3.56,2026,10
-36.5,-49.5,3,2027-01,3.68,2026,10
-36.5,-48.5,3,2027-01,3.75,2026,10
-36.5,-47.5,3,2027-01,3.72,2026,10
-36.5,-46.5,3,2027-01,3.64,2026,10
-36.5,-45.5,3,2027-01,3.69,2026,10
-36.5,-44.5,3,2027-01,3.75,2026,10
-36.5,-43.5,3,2027-01,3.72,2026,10
-36.5,-42.5,3,2027-01,3.73,2026,10
-36.5,-41.5,3,2027-01,3.8,2026,10
-36.5,-40.5,3,2027-01,3.97,2026,10
-36.5,-39.5,3,2027-01,4.12,2026,10
-36.5,-38.5,3,2027-01,4.14,2026,10
-36.5,-37.5,3,2027-01,4.17,2026,10
-36.5,-36.5,3,2027-01,4.16,2026,10
-36.5,-35.5,3,2027-01,4.2,2026,10
-36.5,-34.5,3,2027-01,4.3,2026,10
-36.5,-33.5,3,2027-01,4.36,2026,10
-36.5,-32.5,3,2027-01,4.41,2026,10
-36.5,-31.5,3,2027-01,4.49,2026,10
-36.5,-30.5,3,2027-01,4.43,2026,10
-37.5,-89.5,3,2027-01,1.24,2026,10
-37.5,-88.5,3,2027-01,1.23,2026,10
-37.5,-87.5,3,2027-01,1.21,2026,10
-37.5,-86.5,3,2027-01,1.1,2026,10
-37.5,-85.5,3,2027-01,1.04,2026,10
-37.5,-84.5,3,2027-01,0.99,2026,10
-37.5,-83.5,3,2027-01,0.91,2026,10
-37.5,-82.5,3,2027-01,0.85,2026,10
-37.5,-81.5,3,2027-01,0.85,2026,10
-37.5,-80.5,3,2027-01,0.81,2026,10
-37.5,-79.5,3,2027-01,0.74,2026,10
-37.5,-78.5,3,2027-01,0.71,2026,10
-37.5,-77.5,3,2027-01,0.62,2026,10
-37.5,-76.5,3,2027-01,0.57,2026,10
-37.5,-75.5,3,2027-01,0.52,2026,10
-37.5,-74.5,3,2027-01,0.53,2026,10
-37.5,-73.5,3,2027-01,0.8,2026,10
-37.5,-72.5,3,2027-01,1.05,2026,10
-37.5,-71.5,3,2027-01,1.89,2026,10
-37.5,-70.5,3,2027-01,1.11,2026,10
-37.5,-69.5,3,2027-01,1.11,2026,10
-37.5,-68.5,3,2027-01,1.7,2026,10
-37.5,-67.5,3,2027-01,2.19,2026,10
-37.5,-66.5,3,2027-01,2.76,2026,10
-37.5,-65.5,3,2027-01,3.6,2026,10
-37.5,-64.5,3,2027-01,4.04,2026,10
-37.5,-63.5,3,2027-01,4.01,2026,10
-37.5,-62.5,3,2027-01,4.11,2026,10
-37.5,-61.5,3,2027-01,3.95,2026,10
-37.5,-60.5,3,2027-01,3.69,2026,10
-37.5,-59.5,3,2027-01,3.53,2026,10
-37.5,-58.5,3,2027-01,3.48,2026,10
-37.5,-57.5,3,2027-01,3.49,2026,10
-37.5,-56.5,3,2027-01,3.13,2026,10
-37.5,-55.5,3,2027-01,2.78,2026,10
-37.5,-54.5,3,2027-01,2.59,2026,10
-37.5,-53.5,3,2027-01,2.55,2026,10
-37.5,-52.5,3,2027-01,2.84,2026,10
-37.5,-51.5,3,2027-01,3.21,2026,10
-37.5,-50.5,3,2027-01,3.25,2026,10
-37.5,-49.5,3,2027-01,3.35,2026,10
-37.5,-48.5,3,2027-01,3.54,2026,10
-37.5,-47.5,3,2027-01,3.72,2026,10
-37.5,-46.5,3,2027-01,3.73,2026,10
-37.5,-45.5,3,2027-01,3.68,2026,10
-37.5,-44.5,3,2027-01,3.59,2026,10
-37.5,-43.5,3,2027-01,3.56,2026,10
-37.5,-42.5,3,2027-01,3.5,2026,10
-37.5,-41.5,3,2027-01,3.49,2026,10
-37.5,-40.5,3,2027-01,3.55,2026,10
-37.5,-39.5,3,2027-01,3.66,2026,10
-37.5,-38.5,3,2027-01,3.78,2026,10
-37.5,-37.5,3,2027-01,3.86,2026,10
-37.5,-36.5,3,2027-01,3.97,2026,10
-37.5,-35.5,3,2027-01,4.05,2026,10
-37.5,-34.5,3,2027-01,4.12,2026,10
-37.5,-33.5,3,2027-01,4.07,2026,10
-37.5,-32.5,3,2027-01,4.01,2026,10
-37.5,-31.5,3,2027-01,4.0,2026,10
-37.5,-30.5,3,2027-01,4.11,2026,10
-38.5,-89.5,3,2027-01,1.25,2026,10
-38.5,-88.5,3,2027-01,1.23,2026,10
-38.5,-87.5,3,2027-01,1.23,2026,10
-38.5,-86.5,3,2027-01,1.22,2026,10
-38.5,-85.5,3,2027-01,1.18,2026,10
-38.5,-84.5,3,2027-01,1.12,2026,10
-38.5,-83.5,3,2027-01,0.99,2026,10
-38.5,-82.5,3,2027-01,0.95,2026,10
-38.5,-81.5,3,2027-01,0.96,2026,10
-38.5,-80.5,3,2027-01,0.89,2026,10
-38.5,-79.5,3,2027-01,0.87,2026,10
-38.5,-78.5,3,2027-01,0.82,2026,10
-38.5,-77.5,3,2027-01,0.76,2026,10
-38.5,-76.5,3,2027-01,0.74,2026,10
-38.5,-75.5,3,2027-01,0.72,2026,10
-38.5,-74.5,3,2027-01,0.76,2026,10
-38.5,-73.5,3,2027-01,1.16,2026,10
-38.5,-72.5,3,2027-01,1.72,2026,10
-38.5,-71.5,3,2027-01,2.29,2026,10
-38.5,-70.5,3,2027-01,0.99,2026,10
-38.5,-69.5,3,2027-01,0.95,2026,10
-38.5,-68.5,3,2027-01,1.19,2026,10
-38.5,-67.5,3,2027-01,1.55,2026,10
-38.5,-66.5,3,2027-01,2.0,2026,10
-38.5,-65.5,3,2027-01,2.53,2026,10
-38.5,-64.5,3,2027-01,3.18,2026,10
-38.5,-63.5,3,2027-01,3.38,2026,10
-38.5,-62.5,3,2027-01,3.54,2026,10
-38.5,-61.5,3,2027-01,3.63,2026,10
-38.5,-60.5,3,2027-01,3.4,2026,10
-38.5,-59.5,3,2027-01,3.22,2026,10
-38.5,-58.5,3,2027-01,3.07,2026,10
-38.5,-57.5,3,2027-01,2.83,2026,10
-38.5,-56.5,3,2027-01,2.63,2026,10
-38.5,-55.5,3,2027-01,2.46,2026,10
-38.5,-54.5,3,2027-01,2.44,2026,10
-38.5,-53.5,3,2027-01,2.58,2026,10
-38.5,-52.5,3,2027-01,2.81,2026,10
-38.5,-51.5,3,2027-01,3.06,2026,10
-38.5,-50.5,3,2027-01,3.21,2026,10
-38.5,-49.5,3,2027-01,3.14,2026,10
-38.5,-48.5,3,2027-01,3.08,2026,10
-38.5,-47.5,3,2027-01,3.26,2026,10
-38.5,-46.5,3,2027-01,3.47,2026,10
-38.5,-45.5,3,2027-01,3.69,2026,10
-38.5,-44.5,3,2027-01,3.75,2026,10
-38.5,-43.5,3,2027-01,3.6,2026,10
-38.5,-42.5,3,2027-01,3.5,2026,10
-38.5,-41.5,3,2027-01,3.43,2026,10
-38.5,-40.5,3,2027-01,3.47,2026,10
-38.5,-39.5,3,2027-01,3.46,2026,10
-38.5,-38.5,3,2027-01,3.47,2026,10
-38.5,-37.5,3,2027-01,3.51,2026,10
-38.5,-36.5,3,2027-01,3.53,2026,10
-38.5,-35.5,3,2027-01,3.63,2026,10
-38.5,-34.5,3,2027-01,3.78,2026,10
-38.5,-33.5,3,2027-01,3.82,2026,10
-38.5,-32.5,3,2027-01,3.73,2026,10
-38.5,-31.5,3,2027-01,3.74,2026,10
-38.5,-30.5,3,2027-01,3.69,2026,10
-39.5,-89.5,3,2027-01,1.39,2026,10
-39.5,-88.5,3,2027-01,1.35,2026,10
-39.5,-87.5,3,2027-01,1.33,2026,10
-39.5,-86.5,3,2027-01,1.29,2026,10
-39.5,-85.5,3,2027-01,1.32,2026,10
-39.5,-84.5,3,2027-01,1.25,2026,10
-39.5,-83.5,3,2027-01,1.14,2026,10
-39.5,-82.5,3,2027-01,1.07,2026,10
-39.5,-81.5,3,2027-01,1.03,2026,10
-39.5,-80.5,3,2027-01,0.93,2026,10
-39.5,-79.5,3,2027-01,0.92,2026,10
-39.5,-78.5,3,2027-01,0.94,2026,10
-39.5,-77.5,3,2027-01,0.89,2026,10
-39.5,-76.5,3,2027-01,0.87,2026,10
-39.5,-75.5,3,2027-01,0.91,2026,10
-39.5,-74.5,3,2027-01,0.99,2026,10
-39.5,-73.5,3,2027-01,1.64,2026,10
-39.5,-72.5,3,2027-01,2.92,2026,10
-39.5,-71.5,3,2027-01,2.57,2026,10
-39.5,-70.5,3,2027-01,0.94,2026,10
-39.5,-69.5,3,2027-01,0.92,2026,10
-39.5,-68.5,3,2027-01,1.16,2026,10
-39.5,-67.5,3,2027-01,1.32,2026,10
-39.5,-66.5,3,2027-01,1.48,2026,10
-39.5,-65.5,3,2027-01,1.87,2026,10
-39.5,-64.5,3,2027-01,2.29,2026,10
-39.5,-63.5,3,2027-01,2.68,2026,10
-39.5,-62.5,3,2027-01,2.9,2026,10
-39.5,-61.5,3,2027-01,2.53,2026,10
-39.5,-60.5,3,2027-01,2.39,2026,10
-39.5,-59.5,3,2027-01,2.36,2026,10
-39.5,-58.5,3,2027-01,2.34,2026,10
-39.5,-57.5,3,2027-01,2.3,2026,10
-39.5,-56.5,3,2027-01,2.29,2026,10
-39.5,-55.5,3,2027-01,2.32,2026,10
-39.5,-54.5,3,2027-01,2.4,2026,10
-39.5,-53.5,3,2027-01,2.73,2026,10
-39.5,-52.5,3,2027-01,3.03,2026,10
-39.5,-51.5,3,2027-01,3.13,2026,10
-39.5,-50.5,3,2027-01,3.07,2026,10
-39.5,-49.5,3,2027-01,2.95,2026,10
-39.5,-48.5,3,2027-01,2.88,2026,10
-39.5,-47.5,3,2027-01,3.07,2026,10
-39.5,-46.5,3,2027-01,3.27,2026,10
-39.5,-45.5,3,2027-01,3.45,2026,10
-39.5,-44.5,3,2027-01,3.51,2026,10
-39.5,-43.5,3,2027-01,3.52,2026,10
-39.5,-42.5,3,2027-01,3.41,2026,10
-39.5,-41.5,3,2027-01,3.27,2026,10
-39.5,-40.5,3,2027-01,3.28,2026,10
-39.5,-39.5,3,2027-01,3.29,2026,10
-39.5,-38.5,3,2027-01,3.35,2026,10
-39.5,-37.5,3,2027-01,3.42,2026,10
-39.5,-36.5,3,2027-01,3.38,2026,10
-39.5,-35.5,3,2027-01,3.4,2026,10
-39.5,-34.5,3,2027-01,3.48,2026,10
-39.5,-33.5,3,2027-01,3.55,2026,10
-39.5,-32.5,3,2027-01,3.55,2026,10
-39.5,-31.5,3,2027-01,3.59,2026,10
-39.5,-30.5,3,2027-01,3.58,2026,10
-40.5,-89.5,3,2027-01,1.48,2026,10
-40.5,-88.5,3,2027-01,1.44,2026,10
-40.5,-87.5,3,2027-01,1.4,2026,10
-40.5,-86.5,3,2027-01,1.41,2026,10
-40.5,-85.5,3,2027-01,1.4,2026,10
-40.5,-84.5,3,2027-01,1.38,2026,10
-40.5,-83.5,3,2027-01,1.34,2026,10
-40.5,-82.5,3,2027-01,1.25,2026,10
-40.5,-81.5,3,2027-01,1.16,2026,10
-40.5,-80.5,3,2027-01,1.1,2026,10
-40.5,-79.5,3,2027-01,1.04,2026,10
-40.5,-78.5,3,2027-01,1.03,2026,10
-40.5,-77.5,3,2027-01,1.07,2026,10
-40.5,-76.5,3,2027-01,1.05,2026,10
-40.5,-75.5,3,2027-01,1.15,2026,10
-40.5,-74.5,3,2027-01,1.61,2026,10
-40.5,-73.5,3,2027-01,2.09,2026,10
-40.5,-72.5,3,2027-01,3.95,2026,10
-40.5,-71.5,3,2027-01,2.4,2026,10
-40.5,-70.5,3,2027-01,0.78,2026,10
-40.5,-69.5,3,2027-01,0.92,2026,10
-40.5,-68.5,3,2027-01,1.16,2026,10
-40.5,-67.5,3,2027-01,1.22,2026,10
-40.5,-66.5,3,2027-01,1.25,2026,10
-40.5,-65.5,3,2027-01,1.39,2026,10
-40.5,-64.5,3,2027-01,1.66,2026,10
-40.5,-63.5,3,2027-01,2.09,2026,10
-40.5,-62.5,3,2027-01,2.27,2026,10
-40.5,-61.5,3,2027-01,1.96,2026,10
-40.5,-60.5,3,2027-01,1.84,2026,10
-40.5,-59.5,3,2027-01,1.99,2026,10
-40.5,-58.5,3,2027-01,2.09,2026,10
-40.5,-57.5,3,2027-01,2.17,2026,10
-40.5,-56.5,3,2027-01,2.22,2026,10
-40.5,-55.5,3,2027-01,2.24,2026,10
-40.5,-54.5,3,2027-01,2.49,2026,10
-40.5,-53.5,3,2027-01,2.86,2026,10
-40.5,-52.5,3,2027-01,3.12,2026,10
-40.5,-51.5,3,2027-01,3.08,2026,10
-40.5,-50.5,3,2027-01,2.94,2026,10
-40.5,-49.5,3,2027-01,2.83,2026,10
-40.5,-48.5,3,2027-01,2.82,2026,10
-40.5,-47.5,3,2027-01,2.94,2026,10
-40.5,-46.5,3,2027-01,2.96,2026,10
-40.5,-45.5,3,2027-01,2.99,2026,10
-40.5,-44.5,3,2027-01,3.06,2026,10
-40.5,-43.5,3,2027-01,3.22,2026,10
-40.5,-42.5,3,2027-01,3.31,2026,10
-40.5,-41.5,3,2027-01,3.26,2026,10
-40.5,-40.5,3,2027-01,3.28,2026,10
-40.5,-39.5,3,2027-01,3.24,2026,10
-40.5,-38.5,3,2027-01,3.23,2026,10
-40.5,-37.5,3,2027-01,3.26,2026,10
-40.5,-36.5,3,2027-01,3.28,2026,10
-40.5,-35.5,3,2027-01,3.25,2026,10
-40.5,-34.5,3,2027-01,3.24,2026,10
-40.5,-33.5,3,2027-01,3.35,2026,10
-40.5,-32.5,3,2027-01,3.41,2026,10
-40.5,-31.5,3,2027-01,3.42,2026,10
-40.5,-30.5,3,2027-01,3.38,2026,10
-41.5,-89.5,3,2027-01,1.59,2026,10
-41.5,-88.5,3,2027-01,1.5,2026,10
-41.5,-87.5,3,2027-01,1.45,2026,10
-41.5,-86.5,3,2027-01,1.46,2026,10
-41.5,-85.5,3,2027-01,1.47,2026,10
-41.5,-84.5,3,2027-01,1.47,2026,10
-41.5,-83.5,3,2027-01,1.47,2026,10
-41.5,-82.5,3,2027-01,1.41,2026,10
-41.5,-81.5,3,2027-01,1.31,2026,10
-41.5,-80.5,3,2027-01,1.26,2026,10
-41.5,-79.5,3,2027-01,1.24,2026,10
-41.5,-78.5,3,2027-01,1.21,2026,10
-41.5,-77.5,3,2027-01,1.31,2026,10
-41.5,-76.5,3,2027-01,1.3,2026,10
-41.5,-75.5,3,2027-01,1.45,2026,10
-41.5,-74.5,3,2027-01,1.93,2026,10
-41.5,-73.5,3,2027-01,2.57,2026,10
-41.5,-72.5,3,2027-01,5.54,2026,10
-41.5,-71.5,3,2027-01,2.59,2026,10
-41.5,-70.5,3,2027-01,0.87,2026,10
-41.5,-69.5,3,2027-01,0.92,2026,10
-41.5,-68.5,3,2027-01,1.07,2026,10
-41.5,-67.5,3,2027-01,1.19,2026,10
-41.5,-66.5,3,2027-01,1.28,2026,10
-41.5,-65.5,3,2027-01,1.17,2026,10
-41.5,-64.5,3,2027-01,0.99,2026,10
-41.5,-63.5,3,2027-01,1.25,2026,10
-41.5,-62.5,3,2027-01,1.52,2026,10
-41.5,-61.5,3,2027-01,1.63,2026,10
-41.5,-60.5,3,2027-01,1.68,2026,10
-41.5,-59.5,3,2027-01,1.84,2026,10
-41.5,-58.5,3,2027-01,2.02,2026,10
-41.5,-57.5,3,2027-01,2.15,2026,10
-41.5,-56.5,3,2027-01,2.23,2026,10
-41.5,-55.5,3,2027-01,2.41,2026,10
-41.5,-54.5,3,2027-01,2.69,2026,10
-41.5,-53.5,3,2027-01,2.91,2026,10
-41.5,-52.5,3,2027-01,3.06,2026,10
-41.5,-51.5,3,2027-01,3.1,2026,10
-41.5,-50.5,3,2027-01,3.01,2026,10
-41.5,-49.5,3,2027-01,2.99,2026,10
-41.5,-48.5,3,2027-01,2.9,2026,10
-41.5,-47.5,3,2027-01,2.88,2026,10
-41.5,-46.5,3,2027-01,2.84,2026,10
-41.5,-45.5,3,2027-01,2.79,2026,10
-41.5,-44.5,3,2027-01,2.78,2026,10
-41.5,-43.5,3,2027-01,2.86,2026,10
-41.5,-42.5,3,2027-01,2.99,2026,10
-41.5,-41.5,3,2027-01,3.08,2026,10
-41.5,-40.5,3,2027-01,3.15,2026,10
-41.5,-39.5,3,2027-01,3.2,2026,10
-41.5,-38.5,3,2027-01,3.17,2026,10
-41.5,-37.5,3,2027-01,3.07,2026,10
-41.5,-36.5,3,2027-01,3.07,2026,10
-41.5,-35.5,3,2027-01,3.12,2026,10
-41.5,-34.5,3,2027-01,3.07,2026,10
-41.5,-33.5,3,2027-01,3.17,2026,10
-41.5,-32.5,3,2027-01,3.31,2026,10
-41.5,-31.5,3,2027-01,3.35,2026,10
-41.5,-30.5,3,2027-01,3.31,2026,10
-42.5,-89.5,3,2027-01,1.57,2026,10
-42.5,-88.5,3,2027-01,1.57,2026,10
-42.5,-87.5,3,2027-01,1.53,2026,10
-42.5,-86.5,3,2027-01,1.52,2026,10
-42.5,-85.5,3,2027-01,1.51,2026,10
-42.5,-84.5,3,2027-01,1.45,2026,10
-42.5,-83.5,3,2027-01,1.46,2026,10
-42.5,-82.5,3,2027-01,1.47,2026,10
-42.5,-81.5,3,2027-01,1.47,2026,10
-42.5,-80.5,3,2027-01,1.43,2026,10
-42.5,-79.5,3,2027-01,1.39,2026,10
-42.5,-78.5,3,2027-01,1.39,2026,10
-42.5,-77.5,3,2027-01,1.48,2026,10
-42.5,-76.5,3,2027-01,1.58,2026,10
-42.5,-75.5,3,2027-01,1.63,2026,10
-42.5,-74.5,3,2027-01,2.68,2026,10
-42.5,-73.5,3,2027-01,3.49,2026,10
-42.5,-72.5,3,2027-01,6.82,2026,10
-42.5,-71.5,3,2027-01,2.71,2026,10
-42.5,-70.5,3,2027-01,0.78,2026,10
-42.5,-69.5,3,2027-01,0.91,2026,10
-42.5,-68.5,3,2027-01,1.16,2026,10
-42.5,-67.5,3,2027-01,1.09,2026,10
-42.5,-66.5,3,2027-01,0.96,2026,10
-42.5,-65.5,3,2027-01,1.11,2026,10
-42.5,-64.5,3,2027-01,1.02,2026,10
-42.5,-63.5,3,2027-01,1.08,2026,10
-42.5,-62.5,3,2027-01,1.24,2026,10
-42.5,-61.5,3,2027-01,1.45,2026,10
-42.5,-60.5,3,2027-01,1.63,2026,10
-42.5,-59.5,3,2027-01,1.74,2026,10
-42.5,-58.5,3,2027-01,1.85,2026,10
-42.5,-57.5,3,2027-01,2.09,2026,10
-42.5,-56.5,3,2027-01,2.32,2026,10
-42.5,-55.5,3,2027-01,2.57,2026,10
-42.5,-54.5,3,2027-01,2.8,2026,10
-42.5,-53.5,3,2027-01,2.99,2026,10
-42.5,-52.5,3,2027-01,3.06,2026,10
-42.5,-51.5,3,2027-01,3.19,2026,10
-42.5,-50.5,3,2027-01,3.3,2026,10
-42.5,-49.5,3,2027-01,3.22,2026,10
-42.5,-48.5,3,2027-01,3.09,2026,10
-42.5,-47.5,3,2027-01,3.01,2026,10
-42.5,-46.5,3,2027-01,2.95,2026,10
-42.5,-45.5,3,2027-01,2.87,2026,10
-42.5,-44.5,3,2027-01,2.8,2026,10
-42.5,-43.5,3,2027-01,2.81,2026,10
-42.5,-42.5,3,2027-01,2.82,2026,10
-42.5,-41.5,3,2027-01,2.89,2026,10
-42.5,-40.5,3,2027-01,2.97,2026,10
-42.5,-39.5,3,2027-01,2.99,2026,10
-42.5,-38.5,3,2027-01,2.99,2026,10
-42.5,-37.5,3,2027-01,3.01,2026,10
-42.5,-36.5,3,2027-01,3.02,2026,10
-42.5,-35.5,3,2027-01,3.06,2026,10
-42.5,-34.5,3,2027-01,3.04,2026,10
-42.5,-33.5,3,2027-01,2.99,2026,10
-42.5,-32.5,3,2027-01,3.07,2026,10
-42.5,-31.5,3,2027-01,3.22,2026,10
-42.5,-30.5,3,2027-01,3.23,2026,10
-43.5,-89.5,3,2027-01,1.68,2026,10
-43.5,-88.5,3,2027-01,1.67,2026,10
-43.5,-87.5,3,2027-01,1.6,2026,10
-43.5,-86.5,3,2027-01,1.53,2026,10
-43.5,-85.5,3,2027-01,1.52,2026,10
-43.5,-84.5,3,2027-01,1.52,2026,10
-43.5,-83.5,3,2027-01,1.52,2026,10
-43.5,-82.5,3,2027-01,1.57,2026,10
-43.5,-81.5,3,2027-01,1.59,2026,10
-43.5,-80.5,3,2027-01,1.59,2026,10
-43.5,-79.5,3,2027-01,1.6,2026,10
-43.5,-78.5,3,2027-01,1.55,2026,10
-43.5,-77.5,3,2027-01,1.66,2026,10
-43.5,-76.5,3,2027-01,1.81,2026,10
-43.5,-75.5,3,2027-01,1.95,2026,10
-43.5,-74.5,3,2027-01,2.67,2026,10
-43.5,-73.5,3,2027-01,5.69,2026,10
-43.5,-72.5,3,2027-01,8.06,2026,10
-43.5,-71.5,3,2027-01,2.55,2026,10
-43.5,-70.5,3,2027-01,0.93,2026,10
-43.5,-69.5,3,2027-01,0.85,2026,10
-43.5,-68.5,3,2027-01,0.78,2026,10
-43.5,-67.5,3,2027-01,0.75,2026,10
-43.5,-66.5,3,2027-01,0.82,2026,10
-43.5,-65.5,3,2027-01,1.07,2026,10
-43.5,-64.5,3,2027-01,0.93,2026,10
-43.5,-63.5,3,2027-01,1.03,2026,10
-43.5,-62.5,3,2027-01,1.2,2026,10
-43.5,-61.5,3,2027-01,1.41,2026,10
-43.5,-60.5,3,2027-01,1.62,2026,10
-43.5,-59.5,3,2027-01,1.66,2026,10
-43.5,-58.5,3,2027-01,1.73,2026,10
-43.5,-57.5,3,2027-01,1.98,2026,10
-43.5,-56.5,3,2027-01,2.26,2026,10
-43.5,-55.5,3,2027-01,2.43,2026,10
-43.5,-54.5,3,2027-01,2.59,2026,10
-43.5,-53.5,3,2027-01,2.79,2026,10
-43.5,-52.5,3,2027-01,2.87,2026,10
-43.5,-51.5,3,2027-01,2.99,2026,10
-43.5,-50.5,3,2027-01,3.16,2026,10
-43.5,-49.5,3,2027-01,3.16,2026,10
-43.5,-48.5,3,2027-01,3.08,2026,10
-43.5,-47.5,3,2027-01,2.96,2026,10
-43.5,-46.5,3,2027-01,2.9,2026,10
-43.5,-45.5,3,2027-01,2.83,2026,10
-43.5,-44.5,3,2027-01,2.81,2026,10
-43.5,-43.5,3,2027-01,2.82,2026,10
-43.5,-42.5,3,2027-01,2.78,2026,10
-43.5,-41.5,3,2027-01,2.76,2026,10
-43.5,-40.5,3,2027-01,2.77,2026,10
-43.5,-39.5,3,2027-01,2.82,2026,10
-43.5,-38.5,3,2027-01,2.85,2026,10
-43.5,-37.5,3,2027-01,2.97,2026,10
-43.5,-36.5,3,2027-01,3.0,2026,10
-43.5,-35.5,3,2027-01,3.01,2026,10
-43.5,-34.5,3,2027-01,2.96,2026,10
-43.5,-33.5,3,2027-01,2.86,2026,10
-43.5,-32.5,3,2027-01,2.87,2026,10
-43.5,-31.5,3,2027-01,2.96,2026,10
-43.5,-30.5,3,2027-01,3.03,2026,10
-44.5,-89.5,3,2027-01,1.75,2026,10
-44.5,-88.5,3,2027-01,1.7,2026,10
-44.5,-87.5,3,2027-01,1.65,2026,10
-44.5,-86.5,3,2027-01,1.64,2026,10
-44.5,-85.5,3,2027-01,1.63,2026,10
-44.5,-84.5,3,2027-01,1.6,2026,10
-44.5,-83.5,3,2027-01,1.57,2026,10
-44.5,-82.5,3,2027-01,1.59,2026,10
-44.5,-81.5,3,2027-01,1.65,2026,10
-44.5,-80.5,3,2027-01,1.72,2026,10
-44.5,-79.5,3,2027-01,1.71,2026,10
-44.5,-78.5,3,2027-01,1.75,2026,10
-44.5,-77.5,3,2027-01,1.85,2026,10
-44.5,-76.5,3,2027-01,2.14,2026,10
-44.5,-75.5,3,2027-01,2.52,2026,10
-44.5,-74.5,3,2027-01,4.07,2026,10
-44.5,-73.5,3,2027-01,6.95,2026,10
-44.5,-72.5,3,2027-01,7.36,2026,10
-44.5,-71.5,3,2027-01,2.37,2026,10
-44.5,-70.5,3,2027-01,0.89,2026,10
-44.5,-69.5,3,2027-01,0.9,2026,10
-44.5,-68.5,3,2027-01,0.81,2026,10
-44.5,-67.5,3,2027-01,0.76,2026,10
-44.5,-66.5,3,2027-01,0.94,2026,10
-44.5,-65.5,3,2027-01,0.99,2026,10
-44.5,-64.5,3,2027-01,0.86,2026,10
-44.5,-63.5,3,2027-01,1.04,2026,10
-44.5,-62.5,3,2027-01,1.15,2026,10
-44.5,-61.5,3,2027-01,1.29,2026,10
-44.5,-60.5,3,2027-01,1.49,2026,10
-44.5,-59.5,3,2027-01,1.55,2026,10
-44.5,-58.5,3,2027-01,1.64,2026,10
-44.5,-57.5,3,2027-01,1.86,2026,10
-44.5,-56.5,3,2027-01,2.12,2026,10
-44.5,-55.5,3,2027-01,2.37,2026,10
-44.5,-54.5,3,2027-01,2.5,2026,10
-44.5,-53.5,3,2027-01,2.7,2026,10
-44.5,-52.5,3,2027-01,2.92,2026,10
-44.5,-51.5,3,2027-01,3.1,2026,10
-44.5,-50.5,3,2027-01,3.12,2026,10
-44.5,-49.5,3,2027-01,3.05,2026,10
-44.5,-48.5,3,2027-01,3.05,2026,10
-44.5,-47.5,3,2027-01,3.05,2026,10
-44.5,-46.5,3,2027-01,3.03,2026,10
-44.5,-45.5,3,2027-01,3.03,2026,10
-44.5,-44.5,3,2027-01,2.97,2026,10
-44.5,-43.5,3,2027-01,2.96,2026,10
-44.5,-42.5,3,2027-01,2.96,2026,10
-44.5,-41.5,3,2027-01,2.89,2026,10
-44.5,-40.5,3,2027-01,2.86,2026,10
-44.5,-39.5,3,2027-01,2.83,2026,10
-44.5,-38.5,3,2027-01,2.85,2026,10
-44.5,-37.5,3,2027-01,2.86,2026,10
-44.5,-36.5,3,2027-01,2.88,2026,10
-44.5,-35.5,3,2027-01,2.87,2026,10
-44.5,-34.5,3,2027-01,2.92,2026,10
-44.5,-33.5,3,2027-01,2.94,2026,10
-44.5,-32.5,3,2027-01,2.89,2026,10
-44.5,-31.5,3,2027-01,2.86,2026,10
-44.5,-30.5,3,2027-01,2.91,2026,10
-45.5,-89.5,3,2027-01,1.77,2026,10
-45.5,-88.5,3,2027-01,1.73,2026,10
-45.5,-87.5,3,2027-01,1.74,2026,10
-45.5,-86.5,3,2027-01,1.77,2026,10
-45.5,-85.5,3,2027-01,1.83,2026,10
-45.5,-84.5,3,2027-01,1.76,2026,10
-45.5,-83.5,3,2027-01,1.66,2026,10
-45.5,-82.5,3,2027-01,1.69,2026,10
-45.5,-81.5,3,2027-01,1.73,2026,10
-45.5,-80.5,3,2027-01,1.78,2026,10
-45.5,-79.5,3,2027-01,1.83,2026,10
-45.5,-78.5,3,2027-01,1.92,2026,10
-45.5,-77.5,3,2027-01,2.16,2026,10
-45.5,-76.5,3,2027-01,2.47,2026,10
-45.5,-75.5,3,2027-01,3.92,2026,10
-45.5,-74.5,3,2027-01,5.83,2026,10
-45.5,-73.5,3,2027-01,8.15,2026,10
-45.5,-72.5,3,2027-01,5.99,2026,10
-45.5,-71.5,3,2027-01,1.79,2026,10
-45.5,-70.5,3,2027-01,0.87,2026,10
-45.5,-69.5,3,2027-01,0.82,2026,10
-45.5,-68.5,3,2027-01,0.83,2026,10
-45.5,-67.5,3,2027-01,0.9,2026,10
-45.5,-66.5,3,2027-01,0.71,2026,10
-45.5,-65.5,3,2027-01,0.75,2026,10
-45.5,-64.5,3,2027-01,0.87,2026,10
-45.5,-63.5,3,2027-01,1.05,2026,10
-45.5,-62.5,3,2027-01,1.17,2026,10
-45.5,-61.5,3,2027-01,1.27,2026,10
-45.5,-60.5,3,2027-01,1.39,2026,10
-45.5,-59.5,3,2027-01,1.43,2026,10
-45.5,-58.5,3,2027-01,1.57,2026,10
-45.5,-57.5,3,2027-01,1.89,2026,10
-45.5,-56.5,3,2027-01,2.14,2026,10
-45.5,-55.5,3,2027-01,2.44,2026,10
-45.5,-54.5,3,2027-01,2.57,2026,10
-45.5,-53.5,3,2027-01,2.68,2026,10
-45.5,-52.5,3,2027-01,2.83,2026,10
-45.5,-51.5,3,2027-01,3.01,2026,10
-45.5,-50.5,3,2027-01,3.11,2026,10
-45.5,-49.5,3,2027-01,3.1,2026,10
-45.5,-48.5,3,2027-01,3.15,2026,10
-45.5,-47.5,3,2027-01,3.22,2026,10
-45.5,-46.5,3,2027-01,3.23,2026,10
-45.5,-45.5,3,2027-01,3.24,2026,10
-45.5,-44.5,3,2027-01,3.25,2026,10
-45.5,-43.5,3,2027-01,3.28,2026,10
-45.5,-42.5,3,2027-01,3.25,2026,10
-45.5,-41.5,3,2027-01,3.21,2026,10
-45.5,-40.5,3,2027-01,3.16,2026,10
-45.5,-39.5,3,2027-01,3.06,2026,10
-45.5,-38.5,3,2027-01,3.03,2026,10
-45.5,-37.5,3,2027-01,3.0,2026,10
-45.5,-36.5,3,2027-01,2.97,2026,10
-45.5,-35.5,3,2027-01,2.94,2026,10
-45.5,-34.5,3,2027-01,2.94,2026,10
-45.5,-33.5,3,2027-01,2.93,2026,10
-45.5,-32.5,3,2027-01,2.91,2026,10
-45.5,-31.5,3,2027-01,2.89,2026,10
-45.5,-30.5,3,2027-01,2.86,2026,10
-46.5,-89.5,3,2027-01,1.81,2026,10
-46.5,-88.5,3,2027-01,1.81,2026,10
-46.5,-87.5,3,2027-01,1.84,2026,10
-46.5,-86.5,3,2027-01,1.81,2026,10
-46.5,-85.5,3,2027-01,1.79,2026,10
-46.5,-84.5,3,2027-01,1.84,2026,10
-46.5,-83.5,3,2027-01,1.8,2026,10
-46.5,-82.5,3,2027-01,1.8,2026,10
-46.5,-81.5,3,2027-01,1.85,2026,10
-46.5,-80.5,3,2027-01,1.88,2026,10
-46.5,-79.5,3,2027-01,2.07,2026,10
-46.5,-78.5,3,2027-01,2.26,2026,10
-46.5,-77.5,3,2027-01,2.62,2026,10
-46.5,-76.5,3,2027-01,3.17,2026,10
-46.5,-75.5,3,2027-01,5.34,2026,10
-46.5,-74.5,3,2027-01,7.59,2026,10
-46.5,-73.5,3,2027-01,9.12,2026,10
-46.5,-72.5,3,2027-01,4.22,2026,10
-46.5,-71.5,3,2027-01,1.25,2026,10
-46.5,-70.5,3,2027-01,0.73,2026,10
-46.5,-69.5,3,2027-01,0.73,2026,10
-46.5,-68.5,3,2027-01,0.85,2026,10
-46.5,-67.5,3,2027-01,0.77,2026,10
-46.5,-66.5,3,2027-01,0.66,2026,10
-46.5,-65.5,3,2027-01,0.74,2026,10
-46.5,-64.5,3,2027-01,0.84,2026,10
-46.5,-63.5,3,2027-01,0.99,2026,10
-46.5,-62.5,3,2027-01,1.13,2026,10
-46.5,-61.5,3,2027-01,1.26,2026,10
-46.5,-60.5,3,2027-01,1.37,2026,10
-46.5,-59.5,3,2027-01,1.42,2026,10
-46.5,-58.5,3,2027-01,1.56,2026,10
-46.5,-57.5,3,2027-01,1.83,2026,10
-46.5,-56.5,3,2027-01,2.1,2026,10
-46.5,-55.5,3,2027-01,2.35,2026,10
-46.5,-54.5,3,2027-01,2.59,2026,10
-46.5,-53.5,3,2027-01,2.7,2026,10
-46.5,-52.5,3,2027-01,2.78,2026,10
-46.5,-51.5,3,2027-01,2.88,2026,10
-46.5,-50.5,3,2027-01,2.94,2026,10
-46.5,-49.5,3,2027-01,3.04,2026,10
-46.5,-48.5,3,2027-01,3.13,2026,10
-46.5,-47.5,3,2027-01,3.22,2026,10
-46.5,-46.5,3,2027-01,3.33,2026,10
-46.5,-45.5,3,2027-01,3.37,2026,10
-46.5,-44.5,3,2027-01,3.4,2026,10
-46.5,-43.5,3,2027-01,3.42,2026,10
-46.5,-42.5,3,2027-01,3.37,2026,10
-46.5,-41.5,3,2027-01,3.34,2026,10
-46.5,-40.5,3,2027-01,3.31,2026,10
-46.5,-39.5,3,2027-01,3.27,2026,10
-46.5,-38.5,3,2027-01,3.19,2026,10
-46.5,-37.5,3,2027-01,3.14,2026,10
-46.5,-36.5,3,2027-01,3.1,2026,10
-46.5,-35.5,3,2027-01,3.04,2026,10
-46.5,-34.5,3,2027-01,3.0,2026,10
-46.5,-33.5,3,2027-01,2.99,2026,10
-46.5,-32.5,3,2027-01,2.95,2026,10
-46.5,-31.5,3,2027-01,2.89,2026,10
-46.5,-30.5,3,2027-01,2.88,2026,10
-47.5,-89.5,3,2027-01,1.91,2026,10
-47.5,-88.5,3,2027-01,1.9,2026,10
-47.5,-87.5,3,2027-01,1.94,2026,10
-47.5,-86.5,3,2027-01,1.92,2026,10
-47.5,-85.5,3,2027-01,1.86,2026,10
-47.5,-84.5,3,2027-01,1.95,2026,10
-47.5,-83.5,3,2027-01,1.96,2026,10
-47.5,-82.5,3,2027-01,2.06,2026,10
-47.5,-81.5,3,2027-01,2.09,2026,10
-47.5,-80.5,3,2027-01,2.1,2026,10
-47.5,-79.5,3,2027-01,2.27,2026,10
-47.5,-78.5,3,2027-01,2.55,2026,10
-47.5,-77.5,3,2027-01,2.91,2026,10
-47.5,-76.5,3,2027-01,3.41,2026,10
-47.5,-75.5,3,2027-01,5.49,2026,10
-47.5,-74.5,3,2027-01,10.73,2026,10
-47.5,-73.5,3,2027-01,9.87,2026,10
-47.5,-72.5,3,2027-01,4.04,2026,10
-47.5,-71.5,3,2027-01,1.38,2026,10
-47.5,-70.5,3,2027-01,0.86,2026,10
-47.5,-69.5,3,2027-01,1.06,2026,10
-47.5,-68.5,3,2027-01,0.98,2026,10
-47.5,-67.5,3,2027-01,0.92,2026,10
-47.5,-66.5,3,2027-01,1.11,2026,10
-47.5,-65.5,3,2027-01,1.0,2026,10
-47.5,-64.5,3,2027-01,0.95,2026,10
-47.5,-63.5,3,2027-01,1.02,2026,10
-47.5,-62.5,3,2027-01,1.13,2026,10
-47.5,-61.5,3,2027-01,1.28,2026,10
-47.5,-60.5,3,2027-01,1.42,2026,10
-47.5,-59.5,3,2027-01,1.43,2026,10
-47.5,-58.5,3,2027-01,1.53,2026,10
-47.5,-57.5,3,2027-01,1.7,2026,10
-47.5,-56.5,3,2027-01,1.84,2026,10
-47.5,-55.5,3,2027-01,1.99,2026,10
-47.5,-54.5,3,2027-01,2.3,2026,10
-47.5,-53.5,3,2027-01,2.58,2026,10
-47.5,-52.5,3,2027-01,2.76,2026,10
-47.5,-51.5,3,2027-01,2.89,2026,10
-47.5,-50.5,3,2027-01,2.93,2026,10
-47.5,-49.5,3,2027-01,3.02,2026,10
-47.5,-48.5,3,2027-01,3.07,2026,10
-47.5,-47.5,3,2027-01,3.13,2026,10
-47.5,-46.5,3,2027-01,3.23,2026,10
-47.5,-45.5,3,2027-01,3.33,2026,10
-47.5,-44.5,3,2027-01,3.36,2026,10
-47.5,-43.5,3,2027-01,3.37,2026,10
-47.5,-42.5,3,2027-01,3.37,2026,10
-47.5,-41.5,3,2027-01,3.38,2026,10
-47.5,-40.5,3,2027-01,3.38,2026,10
-47.5,-39.5,3,2027-01,3.38,2026,10
-47.5,-38.5,3,2027-01,3.34,2026,10
-47.5,-37.5,3,2027-01,3.26,2026,10
-47.5,-36.5,3,2027-01,3.2,2026,10
-47.5,-35.5,3,2027-01,3.13,2026,10
-47.5,-34.5,3,2027-01,3.1,2026,10
-47.5,-33.5,3,2027-01,3.04,2026,10
-47.5,-32.5,3,2027-01,2.95,2026,10
-47.5,-31.5,3,2027-01,2.84,2026,10
-47.5,-30.5,3,2027-01,2.82,2026,10
-48.5,-89.5,3,2027-01,2.05,2026,10
-48.5,-88.5,3,2027-01,1.98,2026,10
-48.5,-87.5,3,2027-01,1.98,2026,10
-48.5,-86.5,3,2027-01,2.01,2026,10
-48.5,-85.5,3,2027-01,1.97,2026,10
-48.5,-84.5,3,2027-01,1.95,2026,10
-48.5,-83.5,3,2027-01,1.99,2026,10
-48.5,-82.5,3,2027-01,2.04,2026,10
-48.5,-81.5,3,2027-01,2.11,2026,10
-48.5,-80.5,3,2027-01,2.18,2026,10
-48.5,-79.5,3,2027-01,2.5,2026,10
-48.5,-78.5,3,2027-01,2.56,2026,10
-48.5,-77.5,3,2027-01,3.28,2026,10
-48.5,-76.5,3,2027-01,4.22,2026,10
-48.5,-75.5,3,2027-01,7.89,2026,10
-48.5,-74.5,3,2027-01,11.76,2026,10
-48.5,-73.5,3,2027-01,11.2,2026,10
-48.5,-72.5,3,2027-01,4.52,2026,10
-48.5,-71.5,3,2027-01,1.44,2026,10
-48.5,-70.5,3,2027-01,1.06,2026,10
-48.5,-69.5,3,2027-01,1.17,2026,10
-48.5,-68.5,3,2027-01,1.06,2026,10
-48.5,-67.5,3,2027-01,1.1,2026,10
-48.5,-66.5,3,2027-01,1.06,2026,10
-48.5,-65.5,3,2027-01,0.99,2026,10
-48.5,-64.5,3,2027-01,1.02,2026,10
-48.5,-63.5,3,2027-01,1.12,2026,10
-48.5,-62.5,3,2027-01,1.18,2026,10
-48.5,-61.5,3,2027-01,1.26,2026,10
-48.5,-60.5,3,2027-01,1.39,2026,10
-48.5,-59.5,3,2027-01,1.52,2026,10
-48.5,-58.5,3,2027-01,1.57,2026,10
-48.5,-57.5,3,2027-01,1.66,2026,10
-48.5,-56.5,3,2027-01,1.67,2026,10
-48.5,-55.5,3,2027-01,1.68,2026,10
-48.5,-54.5,3,2027-01,1.81,2026,10
-48.5,-53.5,3,2027-01,2.07,2026,10
-48.5,-52.5,3,2027-01,2.31,2026,10
-48.5,-51.5,3,2027-01,2.5,2026,10
-48.5,-50.5,3,2027-01,2.62,2026,10
-48.5,-49.5,3,2027-01,2.71,2026,10
-48.5,-48.5,3,2027-01,2.8,2026,10
-48.5,-47.5,3,2027-01,2.89,2026,10
-48.5,-46.5,3,2027-01,3.08,2026,10
-48.5,-45.5,3,2027-01,3.17,2026,10
-48.5,-44.5,3,2027-01,3.19,2026,10
-48.5,-43.5,3,2027-01,3.17,2026,10
-48.5,-42.5,3,2027-01,3.15,2026,10
-48.5,-41.5,3,2027-01,3.11,2026,10
-48.5,-40.5,3,2027-01,3.12,2026,10
-48.5,-39.5,3,2027-01,3.17,2026,10
-48.5,-38.5,3,2027-01,3.19,2026,10
-48.5,-37.5,3,2027-01,3.18,2026,10
-48.5,-36.5,3,2027-01,3.09,2026,10
-48.5,-35.5,3,2027-01,2.95,2026,10
-48.5,-34.5,3,2027-01,2.85,2026,10
-48.5,-33.5,3,2027-01,2.8,2026,10
-48.5,-32.5,3,2027-01,2.83,2026,10
-48.5,-31.5,3,2027-01,2.82,2026,10
-48.5,-30.5,3,2027-01,2.79,2026,10
-49.5,-89.5,3,2027-01,2.08,2026,10
-49.5,-88.5,3,2027-01,2.06,2026,10
-49.5,-87.5,3,2027-01,2.07,2026,10
-49.5,-86.5,3,2027-01,2.11,2026,10
-49.5,-85.5,3,2027-01,2.01,2026,10
-49.5,-84.5,3,2027-01,2.02,2026,10
-49.5,-83.5,3,2027-01,1.98,2026,10
-49.5,-82.5,3,2027-01,2.01,2026,10
-49.5,-81.5,3,2027-01,2.15,2026,10
-49.5,-80.5,3,2027-01,2.3,2026,10
-49.5,-79.5,3,2027-01,2.6,2026,10
-49.5,-78.5,3,2027-01,2.71,2026,10
-49.5,-77.5,3,2027-01,3.4,2026,10
-49.5,-76.5,3,2027-01,4.87,2026,10
-49.5,-75.5,3,2027-01,9.19,2026,10
-49.5,-74.5,3,2027-01,12.97,2026,10
-49.5,-73.5,3,2027-01,9.09,2026,10
-49.5,-72.5,3,2027-01,2.32,2026,10
-49.5,-71.5,3,2027-01,1.05,2026,10
-49.5,-70.5,3,2027-01,1.0,2026,10
-49.5,-69.5,3,2027-01,1.1,2026,10
-49.5,-68.5,3,2027-01,1.18,2026,10
-49.5,-67.5,3,2027-01,1.06,2026,10
-49.5,-66.5,3,2027-01,0.93,2026,10
-49.5,-65.5,3,2027-01,1.02,2026,10
-49.5,-64.5,3,2027-01,1.06,2026,10
-49.5,-63.5,3,2027-01,1.2,2026,10
-49.5,-62.5,3,2027-01,1.29,2026,10
-49.5,-61.5,3,2027-01,1.36,2026,10
-49.5,-60.5,3,2027-01,1.5,2026,10
-49.5,-59.5,3,2027-01,1.58,2026,10
-49.5,-58.5,3,2027-01,1.72,2026,10
-49.5,-57.5,3,2027-01,1.79,2026,10
-49.5,-56.5,3,2027-01,1.79,2026,10
-49.5,-55.5,3,2027-01,1.79,2026,10
-49.5,-54.5,3,2027-01,1.74,2026,10
-49.5,-53.5,3,2027-01,1.85,2026,10
-49.5,-52.5,3,2027-01,2.0,2026,10
-49.5,-51.5,3,2027-01,2.12,2026,10
-49.5,-50.5,3,2027-01,2.2,2026,10
-49.5,-49.5,3,2027-01,2.34,2026,10
-49.5,-48.5,3,2027-01,2.5,2026,10
-49.5,-47.5,3,2027-01,2.6,2026,10
-49.5,-46.5,3,2027-01,2.69,2026,10
-49.5,-45.5,3,2027-01,2.67,2026,10
-49.5,-44.5,3,2027-01,2.61,2026,10
-49.5,-43.5,3,2027-01,2.58,2026,10
-49.5,-42.5,3,2027-01,2.61,2026,10
-49.5,-41.5,3,2027-01,2.61,2026,10
-49.5,-40.5,3,2027-01,2.58,2026,10
-49.5,-39.5,3,2027-01,2.68,2026,10
-49.5,-38.5,3,2027-01,2.86,2026,10
-49.5,-37.5,3,2027-01,2.94,2026,10
-49.5,-36.5,3,2027-01,2.91,2026,10
-49.5,-35.5,3,2027-01,2.85,2026,10
-49.5,-34.5,3,2027-01,2.89,2026,10
-49.5,-33.5,3,2027-01,2.91,2026,10
-49.5,-32.5,3,2027-01,2.92,2026,10
-49.5,-31.5,3,2027-01,2.87,2026,10
-49.5,-30.5,3,2027-01,2.83,2026,10
-50.5,-89.5,3,2027-01,2.11,2026,10
-50.5,-88.5,3,2027-01,2.06,2026,10
-50.5,-87.5,3,2027-01,2.05,2026,10
-50.5,-86.5,3,2027-01,2.1,2026,10
-50.5,-85.5,3,2027-01,2.11,2026,10
-50.5,-84.5,3,2027-01,2.11,2026,10
-50.5,-83.5,3,2027-01,2.14,2026,10
-50.5,-82.5,3,2027-01,2.15,2026,10
-50.5,-81.5,3,2027-01,2.31,2026,10
-50.5,-80.5,3,2027-01,2.29,2026,10
-50.5,-79.5,3,2027-01,2.7,2026,10
-50.5,-78.5,3,2027-01,2.72,2026,10
-50.5,-77.5,3,2027-01,3.39,2026,10
-50.5,-76.5,3,2027-01,4.58,2026,10
-50.5,-75.5,3,2027-01,8.08,2026,10
-50.5,-74.5,3,2027-01,13.67,2026,10
-50.5,-73.5,3,2027-01,10.45,2026,10
-50.5,-72.5,3,2027-01,2.94,2026,10
-50.5,-71.5,3,2027-01,1.5,2026,10
-50.5,-70.5,3,2027-01,1.37,2026,10
-50.5,-69.5,3,2027-01,1.42,2026,10
-50.5,-68.5,3,2027-01,1.12,2026,10
-50.5,-67.5,3,2027-01,1.03,2026,10
-50.5,-66.5,3,2027-01,1.03,2026,10
-50.5,-65.5,3,2027-01,1.09,2026,10
-50.5,-64.5,3,2027-01,1.16,2026,10
-50.5,-63.5,3,2027-01,1.29,2026,10
-50.5,-62.5,3,2027-01,1.43,2026,10
-50.5,-61.5,3,2027-01,1.49,2026,10
-50.5,-60.5,3,2027-01,1.65,2026,10
-50.5,-59.5,3,2027-01,1.76,2026,10
-50.5,-58.5,3,2027-01,1.82,2026,10
-50.5,-57.5,3,2027-01,1.83,2026,10
-50.5,-56.5,3,2027-01,1.86,2026,10
-50.5,-55.5,3,2027-01,1.9,2026,10
-50.5,-54.5,3,2027-01,1.88,2026,10
-50.5,-53.5,3,2027-01,1.88,2026,10
-50.5,-52.5,3,2027-01,2.0,2026,10
-50.5,-51.5,3,2027-01,2.09,2026,10
-50.5,-50.5,3,2027-01,2.08,2026,10
-50.5,-49.5,3,2027-01,2.17,2026,10
-50.5,-48.5,3,2027-01,2.28,2026,10
-50.5,-47.5,3,2027-01,2.36,2026,10
-50.5,-46.5,3,2027-01,2.44,2026,10
-50.5,-45.5,3,2027-01,2.48,2026,10
-50.5,-44.5,3,2027-01,2.48,2026,10
-50.5,-43.5,3,2027-01,2.49,2026,10
-50.5,-42.5,3,2027-01,2.51,2026,10
-50.5,-41.5,3,2027-01,2.52,2026,10
-50.5,-40.5,3,2027-01,2.47,2026,10
-50.5,-39.5,3,2027-01,2.49,2026,10
-50.5,-38.5,3,2027-01,2.65,2026,10
-50.5,-37.5,3,2027-01,2.76,2026,10
-50.5,-36.5,3,2027-01,2.72,2026,10
-50.5,-35.5,3,2027-01,2.65,2026,10
-50.5,-34.5,3,2027-01,2.67,2026,10
-50.5,-33.5,3,2027-01,2.76,2026,10
-50.5,-32.5,3,2027-01,2.79,2026,10
-50.5,-31.5,3,2027-01,2.82,2026,10
-50.5,-30.5,3,2027-01,2.86,2026,10
-51.5,-89.5,3,2027-01,2.06,2026,10
-51.5,-88.5,3,2027-01,2.06,2026,10
-51.5,-87.5,3,2027-01,2.04,2026,10
-51.5,-86.5,3,2027-01,2.08,2026,10
-51.5,-85.5,3,2027-01,2.08,2026,10
-51.5,-84.5,3,2027-01,2.09,2026,10
-51.5,-83.5,3,2027-01,2.13,2026,10
-51.5,-82.5,3,2027-01,2.22,2026,10
-51.5,-81.5,3,2027-01,2.32,2026,10
-51.5,-80.5,3,2027-01,2.33,2026,10
-51.5,-79.5,3,2027-01,2.53,2026,10
-51.5,-78.5,3,2027-01,2.68,2026,10
-51.5,-77.5,3,2027-01,3.27,2026,10
-51.5,-76.5,3,2027-01,4.05,2026,10
-51.5,-75.5,3,2027-01,6.63,2026,10
-51.5,-74.5,3,2027-01,11.5,2026,10
-51.5,-73.5,3,2027-01,10.65,2026,10
-51.5,-72.5,3,2027-01,4.47,2026,10
-51.5,-71.5,3,2027-01,2.21,2026,10
-51.5,-70.5,3,2027-01,1.59,2026,10
-51.5,-69.5,3,2027-01,1.63,2026,10
-51.5,-68.5,3,2027-01,1.32,2026,10
-51.5,-67.5,3,2027-01,1.08,2026,10
-51.5,-66.5,3,2027-01,1.03,2026,10
-51.5,-65.5,3,2027-01,1.12,2026,10
-51.5,-64.5,3,2027-01,1.23,2026,10
-51.5,-63.5,3,2027-01,1.37,2026,10
-51.5,-62.5,3,2027-01,1.45,2026,10
-51.5,-61.5,3,2027-01,1.54,2026,10
-51.5,-60.5,3,2027-01,1.94,2026,10
-51.5,-59.5,3,2027-01,2.37,2026,10
-51.5,-58.5,3,2027-01,2.29,2026,10
-51.5,-57.5,3,2027-01,2.25,2026,10
-51.5,-56.5,3,2027-01,1.99,2026,10
-51.5,-55.5,3,2027-01,1.95,2026,10
-51.5,-54.5,3,2027-01,1.95,2026,10
-51.5,-53.5,3,2027-01,1.97,2026,10
-51.5,-52.5,3,2027-01,2.06,2026,10
-51.5,-51.5,3,2027-01,2.13,2026,10
-51.5,-50.5,3,2027-01,2.12,2026,10
-51.5,-49.5,3,2027-01,2.13,2026,10
-51.5,-48.5,3,2027-01,2.19,2026,10
-51.5,-47.5,3,2027-01,2.26,2026,10
-51.5,-46.5,3,2027-01,2.35,2026,10
-51.5,-45.5,3,2027-01,2.41,2026,10
-51.5,-44.5,3,2027-01,2.46,2026,10
-51.5,-43.5,3,2027-01,2.46,2026,10
-51.5,-42.5,3,2027-01,2.5,2026,10
-51.5,-41.5,3,2027-01,2.45,2026,10
-51.5,-40.5,3,2027-01,2.38,2026,10
-51.5,-39.5,3,2027-01,2.45,2026,10
-51.5,-38.5,3,2027-01,2.5,2026,10
-51.5,-37.5,3,2027-01,2.52,2026,10
-51.5,-36.5,3,2027-01,2.57,2026,10
-51.5,-35.5,3,2027-01,2.6,2026,10
-51.5,-34.5,3,2027-01,2.5,2026,10
-51.5,-33.5,3,2027-01,2.44,2026,10
-51.5,-32.5,3,2027-01,2.45,2026,10
-51.5,-31.5,3,2027-01,2.55,2026,10
-51.5,-30.5,3,2027-01,2.66,2026,10
-52.5,-89.5,3,2027-01,2.14,2026,10
-52.5,-88.5,3,2027-01,2.13,2026,10
-52.5,-87.5,3,2027-01,2.12,2026,10
-52.5,-86.5,3,2027-01,2.11,2026,10
-52.5,-85.5,3,2027-01,2.08,2026,10
-52.5,-84.5,3,2027-01,2.07,2026,10
-52.5,-83.5,3,2027-01,2.1,2026,10
-52.5,-82.5,3,2027-01,2.17,2026,10
-52.5,-81.5,3,2027-01,2.28,2026,10
-52.5,-80.5,3,2027-01,2.33,2026,10
-52.5,-79.5,3,2027-01,2.58,2026,10
-52.5,-78.5,3,2027-01,2.62,2026,10
-52.5,-77.5,3,2027-01,3.03,2026,10
-52.5,-76.5,3,2027-01,3.36,2026,10
-52.5,-75.5,3,2027-01,4.58,2026,10
-52.5,-74.5,3,2027-01,7.25,2026,10
-52.5,-73.5,3,2027-01,10.78,2026,10
-52.5,-72.5,3,2027-01,5.99,2026,10
-52.5,-71.5,3,2027-01,2.68,2026,10
-52.5,-70.5,3,2027-01,2.09,2026,10
-52.5,-69.5,3,2027-01,1.98,2026,10
-52.5,-68.5,3,2027-01,1.47,2026,10
-52.5,-67.5,3,2027-01,1.19,2026,10
-52.5,-66.5,3,2027-01,1.19,2026,10
-52.5,-65.5,3,2027-01,1.25,2026,10
-52.5,-64.5,3,2027-01,1.3,2026,10
-52.5,-63.5,3,2027-01,1.4,2026,10
-52.5,-62.5,3,2027-01,1.5,2026,10
-52.5,-61.5,3,2027-01,1.61,2026,10
-52.5,-60.5,3,2027-01,1.82,2026,10
-52.5,-59.5,3,2027-01,2.05,2026,10
-52.5,-58.5,3,2027-01,2.11,2026,10
-52.5,-57.5,3,2027-01,1.98,2026,10
-52.5,-56.5,3,2027-01,1.95,2026,10
-52.5,-55.5,3,2027-01,1.95,2026,10
-52.5,-54.5,3,2027-01,2.01,2026,10
-52.5,-53.5,3,2027-01,2.12,2026,10
-52.5,-52.5,3,2027-01,2.18,2026,10
-52.5,-51.5,3,2027-01,2.22,2026,10
-52.5,-50.5,3,2027-01,2.17,2026,10
-52.5,-49.5,3,2027-01,2.13,2026,10
-52.5,-48.5,3,2027-01,2.16,2026,10
-52.5,-47.5,3,2027-01,2.19,2026,10
-52.5,-46.5,3,2027-01,2.26,2026,10
-52.5,-45.5,3,2027-01,2.31,2026,10
-52.5,-44.5,3,2027-01,2.37,2026,10
-52.5,-43.5,3,2027-01,2.37,2026,10
-52.5,-42.5,3,2027-01,2.36,2026,10
-52.5,-41.5,3,2027-01,2.33,2026,10
-52.5,-40.5,3,2027-01,2.39,2026,10
-52.5,-39.5,3,2027-01,2.45,2026,10
-52.5,-38.5,3,2027-01,2.44,2026,10
-52.5,-37.5,3,2027-01,2.42,2026,10
-52.5,-36.5,3,2027-01,2.45,2026,10
-52.5,-35.5,3,2027-01,2.48,2026,10
-52.5,-34.5,3,2027-01,2.44,2026,10
-52.5,-33.5,3,2027-01,2.43,2026,10
-52.5,-32.5,3,2027-01,2.36,2026,10
-52.5,-31.5,3,2027-01,2.4,2026,10
-52.5,-30.5,3,2027-01,2.52,2026,10
-53.5,-89.5,3,2027-01,2.21,2026,10
-53.5,-88.5,3,2027-01,2.23,2026,10
-53.5,-87.5,3,2027-01,2.26,2026,10
-53.5,-86.5,3,2027-01,2.25,2026,10
-53.5,-85.5,3,2027-01,2.23,2026,10
-53.5,-84.5,3,2027-01,2.19,2026,10
-53.5,-83.5,3,2027-01,2.16,2026,10
-53.5,-82.5,3,2027-01,2.17,2026,10
-53.5,-81.5,3,2027-01,2.26,2026,10
-53.5,-80.5,3,2027-01,2.32,2026,10
-53.5,-79.5,3,2027-01,2.47,2026,10
-53.5,-78.5,3,2027-01,2.62,2026,10
-53.5,-77.5,3,2027-01,2.95,2026,10
-53.5,-76.5,3,2027-01,3.05,2026,10
-53.5,-75.5,3,2027-01,3.83,2026,10
-53.5,-74.5,3,2027-01,4.59,2026,10
-53.5,-73.5,3,2027-01,9.55,2026,10
-53.5,-72.5,3,2027-01,7.56,2026,10
-53.5,-71.5,3,2027-01,4.46,2026,10
-53.5,-70.5,3,2027-01,2.61,2026,10
-53.5,-69.5,3,2027-01,2.71,2026,10
-53.5,-68.5,3,2027-01,1.96,2026,10
-53.5,-67.5,3,2027-01,1.43,2026,10
-53.5,-66.5,3,2027-01,1.33,2026,10
-53.5,-65.5,3,2027-01,1.37,2026,10
-53.5,-64.5,3,2027-01,1.46,2026,10
-53.5,-63.5,3,2027-01,1.53,2026,10
-53.5,-62.5,3,2027-01,1.58,2026,10
-53.5,-61.5,3,2027-01,1.58,2026,10
-53.5,-60.5,3,2027-01,1.69,2026,10
-53.5,-59.5,3,2027-01,1.82,2026,10
-53.5,-58.5,3,2027-01,1.91,2026,10
-53.5,-57.5,3,2027-01,1.94,2026,10
-53.5,-56.5,3,2027-01,1.95,2026,10
-53.5,-55.5,3,2027-01,1.95,2026,10
-53.5,-54.5,3,2027-01,2.04,2026,10
-53.5,-53.5,3,2027-01,2.14,2026,10
-53.5,-52.5,3,2027-01,2.21,2026,10
-53.5,-51.5,3,2027-01,2.22,2026,10
-53.5,-50.5,3,2027-01,2.23,2026,10
-53.5,-49.5,3,2027-01,2.2,2026,10
-53.5,-48.5,3,2027-01,2.22,2026,10
-53.5,-47.5,3,2027-01,2.24,2026,10
-53.5,-46.5,3,2027-01,2.28,2026,10
-53.5,-45.5,3,2027-01,2.3,2026,10
-53.5,-44.5,3,2027-01,2.28,2026,10
-53.5,-43.5,3,2027-01,2.27,2026,10
-53.5,-42.5,3,2027-01,2.28,2026,10
-53.5,-41.5,3,2027-01,2.29,2026,10
-53.5,-40.5,3,2027-01,2.34,2026,10
-53.5,-39.5,3,2027-01,2.4,2026,10
-53.5,-38.5,3,2027-01,2.56,2026,10
-53.5,-37.5,3,2027-01,2.82,2026,10
-53.5,-36.5,3,2027-01,2.64,2026,10
-53.5,-35.5,3,2027-01,2.31,2026,10
-53.5,-34.5,3,2027-01,2.25,2026,10
-53.5,-33.5,3,2027-01,2.28,2026,10
-53.5,-32.5,3,2027-01,2.29,2026,10
-53.5,-31.5,3,2027-01,2.37,2026,10
-53.5,-30.5,3,2027-01,2.51,2026,10
-54.5,-89.5,3,2027-01,2.26,2026,10
-54.5,-88.5,3,2027-01,2.26,2026,10
-54.5,-87.5,3,2027-01,2.27,2026,10
-54.5,-86.5,3,2027-01,2.3,2026,10
-54.5,-85.5,3,2027-01,2.32,2026,10
-54.5,-84.5,3,2027-01,2.34,2026,10
-54.5,-83.5,3,2027-01,2.29,2026,10
-54.5,-82.5,3,2027-01,2.24,2026,10
-54.5,-81.5,3,2027-01,2.27,2026,10
-54.5,-80.5,3,2027-01,2.31,2026,10
-54.5,-79.5,3,2027-01,2.38,2026,10
-54.5,-78.5,3,2027-01,2.46,2026,10
-54.5,-77.5,3,2027-01,2.55,2026,10
-54.5,-76.5,3,2027-01,2.78,2026,10
-54.5,-75.5,3,2027-01,3.01,2026,10
-54.5,-74.5,3,2027-01,3.46,2026,10
-54.5,-73.5,3,2027-01,4.51,2026,10
-54.5,-72.5,3,2027-01,6.16,2026,10
-54.5,-71.5,3,2027-01,8.23,2026,10
-54.5,-70.5,3,2027-01,7.94,2026,10
-54.5,-69.5,3,2027-01,5.9,2026,10
-54.5,-68.5,3,2027-01,3.39,2026,10
-54.5,-67.5,3,2027-01,2.95,2026,10
-54.5,-66.5,3,2027-01,2.83,2026,10
-54.5,-65.5,3,2027-01,2.49,2026,10
-54.5,-64.5,3,2027-01,2.22,2026,10
-54.5,-63.5,3,2027-01,1.92,2026,10
-54.5,-62.5,3,2027-01,1.77,2026,10
-54.5,-61.5,3,2027-01,1.72,2026,10
-54.5,-60.5,3,2027-01,1.78,2026,10
-54.5,-59.5,3,2027-01,1.92,2026,10
-54.5,-58.5,3,2027-01,2.03,2026,10
-54.5,-57.5,3,2027-01,2.11,2026,10
-54.5,-56.5,3,2027-01,2.16,2026,10
-54.5,-55.5,3,2027-01,2.11,2026,10
-54.5,-54.5,3,2027-01,2.04,2026,10
-54.5,-53.5,3,2027-01,2.03,2026,10
-54.5,-52.5,3,2027-01,2.06,2026,10
-54.5,-51.5,3,2027-01,2.11,2026,10
-54.5,-50.5,3,2027-01,2.16,2026,10
-54.5,-49.5,3,2027-01,2.2,2026,10
-54.5,-48.5,3,2027-01,2.27,2026,10
-54.5,-47.5,3,2027-01,2.3,2026,10
-54.5,-46.5,3,2027-01,2.37,2026,10
-54.5,-45.5,3,2027-01,2.39,2026,10
-54.5,-44.5,3,2027-01,2.34,2026,10
-54.5,-43.5,3,2027-01,2.29,2026,10
-54.5,-42.5,3,2027-01,2.29,2026,10
-54.5,-41.5,3,2027-01,2.31,2026,10
-54.5,-40.5,3,2027-01,2.33,2026,10
-54.5,-39.5,3,2027-01,2.5,2026,10
-54.5,-38.5,3,2027-01,2.74,2026,10
-54.5,-37.5,3,2027-01,3.77,2026,10
-54.5,-36.5,3,2027-01,3.75,2026,10
-54.5,-35.5,3,2027-01,2.43,2026,10
-54.5,-34.5,3,2027-01,2.15,2026,10
-54.5,-33.5,3,2027-01,2.19,2026,10
-54.5,-32.5,3,2027-01,2.23,2026,10
-54.5,-31.5,3,2027-01,2.39,2026,10
-54.5,-30.5,3,2027-01,2.51,2026,10
-55.5,-89.5,3,2027-01,2.38,2026,10
-55.5,-88.5,3,2027-01,2.36,2026,10
-55.5,-87.5,3,2027-01,2.3,2026,10
-55.5,-86.5,3,2027-01,2.27,2026,10
-55.5,-85.5,3,2027-01,2.29,2026,10
-55.5,-84.5,3,2027-01,2.43,2026,10
-55.5,-83.5,3,2027-01,2.46,2026,10
-55.5,-82.5,3,2027-01,2.46,2026,10
-55.5,-81.5,3,2027-01,2.4,2026,10
-55.5,-80.5,3,2027-01,2.39,2026,10
-55.5,-79.5,3,2027-01,2.37,2026,10
-55.5,-78.5,3,2027-01,2.44,2026,10
-55.5,-77.5,3,2027-01,2.43,2026,10
-55.5,-76.5,3,2027-01,2.53,2026,10
-55.5,-75.5,3,2027-01,2.67,2026,10
-55.5,-74.5,3,2027-01,2.91,2026,10
-55.5,-73.5,3,2027-01,3.34,2026,10
-55.5,-72.5,3,2027-01,3.76,2026,10
-55.5,-71.5,3,2027-01,4.34,2026,10
-55.5,-70.5,3,2027-01,6.37,2026,10
-55.5,-69.5,3,2027-01,6.65,2026,10
-55.5,-68.5,3,2027-01,5.51,2026,10
-55.5,-67.5,3,2027-01,4.5,2026,10
-55.5,-66.5,3,2027-01,3.91,2026,10
-55.5,-65.5,3,2027-01,2.7,2026,10
-55.5,-64.5,3,2027-01,2.06,2026,10
-55.5,-63.5,3,2027-01,1.75,2026,10
-55.5,-62.5,3,2027-01,1.66,2026,10
-55.5,-61.5,3,2027-01,1.68,2026,10
-55.5,-60.5,3,2027-01,1.73,2026,10
-55.5,-59.5,3,2027-01,1.81,2026,10
-55.5,-58.5,3,2027-01,1.88,2026,10
-55.5,-57.5,3,2027-01,1.96,2026,10
-55.5,-56.5,3,2027-01,1.98,2026,10
-55.5,-55.5,3,2027-01,2.02,2026,10
-55.5,-54.5,3,2027-01,2.06,2026,10
-55.5,-53.5,3,2027-01,2.08,2026,10
-55.5,-52.5,3,2027-01,2.09,2026,10
-55.5,-51.5,3,2027-01,2.16,2026,10
-55.5,-50.5,3,2027-01,2.21,2026,10
-55.5,-49.5,3,2027-01,2.23,2026,10
-55.5,-48.5,3,2027-01,2.23,2026,10
-55.5,-47.5,3,2027-01,2.25,2026,10
-55.5,-46.5,3,2027-01,2.27,2026,10
-55.5,-45.5,3,2027-01,2.34,2026,10
-55.5,-44.5,3,2027-01,2.29,2026,10
-55.5,-43.5,3,2027-01,2.35,2026,10
-55.5,-42.5,3,2027-01,2.37,2026,10
-55.5,-41.5,3,2027-01,2.35,2026,10
-55.5,-40.5,3,2027-01,2.28,2026,10
-55.5,-39.5,3,2027-01,2.31,2026,10
-55.5,-38.5,3,2027-01,2.36,2026,10
-55.5,-37.5,3,2027-01,2.5,2026,10
-55.5,-36.5,3,2027-01,2.64,2026,10
-55.5,-35.5,3,2027-01,2.49,2026,10
-55.5,-34.5,3,2027-01,2.4,2026,10
-55.5,-33.5,3,2027-01,2.28,2026,10
-55.5,-32.5,3,2027-01,2.27,2026,10
-55.5,-31.5,3,2027-01,2.25,2026,10
-55.5,-30.5,3,2027-01,2.28,2026,10
-56.5,-89.5,3,2027-01,2.43,2026,10
-56.5,-88.5,3,2027-01,2.44,2026,10
-56.5,-87.5,3,2027-01,2.41,2026,10
-56.5,-86.5,3,2027-01,2.38,2026,10
-56.5,-85.5,3,2027-01,2.33,2026,10
-56.5,-84.5,3,2027-01,2.42,2026,10
-56.5,-83.5,3,2027-01,2.47,2026,10
-56.5,-82.5,3,2027-01,2.5,2026,10
-56.5,-81.5,3,2027-01,2.48,2026,10
-56.5,-80.5,3,2027-01,2.43,2026,10
-56.5,-79.5,3,2027-01,2.41,2026,10
-56.5,-78.5,3,2027-01,2.42,2026,10
-56.5,-77.5,3,2027-01,2.4,2026,10
-56.5,-76.5,3,2027-01,2.44,2026,10
-56.5,-75.5,3,2027-01,2.43,2026,10
-56.5,-74.5,3,2027-01,2.51,2026,10
-56.5,-73.5,3,2027-01,2.7,2026,10
-56.5,-72.5,3,2027-01,2.79,2026,10
-56.5,-71.5,3,2027-01,2.92,2026,10
-56.5,-70.5,3,2027-01,3.03,2026,10
-56.5,-69.5,3,2027-01,3.32,2026,10
-56.5,-68.5,3,2027-01,3.59,2026,10
-56.5,-67.5,3,2027-01,3.39,2026,10
-56.5,-66.5,3,2027-01,2.67,2026,10
-56.5,-65.5,3,2027-01,2.1,2026,10
-56.5,-64.5,3,2027-01,1.87,2026,10
-56.5,-63.5,3,2027-01,1.84,2026,10
-56.5,-62.5,3,2027-01,1.8,2026,10
-56.5,-61.5,3,2027-01,1.83,2026,10
-56.5,-60.5,3,2027-01,1.86,2026,10
-56.5,-59.5,3,2027-01,1.89,2026,10
-56.5,-58.5,3,2027-01,1.94,2026,10
-56.5,-57.5,3,2027-01,1.92,2026,10
-56.5,-56.5,3,2027-01,1.86,2026,10
-56.5,-55.5,3,2027-01,1.93,2026,10
-56.5,-54.5,3,2027-01,2.02,2026,10
-56.5,-53.5,3,2027-01,2.05,2026,10
-56.5,-52.5,3,2027-01,2.07,2026,10
-56.5,-51.5,3,2027-01,2.13,2026,10
-56.5,-50.5,3,2027-01,2.17,2026,10
-56.5,-49.5,3,2027-01,2.17,2026,10
-56.5,-48.5,3,2027-01,2.13,2026,10
-56.5,-47.5,3,2027-01,2.13,2026,10
-56.5,-46.5,3,2027-01,2.2,2026,10
-56.5,-45.5,3,2027-01,2.29,2026,10
-56.5,-44.5,3,2027-01,2.26,2026,10
-56.5,-43.5,3,2027-01,2.21,2026,10
-56.5,-42.5,3,2027-01,2.2,2026,10
-56.5,-41.5,3,2027-01,2.23,2026,10
-56.5,-40.5,3,2027-01,2.22,2026,10
-56.5,-39.5,3,2027-01,2.19,2026,10
-56.5,-38.5,3,2027-01,2.17,2026,10
-56.5,-37.5,3,2027-01,2.2,2026,10
-56.5,-36.5,3,2027-01,2.24,2026,10
-56.5,-35.5,3,2027-01,2.27,2026,10
-56.5,-34.5,3,2027-01,2.28,2026,10
-56.5,-33.5,3,2027-01,2.26,2026,10
-56.5,-32.5,3,2027-01,2.22,2026,10
-56.5,-31.5,3,2027-01,2.23,2026,10
-56.5,-30.5,3,2027-01,2.25,2026,10
-57.5,-89.5,3,2027-01,2.18,2026,10
-57.5,-88.5,3,2027-01,2.24,2026,10
-57.5,-87.5,3,2027-01,2.33,2026,10
-57.5,-86.5,3,2027-01,2.34,2026,10
-57.5,-85.5,3,2027-01,2.36,2026,10
-57.5,-84.5,3,2027-01,2.38,2026,10
-57.5,-83.5,3,2027-01,2.39,2026,10
-57.5,-82.5,3,2027-01,2.39,2026,10
-57.5,-81.5,3,2027-01,2.35,2026,10
-57.5,-80.5,3,2027-01,2.37,2026,10
-57.5,-79.5,3,2027-01,2.39,2026,10
-57.5,-78.5,3,2027-01,2.4,2026,10
-57.5,-77.5,3,2027-01,2.45,2026,10
-57.5,-76.5,3,2027-01,2.42,2026,10
-57.5,-75.5,3,2027-01,2.42,2026,10
-57.5,-74.5,3,2027-01,2.45,2026,10
-57.5,-73.5,3,2027-01,2.51,2026,10
-57.5,-72.5,3,2027-01,2.57,2026,10
-57.5,-71.5,3,2027-01,2.53,2026,10
-57.5,-70.5,3,2027-01,2.42,2026,10
-57.5,-69.5,3,2027-01,2.29,2026,10
-57.5,-68.5,3,2027-01,2.14,2026,10
-57.5,-67.5,3,2027-01,2.1,2026,10
-57.5,-66.5,3,2027-01,2.03,2026,10
-57.5,-65.5,3,2027-01,1.89,2026,10
-57.5,-64.5,3,2027-01,1.89,2026,10
-57.5,-63.5,3,2027-01,1.92,2026,10
-57.5,-62.5,3,2027-01,1.86,2026,10
-57.5,-61.5,3,2027-01,1.83,2026,10
-57.5,-60.5,3,2027-01,1.8,2026,10
-57.5,-59.5,3,2027-01,1.75,2026,10
-57.5,-58.5,3,2027-01,1.77,2026,10
-57.5,-57.5,3,2027-01,1.77,2026,10
-57.5,-56.5,3,2027-01,1.78,2026,10
-57.5,-55.5,3,2027-01,1.84,2026,10
-57.5,-54.5,3,2027-01,1.9,2026,10
-57.5,-53.5,3,2027-01,1.93,2026,10
-57.5,-52.5,3,2027-01,1.97,2026,10
-57.5,-51.5,3,2027-01,2.01,2026,10
-57.5,-50.5,3,2027-01,2.02,2026,10
-57.5,-49.5,3,2027-01,2.0,2026,10
-57.5,-48.5,3,2027-01,2.0,2026,10
-57.5,-47.5,3,2027-01,2.03,2026,10
-57.5,-46.5,3,2027-01,2.03,2026,10
-57.5,-45.5,3,2027-01,2.08,2026,10
-57.5,-44.5,3,2027-01,2.03,2026,10
-57.5,-43.5,3,2027-01,2.04,2026,10
-57.5,-42.5,3,2027-01,2.07,2026,10
-57.5,-41.5,3,2027-01,2.12,2026,10
-57.5,-40.5,3,2027-01,2.14,2026,10
-57.5,-39.5,3,2027-01,2.09,2026,10
-57.5,-38.5,3,2027-01,2.07,2026,10
-57.5,-37.5,3,2027-01,2.05,2026,10
-57.5,-36.5,3,2027-01,2.06,2026,10
-57.5,-35.5,3,2027-01,2.07,2026,10
-57.5,-34.5,3,2027-01,2.05,2026,10
-57.5,-33.5,3,2027-01,2.08,2026,10
-57.5,-32.5,3,2027-01,2.11,2026,10
-57.5,-31.5,3,2027-01,2.14,2026,10
-57.5,-30.5,3,2027-01,2.15,2026,10
-58.5,-89.5,3,2027-01,2.27,2026,10
-58.5,-88.5,3,2027-01,2.28,2026,10
-58.5,-87.5,3,2027-01,2.3,2026,10
-58.5,-86.5,3,2027-01,2.32,2026,10
-58.5,-85.5,3,2027-01,2.34,2026,10
-58.5,-84.5,3,2027-01,2.36,2026,10
-58.5,-83.5,3,2027-01,2.36,2026,10
-58.5,-82.5,3,2027-01,2.35,2026,10
-58.5,-81.5,3,2027-01,2.32,2026,10
-58.5,-80.5,3,2027-01,2.3,2026,10
-58.5,-79.5,3,2027-01,2.31,2026,10
-58.5,-78.5,3,2027-01,2.29,2026,10
-58.5,-77.5,3,2027-01,2.31,2026,10
-58.5,-76.5,3,2027-01,2.39,2026,10
-58.5,-75.5,3,2027-01,2.38,2026,10
-58.5,-74.5,3,2027-01,2.36,2026,10
-58.5,-73.5,3,2027-01,2.43,2026,10
-58.5,-72.5,3,2027-01,2.51,2026,10
-58.5,-71.5,3,2027-01,2.52,2026,10
-58.5,-70.5,3,2027-01,2.4,2026,10
-58.5,-69.5,3,2027-01,2.14,2026,10
-58.5,-68.5,3,2027-01,1.91,2026,10
-58.5,-67.5,3,2027-01,1.84,2026,10
-58.5,-66.5,3,2027-01,1.81,2026,10
-58.5,-65.5,3,2027-01,1.73,2026,10
-58.5,-64.5,3,2027-01,1.69,2026,10
-58.5,-63.5,3,2027-01,1.74,2026,10
-58.5,-62.5,3,2027-01,1.8,2026,10
-58.5,-61.5,3,2027-01,1.82,2026,10
-58.5,-60.5,3,2027-01,1.79,2026,10
-58.5,-59.5,3,2027-01,1.74,2026,10
-58.5,-58.5,3,2027-01,1.75,2026,10
-58.5,-57.5,3,2027-01,1.77,2026,10
-58.5,-56.5,3,2027-01,1.8,2026,10
-58.5,-55.5,3,2027-01,1.84,2026,10
-58.5,-54.5,3,2027-01,1.89,2026,10
-58.5,-53.5,3,2027-01,1.89,2026,10
-58.5,-52.5,3,2027-01,1.86,2026,10
-58.5,-51.5,3,2027-01,1.85,2026,10
-58.5,-50.5,3,2027-01,1.84,2026,10
-58.5,-49.5,3,2027-01,1.87,2026,10
-58.5,-48.5,3,2027-01,1.88,2026,10
-58.5,-47.5,3,2027-01,1.95,2026,10
-58.5,-46.5,3,2027-01,1.95,2026,10
-58.5,-45.5,3,2027-01,1.92,2026,10
-58.5,-44.5,3,2027-01,1.93,2026,10
-58.5,-43.5,3,2027-01,1.92,2026,10
-58.5,-42.5,3,2027-01,1.91,2026,10
-58.5,-41.5,3,2027-01,1.95,2026,10
-58.5,-40.5,3,2027-01,1.96,2026,10
-58.5,-39.5,3,2027-01,1.95,2026,10
-58.5,-38.5,3,2027-01,1.94,2026,10
-58.5,-37.5,3,2027-01,1.91,2026,10
-58.5,-36.5,3,2027-01,1.91,2026,10
-58.5,-35.5,3,2027-01,1.92,2026,10
-58.5,-34.5,3,2027-01,1.92,2026,10
-58.5,-33.5,3,2027-01,1.95,2026,10
-58.5,-32.5,3,2027-01,1.98,2026,10
-58.5,-31.5,3,2027-01,2.01,2026,10
-58.5,-30.5,3,2027-01,2.02,2026,10
-59.5,-89.5,3,2027-01,2.25,2026,10
-59.5,-88.5,3,2027-01,2.24,2026,10
-59.5,-87.5,3,2027-01,2.25,2026,10
-59.5,-86.5,3,2027-01,2.23,2026,10
-59.5,-85.5,3,2027-01,2.21,2026,10
-59.5,-84.5,3,2027-01,2.24,2026,10
-59.5,-83.5,3,2027-01,2.34,2026,10
-59.5,-82.5,3,2027-01,2.4,2026,10
-59.5,-81.5,3,2027-01,2.37,2026,10
-59.5,-80.5,3,2027-01,2.32,2026,10
-59.5,-79.5,3,2027-01,2.3,2026,10
-59.5,-78.5,3,2027-01,2.28,2026,10
-59.5,-77.5,3,2027-01,2.25,2026,10
-59.5,-76.5,3,2027-01,2.26,2026,10
-59.5,-75.5,3,2027-01,2.29,2026,10
-59.5,-74.5,3,2027-01,2.25,2026,10
-59.5,-73.5,3,2027-01,2.21,2026,10
-59.5,-72.5,3,2027-01,2.19,2026,10
-59.5,-71.5,3,2027-01,2.26,2026,10
-59.5,-70.5,3,2027-01,2.25,2026,10
-59.5,-69.5,3,2027-01,2.13,2026,10
-59.5,-68.5,3,2027-01,1.94,2026,10
-59.5,-67.5,3,2027-01,1.79,2026,10
-59.5,-66.5,3,2027-01,1.73,2026,10
-59.5,-65.5,3,2027-01,1.65,2026,10
-59.5,-64.5,3,2027-01,1.6,2026,10
-59.5,-63.5,3,2027-01,1.62,2026,10
-59.5,-62.5,3,2027-01,1.66,2026,10
-59.5,-61.5,3,2027-01,1.71,2026,10
-59.5,-60.5,3,2027-01,1.72,2026,10
-59.5,-59.5,3,2027-01,1.73,2026,10
-59.5,-58.5,3,2027-01,1.76,2026,10
-59.5,-57.5,3,2027-01,1.76,2026,10
-59.5,-56.5,3,2027-01,1.75,2026,10
-59.5,-55.5,3,2027-01,1.79,2026,10
-59.5,-54.5,3,2027-01,1.8,2026,10
-59.5,-53.5,3,2027-01,1.77,2026,10
-59.5,-52.5,3,2027-01,1.77,2026,10
-59.5,-51.5,3,2027-01,1.71,2026,10
-59.5,-50.5,3,2027-01,1.71,2026,10
-59.5,-49.5,3,2027-01,1.78,2026,10
-59.5,-48.5,3,2027-01,1.81,2026,10
-59.5,-47.5,3,2027-01,1.81,2026,10
-59.5,-46.5,3,2027-01,1.86,2026,10
-59.5,-45.5,3,2027-01,1.82,2026,10
-59.5,-44.5,3,2027-01,1.78,2026,10
-59.5,-43.5,3,2027-01,1.75,2026,10
-59.5,-42.5,3,2027-01,1.75,2026,10
-59.5,-41.5,3,2027-01,1.78,2026,10
-59.5,-40.5,3,2027-01,1.77,2026,10
-59.5,-39.5,3,2027-01,1.76,2026,10
-59.5,-38.5,3,2027-01,1.76,2026,10
-59.5,-37.5,3,2027-01,1.78,2026,10
-59.5,-36.5,3,2027-01,1.78,2026,10
-59.5,-35.5,3,2027-01,1.81,2026,10
-59.5,-34.5,3,2027-01,1.83,2026,10
-59.5,-33.5,3,2027-01,1.84,2026,10
-59.5,-32.5,3,2027-01,1.86,2026,10
-59.5,-31.5,3,2027-01,1.87,2026,10
-59.5,-30.5,3,2027-01,1.88,2026,10
