lat,lon,sst,anom,date
-77.875,166.125,-1.742,-0.15,2026-09
-77.875,168.125,-1.772,-0.154,2026-09
-77.875,170.125,-1.694,-0.177,2026-09
-77.875,172.125,-1.626,-0.132,2026-09
-77.875,174.125,-1.616,-0.145,2026-09
-77.875,176.125,-1.651,-0.174,2026-09
-77.875,178.125,-1.662,-0.173,2026-09
-77.875,-179.875,-1.665,-0.15,2026-09
-77.875,-177.875,-1.715,-0.174,2026-09
-77.875,-175.875,-1.764,-0.177,2026-09
-77.875,-173.875,-1.781,-0.148,2026-09
-77.875,-171.875,-1.793,-0.114,2026-09
-77.875,-169.875,-1.797,-0.116,2026-09
-77.875,-167.875,-1.8,-0.084,2026-09
-77.875,-165.875,-1.8,-0.058,2026-09
-77.875,-163.875,-1.792,-0.06,2026-09
-77.875,-161.875,-1.782,-0.067,2026-09
-77.875,-159.875,-1.711,-0.099,2026-09
-77.875,-79.875,-1.717,0.0,2026-09
-77.875,-77.875,-1.73,-0.0,2026-09
-77.875,-71.875,-1.678,-0.001,2026-09
-77.875,-69.875,-1.674,-0.001,2026-09
-77.875,-67.875,-1.667,-0.001,2026-09
-77.875,-65.875,-1.665,-0.0,2026-09
-77.875,-63.875,-1.643,0.021,2026-09
-77.875,-61.875,-1.623,0.047,2026-09
-77.875,-59.875,-1.631,0.037,2026-09
-77.875,-57.875,-1.605,0.061,2026-09
-77.875,-55.875,-1.626,0.046,2026-09
-77.875,-53.875,-1.693,-0.031,2026-09
-77.875,-51.875,-1.757,-0.071,2026-09
-77.875,-49.875,-1.733,-0.072,2026-09
-77.875,-47.875,-1.742,-0.08,2026-09
-77.875,-45.875,-1.7,-0.006,2026-09
-77.875,-43.875,-1.736,0.0,2026-09
-77.875,-41.875,-1.743,0.009,2026-09
-77.875,-39.875,-1.726,0.025,2026-09
-77.875,-37.875,-1.737,-0.013,2026-09
-77.875,-35.875,-1.767,-0.082,2026-09
-75.875,164.125,-1.772,-0.096,2026-09
-75.875,166.125,-1.79,-0.076,2026-09
-75.875,168.125,-1.8,-0.067,2026-09
-75.875,170.125,-1.8,-0.067,2026-09
-75.875,172.125,-1.8,-0.11,2026-09
-75.875,174.125,-1.785,-0.115,2026-09
-75.875,176.125,-1.783,-0.106,2026-09
-75.875,178.125,-1.799,-0.098,2026-09
-75.875,-179.875,-1.8,-0.085,2026-09
-75.875,-177.875,-1.793,-0.071,2026-09
-75.875,-175.875,-1.797,-0.063,2026-09
-75.875,-173.875,-1.8,-0.055,2026-09
-75.875,-171.875,-1.8,-0.05,2026-09
-75.875,-169.875,-1.8,-0.041,2026-09
-75.875,-167.875,-1.799,-0.034,2026-09
-75.875,-165.875,-1.776,-0.008,2026-09
-75.875,-163.875,-1.784,-0.016,2026-09
-75.875,-161.875,-1.789,-0.023,2026-09
-75.875,-159.875,-1.791,-0.027,2026-09
-75.875,-157.875,-1.71,0.046,2026-09
-75.875,-155.875,-1.731,0.033,2026-09
-75.875,-153.875,-1.732,0.022,2026-09
-75.875,-151.875,-1.764,-0.041,2026-09
-75.875,-149.875,-1.738,-0.082,2026-09
-75.875,-147.875,-1.627,-0.075,2026-09
-75.875,-145.875,-1.687,-0.153,2026-09
-75.875,-63.875,-1.4,0.12,2026-09
-75.875,-61.875,-1.463,0.115,2026-09
-75.875,-59.875,-1.592,-0.0,2026-09
-75.875,-57.875,-1.537,0.09,2026-09
-75.875,-55.875,-1.593,0.072,2026-09
-75.875,-53.875,-1.643,0.086,2026-09
-75.875,-51.875,-1.744,0.019,2026-09
-75.875,-49.875,-1.793,-0.026,2026-09
-75.875,-47.875,-1.8,-0.043,2026-09
-75.875,-45.875,-1.8,-0.05,2026-09
-75.875,-43.875,-1.8,-0.064,2026-09
-75.875,-41.875,-1.8,-0.105,2026-09
-75.875,-39.875,-1.8,-0.055,2026-09
-75.875,-37.875,-1.8,-0.022,2026-09
-75.875,-35.875,-1.8,-0.021,2026-09
-75.875,-33.875,-1.8,-0.021,2026-09
-75.875,-31.875,-1.8,-0.026,2026-09
-75.875,-29.875,-1.783,-0.026,2026-09
-75.875,-27.875,-1.758,-0.101,2026-09
-75.875,-25.875,-1.657,-0.075,2026-09
-75.875,-23.875,-1.31,0.246,2026-09
-75.875,-21.875,-1.512,0.028,2026-09
-73.875,166.125,-1.79,-0.039,2026-09
-73.875,168.125,-1.8,-0.016,2026-09
-73.875,170.125,-1.8,-0.043,2026-09
-73.875,172.125,-1.8,-0.051,2026-09
-73.875,174.125,-1.796,-0.051,2026-09
-73.875,176.125,-1.795,-0.051,2026-09
-73.875,178.125,-1.8,-0.058,2026-09
-73.875,-179.875,-1.8,-0.055,2026-09
-73.875,-177.875,-1.799,-0.052,2026-09
-73.875,-175.875,-1.8,-0.047,2026-09
-73.875,-173.875,-1.798,-0.035,2026-09
-73.875,-171.875,-1.786,-0.02,2026-09
-73.875,-169.875,-1.776,-0.01,2026-09
-73.875,-167.875,-1.755,0.011,2026-09
-73.875,-165.875,-1.722,0.042,2026-09
-73.875,-163.875,-1.733,0.029,2026-09
-73.875,-161.875,-1.761,0.0,2026-09
-73.875,-159.875,-1.738,0.02,2026-09
-73.875,-157.875,-1.741,0.014,2026-09
-73.875,-155.875,-1.764,-0.01,2026-09
-73.875,-153.875,-1.776,-0.022,2026-09
-73.875,-151.875,-1.784,-0.033,2026-09
-73.875,-149.875,-1.763,-0.018,2026-09
-73.875,-147.875,-1.785,-0.043,2026-09
-73.875,-145.875,-1.789,-0.049,2026-09
-73.875,-143.875,-1.789,-0.048,2026-09
-73.875,-141.875,-1.779,-0.038,2026-09
-73.875,-139.875,-1.788,-0.058,2026-09
-73.875,-137.875,-1.741,-0.007,2026-09
-73.875,-135.875,-1.725,0.008,2026-09
-73.875,-133.875,-1.719,-0.062,2026-09
-73.875,-131.875,-1.668,0.019,2026-09
-73.875,-129.875,-1.751,-0.062,2026-09
-73.875,-127.875,-1.686,-0.181,2026-09
-73.875,-125.875,-1.632,-0.076,2026-09
-73.875,-123.875,-1.564,0.084,2026-09
-73.875,-117.875,-1.694,-0.025,2026-09
-73.875,-115.875,-1.668,-0.015,2026-09
-73.875,-113.875,-1.676,-0.093,2026-09
-73.875,-111.875,-1.69,-0.205,2026-09
-73.875,-109.875,-1.643,-0.014,2026-09
-73.875,-107.875,-1.583,0.153,2026-09
-73.875,-105.875,-1.693,0.046,2026-09
-73.875,-103.875,-1.747,-0.048,2026-09
-73.875,-81.875,-1.716,-0.092,2026-09
-73.875,-59.875,-1.668,0.045,2026-09
-73.875,-57.875,-1.783,-0.025,2026-09
-73.875,-55.875,-1.777,-0.012,2026-09
-73.875,-53.875,-1.788,-0.017,2026-09
-73.875,-51.875,-1.794,-0.018,2026-09
-73.875,-49.875,-1.797,-0.019,2026-09
-73.875,-47.875,-1.8,-0.019,2026-09
-73.875,-45.875,-1.8,-0.016,2026-09
-73.875,-43.875,-1.8,-0.016,2026-09
-73.875,-41.875,-1.8,-0.016,2026-09
-73.875,-39.875,-1.8,-0.014,2026-09
-73.875,-37.875,-1.8,-0.014,2026-09
-73.875,-35.875,-1.8,-0.015,2026-09
-73.875,-33.875,-1.8,-0.018,2026-09
-73.875,-31.875,-1.8,-0.018,2026-09
-73.875,-29.875,-1.8,-0.018,2026-09
-73.875,-27.875,-1.776,0.0,2026-09
-73.875,-25.875,-1.687,0.033,2026-09
-73.875,-23.875,-1.68,0.004,2026-09
-73.875,-21.875,-1.692,-0.035,2026-09
-73.875,-19.875,-1.387,0.152,2026-09
-73.875,-17.875,-1.698,-0.152,2026-09
-71.875,68.125,-1.52,0.0,2026-09
-71.875,70.125,-1.524,-0.0,2026-09
-71.875,172.125,-1.775,-0.078,2026-09
-71.875,174.125,-1.779,-0.052,2026-09
-71.875,176.125,-1.8,-0.053,2026-09
-71.875,178.125,-1.8,-0.038,2026-09
-71.875,-179.875,-1.8,-0.04,2026-09
-71.875,-177.875,-1.8,-0.052,2026-09
-71.875,-175.875,-1.797,-0.051,2026-09
-71.875,-173.875,-1.762,-0.016,2026-09
-71.875,-171.875,-1.725,0.024,2026-09
-71.875,-169.875,-1.705,0.043,2026-09
-71.875,-167.875,-1.706,0.041,2026-09
-71.875,-165.875,-1.708,0.04,2026-09
-71.875,-163.875,-1.736,0.011,2026-09
-71.875,-161.875,-1.759,-0.014,2026-09
-71.875,-159.875,-1.745,-0.002,2026-09
-71.875,-157.875,-1.716,0.02,2026-09
-71.875,-155.875,-1.724,0.007,2026-09
-71.875,-153.875,-1.764,-0.036,2026-09
-71.875,-151.875,-1.765,-0.042,2026-09
-71.875,-149.875,-1.75,-0.026,2026-09
-71.875,-147.875,-1.708,0.01,2026-09
-71.875,-145.875,-1.724,-0.004,2026-09
-71.875,-143.875,-1.741,-0.025,2026-09
-71.875,-141.875,-1.784,-0.065,2026-09
-71.875,-139.875,-1.782,-0.066,2026-09
-71.875,-137.875,-1.755,-0.041,2026-09
-71.875,-135.875,-1.747,-0.03,2026-09
-71.875,-133.875,-1.743,-0.025,2026-09
-71.875,-131.875,-1.744,-0.026,2026-09
-71.875,-129.875,-1.734,-0.015,2026-09
-71.875,-127.875,-1.723,-0.007,2026-09
-71.875,-125.875,-1.723,-0.012,2026-09
-71.875,-123.875,-1.707,0.006,2026-09
-71.875,-121.875,-1.703,0.017,2026-09
-71.875,-119.875,-1.669,0.047,2026-09
-71.875,-117.875,-1.658,0.056,2026-09
-71.875,-115.875,-1.645,0.063,2026-09
-71.875,-113.875,-1.668,0.04,2026-09
-71.875,-111.875,-1.685,0.031,2026-09
-71.875,-109.875,-1.679,0.035,2026-09
-71.875,-107.875,-1.679,0.041,2026-09
-71.875,-105.875,-1.685,0.043,2026-09
-71.875,-103.875,-1.648,0.053,2026-09
-71.875,-101.875,-1.581,0.091,2026-09
-71.875,-99.875,-1.497,0.146,2026-09
-71.875,-97.875,-1.499,0.118,2026-09
-71.875,-95.875,-1.5,0.156,2026-09
-71.875,-93.875,-1.585,0.145,2026-09
-71.875,-91.875,-1.646,0.089,2026-09
-71.875,-89.875,-1.653,0.094,2026-09
-71.875,-87.875,-1.699,0.05,2026-09
-71.875,-85.875,-1.758,-0.008,2026-09
-71.875,-83.875,-1.782,-0.03,2026-09
-71.875,-81.875,-1.762,-0.015,2026-09
-71.875,-79.875,-1.72,0.008,2026-09
-71.875,-77.875,-1.773,-0.027,2026-09
-71.875,-75.875,-1.778,-0.085,2026-09
-71.875,-71.875,-1.577,-0.182,2026-09
-71.875,-67.875,-1.373,0.018,2026-09
-71.875,-61.875,-1.799,-0.186,2026-09
-71.875,-59.875,-1.739,-0.027,2026-09
-71.875,-57.875,-1.8,-0.026,2026-09
-71.875,-55.875,-1.8,-0.025,2026-09
-71.875,-53.875,-1.8,-0.025,2026-09
-71.875,-51.875,-1.8,-0.021,2026-09
-71.875,-49.875,-1.8,-0.019,2026-09
-71.875,-47.875,-1.8,-0.019,2026-09
-71.875,-45.875,-1.8,-0.017,2026-09
-71.875,-43.875,-1.8,-0.016,2026-09
-71.875,-41.875,-1.8,-0.016,2026-09
-71.875,-39.875,-1.8,-0.017,2026-09
-71.875,-37.875,-1.8,-0.015,2026-09
-71.875,-35.875,-1.8,-0.014,2026-09
-71.875,-33.875,-1.8,-0.016,2026-09
-71.875,-31.875,-1.8,-0.018,2026-09
-71.875,-29.875,-1.8,-0.019,2026-09
-71.875,-27.875,-1.8,-0.019,2026-09
-71.875,-25.875,-1.8,-0.019,2026-09
-71.875,-23.875,-1.8,-0.02,2026-09
-71.875,-21.875,-1.8,-0.021,2026-09
-71.875,-19.875,-1.8,-0.022,2026-09
-71.875,-17.875,-1.8,-0.03,2026-09
-71.875,-15.875,-1.781,-0.061,2026-09
-71.875,-13.875,-1.761,-0.101,2026-09
-71.875,-11.875,-1.793,-0.295,2026-09
-69.875,0.125,-1.783,-0.114,2026-09
-69.875,2.125,-1.8,-0.067,2026-09
-69.875,4.125,-1.788,-0.099,2026-09
-69.875,6.125,-1.747,-0.084,2026-09
-69.875,8.125,-1.756,-0.109,2026-09
-69.875,10.125,-1.74,-0.101,2026-09
-69.875,12.125,-1.68,-0.051,2026-09
-69.875,14.125,-1.783,-0.192,2026-09
-69.875,16.125,-1.702,-0.035,2026-09
-69.875,18.125,-1.729,-0.063,2026-09
-69.875,20.125,-1.764,-0.129,2026-09
-69.875,22.125,-1.733,-0.033,2026-09
-69.875,24.125,-1.717,-0.022,2026-09
-69.875,26.125,-1.669,0.001,2026-09
-69.875,28.125,-1.659,-0.018,2026-09
-69.875,38.125,-1.748,-0.098,2026-09
-69.875,68.125,-1.512,0.01,2026-09
-69.875,70.125,-1.55,-0.046,2026-09
-69.875,72.125,-1.512,0.048,2026-09
-69.875,160.125,-1.8,-0.109,2026-09
-69.875,162.125,-1.8,-0.064,2026-09
-69.875,164.125,-1.8,-0.023,2026-09
-69.875,166.125,-1.8,-0.023,2026-09
-69.875,168.125,-1.8,-0.021,2026-09
-69.875,170.125,-1.8,-0.029,2026-09
-69.875,172.125,-1.793,-0.036,2026-09
-69.875,174.125,-1.784,-0.039,2026-09
-69.875,176.125,-1.788,-0.048,2026-09
-69.875,178.125,-1.782,-0.048,2026-09
-69.875,-179.875,-1.782,-0.052,2026-09
-69.875,-177.875,-1.777,-0.051,2026-09
-69.875,-175.875,-1.73,0.001,2026-09
-69.875,-173.875,-1.705,0.018,2026-09
-69.875,-171.875,-1.723,-0.007,2026-09
-69.875,-169.875,-1.728,-0.016,2026-09
-69.875,-167.875,-1.729,-0.01,2026-09
-69.875,-165.875,-1.728,-0.01,2026-09
-69.875,-163.875,-1.736,-0.02,2026-09
-69.875,-161.875,-1.732,-0.018,2026-09
-69.875,-159.875,-1.732,-0.021,2026-09
-69.875,-157.875,-1.747,-0.038,2026-09
-69.875,-155.875,-1.758,-0.052,2026-09
-69.875,-153.875,-1.725,-0.02,2026-09
-69.875,-151.875,-1.714,-0.01,2026-09
-69.875,-149.875,-1.706,-0.0,2026-09
-69.875,-147.875,-1.704,-0.002,2026-09
-69.875,-145.875,-1.715,-0.017,2026-09
-69.875,-143.875,-1.736,-0.037,2026-09
-69.875,-141.875,-1.753,-0.057,2026-09
-69.875,-139.875,-1.748,-0.056,2026-09
-69.875,-137.875,-1.734,-0.041,2026-09
-69.875,-135.875,-1.737,-0.041,2026-09
-69.875,-133.875,-1.759,-0.064,2026-09
-69.875,-131.875,-1.743,-0.044,2026-09
-69.875,-129.875,-1.748,-0.05,2026-09
-69.875,-127.875,-1.748,-0.046,2026-09
-69.875,-125.875,-1.751,-0.045,2026-09
-69.875,-123.875,-1.77,-0.064,2026-09
-69.875,-121.875,-1.784,-0.077,2026-09
-69.875,-119.875,-1.764,-0.056,2026-09
-69.875,-117.875,-1.756,-0.048,2026-09
-69.875,-115.875,-1.736,-0.038,2026-09
-69.875,-113.875,-1.732,-0.04,2026-09
-69.875,-111.875,-1.718,-0.025,2026-09
-69.875,-109.875,-1.722,-0.025,2026-09
-69.875,-107.875,-1.729,-0.035,2026-09
-69.875,-105.875,-1.73,-0.034,2026-09
-69.875,-103.875,-1.733,-0.034,2026-09
-69.875,-101.875,-1.705,-0.006,2026-09
-69.875,-99.875,-1.674,0.029,2026-09
-69.875,-97.875,-1.701,0.01,2026-09
-69.875,-95.875,-1.685,0.028,2026-09
-69.875,-93.875,-1.687,0.034,2026-09
-69.875,-91.875,-1.722,0.002,2026-09
-69.875,-89.875,-1.731,-0.009,2026-09
-69.875,-87.875,-1.737,-0.013,2026-09
-69.875,-85.875,-1.746,-0.018,2026-09
-69.875,-83.875,-1.751,-0.024,2026-09
-69.875,-81.875,-1.774,-0.043,2026-09
-69.875,-79.875,-1.767,-0.028,2026-09
-69.875,-77.875,-1.772,-0.029,2026-09
-69.875,-75.875,-1.763,-0.048,2026-09
-69.875,-73.875,-1.737,-0.081,2026-09
-69.875,-71.875,-1.56,0.042,2026-09
-69.875,-61.875,-1.8,-0.147,2026-09
-69.875,-59.875,-1.8,-0.022,2026-09
-69.875,-57.875,-1.8,-0.015,2026-09
-69.875,-55.875,-1.8,-0.017,2026-09
-69.875,-53.875,-1.8,-0.012,2026-09
-69.875,-51.875,-1.8,-0.011,2026-09
-69.875,-49.875,-1.8,-0.013,2026-09
-69.875,-47.875,-1.8,-0.016,2026-09
-69.875,-45.875,-1.8,-0.02,2026-09
-69.875,-43.875,-1.8,-0.024,2026-09
-69.875,-41.875,-1.8,-0.027,2026-09
-69.875,-39.875,-1.8,-0.029,2026-09
-69.875,-37.875,-1.8,-0.028,2026-09
-69.875,-35.875,-1.8,-0.029,2026-09
-69.875,-33.875,-1.8,-0.031,2026-09
-69.875,-31.875,-1.8,-0.031,2026-09
-69.875,-29.875,-1.8,-0.031,2026-09
-69.875,-27.875,-1.8,-0.033,2026-09
-69.875,-25.875,-1.8,-0.031,2026-09
-69.875,-23.875,-1.8,-0.03,2026-09
-69.875,-21.875,-1.8,-0.03,2026-09
-69.875,-19.875,-1.8,-0.03,2026-09
-69.875,-17.875,-1.8,-0.032,2026-09
-69.875,-15.875,-1.8,-0.035,2026-09
-69.875,-13.875,-1.8,-0.042,2026-09
-69.875,-11.875,-1.8,-0.047,2026-09
-69.875,-9.875,-1.8,-0.06,2026-09
-69.875,-7.875,-1.8,-0.064,2026-09
-69.875,-5.875,-1.8,-0.073,2026-09
-69.875,-3.875,-1.8,-0.1,2026-09
-69.875,-1.875,-1.738,-0.11,2026-09
-67.875,0.125,-1.8,-0.037,2026-09
-67.875,2.125,-1.8,-0.044,2026-09
-67.875,4.125,-1.8,-0.045,2026-09
-67.875,6.125,-1.8,-0.044,2026-09
-67.875,8.125,-1.8,-0.042,2026-09
-67.875,10.125,-1.8,-0.044,2026-09
-67.875,12.125,-1.8,-0.038,2026-09
-67.875,14.125,-1.8,-0.023,2026-09
-67.875,16.125,-1.8,-0.025,2026-09
-67.875,18.125,-1.8,-0.025,2026-09
-67.875,20.125,-1.8,-0.028,2026-09
-67.875,22.125,-1.8,-0.027,2026-09
-67.875,24.125,-1.8,-0.029,2026-09
-67.875,26.125,-1.8,-0.028,2026-09
-67.875,28.125,-1.8,-0.028,2026-09
-67.875,30.125,-1.8,-0.025,2026-09
-67.875,32.125,-1.8,-0.03,2026-09
-67.875,34.125,-1.8,-0.029,2026-09
-67.875,36.125,-1.8,-0.02,2026-09
-67.875,38.125,-1.798,-0.019,2026-09
-67.875,40.125,-1.78,-0.02,2026-09
-67.875,42.125,-1.72,0.01,2026-09
-67.875,44.125,-1.743,-0.029,2026-09
-67.875,70.125,-1.65,0.004,2026-09
-67.875,72.125,-1.737,-0.023,2026-09
-67.875,74.125,-1.799,-0.042,2026-09
-67.875,76.125,-1.733,-0.008,2026-09
-67.875,78.125,-1.674,-0.037,2026-09
-67.875,80.125,-1.704,-0.069,2026-09
-67.875,148.125,-1.777,-0.135,2026-09
-67.875,150.125,-1.799,-0.099,2026-09
-67.875,152.125,-1.735,-0.013,2026-09
-67.875,154.125,-1.795,-0.053,2026-09
-67.875,156.125,-1.8,-0.051,2026-09
-67.875,158.125,-1.8,-0.056,2026-09
-67.875,160.125,-1.8,-0.061,2026-09
-67.875,162.125,-1.8,-0.066,2026-09
-67.875,164.125,-1.799,-0.095,2026-09
-67.875,166.125,-1.793,-0.075,2026-09
-67.875,168.125,-1.77,-0.048,2026-09
-67.875,170.125,-1.742,-0.03,2026-09
-67.875,172.125,-1.738,-0.024,2026-09
-67.875,174.125,-1.736,-0.023,2026-09
-67.875,176.125,-1.751,-0.04,2026-09
-67.875,178.125,-1.763,-0.053,2026-09
-67.875,-179.875,-1.75,-0.047,2026-09
-67.875,-177.875,-1.744,-0.042,2026-09
-67.875,-175.875,-1.707,-0.011,2026-09
-67.875,-173.875,-1.716,-0.023,2026-09
-67.875,-171.875,-1.723,-0.028,2026-09
-67.875,-169.875,-1.737,-0.038,2026-09
-67.875,-167.875,-1.754,-0.052,2026-09
-67.875,-165.875,-1.742,-0.04,2026-09
-67.875,-163.875,-1.73,-0.028,2026-09
-67.875,-161.875,-1.711,-0.017,2026-09
-67.875,-159.875,-1.694,-0.003,2026-09
-67.875,-157.875,-1.681,0.008,2026-09
-67.875,-155.875,-1.685,0.005,2026-09
-67.875,-153.875,-1.666,0.026,2026-09
-67.875,-151.875,-1.675,0.017,2026-09
-67.875,-149.875,-1.703,-0.012,2026-09
-67.875,-147.875,-1.708,-0.017,2026-09
-67.875,-145.875,-1.705,-0.012,2026-09
-67.875,-143.875,-1.73,-0.042,2026-09
-67.875,-141.875,-1.734,-0.051,2026-09
-67.875,-139.875,-1.76,-0.08,2026-09
-67.875,-137.875,-1.75,-0.075,2026-09
-67.875,-135.875,-1.766,-0.086,2026-09
-67.875,-133.875,-1.746,-0.067,2026-09
-67.875,-131.875,-1.686,-0.007,2026-09
-67.875,-129.875,-1.635,0.049,2026-09
-67.875,-127.875,-1.613,0.077,2026-09
-67.875,-125.875,-1.599,0.095,2026-09
-67.875,-123.875,-1.547,0.15,2026-09
-67.875,-121.875,-1.522,0.163,2026-09
-67.875,-119.875,-1.497,0.181,2026-09
-67.875,-117.875,-1.439,0.224,2026-09
-67.875,-115.875,-1.437,0.216,2026-09
-67.875,-113.875,-1.402,0.236,2026-09
-67.875,-111.875,-1.438,0.207,2026-09
-67.875,-109.875,-1.488,0.151,2026-09
-67.875,-107.875,-1.495,0.13,2026-09
-67.875,-105.875,-1.487,0.118,2026-09
-67.875,-103.875,-1.479,0.109,2026-09
-67.875,-101.875,-1.528,0.057,2026-09
-67.875,-99.875,-1.569,0.029,2026-09
-67.875,-97.875,-1.592,0.023,2026-09
-67.875,-95.875,-1.62,0.012,2026-09
-67.875,-93.875,-1.656,-0.004,2026-09
-67.875,-91.875,-1.685,-0.05,2026-09
-67.875,-89.875,-1.715,-0.05,2026-09
-67.875,-87.875,-1.746,-0.087,2026-09
-67.875,-85.875,-1.748,-0.082,2026-09
-67.875,-83.875,-1.744,-0.081,2026-09
-67.875,-81.875,-1.734,-0.064,2026-09
-67.875,-79.875,-1.726,-0.034,2026-09
-67.875,-77.875,-1.705,-0.004,2026-09
-67.875,-75.875,-1.725,-0.009,2026-09
-67.875,-73.875,-1.736,-0.011,2026-09
-67.875,-71.875,-1.708,0.017,2026-09
-67.875,-69.875,-1.723,-0.007,2026-09
-67.875,-67.875,-1.697,-0.057,2026-09
-67.875,-63.875,-1.663,-0.045,2026-09
-67.875,-61.875,-1.76,-0.298,2026-09
-67.875,-59.875,-1.8,-0.059,2026-09
-67.875,-57.875,-1.8,-0.008,2026-09
-67.875,-55.875,-1.8,-0.015,2026-09
-67.875,-53.875,-1.8,-0.014,2026-09
-67.875,-51.875,-1.8,-0.016,2026-09
-67.875,-49.875,-1.8,-0.022,2026-09
-67.875,-47.875,-1.8,-0.03,2026-09
-67.875,-45.875,-1.8,-0.034,2026-09
-67.875,-43.875,-1.8,-0.041,2026-09
-67.875,-41.875,-1.8,-0.039,2026-09
-67.875,-39.875,-1.8,-0.041,2026-09
-67.875,-37.875,-1.8,-0.049,2026-09
-67.875,-35.875,-1.8,-0.043,2026-09
-67.875,-33.875,-1.8,-0.045,2026-09
-67.875,-31.875,-1.8,-0.046,2026-09
-67.875,-29.875,-1.8,-0.045,2026-09
-67.875,-27.875,-1.8,-0.045,2026-09
-67.875,-25.875,-1.8,-0.043,2026-09
-67.875,-23.875,-1.8,-0.042,2026-09
-67.875,-21.875,-1.8,-0.041,2026-09
-67.875,-19.875,-1.8,-0.04,2026-09
-67.875,-17.875,-1.8,-0.039,2026-09
-67.875,-15.875,-1.8,-0.039,2026-09
-67.875,-13.875,-1.8,-0.039,2026-09
-67.875,-11.875,-1.8,-0.038,2026-09
-67.875,-9.875,-1.8,-0.039,2026-09
-67.875,-7.875,-1.8,-0.04,2026-09
-67.875,-5.875,-1.8,-0.035,2026-09
-67.875,-3.875,-1.8,-0.038,2026-09
-67.875,-1.875,-1.8,-0.038,2026-09
-65.875,0.125,-1.8,-0.069,2026-09
-65.875,2.125,-1.8,-0.055,2026-09
-65.875,4.125,-1.8,-0.049,2026-09
-65.875,6.125,-1.8,-0.055,2026-09
-65.875,8.125,-1.8,-0.05,2026-09
-65.875,10.125,-1.8,-0.043,2026-09
-65.875,12.125,-1.8,-0.036,2026-09
-65.875,14.125,-1.8,-0.037,2026-09
-65.875,16.125,-1.8,-0.037,2026-09
-65.875,18.125,-1.8,-0.035,2026-09
-65.875,20.125,-1.8,-0.038,2026-09
-65.875,22.125,-1.8,-0.037,2026-09
-65.875,24.125,-1.797,-0.035,2026-09
-65.875,26.125,-1.778,-0.015,2026-09
-65.875,28.125,-1.774,-0.009,2026-09
-65.875,30.125,-1.779,-0.014,2026-09
-65.875,32.125,-1.793,-0.029,2026-09
-65.875,34.125,-1.8,-0.035,2026-09
-65.875,36.125,-1.8,-0.027,2026-09
-65.875,38.125,-1.797,-0.029,2026-09
-65.875,40.125,-1.773,-0.012,2026-09
-65.875,42.125,-1.762,-0.008,2026-09
-65.875,44.125,-1.766,-0.008,2026-09
-65.875,46.125,-1.786,-0.017,2026-09
-65.875,48.125,-1.783,-0.015,2026-09
-65.875,50.125,-1.753,-0.019,2026-09
-65.875,52.125,-1.712,-0.021,2026-09
-65.875,54.125,-1.67,-0.038,2026-09
-65.875,56.125,-1.741,-0.069,2026-09
-65.875,58.125,-1.8,-0.032,2026-09
-65.875,60.125,-1.8,-0.032,2026-09
-65.875,62.125,-1.8,-0.035,2026-09
-65.875,64.125,-1.8,-0.034,2026-09
-65.875,66.125,-1.799,-0.04,2026-09
-65.875,68.125,-1.797,-0.049,2026-09
-65.875,70.125,-1.782,-0.034,2026-09
-65.875,72.125,-1.799,-0.043,2026-09
-65.875,74.125,-1.8,-0.044,2026-09
-65.875,76.125,-1.798,-0.046,2026-09
-65.875,78.125,-1.798,-0.047,2026-09
-65.875,80.125,-1.782,-0.05,2026-09
-65.875,82.125,-1.8,-0.058,2026-09
-65.875,84.125,-1.8,-0.032,2026-09
-65.875,86.125,-1.752,-0.057,2026-09
-65.875,88.125,-1.799,-0.071,2026-09
-65.875,90.125,-1.791,-0.045,2026-09
-65.875,92.125,-1.707,-0.036,2026-09
-65.875,94.125,-1.638,-0.01,2026-09
-65.875,96.125,-1.582,-0.104,2026-09
-65.875,98.125,-1.706,-0.114,2026-09
-65.875,100.125,-1.729,-0.081,2026-09
-65.875,102.125,-1.795,-0.148,2026-09
-65.875,104.125,-1.772,-0.108,2026-09
-65.875,106.125,-1.8,-0.055,2026-09
-65.875,108.125,-1.774,-0.028,2026-09
-65.875,110.125,-1.683,-0.045,2026-09
-65.875,112.125,-1.706,-0.049,2026-09
-65.875,114.125,-1.742,-0.064,2026-09
-65.875,116.125,-1.798,-0.056,2026-09
-65.875,118.125,-1.8,-0.026,2026-09
-65.875,120.125,-1.773,-0.067,2026-09
-65.875,122.125,-1.794,-0.071,2026-09
-65.875,124.125,-1.708,-0.035,2026-09
-65.875,126.125,-1.754,-0.045,2026-09
-65.875,128.125,-1.755,-0.034,2026-09
-65.875,130.125,-1.797,-0.067,2026-09
-65.875,132.125,-1.707,-0.006,2026-09
-65.875,134.125,-1.659,-0.083,2026-09
-65.875,136.125,-1.753,-0.026,2026-09
-65.875,138.125,-1.789,-0.042,2026-09
-65.875,140.125,-1.763,-0.037,2026-09
-65.875,142.125,-1.739,-0.035,2026-09
-65.875,144.125,-1.795,-0.119,2026-09
-65.875,146.125,-1.759,-0.131,2026-09
-65.875,148.125,-1.73,-0.052,2026-09
-65.875,150.125,-1.791,-0.093,2026-09
-65.875,152.125,-1.764,-0.054,2026-09
-65.875,154.125,-1.761,-0.063,2026-09
-65.875,156.125,-1.74,-0.062,2026-09
-65.875,158.125,-1.725,-0.066,2026-09
-65.875,160.125,-1.746,-0.066,2026-09
-65.875,162.125,-1.702,-0.078,2026-09
-65.875,164.125,-1.732,-0.082,2026-09
-65.875,166.125,-1.74,-0.076,2026-09
-65.875,168.125,-1.761,-0.094,2026-09
-65.875,170.125,-1.771,-0.108,2026-09
-65.875,172.125,-1.768,-0.099,2026-09
-65.875,174.125,-1.749,-0.083,2026-09
-65.875,176.125,-1.728,-0.063,2026-09
-65.875,178.125,-1.693,-0.036,2026-09
-65.875,-179.875,-1.646,-0.015,2026-09
-65.875,-177.875,-1.599,0.012,2026-09
-65.875,-175.875,-1.572,0.054,2026-09
-65.875,-173.875,-1.556,0.077,2026-09
-65.875,-171.875,-1.533,0.128,2026-09
-65.875,-169.875,-1.507,0.161,2026-09
-65.875,-167.875,-1.527,0.148,2026-09
-65.875,-165.875,-1.55,0.126,2026-09
-65.875,-163.875,-1.527,0.149,2026-09
-65.875,-161.875,-1.485,0.192,2026-09
-65.875,-159.875,-1.523,0.153,2026-09
-65.875,-157.875,-1.591,0.085,2026-09
-65.875,-155.875,-1.63,0.05,2026-09
-65.875,-153.875,-1.629,0.049,2026-09
-65.875,-151.875,-1.622,0.061,2026-09
-65.875,-149.875,-1.676,0.011,2026-09
-65.875,-147.875,-1.731,-0.046,2026-09
-65.875,-145.875,-1.748,-0.064,2026-09
-65.875,-143.875,-1.769,-0.082,2026-09
-65.875,-141.875,-1.776,-0.094,2026-09
-65.875,-139.875,-1.742,-0.069,2026-09
-65.875,-137.875,-1.627,0.04,2026-09
-65.875,-135.875,-1.507,0.155,2026-09
-65.875,-133.875,-1.441,0.206,2026-09
-65.875,-131.875,-1.349,0.284,2026-09
-65.875,-129.875,-1.354,0.247,2026-09
-65.875,-127.875,-1.244,0.314,2026-09
-65.875,-125.875,-1.264,0.257,2026-09
-65.875,-123.875,-1.068,0.428,2026-09
-65.875,-121.875,-1.138,0.307,2026-09
-65.875,-119.875,-0.764,0.619,2026-09
-65.875,-117.875,-0.779,0.513,2026-09
-65.875,-115.875,-0.892,0.478,2026-09
-65.875,-113.875,-0.785,0.518,2026-09
-65.875,-111.875,-0.864,0.304,2026-09
-65.875,-109.875,-1.024,0.25,2026-09
-65.875,-107.875,-1.074,0.228,2026-09
-65.875,-105.875,-0.926,0.32,2026-09
-65.875,-103.875,-0.814,0.453,2026-09
-65.875,-101.875,-0.918,0.321,2026-09
-65.875,-99.875,-1.169,0.106,2026-09
-65.875,-97.875,-1.074,0.274,2026-09
-65.875,-95.875,-1.469,-0.162,2026-09
-65.875,-93.875,-1.505,-0.107,2026-09
-65.875,-91.875,-1.433,-0.024,2026-09
-65.875,-89.875,-1.499,-0.128,2026-09
-65.875,-87.875,-1.341,0.039,2026-09
-65.875,-85.875,-1.572,-0.135,2026-09
-65.875,-83.875,-1.594,-0.113,2026-09
-65.875,-81.875,-1.69,-0.146,2026-09
-65.875,-79.875,-1.711,-0.139,2026-09
-65.875,-77.875,-1.717,-0.122,2026-09
-65.875,-75.875,-1.707,-0.132,2026-09
-65.875,-73.875,-1.692,-0.1,2026-09
-65.875,-71.875,-1.703,-0.088,2026-09
-65.875,-69.875,-1.703,-0.038,2026-09
-65.875,-67.875,-1.582,0.098,2026-09
-65.875,-65.875,-1.435,0.195,2026-09
-65.875,-61.875,-1.568,-0.076,2026-09
-65.875,-59.875,-1.795,-0.101,2026-09
-65.875,-57.875,-1.8,-0.015,2026-09
-65.875,-55.875,-1.8,-0.013,2026-09
-65.875,-53.875,-1.8,-0.023,2026-09
-65.875,-51.875,-1.8,-0.028,2026-09
-65.875,-49.875,-1.8,-0.036,2026-09
-65.875,-47.875,-1.8,-0.05,2026-09
-65.875,-45.875,-1.8,-0.059,2026-09
-65.875,-43.875,-1.8,-0.065,2026-09
-65.875,-41.875,-1.8,-0.066,2026-09
-65.875,-39.875,-1.8,-0.067,2026-09
-65.875,-37.875,-1.8,-0.067,2026-09
-65.875,-35.875,-1.8,-0.065,2026-09
-65.875,-33.875,-1.8,-0.065,2026-09
-65.875,-31.875,-1.8,-0.063,2026-09
-65.875,-29.875,-1.8,-0.061,2026-09
-65.875,-27.875,-1.8,-0.061,2026-09
-65.875,-25.875,-1.8,-0.064,2026-09
-65.875,-23.875,-1.8,-0.062,2026-09
-65.875,-21.875,-1.8,-0.058,2026-09
-65.875,-19.875,-1.8,-0.058,2026-09
-65.875,-17.875,-1.8,-0.058,2026-09
-65.875,-15.875,-1.8,-0.056,2026-09
-65.875,-13.875,-1.8,-0.055,2026-09
-65.875,-11.875,-1.8,-0.053,2026-09
-65.875,-9.875,-1.8,-0.05,2026-09
-65.875,-7.875,-1.8,-0.048,2026-09
-65.875,-5.875,-1.8,-0.048,2026-09
-65.875,-3.875,-1.8,-0.052,2026-09
-65.875,-1.875,-1.8,-0.061,2026-09
-63.875,0.125,-1.8,-0.07,2026-09
-63.875,2.125,-1.799,-0.078,2026-09
-63.875,4.125,-1.794,-0.073,2026-09
-63.875,6.125,-1.794,-0.072,2026-09
-63.875,8.125,-1.798,-0.056,2026-09
-63.875,10.125,-1.8,-0.049,2026-09
-63.875,12.125,-1.8,-0.049,2026-09
-63.875,14.125,-1.8,-0.049,2026-09
-63.875,16.125,-1.794,-0.04,2026-09
-63.875,18.125,-1.793,-0.039,2026-09
-63.875,20.125,-1.782,-0.032,2026-09
-63.875,22.125,-1.782,-0.034,2026-09
-63.875,24.125,-1.779,-0.029,2026-09
-63.875,26.125,-1.784,-0.035,2026-09
-63.875,28.125,-1.749,0.002,2026-09
-63.875,30.125,-1.76,-0.013,2026-09
-63.875,32.125,-1.746,-0.001,2026-09
-63.875,34.125,-1.755,-0.009,2026-09
-63.875,36.125,-1.768,-0.02,2026-09
-63.875,38.125,-1.761,-0.012,2026-09
-63.875,40.125,-1.674,0.075,2026-09
-63.875,42.125,-1.657,0.09,2026-09
-63.875,44.125,-1.669,0.072,2026-09
-63.875,46.125,-1.684,0.055,2026-09
-63.875,48.125,-1.709,0.023,2026-09
-63.875,50.125,-1.704,0.018,2026-09
-63.875,52.125,-1.699,0.01,2026-09
-63.875,54.125,-1.706,-0.004,2026-09
-63.875,56.125,-1.702,0.011,2026-09
-63.875,58.125,-1.707,0.014,2026-09
-63.875,60.125,-1.739,-0.022,2026-09
-63.875,62.125,-1.741,-0.027,2026-09
-63.875,64.125,-1.746,-0.048,2026-09
-63.875,66.125,-1.753,-0.047,2026-09
-63.875,68.125,-1.758,-0.042,2026-09
-63.875,70.125,-1.734,-0.028,2026-09
-63.875,72.125,-1.699,-0.001,2026-09
-63.875,74.125,-1.731,-0.06,2026-09
-63.875,76.125,-1.752,-0.06,2026-09
-63.875,78.125,-1.741,-0.068,2026-09
-63.875,80.125,-1.736,-0.052,2026-09
-63.875,82.125,-1.754,-0.065,2026-09
-63.875,84.125,-1.778,-0.066,2026-09
-63.875,86.125,-1.772,-0.045,2026-09
-63.875,88.125,-1.751,-0.022,2026-09
-63.875,90.125,-1.721,-0.005,2026-09
-63.875,92.125,-1.709,0.016,2026-09
-63.875,94.125,-1.743,-0.014,2026-09
-63.875,96.125,-1.772,-0.039,2026-09
-63.875,98.125,-1.797,-0.066,2026-09
-63.875,100.125,-1.8,-0.04,2026-09
-63.875,102.125,-1.765,-0.008,2026-09
-63.875,104.125,-1.758,-0.008,2026-09
-63.875,106.125,-1.769,-0.029,2026-09
-63.875,108.125,-1.724,0.004,2026-09
-63.875,110.125,-1.676,0.019,2026-09
-63.875,112.125,-1.721,-0.019,2026-09
-63.875,114.125,-1.775,-0.062,2026-09
-63.875,116.125,-1.757,-0.037,2026-09
-63.875,118.125,-1.619,0.067,2026-09
-63.875,120.125,-1.528,0.115,2026-09
-63.875,122.125,-1.493,0.128,2026-09
-63.875,124.125,-1.544,0.061,2026-09
-63.875,126.125,-1.549,0.036,2026-09
-63.875,128.125,-1.51,0.085,2026-09
-63.875,130.125,-1.561,0.032,2026-09
-63.875,132.125,-1.516,0.075,2026-09
-63.875,134.125,-1.506,0.087,2026-09
-63.875,136.125,-1.553,0.1,2026-09
-63.875,138.125,-1.518,0.071,2026-09
-63.875,140.125,-1.539,0.024,2026-09
-63.875,142.125,-1.584,-0.048,2026-09
-63.875,144.125,-1.635,-0.108,2026-09
-63.875,146.125,-1.64,-0.12,2026-09
-63.875,148.125,-1.668,-0.161,2026-09
-63.875,150.125,-1.71,-0.192,2026-09
-63.875,152.125,-1.7,-0.185,2026-09
-63.875,154.125,-1.67,-0.143,2026-09
-63.875,156.125,-1.635,-0.116,2026-09
-63.875,158.125,-1.63,-0.091,2026-09
-63.875,160.125,-1.626,-0.074,2026-09
-63.875,162.125,-1.662,-0.086,2026-09
-63.875,164.125,-1.677,-0.107,2026-09
-63.875,166.125,-1.636,-0.065,2026-09
-63.875,168.125,-1.595,-0.053,2026-09
-63.875,170.125,-1.599,-0.096,2026-09
-63.875,172.125,-1.621,-0.112,2026-09
-63.875,174.125,-1.609,-0.092,2026-09
-63.875,176.125,-1.096,0.252,2026-09
-63.875,178.125,-0.7,0.524,2026-09
-63.875,-179.875,-0.149,1.038,2026-09
-63.875,-177.875,-0.636,0.543,2026-09
-63.875,-175.875,-1.059,0.233,2026-09
-63.875,-173.875,-1.226,0.165,2026-09
-63.875,-171.875,-1.343,0.082,2026-09
-63.875,-169.875,-1.338,0.119,2026-09
-63.875,-167.875,-1.407,0.084,2026-09
-63.875,-165.875,-1.427,0.089,2026-09
-63.875,-163.875,-1.39,0.139,2026-09
-63.875,-161.875,-1.334,0.214,2026-09
-63.875,-159.875,-1.395,0.173,2026-09
-63.875,-157.875,-1.364,0.212,2026-09
-63.875,-155.875,-1.476,0.124,2026-09
-63.875,-153.875,-1.586,0.022,2026-09
-63.875,-151.875,-1.609,0.018,2026-09
-63.875,-149.875,-1.657,-0.019,2026-09
-63.875,-147.875,-1.647,-0.003,2026-09
-63.875,-145.875,-1.711,-0.06,2026-09
-63.875,-143.875,-1.73,-0.096,2026-09
-63.875,-141.875,-1.671,-0.062,2026-09
-63.875,-139.875,-1.371,0.202,2026-09
-63.875,-137.875,-1.312,0.228,2026-09
-63.875,-135.875,-1.084,0.384,2026-09
-63.875,-133.875,-0.768,0.583,2026-09
-63.875,-131.875,-0.316,0.898,2026-09
-63.875,-129.875,-0.405,0.604,2026-09
-63.875,-127.875,0.249,1.084,2026-09
-63.875,-125.875,0.517,1.185,2026-09
-63.875,-123.875,0.428,0.922,2026-09
-63.875,-121.875,0.121,0.61,2026-09
-63.875,-119.875,0.224,0.683,2026-09
-63.875,-117.875,0.136,0.57,2026-09
-63.875,-115.875,0.342,0.453,2026-09
-63.875,-113.875,1.093,0.91,2026-09
-63.875,-111.875,1.376,1.002,2026-09
-63.875,-109.875,1.023,0.696,2026-09
-63.875,-107.875,0.562,0.616,2026-09
-63.875,-105.875,0.776,0.917,2026-09
-63.875,-103.875,-0.006,0.064,2026-09
-63.875,-101.875,0.106,0.4,2026-09
-63.875,-99.875,1.002,1.175,2026-09
-63.875,-97.875,0.33,0.449,2026-09
-63.875,-95.875,0.592,0.825,2026-09
-63.875,-93.875,0.27,0.45,2026-09
-63.875,-91.875,-0.431,0.151,2026-09
-63.875,-89.875,1.071,1.188,2026-09
-63.875,-87.875,0.989,1.062,2026-09
-63.875,-85.875,0.681,0.975,2026-09
-63.875,-83.875,-0.089,0.369,2026-09
-63.875,-81.875,0.969,1.765,2026-09
-63.875,-79.875,-1.348,-0.362,2026-09
-63.875,-77.875,-1.286,-0.302,2026-09
-63.875,-75.875,-1.593,-0.223,2026-09
-63.875,-73.875,-1.647,-0.265,2026-09
-63.875,-71.875,-1.685,-0.226,2026-09
-63.875,-69.875,-1.682,-0.204,2026-09
-63.875,-67.875,-1.682,-0.157,2026-09
-63.875,-65.875,-1.584,-0.035,2026-09
-63.875,-63.875,-0.836,0.617,2026-09
-63.875,-61.875,-0.76,0.609,2026-09
-63.875,-59.875,-1.075,0.336,2026-09
-63.875,-55.875,-1.8,-0.18,2026-09
-63.875,-53.875,-1.799,-0.149,2026-09
-63.875,-51.875,-1.8,-0.092,2026-09
-63.875,-49.875,-1.8,-0.078,2026-09
-63.875,-47.875,-1.8,-0.078,2026-09
-63.875,-45.875,-1.8,-0.083,2026-09
-63.875,-43.875,-1.8,-0.092,2026-09
-63.875,-41.875,-1.8,-0.094,2026-09
-63.875,-39.875,-1.8,-0.099,2026-09
-63.875,-37.875,-1.8,-0.098,2026-09
-63.875,-35.875,-1.8,-0.097,2026-09
-63.875,-33.875,-1.8,-0.093,2026-09
-63.875,-31.875,-1.8,-0.093,2026-09
-63.875,-29.875,-1.8,-0.091,2026-09
-63.875,-27.875,-1.8,-0.086,2026-09
-63.875,-25.875,-1.8,-0.086,2026-09
-63.875,-23.875,-1.8,-0.083,2026-09
-63.875,-21.875,-1.8,-0.08,2026-09
-63.875,-19.875,-1.8,-0.082,2026-09
-63.875,-17.875,-1.8,-0.078,2026-09
-63.875,-15.875,-1.8,-0.076,2026-09
-63.875,-13.875,-1.8,-0.078,2026-09
-63.875,-11.875,-1.8,-0.074,2026-09
-63.875,-9.875,-1.8,-0.067,2026-09
-63.875,-7.875,-1.8,-0.062,2026-09
-63.875,-5.875,-1.8,-0.061,2026-09
-63.875,-3.875,-1.8,-0.062,2026-09
-63.875,-1.875,-1.8,-0.062,2026-09
-61.875,0.125,-1.792,-0.056,2026-09
-61.875,2.125,-1.789,-0.048,2026-09
-61.875,4.125,-1.8,-0.058,2026-09
-61.875,6.125,-1.8,-0.058,2026-09
-61.875,8.125,-1.8,-0.057,2026-09
-61.875,10.125,-1.8,-0.057,2026-09
-61.875,12.125,-1.79,-0.048,2026-09
-61.875,14.125,-1.79,-0.045,2026-09
-61.875,16.125,-1.786,-0.042,2026-09
-61.875,18.125,-1.771,-0.03,2026-09
-61.875,20.125,-1.764,-0.031,2026-09
-61.875,22.125,-1.783,-0.05,2026-09
-61.875,24.125,-1.741,-0.016,2026-09
-61.875,26.125,-1.66,0.061,2026-09
-61.875,28.125,-1.678,0.032,2026-09
-61.875,30.125,-1.665,0.05,2026-09
-61.875,32.125,-1.645,0.072,2026-09
-61.875,34.125,-1.68,0.037,2026-09
-61.875,36.125,-1.722,-0.001,2026-09
-61.875,38.125,-1.686,0.032,2026-09
-61.875,40.125,-1.612,0.098,2026-09
-61.875,42.125,-1.541,0.165,2026-09
-61.875,44.125,-1.558,0.164,2026-09
-61.875,46.125,-1.504,0.213,2026-09
-61.875,48.125,-1.437,0.275,2026-09
-61.875,50.125,-1.423,0.293,2026-09
-61.875,52.125,-1.534,0.182,2026-09
-61.875,54.125,-1.572,0.142,2026-09
-61.875,56.125,-1.541,0.17,2026-09
-61.875,58.125,-1.592,0.11,2026-09
-61.875,60.125,-1.609,0.089,2026-09
-61.875,62.125,-1.59,0.111,2026-09
-61.875,64.125,-1.569,0.123,2026-09
-61.875,66.125,-1.492,0.206,2026-09
-61.875,68.125,-1.638,0.06,2026-09
-61.875,70.125,-1.687,0.001,2026-09
-61.875,72.125,-1.709,-0.03,2026-09
-61.875,74.125,-1.717,-0.051,2026-09
-61.875,76.125,-1.714,-0.053,2026-09
-61.875,78.125,-1.713,-0.062,2026-09
-61.875,80.125,-1.681,-0.022,2026-09
-61.875,82.125,-1.665,-0.016,2026-09
-61.875,84.125,-1.68,-0.055,2026-09
-61.875,86.125,-1.695,-0.024,2026-09
-61.875,88.125,-1.643,0.01,2026-09
-61.875,90.125,-1.588,0.037,2026-09
-61.875,92.125,-1.585,0.041,2026-09
-61.875,94.125,-1.646,0.008,2026-09
-61.875,96.125,-1.67,-0.007,2026-09
-61.875,98.125,-1.639,0.005,2026-09
-61.875,100.125,-1.58,0.033,2026-09
-61.875,102.125,-1.563,0.021,2026-09
-61.875,104.125,-1.518,0.053,2026-09
-61.875,106.125,-1.523,0.047,2026-09
-61.875,108.125,-1.479,0.079,2026-09
-61.875,110.125,-1.482,0.064,2026-09
-61.875,112.125,-1.461,0.047,2026-09
-61.875,114.125,-1.342,0.129,2026-09
-61.875,116.125,-1.198,0.23,2026-09
-61.875,118.125,-1.147,0.3,2026-09
-61.875,120.125,-1.175,0.26,2026-09
-61.875,122.125,-1.086,0.351,2026-09
-61.875,124.125,-0.731,0.663,2026-09
-61.875,126.125,-0.534,0.712,2026-09
-61.875,128.125,-0.4,0.658,2026-09
-61.875,130.125,0.108,1.041,2026-09
-61.875,132.125,-0.222,0.699,2026-09
-61.875,134.125,-0.349,0.792,2026-09
-61.875,136.125,-0.431,0.68,2026-09
-61.875,138.125,-0.364,0.839,2026-09
-61.875,140.125,-0.337,0.758,2026-09
-61.875,142.125,-0.117,0.939,2026-09
-61.875,144.125,-0.497,0.658,2026-09
-61.875,146.125,-0.585,0.579,2026-09
-61.875,148.125,-0.921,0.268,2026-09
-61.875,150.125,-0.995,0.29,2026-09
-61.875,152.125,-1.396,-0.021,2026-09
-61.875,154.125,-1.309,0.017,2026-09
-61.875,156.125,-1.276,0.02,2026-09
-61.875,158.125,-1.03,0.201,2026-09
-61.875,160.125,-1.349,-0.062,2026-09
-61.875,162.125,-1.066,0.111,2026-09
-61.875,164.125,-0.679,0.338,2026-09
-61.875,166.125,0.342,1.227,2026-09
-61.875,168.125,0.51,1.033,2026-09
-61.875,170.125,1.143,1.17,2026-09
-61.875,172.125,2.202,1.268,2026-09
-61.875,174.125,1.909,0.617,2026-09
-61.875,176.125,2.029,1.16,2026-09
-61.875,178.125,1.054,0.541,2026-09
-61.875,-179.875,2.009,1.421,2026-09
-61.875,-177.875,1.505,1.173,2026-09
-61.875,-175.875,0.955,0.903,2026-09
-61.875,-173.875,0.233,0.417,2026-09
-61.875,-171.875,0.312,0.734,2026-09
-61.875,-169.875,-0.835,0.012,2026-09
-61.875,-167.875,-0.734,0.276,2026-09
-61.875,-165.875,-0.981,-0.077,2026-09
-61.875,-163.875,-0.56,0.516,2026-09
-61.875,-161.875,-1.154,-0.06,2026-09
-61.875,-159.875,-0.487,0.466,2026-09
-61.875,-157.875,-0.643,0.428,2026-09
-61.875,-155.875,-1.215,0.011,2026-09
-61.875,-153.875,-1.341,-0.01,2026-09
-61.875,-151.875,-1.491,-0.037,2026-09
-61.875,-149.875,-1.559,-0.035,2026-09
-61.875,-147.875,-1.615,-0.072,2026-09
-61.875,-145.875,-1.583,-0.052,2026-09
-61.875,-143.875,-1.386,0.115,2026-09
-61.875,-141.875,-1.236,0.136,2026-09
-61.875,-139.875,-1.198,0.088,2026-09
-61.875,-137.875,-0.863,0.206,2026-09
-61.875,-135.875,-0.489,0.393,2026-09
-61.875,-133.875,0.004,0.698,2026-09
-61.875,-131.875,0.189,0.749,2026-09
-61.875,-129.875,0.453,0.839,2026-09
-61.875,-127.875,0.463,0.596,2026-09
-61.875,-125.875,1.238,0.946,2026-09
-61.875,-123.875,0.844,0.32,2026-09
-61.875,-121.875,0.769,0.204,2026-09
-61.875,-119.875,1.199,0.509,2026-09
-61.875,-117.875,1.628,0.718,2026-09
-61.875,-115.875,1.633,0.58,2026-09
-61.875,-113.875,1.861,0.636,2026-09
-61.875,-111.875,1.81,0.651,2026-09
-61.875,-109.875,1.412,0.295,2026-09
-61.875,-107.875,1.445,0.344,2026-09
-61.875,-105.875,1.494,0.522,2026-09
-61.875,-103.875,1.331,0.342,2026-09
-61.875,-101.875,1.028,-0.111,2026-09
-61.875,-99.875,1.586,0.261,2026-09
-61.875,-97.875,2.344,0.778,2026-09
-61.875,-95.875,2.39,0.787,2026-09
-61.875,-93.875,1.831,0.532,2026-09
-61.875,-91.875,2.291,1.084,2026-09
-61.875,-89.875,2.43,1.481,2026-09
-61.875,-87.875,1.431,0.028,2026-09
-61.875,-85.875,2.45,0.981,2026-09
-61.875,-83.875,2.486,1.049,2026-09
-61.875,-81.875,2.05,0.525,2026-09
-61.875,-79.875,2.626,0.856,2026-09
-61.875,-77.875,2.585,0.691,2026-09
-61.875,-75.875,2.218,0.442,2026-09
-61.875,-73.875,1.143,0.121,2026-09
-61.875,-71.875,1.15,0.896,2026-09
-61.875,-69.875,-1.068,-0.69,2026-09
-61.875,-67.875,-1.49,-0.375,2026-09
-61.875,-65.875,-1.549,-0.274,2026-09
-61.875,-63.875,-1.552,-0.238,2026-09
-61.875,-61.875,-1.282,0.109,2026-09
-61.875,-59.875,-0.905,0.469,2026-09
-61.875,-57.875,-0.785,0.536,2026-09
-61.875,-55.875,-1.073,0.311,2026-09
-61.875,-53.875,-1.474,-0.034,2026-09
-61.875,-51.875,-1.702,-0.142,2026-09
-61.875,-49.875,-1.769,-0.134,2026-09
-61.875,-47.875,-1.778,-0.121,2026-09
-61.875,-45.875,-1.78,-0.103,2026-09
-61.875,-43.875,-1.777,-0.097,2026-09
-61.875,-41.875,-1.775,-0.097,2026-09
-61.875,-39.875,-1.776,-0.093,2026-09
-61.875,-37.875,-1.777,-0.104,2026-09
-61.875,-35.875,-1.774,-0.093,2026-09
-61.875,-33.875,-1.764,-0.076,2026-09
-61.875,-31.875,-1.763,-0.068,2026-09
-61.875,-29.875,-1.781,-0.084,2026-09
-61.875,-27.875,-1.796,-0.098,2026-09
-61.875,-25.875,-1.799,-0.103,2026-09
-61.875,-23.875,-1.797,-0.106,2026-09
-61.875,-21.875,-1.798,-0.106,2026-09
-61.875,-19.875,-1.8,-0.105,2026-09
-61.875,-17.875,-1.796,-0.099,2026-09
-61.875,-15.875,-1.799,-0.102,2026-09
-61.875,-13.875,-1.8,-0.099,2026-09
-61.875,-11.875,-1.8,-0.1,2026-09
-61.875,-9.875,-1.8,-0.092,2026-09
-61.875,-7.875,-1.8,-0.083,2026-09
-61.875,-5.875,-1.8,-0.079,2026-09
-61.875,-3.875,-1.8,-0.074,2026-09
-61.875,-1.875,-1.8,-0.069,2026-09
-59.875,0.125,-1.793,-0.068,2026-09
-59.875,2.125,-1.782,-0.055,2026-09
-59.875,4.125,-1.791,-0.057,2026-09
-59.875,6.125,-1.793,-0.056,2026-09
-59.875,8.125,-1.787,-0.05,2026-09
-59.875,10.125,-1.772,-0.035,2026-09
-59.875,12.125,-1.775,-0.038,2026-09
-59.875,14.125,-1.779,-0.044,2026-09
-59.875,16.125,-1.755,-0.024,2026-09
-59.875,18.125,-1.738,-0.013,2026-09
-59.875,20.125,-1.706,0.004,2026-09
-59.875,22.125,-1.594,0.073,2026-09
-59.875,24.125,-1.528,0.089,2026-09
-59.875,26.125,-1.41,0.151,2026-09
-59.875,28.125,-1.415,0.113,2026-09
-59.875,30.125,-1.467,0.097,2026-09
-59.875,32.125,-1.297,0.29,2026-09
-59.875,34.125,-0.868,0.657,2026-09
-59.875,36.125,-0.875,0.628,2026-09
-59.875,38.125,-1.122,0.386,2026-09
-59.875,40.125,-1.205,0.287,2026-09
-59.875,42.125,-1.319,0.174,2026-09
-59.875,44.125,-0.806,0.641,2026-09
-59.875,46.125,-0.741,0.717,2026-09
-59.875,48.125,-0.588,0.853,2026-09
-59.875,50.125,-0.374,1.115,2026-09
-59.875,52.125,-0.851,0.622,2026-09
-59.875,54.125,-0.979,0.516,2026-09
-59.875,56.125,-0.988,0.513,2026-09
-59.875,58.125,-1.043,0.455,2026-09
-59.875,60.125,-0.743,0.701,2026-09
-59.875,62.125,-0.693,0.739,2026-09
-59.875,64.125,-0.711,0.729,2026-09
-59.875,66.125,-0.498,0.928,2026-09
-59.875,68.125,-0.775,0.669,2026-09
-59.875,70.125,-0.804,0.734,2026-09
-59.875,72.125,-1.229,0.383,2026-09
-59.875,74.125,-1.591,0.063,2026-09
-59.875,76.125,-1.61,0.046,2026-09
-59.875,78.125,-1.624,0.003,2026-09
-59.875,80.125,-1.677,-0.059,2026-09
-59.875,82.125,-1.664,-0.045,2026-09
-59.875,84.125,-1.618,-0.064,2026-09
-59.875,86.125,-1.113,0.255,2026-09
-59.875,88.125,-0.433,0.737,2026-09
-59.875,90.125,-1.078,0.277,2026-09
-59.875,92.125,-0.878,0.455,2026-09
-59.875,94.125,-0.711,0.614,2026-09
-59.875,96.125,-1.004,0.351,2026-09
-59.875,98.125,-1.341,0.058,2026-09
-59.875,100.125,-1.32,0.043,2026-09
-59.875,102.125,-1.324,-0.034,2026-09
-59.875,104.125,-0.416,0.633,2026-09
-59.875,106.125,-0.971,0.217,2026-09
-59.875,108.125,-0.478,0.543,2026-09
-59.875,110.125,-0.243,0.647,2026-09
-59.875,112.125,-0.562,0.279,2026-09
-59.875,114.125,-0.355,0.296,2026-09
-59.875,116.125,0.304,0.702,2026-09
-59.875,118.125,0.283,0.756,2026-09
-59.875,120.125,-0.25,0.239,2026-09
-59.875,122.125,0.329,0.617,2026-09
-59.875,124.125,0.249,0.574,2026-09
-59.875,126.125,0.387,0.612,2026-09
-59.875,128.125,0.368,0.368,2026-09
-59.875,130.125,0.444,0.204,2026-09
-59.875,132.125,0.829,0.579,2026-09
-59.875,134.125,0.659,0.46,2026-09
-59.875,136.125,0.43,0.307,2026-09
-59.875,138.125,0.626,0.649,2026-09
-59.875,140.125,0.396,0.585,2026-09
-59.875,142.125,0.584,0.451,2026-09
-59.875,144.125,0.681,0.531,2026-09
-59.875,146.125,0.497,0.572,2026-09
-59.875,148.125,-0.059,0.548,2026-09
-59.875,150.125,-0.557,0.59,2026-09
-59.875,152.125,0.08,1.079,2026-09
-59.875,154.125,0.417,0.978,2026-09
-59.875,156.125,0.368,0.704,2026-09
-59.875,158.125,0.766,0.891,2026-09
-59.875,160.125,0.561,0.657,2026-09
-59.875,162.125,2.196,1.241,2026-09
-59.875,164.125,2.749,1.257,2026-09
-59.875,166.125,2.368,0.589,2026-09
-59.875,168.125,2.684,0.293,2026-09
-59.875,170.125,3.267,0.264,2026-09
-59.875,172.125,4.418,1.089,2026-09
-59.875,174.125,4.33,1.414,2026-09
-59.875,176.125,2.936,0.488,2026-09
-59.875,178.125,4.05,1.489,2026-09
-59.875,-179.875,2.971,0.722,2026-09
-59.875,-177.875,1.746,0.11,2026-09
-59.875,-175.875,2.325,0.604,2026-09
-59.875,-173.875,2.321,0.53,2026-09
-59.875,-171.875,2.499,0.739,2026-09
-59.875,-169.875,2.078,0.409,2026-09
-59.875,-167.875,1.68,0.115,2026-09
-59.875,-165.875,1.501,0.15,2026-09
-59.875,-163.875,1.367,0.364,2026-09
-59.875,-161.875,0.768,0.073,2026-09
-59.875,-159.875,0.886,0.315,2026-09
-59.875,-157.875,0.657,0.485,2026-09
-59.875,-155.875,0.67,0.943,2026-09
-59.875,-153.875,-0.803,0.204,2026-09
-59.875,-151.875,-1.146,0.033,2026-09
-59.875,-149.875,-1.272,0.025,2026-09
-59.875,-147.875,-1.327,-0.019,2026-09
-59.875,-145.875,-1.085,0.114,2026-09
-59.875,-143.875,-0.947,0.106,2026-09
-59.875,-141.875,-0.521,0.34,2026-09
-59.875,-139.875,-0.4,0.274,2026-09
-59.875,-137.875,-0.101,0.387,2026-09
-59.875,-135.875,0.057,0.376,2026-09
-59.875,-133.875,0.403,0.525,2026-09
-59.875,-131.875,0.878,0.759,2026-09
-59.875,-129.875,1.023,0.665,2026-09
-59.875,-127.875,1.373,0.491,2026-09
-59.875,-125.875,2.39,1.055,2026-09
-59.875,-123.875,2.761,1.288,2026-09
-59.875,-121.875,2.106,0.747,2026-09
-59.875,-119.875,2.392,0.76,2026-09
-59.875,-117.875,2.538,0.753,2026-09
-59.875,-115.875,2.764,0.855,2026-09
-59.875,-113.875,2.503,0.442,2026-09
-59.875,-111.875,2.225,0.04,2026-09
-59.875,-109.875,2.11,0.114,2026-09
-59.875,-107.875,3.062,0.953,2026-09
-59.875,-105.875,3.59,1.238,2026-09
-59.875,-103.875,2.485,-0.077,2026-09
-59.875,-101.875,3.532,0.677,2026-09
-59.875,-99.875,3.579,0.596,2026-09
-59.875,-97.875,2.699,-0.127,2026-09
-59.875,-95.875,3.635,0.894,2026-09
-59.875,-93.875,3.343,0.708,2026-09
-59.875,-91.875,3.078,0.358,2026-09
-59.875,-89.875,2.933,0.127,2026-09
-59.875,-87.875,3.515,0.567,2026-09
-59.875,-85.875,3.548,0.32,2026-09
-59.875,-83.875,3.649,0.342,2026-09
-59.875,-81.875,4.508,0.962,2026-09
-59.875,-79.875,4.523,1.05,2026-09
-59.875,-77.875,4.175,0.874,2026-09
-59.875,-75.875,3.026,-0.14,2026-09
-59.875,-73.875,3.238,0.071,2026-09
-59.875,-71.875,3.04,0.459,2026-09
-59.875,-69.875,3.019,0.823,2026-09
-59.875,-67.875,2.68,1.378,2026-09
-59.875,-65.875,-0.951,-1.051,2026-09
-59.875,-63.875,-1.331,-0.316,2026-09
-59.875,-61.875,-1.278,-0.275,2026-09
-59.875,-59.875,-1.162,-0.138,2026-09
-59.875,-57.875,-0.992,0.121,2026-09
-59.875,-55.875,-0.676,0.442,2026-09
-59.875,-53.875,-0.606,0.482,2026-09
-59.875,-51.875,-0.686,0.404,2026-09
-59.875,-49.875,-1.042,0.167,2026-09
-59.875,-47.875,-1.338,0.021,2026-09
-59.875,-45.875,-1.323,-0.018,2026-09
-59.875,-43.875,-1.542,-0.09,2026-09
-59.875,-41.875,-1.714,-0.181,2026-09
-59.875,-39.875,-1.727,-0.115,2026-09
-59.875,-37.875,-1.741,-0.103,2026-09
-59.875,-35.875,-1.726,-0.079,2026-09
-59.875,-33.875,-1.712,-0.059,2026-09
-59.875,-31.875,-1.727,-0.055,2026-09
-59.875,-29.875,-1.737,-0.052,2026-09
-59.875,-27.875,-1.753,-0.074,2026-09
-59.875,-25.875,-1.754,-0.072,2026-09
-59.875,-23.875,-1.73,-0.134,2026-09
-59.875,-21.875,-1.723,-0.121,2026-09
-59.875,-19.875,-1.725,-0.107,2026-09
-59.875,-17.875,-1.731,-0.102,2026-09
-59.875,-15.875,-1.762,-0.108,2026-09
-59.875,-13.875,-1.794,-0.112,2026-09
-59.875,-11.875,-1.799,-0.108,2026-09
-59.875,-9.875,-1.797,-0.1,2026-09
-59.875,-7.875,-1.794,-0.093,2026-09
-59.875,-5.875,-1.786,-0.08,2026-09
-59.875,-3.875,-1.766,-0.053,2026-09
-59.875,-1.875,-1.783,-0.074,2026-09
-57.875,0.125,-1.671,-0.029,2026-09
-57.875,2.125,-1.706,-0.039,2026-09
-57.875,4.125,-1.714,-0.021,2026-09
-57.875,6.125,-1.739,-0.028,2026-09
-57.875,8.125,-1.759,-0.045,2026-09
-57.875,10.125,-1.758,-0.039,2026-09
-57.875,12.125,-1.756,-0.043,2026-09
-57.875,14.125,-1.712,-0.006,2026-09
-57.875,16.125,-1.665,0.031,2026-09
-57.875,18.125,-1.651,0.04,2026-09
-57.875,20.125,-1.586,0.084,2026-09
-57.875,22.125,-1.119,0.435,2026-09
-57.875,24.125,-0.365,0.932,2026-09
-57.875,26.125,-0.578,0.494,2026-09
-57.875,28.125,0.092,0.892,2026-09
-57.875,30.125,0.062,0.839,2026-09
-57.875,32.125,-0.102,0.606,2026-09
-57.875,34.125,-0.467,0.214,2026-09
-57.875,36.125,-0.128,0.65,2026-09
-57.875,38.125,-0.185,0.558,2026-09
-57.875,40.125,-0.617,0.259,2026-09
-57.875,42.125,-0.551,0.497,2026-09
-57.875,44.125,-0.273,0.606,2026-09
-57.875,46.125,0.321,1.045,2026-09
-57.875,48.125,0.018,0.621,2026-09
-57.875,50.125,-0.101,0.484,2026-09
-57.875,52.125,0.083,0.732,2026-09
-57.875,54.125,0.007,0.845,2026-09
-57.875,56.125,-0.082,0.677,2026-09
-57.875,58.125,-0.201,0.518,2026-09
-57.875,60.125,0.413,0.965,2026-09
-57.875,62.125,0.356,0.891,2026-09
-57.875,64.125,0.817,1.031,2026-09
-57.875,66.125,0.621,0.74,2026-09
-57.875,68.125,0.662,0.962,2026-09
-57.875,70.125,-0.08,0.529,2026-09
-57.875,72.125,-0.419,0.574,2026-09
-57.875,74.125,-0.119,1.006,2026-09
-57.875,76.125,-0.942,0.513,2026-09
-57.875,78.125,-0.768,0.623,2026-09
-57.875,80.125,-1.103,0.308,2026-09
-57.875,82.125,-1.491,-0.027,2026-09
-57.875,84.125,-0.096,0.969,2026-09
-57.875,86.125,0.357,0.535,2026-09
-57.875,88.125,0.508,0.741,2026-09
-57.875,90.125,0.434,0.83,2026-09
-57.875,92.125,0.089,0.525,2026-09
-57.875,94.125,0.015,0.524,2026-09
-57.875,96.125,-0.645,0.167,2026-09
-57.875,98.125,-0.236,0.552,2026-09
-57.875,100.125,-0.519,0.456,2026-09
-57.875,102.125,-0.215,0.495,2026-09
-57.875,104.125,0.138,0.461,2026-09
-57.875,106.125,0.186,0.339,2026-09
-57.875,108.125,-0.036,-0.138,2026-09
-57.875,110.125,0.893,0.774,2026-09
-57.875,112.125,0.761,0.471,2026-09
-57.875,114.125,0.614,0.306,2026-09
-57.875,116.125,0.779,0.287,2026-09
-57.875,118.125,0.663,-0.048,2026-09
-57.875,120.125,0.713,-0.125,2026-09
-57.875,122.125,1.393,0.526,2026-09
-57.875,124.125,1.163,0.094,2026-09
-57.875,126.125,0.855,-0.198,2026-09
-57.875,128.125,1.74,0.663,2026-09
-57.875,130.125,1.441,0.457,2026-09
-57.875,132.125,1.325,0.226,2026-09
-57.875,134.125,1.531,0.296,2026-09
-57.875,136.125,1.749,0.598,2026-09
-57.875,138.125,1.793,0.52,2026-09
-57.875,140.125,1.715,0.49,2026-09
-57.875,142.125,1.487,0.507,2026-09
-57.875,144.125,0.958,0.555,2026-09
-57.875,146.125,0.842,0.757,2026-09
-57.875,148.125,0.048,0.676,2026-09
-57.875,150.125,1.358,1.188,2026-09
-57.875,152.125,0.671,0.496,2026-09
-57.875,154.125,1.749,0.824,2026-09
-57.875,156.125,1.315,0.558,2026-09
-57.875,158.125,3.539,1.758,2026-09
-57.875,160.125,1.749,0.361,2026-09
-57.875,162.125,1.491,0.125,2026-09
-57.875,164.125,3.293,0.383,2026-09
-57.875,166.125,4.848,0.538,2026-09
-57.875,168.125,4.42,-0.478,2026-09
-57.875,170.125,5.438,0.256,2026-09
-57.875,172.125,5.342,0.302,2026-09
-57.875,174.125,5.17,0.222,2026-09
-57.875,176.125,5.034,0.639,2026-09
-57.875,178.125,4.726,0.872,2026-09
-57.875,-179.875,4.864,0.897,2026-09
-57.875,-177.875,4.495,0.684,2026-09
-57.875,-175.875,5.02,1.218,2026-09
-57.875,-173.875,4.527,0.936,2026-09
-57.875,-171.875,3.393,0.047,2026-09
-57.875,-169.875,3.07,0.209,2026-09
-57.875,-167.875,2.663,0.069,2026-09
-57.875,-165.875,2.865,0.306,2026-09
-57.875,-163.875,2.94,0.548,2026-09
-57.875,-161.875,2.179,0.252,2026-09
-57.875,-159.875,1.965,0.448,2026-09
-57.875,-157.875,1.295,0.197,2026-09
-57.875,-155.875,1.743,0.89,2026-09
-57.875,-153.875,0.526,-0.015,2026-09
-57.875,-151.875,0.226,0.309,2026-09
-57.875,-149.875,-0.052,0.519,2026-09
-57.875,-147.875,-0.913,0.085,2026-09
-57.875,-145.875,-0.92,0.097,2026-09
-57.875,-143.875,0.102,0.648,2026-09
-57.875,-141.875,0.363,0.686,2026-09
-57.875,-139.875,0.47,0.37,2026-09
-57.875,-137.875,0.313,-0.109,2026-09
-57.875,-135.875,0.889,-0.099,2026-09
-57.875,-133.875,2.131,0.379,2026-09
-57.875,-131.875,2.33,0.229,2026-09
-57.875,-129.875,3.322,1.035,2026-09
-57.875,-127.875,2.264,-0.349,2026-09
-57.875,-125.875,3.694,0.842,2026-09
-57.875,-123.875,3.993,1.004,2026-09
-57.875,-121.875,4.969,1.956,2026-09
-57.875,-119.875,4.607,1.548,2026-09
-57.875,-117.875,5.123,2.011,2026-09
-57.875,-115.875,4.004,0.737,2026-09
-57.875,-113.875,4.737,1.317,2026-09
-57.875,-111.875,3.993,0.533,2026-09
-57.875,-109.875,4.771,1.127,2026-09
-57.875,-107.875,4.149,0.253,2026-09
-57.875,-105.875,4.798,0.724,2026-09
-57.875,-103.875,4.718,0.595,2026-09
-57.875,-101.875,4.582,0.667,2026-09
-57.875,-99.875,4.502,0.44,2026-09
-57.875,-97.875,4.653,0.582,2026-09
-57.875,-95.875,4.179,0.097,2026-09
-57.875,-93.875,3.848,0.134,2026-09
-57.875,-91.875,4.559,0.523,2026-09
-57.875,-89.875,5.018,0.714,2026-09
-57.875,-87.875,4.991,0.632,2026-09
-57.875,-85.875,5.086,0.795,2026-09
-57.875,-83.875,5.161,0.736,2026-09
-57.875,-81.875,5.037,0.606,2026-09
-57.875,-79.875,5.193,0.841,2026-09
-57.875,-77.875,5.138,0.692,2026-09
-57.875,-75.875,4.856,0.334,2026-09
-57.875,-73.875,4.764,0.195,2026-09
-57.875,-71.875,5.069,0.518,2026-09
-57.875,-69.875,5.447,1.012,2026-09
-57.875,-67.875,4.982,0.84,2026-09
-57.875,-65.875,2.086,-1.541,2026-09
-57.875,-63.875,1.928,-0.707,2026-09
-57.875,-61.875,3.513,1.68,2026-09
-57.875,-59.875,1.748,0.758,2026-09
-57.875,-57.875,-0.135,0.131,2026-09
-57.875,-55.875,-0.189,0.321,2026-09
-57.875,-53.875,-0.339,-0.244,2026-09
-57.875,-51.875,-0.613,-0.091,2026-09
-57.875,-49.875,-0.526,0.087,2026-09
-57.875,-47.875,-0.793,-0.011,2026-09
-57.875,-45.875,-0.571,0.242,2026-09
-57.875,-43.875,-1.507,-0.431,2026-09
-57.875,-41.875,-1.522,-0.411,2026-09
-57.875,-39.875,-1.184,-0.258,2026-09
-57.875,-37.875,-1.478,-0.334,2026-09
-57.875,-35.875,-1.648,-0.264,2026-09
-57.875,-33.875,-1.619,-0.321,2026-09
-57.875,-31.875,-1.661,-0.269,2026-09
-57.875,-29.875,-1.68,-0.182,2026-09
-57.875,-27.875,-1.706,-0.144,2026-09
-57.875,-25.875,-1.689,-0.127,2026-09
-57.875,-23.875,-1.658,-0.268,2026-09
-57.875,-21.875,-1.645,-0.265,2026-09
-57.875,-19.875,-1.63,-0.235,2026-09
-57.875,-17.875,-1.64,-0.237,2026-09
-57.875,-15.875,-1.636,-0.198,2026-09
-57.875,-13.875,-1.631,-0.15,2026-09
-57.875,-11.875,-1.64,-0.143,2026-09
-57.875,-9.875,-1.637,-0.097,2026-09
-57.875,-7.875,-1.627,-0.081,2026-09
-57.875,-5.875,-1.621,-0.05,2026-09
-57.875,-3.875,-1.601,-0.001,2026-09
-57.875,-1.875,-1.644,-0.033,2026-09
-55.875,0.125,-1.551,-0.084,2026-09
-55.875,2.125,-1.404,0.073,2026-09
-55.875,4.125,-1.321,0.167,2026-09
-55.875,6.125,-1.415,0.114,2026-09
-55.875,8.125,-1.486,0.121,2026-09
-55.875,10.125,-1.577,0.053,2026-09
-55.875,12.125,-1.533,0.077,2026-09
-55.875,14.125,-1.34,0.234,2026-09
-55.875,16.125,-1.261,0.228,2026-09
-55.875,18.125,-1.072,0.351,2026-09
-55.875,20.125,-1.076,0.352,2026-09
-55.875,22.125,-1.095,0.355,2026-09
-55.875,24.125,-0.394,0.787,2026-09
-55.875,26.125,0.473,0.777,2026-09
-55.875,28.125,0.241,0.294,2026-09
-55.875,30.125,0.276,0.271,2026-09
-55.875,32.125,0.275,0.233,2026-09
-55.875,34.125,0.249,0.09,2026-09
-55.875,36.125,0.328,0.193,2026-09
-55.875,38.125,0.639,0.381,2026-09
-55.875,40.125,0.047,0.205,2026-09
-55.875,42.125,-0.125,0.348,2026-09
-55.875,44.125,0.213,0.695,2026-09
-55.875,46.125,0.175,0.496,2026-09
-55.875,48.125,0.314,0.432,2026-09
-55.875,50.125,0.424,0.358,2026-09
-55.875,52.125,0.673,0.625,2026-09
-55.875,54.125,0.574,0.317,2026-09
-55.875,56.125,1.112,0.723,2026-09
-55.875,58.125,0.935,0.496,2026-09
-55.875,60.125,0.999,0.472,2026-09
-55.875,62.125,1.091,0.432,2026-09
-55.875,64.125,0.945,0.21,2026-09
-55.875,66.125,1.047,0.617,2026-09
-55.875,68.125,1.265,0.659,2026-09
-55.875,70.125,1.272,0.622,2026-09
-55.875,72.125,1.108,0.811,2026-09
-55.875,74.125,0.561,0.934,2026-09
-55.875,76.125,0.6,0.835,2026-09
-55.875,78.125,-0.279,0.588,2026-09
-55.875,80.125,-0.461,0.376,2026-09
-55.875,82.125,0.82,0.642,2026-09
-55.875,84.125,1.643,0.929,2026-09
-55.875,86.125,1.563,1.074,2026-09
-55.875,88.125,1.425,0.773,2026-09
-55.875,90.125,0.815,0.494,2026-09
-55.875,92.125,1.017,0.838,2026-09
-55.875,94.125,1.292,0.799,2026-09
-55.875,96.125,1.273,0.652,2026-09
-55.875,98.125,1.038,0.422,2026-09
-55.875,100.125,0.399,0.156,2026-09
-55.875,102.125,0.146,0.368,2026-09
-55.875,104.125,0.542,0.446,2026-09
-55.875,106.125,0.643,0.168,2026-09
-55.875,108.125,1.0,0.394,2026-09
-55.875,110.125,0.962,0.344,2026-09
-55.875,112.125,1.342,0.29,2026-09
-55.875,114.125,1.997,0.507,2026-09
-55.875,116.125,1.343,-0.071,2026-09
-55.875,118.125,1.525,0.072,2026-09
-55.875,120.125,1.636,0.012,2026-09
-55.875,122.125,1.757,-0.0,2026-09
-55.875,124.125,2.069,0.132,2026-09
-55.875,126.125,2.503,0.487,2026-09
-55.875,128.125,1.847,-0.323,2026-09
-55.875,130.125,2.234,-0.175,2026-09
-55.875,132.125,2.671,0.078,2026-09
-55.875,134.125,2.873,0.445,2026-09
-55.875,136.125,2.272,-0.026,2026-09
-55.875,138.125,2.217,-0.017,2026-09
-55.875,140.125,2.344,0.469,2026-09
-55.875,142.125,1.56,0.343,2026-09
-55.875,144.125,1.276,0.528,2026-09
-55.875,146.125,0.536,0.234,2026-09
-55.875,148.125,0.454,0.033,2026-09
-55.875,150.125,2.998,0.631,2026-09
-55.875,152.125,2.104,-0.024,2026-09
-55.875,154.125,4.077,1.065,2026-09
-55.875,156.125,5.038,1.23,2026-09
-55.875,158.125,4.275,0.877,2026-09
-55.875,160.125,2.203,-0.103,2026-09
-55.875,162.125,3.006,0.025,2026-09
-55.875,164.125,4.847,0.129,2026-09
-55.875,166.125,8.404,1.891,2026-09
-55.875,168.125,8.314,2.125,2026-09
-55.875,170.125,6.933,1.244,2026-09
-55.875,172.125,5.672,-0.303,2026-09
-55.875,174.125,5.514,-0.17,2026-09
-55.875,176.125,5.864,0.52,2026-09
-55.875,178.125,5.659,0.391,2026-09
-55.875,-179.875,6.671,0.849,2026-09
-55.875,-177.875,6.21,0.598,2026-09
-55.875,-175.875,6.052,0.637,2026-09
-55.875,-173.875,5.861,0.623,2026-09
-55.875,-171.875,5.647,1.049,2026-09
-55.875,-169.875,4.518,0.387,2026-09
-55.875,-167.875,4.714,0.366,2026-09
-55.875,-165.875,4.317,0.184,2026-09
-55.875,-163.875,4.01,0.633,2026-09
-55.875,-161.875,3.467,0.369,2026-09
-55.875,-159.875,3.517,0.371,2026-09
-55.875,-157.875,3.448,0.305,2026-09
-55.875,-155.875,2.556,-0.472,2026-09
-55.875,-153.875,2.589,0.238,2026-09
-55.875,-151.875,2.058,-0.017,2026-09
-55.875,-149.875,1.729,-0.084,2026-09
-55.875,-147.875,1.535,0.358,2026-09
-55.875,-145.875,1.233,0.303,2026-09
-55.875,-143.875,2.702,1.067,2026-09
-55.875,-141.875,5.059,1.638,2026-09
-55.875,-139.875,4.805,0.961,2026-09
-55.875,-137.875,4.563,0.714,2026-09
-55.875,-135.875,3.422,0.284,2026-09
-55.875,-133.875,3.033,0.372,2026-09
-55.875,-131.875,3.662,0.639,2026-09
-55.875,-129.875,4.334,1.09,2026-09
-55.875,-127.875,5.364,1.301,2026-09
-55.875,-125.875,5.322,0.295,2026-09
-55.875,-123.875,6.406,1.082,2026-09
-55.875,-121.875,6.239,0.989,2026-09
-55.875,-119.875,5.524,0.743,2026-09
-55.875,-117.875,5.418,0.917,2026-09
-55.875,-115.875,6.019,1.507,2026-09
-55.875,-113.875,4.855,0.118,2026-09
-55.875,-111.875,5.431,0.585,2026-09
-55.875,-109.875,5.766,0.773,2026-09
-55.875,-107.875,5.548,0.491,2026-09
-55.875,-105.875,5.305,0.287,2026-09
-55.875,-103.875,5.424,0.412,2026-09
-55.875,-101.875,5.671,0.61,2026-09
-55.875,-99.875,5.383,0.395,2026-09
-55.875,-97.875,5.314,0.296,2026-09
-55.875,-95.875,5.86,0.827,2026-09
-55.875,-93.875,5.544,0.428,2026-09
-55.875,-91.875,5.354,0.306,2026-09
-55.875,-89.875,5.706,0.624,2026-09
-55.875,-87.875,5.665,0.615,2026-09
-55.875,-85.875,5.66,0.619,2026-09
-55.875,-83.875,5.504,0.494,2026-09
-55.875,-81.875,5.456,0.519,2026-09
-55.875,-79.875,5.288,0.374,2026-09
-55.875,-77.875,5.4,0.455,2026-09
-55.875,-75.875,5.795,0.73,2026-09
-55.875,-73.875,5.974,0.554,2026-09
-55.875,-71.875,6.029,0.621,2026-09
-55.875,-69.875,6.865,0.668,2026-09
-55.875,-67.875,6.218,0.009,2026-09
-55.875,-65.875,5.327,0.2,2026-09
-55.875,-63.875,4.363,0.239,2026-09
-55.875,-61.875,4.051,0.268,2026-09
-55.875,-59.875,3.852,-0.007,2026-09
-55.875,-57.875,4.423,0.28,2026-09
-55.875,-55.875,4.099,0.476,2026-09
-55.875,-53.875,3.32,0.551,2026-09
-55.875,-51.875,4.367,1.904,2026-09
-55.875,-49.875,2.867,1.035,2026-09
-55.875,-47.875,0.287,-0.512,2026-09
-55.875,-45.875,-0.379,-0.531,2026-09
-55.875,-43.875,-0.265,-0.062,2026-09
-55.875,-41.875,-0.234,0.096,2026-09
-55.875,-39.875,-1.019,-0.392,2026-09
-55.875,-37.875,-1.108,-0.532,2026-09
-55.875,-35.875,-0.711,-0.483,2026-09
-55.875,-33.875,-0.662,-0.216,2026-09
-55.875,-31.875,-1.499,-0.579,2026-09
-55.875,-29.875,-1.661,-0.367,2026-09
-55.875,-27.875,-1.642,-0.302,2026-09
-55.875,-25.875,-1.457,-0.564,2026-09
-55.875,-23.875,-1.048,-0.359,2026-09
-55.875,-21.875,-1.301,-0.439,2026-09
-55.875,-19.875,-0.624,-0.03,2026-09
-55.875,-17.875,-0.38,-0.018,2026-09
-55.875,-15.875,-0.425,0.121,2026-09
-55.875,-13.875,-0.969,-0.381,2026-09
-55.875,-11.875,-0.78,-0.054,2026-09
-55.875,-9.875,-0.985,-0.066,2026-09
-55.875,-7.875,-1.084,0.007,2026-09
-55.875,-5.875,-1.31,-0.016,2026-09
-55.875,-3.875,-1.462,-0.063,2026-09
-55.875,-1.875,-1.451,-0.008,2026-09
-53.875,0.125,-0.46,0.31,2026-09
-53.875,2.125,-0.752,0.304,2026-09
-53.875,4.125,-0.767,0.256,2026-09
-53.875,6.125,-0.695,0.322,2026-09
-53.875,8.125,-0.642,0.335,2026-09
-53.875,10.125,-0.752,0.425,2026-09
-53.875,12.125,-1.104,0.182,2026-09
-53.875,14.125,-1.264,0.013,2026-09
-53.875,16.125,-0.872,0.183,2026-09
-53.875,18.125,-0.517,0.307,2026-09
-53.875,20.125,-0.257,0.491,2026-09
-53.875,22.125,-0.378,0.318,2026-09
-53.875,24.125,-0.293,0.487,2026-09
-53.875,26.125,-0.091,0.341,2026-09
-53.875,28.125,0.297,0.107,2026-09
-53.875,30.125,1.029,0.436,2026-09
-53.875,32.125,1.235,0.432,2026-09
-53.875,34.125,0.889,0.109,2026-09
-53.875,36.125,1.281,0.288,2026-09
-53.875,38.125,1.586,0.602,2026-09
-53.875,40.125,1.117,0.412,2026-09
-53.875,42.125,1.025,0.478,2026-09
-53.875,44.125,0.534,0.257,2026-09
-53.875,46.125,0.289,0.173,2026-09
-53.875,48.125,0.507,-0.015,2026-09
-53.875,50.125,0.814,0.037,2026-09
-53.875,52.125,0.937,0.205,2026-09
-53.875,54.125,1.011,-0.065,2026-09
-53.875,56.125,1.411,0.264,2026-09
-53.875,58.125,1.396,0.187,2026-09
-53.875,60.125,1.539,0.315,2026-09
-53.875,62.125,1.644,0.382,2026-09
-53.875,64.125,1.334,0.074,2026-09
-53.875,66.125,1.603,0.253,2026-09
-53.875,68.125,1.937,0.553,2026-09
-53.875,70.125,1.909,0.743,2026-09
-53.875,72.125,1.524,0.642,2026-09
-53.875,74.125,1.472,0.683,2026-09
-53.875,76.125,1.424,0.808,2026-09
-53.875,78.125,0.76,0.814,2026-09
-53.875,80.125,-0.251,0.326,2026-09
-53.875,82.125,0.055,0.437,2026-09
-53.875,84.125,0.942,0.469,2026-09
-53.875,86.125,3.32,1.904,2026-09
-53.875,88.125,2.237,0.685,2026-09
-53.875,90.125,1.632,0.121,2026-09
-53.875,92.125,2.304,0.513,2026-09
-53.875,94.125,2.361,0.617,2026-09
-53.875,96.125,1.738,0.369,2026-09
-53.875,98.125,1.561,0.264,2026-09
-53.875,100.125,1.762,0.631,2026-09
-53.875,102.125,1.06,0.357,2026-09
-53.875,104.125,1.921,0.99,2026-09
-53.875,106.125,1.669,0.368,2026-09
-53.875,108.125,1.694,0.401,2026-09
-53.875,110.125,1.022,-0.021,2026-09
-53.875,112.125,1.349,0.203,2026-09
-53.875,114.125,1.66,-0.045,2026-09
-53.875,116.125,2.342,0.082,2026-09
-53.875,118.125,2.884,0.419,2026-09
-53.875,120.125,3.061,0.454,2026-09
-53.875,122.125,3.282,0.472,2026-09
-53.875,124.125,3.776,0.657,2026-09
-53.875,126.125,3.234,-0.266,2026-09
-53.875,128.125,4.772,1.075,2026-09
-53.875,130.125,4.003,0.396,2026-09
-53.875,132.125,3.473,-0.158,2026-09
-53.875,134.125,3.474,-0.16,2026-09
-53.875,136.125,3.829,0.15,2026-09
-53.875,138.125,3.956,0.373,2026-09
-53.875,140.125,2.842,-0.005,2026-09
-53.875,142.125,2.197,0.054,2026-09
-53.875,144.125,1.628,-0.31,2026-09
-53.875,146.125,2.88,0.493,2026-09
-53.875,148.125,4.001,-0.65,2026-09
-53.875,150.125,6.45,1.262,2026-09
-53.875,152.125,5.397,1.052,2026-09
-53.875,154.125,6.983,2.071,2026-09
-53.875,156.125,5.487,0.137,2026-09
-53.875,158.125,5.367,0.322,2026-09
-53.875,160.125,5.099,0.043,2026-09
-53.875,162.125,6.728,0.35,2026-09
-53.875,164.125,8.449,1.053,2026-09
-53.875,166.125,8.358,0.933,2026-09
-53.875,168.125,8.227,0.951,2026-09
-53.875,170.125,8.013,0.848,2026-09
-53.875,172.125,7.9,0.958,2026-09
-53.875,174.125,6.802,0.522,2026-09
-53.875,176.125,6.295,0.618,2026-09
-53.875,178.125,6.478,0.716,2026-09
-53.875,-179.875,6.949,0.788,2026-09
-53.875,-177.875,7.565,0.854,2026-09
-53.875,-175.875,7.886,1.127,2026-09
-53.875,-173.875,7.228,0.644,2026-09
-53.875,-171.875,7.515,1.02,2026-09
-53.875,-169.875,6.159,0.12,2026-09
-53.875,-167.875,5.648,0.25,2026-09
-53.875,-165.875,7.099,1.571,2026-09
-53.875,-163.875,6.615,1.184,2026-09
-53.875,-161.875,5.214,-0.136,2026-09
-53.875,-159.875,6.247,0.912,2026-09
-53.875,-157.875,5.642,0.528,2026-09
-53.875,-155.875,5.974,0.888,2026-09
-53.875,-153.875,3.989,-0.88,2026-09
-53.875,-151.875,5.479,0.819,2026-09
-53.875,-149.875,5.913,1.114,2026-09
-53.875,-147.875,4.824,-0.431,2026-09
-53.875,-145.875,5.51,-0.483,2026-09
-53.875,-143.875,6.256,0.519,2026-09
-53.875,-141.875,5.76,0.759,2026-09
-53.875,-139.875,5.952,0.624,2026-09
-53.875,-137.875,5.472,0.537,2026-09
-53.875,-135.875,5.297,0.649,2026-09
-53.875,-133.875,4.869,-0.153,2026-09
-53.875,-131.875,5.667,-0.298,2026-09
-53.875,-129.875,7.021,0.628,2026-09
-53.875,-127.875,7.139,0.958,2026-09
-53.875,-125.875,6.765,0.612,2026-09
-53.875,-123.875,6.639,0.822,2026-09
-53.875,-121.875,6.163,0.634,2026-09
-53.875,-119.875,6.054,0.767,2026-09
-53.875,-117.875,5.037,0.119,2026-09
-53.875,-115.875,6.269,0.902,2026-09
-53.875,-113.875,6.368,0.649,2026-09
-53.875,-111.875,6.017,0.391,2026-09
-53.875,-109.875,6.234,0.54,2026-09
-53.875,-107.875,5.918,0.228,2026-09
-53.875,-105.875,6.037,0.34,2026-09
-53.875,-103.875,6.15,0.403,2026-09
-53.875,-101.875,6.203,0.563,2026-09
-53.875,-99.875,6.205,0.578,2026-09
-53.875,-97.875,6.164,0.584,2026-09
-53.875,-95.875,5.888,0.383,2026-09
-53.875,-93.875,5.901,0.49,2026-09
-53.875,-91.875,5.823,0.45,2026-09
-53.875,-89.875,5.735,0.386,2026-09
-53.875,-87.875,5.738,0.478,2026-09
-53.875,-85.875,5.684,0.473,2026-09
-53.875,-83.875,5.608,0.432,2026-09
-53.875,-81.875,5.979,0.782,2026-09
-53.875,-79.875,6.081,0.695,2026-09
-53.875,-77.875,6.086,0.373,2026-09
-53.875,-75.875,6.771,0.678,2026-09
-53.875,-73.875,7.339,0.58,2026-09
-53.875,-71.875,6.363,0.114,2026-09
-53.875,-65.875,5.843,0.295,2026-09
-53.875,-63.875,5.925,0.291,2026-09
-53.875,-61.875,5.141,0.344,2026-09
-53.875,-59.875,4.822,0.265,2026-09
-53.875,-57.875,4.814,0.287,2026-09
-53.875,-55.875,4.726,0.259,2026-09
-53.875,-53.875,4.125,0.081,2026-09
-53.875,-51.875,4.161,0.326,2026-09
-53.875,-49.875,3.488,-0.067,2026-09
-53.875,-47.875,2.045,0.003,2026-09
-53.875,-45.875,1.978,0.419,2026-09
-53.875,-43.875,0.504,-0.45,2026-09
-53.875,-41.875,0.608,-0.044,2026-09
-53.875,-39.875,0.339,0.106,2026-09
-53.875,-37.875,0.242,-0.1,2026-09
-53.875,-35.875,-0.043,-0.268,2026-09
-53.875,-33.875,-1.128,-0.814,2026-09
-53.875,-31.875,-1.553,-0.832,2026-09
-53.875,-29.875,-1.35,-0.551,2026-09
-53.875,-27.875,-0.633,-0.3,2026-09
-53.875,-25.875,0.353,0.233,2026-09
-53.875,-23.875,0.254,-0.179,2026-09
-53.875,-21.875,0.949,0.543,2026-09
-53.875,-19.875,0.584,0.032,2026-09
-53.875,-17.875,0.486,-0.073,2026-09
-53.875,-15.875,0.437,0.07,2026-09
-53.875,-13.875,-0.117,-0.196,2026-09
-53.875,-11.875,0.21,0.232,2026-09
-53.875,-9.875,-0.515,-0.126,2026-09
-53.875,-7.875,-0.408,0.102,2026-09
-53.875,-5.875,-0.649,-0.039,2026-09
-53.875,-3.875,-0.613,0.11,2026-09
-53.875,-1.875,-0.744,0.127,2026-09
-51.875,0.125,0.884,0.088,2026-09
-51.875,2.125,0.505,-0.069,2026-09
-51.875,4.125,1.095,0.423,2026-09
-51.875,6.125,1.424,0.224,2026-09
-51.875,8.125,1.252,0.144,2026-09
-51.875,10.125,0.951,0.011,2026-09
-51.875,12.125,0.091,0.042,2026-09
-51.875,14.125,0.113,0.078,2026-09
-51.875,16.125,0.516,0.236,2026-09
-51.875,18.125,0.572,0.335,2026-09
-51.875,20.125,0.442,0.19,2026-09
-51.875,22.125,0.182,0.094,2026-09
-51.875,24.125,0.119,0.167,2026-09
-51.875,26.125,0.278,0.01,2026-09
-51.875,28.125,2.18,1.354,2026-09
-51.875,30.125,3.149,1.841,2026-09
-51.875,32.125,1.601,0.336,2026-09
-51.875,34.125,1.712,0.253,2026-09
-51.875,36.125,1.92,0.336,2026-09
-51.875,38.125,2.155,0.624,2026-09
-51.875,40.125,1.366,0.27,2026-09
-51.875,42.125,1.26,0.251,2026-09
-51.875,44.125,1.27,0.187,2026-09
-51.875,46.125,1.51,0.167,2026-09
-51.875,48.125,2.263,0.58,2026-09
-51.875,50.125,2.346,0.252,2026-09
-51.875,52.125,2.388,0.447,2026-09
-51.875,54.125,2.132,0.269,2026-09
-51.875,56.125,1.98,0.265,2026-09
-51.875,58.125,2.353,0.511,2026-09
-51.875,60.125,2.365,0.291,2026-09
-51.875,62.125,2.2,0.236,2026-09
-51.875,64.125,2.407,0.309,2026-09
-51.875,66.125,2.179,0.264,2026-09
-51.875,68.125,2.385,0.51,2026-09
-51.875,70.125,2.383,0.718,2026-09
-51.875,72.125,2.413,0.749,2026-09
-51.875,74.125,2.137,0.709,2026-09
-51.875,76.125,1.714,0.596,2026-09
-51.875,78.125,1.094,0.616,2026-09
-51.875,80.125,0.693,-0.112,2026-09
-51.875,82.125,1.046,0.046,2026-09
-51.875,84.125,3.284,0.773,2026-09
-51.875,86.125,3.84,1.053,2026-09
-51.875,88.125,4.313,1.179,2026-09
-51.875,90.125,4.099,0.935,2026-09
-51.875,92.125,3.887,0.126,2026-09
-51.875,94.125,3.184,-0.047,2026-09
-51.875,96.125,2.632,-0.073,2026-09
-51.875,98.125,2.776,0.092,2026-09
-51.875,100.125,3.258,0.669,2026-09
-51.875,102.125,3.409,0.814,2026-09
-51.875,104.125,2.937,0.345,2026-09
-51.875,106.125,2.345,0.104,2026-09
-51.875,108.125,2.966,0.881,2026-09
-51.875,110.125,2.293,0.242,2026-09
-51.875,112.125,2.136,0.334,2026-09
-51.875,114.125,2.096,0.41,2026-09
-51.875,116.125,2.102,-0.001,2026-09
-51.875,118.125,3.166,0.535,2026-09
-51.875,120.125,4.076,0.64,2026-09
-51.875,122.125,3.448,-0.637,2026-09
-51.875,124.125,5.978,1.302,2026-09
-51.875,126.125,5.429,0.393,2026-09
-51.875,128.125,4.606,-0.625,2026-09
-51.875,130.125,6.416,1.177,2026-09
-51.875,132.125,6.891,1.547,2026-09
-51.875,134.125,5.864,0.549,2026-09
-51.875,136.125,5.947,0.733,2026-09
-51.875,138.125,4.728,-0.247,2026-09
-51.875,140.125,4.597,0.15,2026-09
-51.875,142.125,5.251,0.338,2026-09
-51.875,144.125,4.945,-0.381,2026-09
-51.875,146.125,7.395,1.683,2026-09
-51.875,148.125,8.492,1.245,2026-09
-51.875,150.125,8.04,1.33,2026-09
-51.875,152.125,5.553,-1.069,2026-09
-51.875,154.125,8.532,1.288,2026-09
-51.875,156.125,6.557,-0.642,2026-09
-51.875,158.125,8.594,1.291,2026-09
-51.875,160.125,8.295,1.001,2026-09
-51.875,162.125,6.677,-0.597,2026-09
-51.875,164.125,9.044,1.053,2026-09
-51.875,166.125,8.772,0.861,2026-09
-51.875,168.125,8.438,0.871,2026-09
-51.875,170.125,7.818,0.774,2026-09
-51.875,172.125,7.877,0.757,2026-09
-51.875,174.125,8.009,0.887,2026-09
-51.875,176.125,6.871,0.587,2026-09
-51.875,178.125,6.906,0.472,2026-09
-51.875,-179.875,7.085,0.62,2026-09
-51.875,-177.875,7.374,0.603,2026-09
-51.875,-175.875,8.259,1.179,2026-09
-51.875,-173.875,8.246,0.575,2026-09
-51.875,-171.875,7.926,0.424,2026-09
-51.875,-169.875,7.66,0.417,2026-09
-51.875,-167.875,7.244,0.237,2026-09
-51.875,-165.875,7.114,-0.197,2026-09
-51.875,-163.875,7.467,0.474,2026-09
-51.875,-161.875,7.039,0.247,2026-09
-51.875,-159.875,7.607,0.56,2026-09
-51.875,-157.875,6.957,-0.036,2026-09
-51.875,-155.875,7.91,0.843,2026-09
-51.875,-153.875,7.331,-0.254,2026-09
-51.875,-151.875,8.208,0.486,2026-09
-51.875,-149.875,7.571,-0.011,2026-09
-51.875,-147.875,6.654,-0.592,2026-09
-51.875,-145.875,7.755,0.735,2026-09
-51.875,-143.875,7.239,0.086,2026-09
-51.875,-141.875,7.124,-0.022,2026-09
-51.875,-139.875,7.288,0.142,2026-09
-51.875,-137.875,7.414,0.261,2026-09
-51.875,-135.875,7.466,0.273,2026-09
-51.875,-133.875,7.452,0.332,2026-09
-51.875,-131.875,7.139,0.24,2026-09
-51.875,-129.875,7.511,0.653,2026-09
-51.875,-127.875,7.362,0.631,2026-09
-51.875,-125.875,7.098,0.48,2026-09
-51.875,-123.875,7.128,0.579,2026-09
-51.875,-121.875,6.881,0.644,2026-09
-51.875,-119.875,6.395,0.563,2026-09
-51.875,-117.875,5.903,0.433,2026-09
-51.875,-115.875,6.201,0.442,2026-09
-51.875,-113.875,6.582,0.372,2026-09
-51.875,-111.875,6.948,0.808,2026-09
-51.875,-109.875,6.81,0.71,2026-09
-51.875,-107.875,6.661,0.553,2026-09
-51.875,-105.875,6.511,0.408,2026-09
-51.875,-103.875,6.481,0.41,2026-09
-51.875,-101.875,6.306,0.309,2026-09
-51.875,-99.875,6.374,0.46,2026-09
-51.875,-97.875,6.173,0.411,2026-09
-51.875,-95.875,6.104,0.402,2026-09
-51.875,-93.875,6.15,0.465,2026-09
-51.875,-91.875,6.026,0.424,2026-09
-51.875,-89.875,5.95,0.355,2026-09
-51.875,-87.875,5.933,0.359,2026-09
-51.875,-85.875,6.034,0.499,2026-09
-51.875,-83.875,5.96,0.44,2026-09
-51.875,-81.875,6.337,0.676,2026-09
-51.875,-79.875,6.386,0.315,2026-09
-51.875,-77.875,7.399,0.821,2026-09
-51.875,-75.875,8.26,0.907,2026-09
-51.875,-67.875,5.328,0.364,2026-09
-51.875,-65.875,5.964,0.476,2026-09
-51.875,-63.875,6.019,0.35,2026-09
-51.875,-61.875,6.011,0.379,2026-09
-51.875,-59.875,5.031,0.143,2026-09
-51.875,-57.875,5.348,0.244,2026-09
-51.875,-55.875,5.191,0.54,2026-09
-51.875,-53.875,4.4,0.357,2026-09
-51.875,-51.875,3.983,0.294,2026-09
-51.875,-49.875,3.514,0.018,2026-09
-51.875,-47.875,3.632,0.617,2026-09
-51.875,-45.875,2.852,0.789,2026-09
-51.875,-43.875,2.526,0.562,2026-09
-51.875,-41.875,1.443,0.421,2026-09
-51.875,-39.875,0.909,0.147,2026-09
-51.875,-37.875,0.834,0.179,2026-09
-51.875,-35.875,1.338,0.498,2026-09
-51.875,-33.875,0.27,-0.213,2026-09
-51.875,-31.875,-0.646,-0.616,2026-09
-51.875,-29.875,0.493,0.061,2026-09
-51.875,-27.875,1.378,0.599,2026-09
-51.875,-25.875,1.672,0.168,2026-09
-51.875,-23.875,2.403,1.081,2026-09
-51.875,-21.875,1.947,0.346,2026-09
-51.875,-19.875,1.574,0.292,2026-09
-51.875,-17.875,1.391,-0.099,2026-09
-51.875,-15.875,0.848,-0.253,2026-09
-51.875,-13.875,0.611,-0.265,2026-09
-51.875,-11.875,0.691,0.027,2026-09
-51.875,-9.875,0.039,-0.183,2026-09
-51.875,-7.875,0.42,0.274,2026-09
-51.875,-5.875,0.548,0.499,2026-09
-51.875,-3.875,0.297,0.165,2026-09
-51.875,-1.875,0.916,0.348,2026-09
-49.875,0.125,3.366,1.016,2026-09
-49.875,2.125,2.636,0.252,2026-09
-49.875,4.125,2.221,0.201,2026-09
-49.875,6.125,2.411,0.414,2026-09
-49.875,8.125,2.663,0.586,2026-09
-49.875,10.125,2.685,0.434,2026-09
-49.875,12.125,2.431,0.629,2026-09
-49.875,14.125,2.695,0.389,2026-09
-49.875,16.125,3.962,1.349,2026-09
-49.875,18.125,2.064,-0.01,2026-09
-49.875,20.125,2.472,0.699,2026-09
-49.875,22.125,1.774,0.071,2026-09
-49.875,24.125,1.986,0.458,2026-09
-49.875,26.125,1.858,0.305,2026-09
-49.875,28.125,2.034,-0.109,2026-09
-49.875,30.125,1.791,-1.377,2026-09
-49.875,32.125,1.853,-0.488,2026-09
-49.875,34.125,2.925,0.722,2026-09
-49.875,36.125,3.17,0.634,2026-09
-49.875,38.125,4.063,1.63,2026-09
-49.875,40.125,2.655,0.315,2026-09
-49.875,42.125,2.22,0.007,2026-09
-49.875,44.125,2.739,0.113,2026-09
-49.875,46.125,2.218,-0.1,2026-09
-49.875,48.125,2.848,0.342,2026-09
-49.875,50.125,3.054,0.476,2026-09
-49.875,52.125,2.835,0.289,2026-09
-49.875,54.125,2.63,-0.022,2026-09
-49.875,56.125,2.83,0.241,2026-09
-49.875,58.125,2.487,-0.086,2026-09
-49.875,60.125,3.032,0.285,2026-09
-49.875,62.125,2.814,0.114,2026-09
-49.875,64.125,3.011,0.621,2026-09
-49.875,66.125,2.726,0.406,2026-09
-49.875,68.125,2.748,0.47,2026-09
-49.875,70.125,2.898,0.631,2026-09
-49.875,72.125,2.308,0.427,2026-09
-49.875,74.125,2.602,0.836,2026-09
-49.875,76.125,2.64,0.631,2026-09
-49.875,78.125,3.242,0.49,2026-09
-49.875,80.125,3.409,0.054,2026-09
-49.875,82.125,3.431,-0.018,2026-09
-49.875,84.125,4.623,0.373,2026-09
-49.875,86.125,5.527,0.942,2026-09
-49.875,88.125,6.902,2.14,2026-09
-49.875,90.125,5.674,0.147,2026-09
-49.875,92.125,5.63,-0.342,2026-09
-49.875,94.125,6.403,1.099,2026-09
-49.875,96.125,5.489,0.941,2026-09
-49.875,98.125,5.049,0.775,2026-09
-49.875,100.125,4.444,0.449,2026-09
-49.875,102.125,4.625,0.728,2026-09
-49.875,104.125,3.851,0.167,2026-09
-49.875,106.125,3.82,0.317,2026-09
-49.875,108.125,4.32,0.798,2026-09
-49.875,110.125,3.162,-0.299,2026-09
-49.875,112.125,3.871,0.306,2026-09
-49.875,114.125,4.365,0.232,2026-09
-49.875,116.125,6.168,1.201,2026-09
-49.875,118.125,6.333,0.287,2026-09
-49.875,120.125,6.528,0.637,2026-09
-49.875,122.125,6.495,0.324,2026-09
-49.875,124.125,7.457,0.987,2026-09
-49.875,126.125,7.47,0.608,2026-09
-49.875,128.125,6.675,-0.476,2026-09
-49.875,130.125,6.03,-1.047,2026-09
-49.875,132.125,7.135,0.234,2026-09
-49.875,134.125,6.979,0.163,2026-09
-49.875,136.125,6.694,0.08,2026-09
-49.875,138.125,7.019,0.214,2026-09
-49.875,140.125,7.451,0.217,2026-09
-49.875,142.125,9.062,0.728,2026-09
-49.875,144.125,8.141,0.342,2026-09
-49.875,146.125,6.948,-0.968,2026-09
-49.875,148.125,8.369,0.218,2026-09
-49.875,150.125,8.604,0.74,2026-09
-49.875,152.125,9.353,1.49,2026-09
-49.875,154.125,8.934,0.597,2026-09
-49.875,156.125,8.585,0.104,2026-09
-49.875,158.125,8.971,0.606,2026-09
-49.875,160.125,8.779,0.425,2026-09
-49.875,162.125,8.766,0.395,2026-09
-49.875,164.125,10.045,1.388,2026-09
-49.875,166.125,9.326,0.615,2026-09
-49.875,168.125,8.362,0.569,2026-09
-49.875,170.125,8.137,0.49,2026-09
-49.875,172.125,8.012,0.501,2026-09
-49.875,174.125,7.954,0.619,2026-09
-49.875,176.125,7.89,0.691,2026-09
-49.875,178.125,7.434,0.588,2026-09
-49.875,-179.875,7.337,0.765,2026-09
-49.875,-177.875,8.056,0.81,2026-09
-49.875,-175.875,8.44,0.57,2026-09
-49.875,-173.875,8.73,0.368,2026-09
-49.875,-171.875,8.521,0.077,2026-09
-49.875,-169.875,8.54,0.344,2026-09
-49.875,-167.875,9.227,0.459,2026-09
-49.875,-165.875,9.595,0.919,2026-09
-49.875,-163.875,9.069,0.757,2026-09
-49.875,-161.875,6.967,-1.154,2026-09
-49.875,-159.875,9.279,0.76,2026-09
-49.875,-157.875,8.262,-0.453,2026-09
-49.875,-155.875,8.884,0.348,2026-09
-49.875,-153.875,8.752,0.392,2026-09
-49.875,-151.875,8.547,0.193,2026-09
-49.875,-149.875,8.497,0.306,2026-09
-49.875,-147.875,8.376,0.21,2026-09
-49.875,-145.875,8.261,0.176,2026-09
-49.875,-143.875,7.98,0.024,2026-09
-49.875,-141.875,7.959,0.144,2026-09
-49.875,-139.875,7.737,0.073,2026-09
-49.875,-137.875,7.92,0.336,2026-09
-49.875,-135.875,7.688,0.224,2026-09
-49.875,-133.875,7.838,0.478,2026-09
-49.875,-131.875,7.713,0.468,2026-09
-49.875,-129.875,7.723,0.551,2026-09
-49.875,-127.875,7.525,0.505,2026-09
-49.875,-125.875,7.469,0.496,2026-09
-49.875,-123.875,7.434,0.579,2026-09
-49.875,-121.875,7.336,0.557,2026-09
-49.875,-119.875,7.198,0.634,2026-09
-49.875,-117.875,7.013,0.719,2026-09
-49.875,-115.875,7.025,0.864,2026-09
-49.875,-113.875,7.25,0.688,2026-09
-49.875,-111.875,7.156,0.688,2026-09
-49.875,-109.875,7.686,1.193,2026-09
-49.875,-107.875,7.741,1.16,2026-09
-49.875,-105.875,7.56,1.025,2026-09
-49.875,-103.875,7.431,0.971,2026-09
-49.875,-101.875,6.977,0.614,2026-09
-49.875,-99.875,6.86,0.609,2026-09
-49.875,-97.875,6.781,0.6,2026-09
-49.875,-95.875,6.692,0.527,2026-09
-49.875,-93.875,6.542,0.405,2026-09
-49.875,-91.875,6.734,0.634,2026-09
-49.875,-89.875,6.402,0.304,2026-09
-49.875,-87.875,6.439,0.347,2026-09
-49.875,-85.875,6.525,0.424,2026-09
-49.875,-83.875,6.48,0.29,2026-09
-49.875,-81.875,6.973,0.574,2026-09
-49.875,-79.875,7.539,0.851,2026-09
-49.875,-77.875,8.525,1.171,2026-09
-49.875,-75.875,8.639,0.629,2026-09
-49.875,-65.875,6.992,0.633,2026-09
-49.875,-63.875,7.154,0.965,2026-09
-49.875,-61.875,6.659,0.715,2026-09
-49.875,-59.875,6.29,0.485,2026-09
-49.875,-57.875,5.957,0.667,2026-09
-49.875,-55.875,5.697,0.807,2026-09
-49.875,-53.875,4.983,0.722,2026-09
-49.875,-51.875,4.551,0.646,2026-09
-49.875,-49.875,3.491,-0.137,2026-09
-49.875,-47.875,4.19,0.243,2026-09
-49.875,-45.875,3.502,0.153,2026-09
-49.875,-43.875,3.888,0.982,2026-09
-49.875,-41.875,2.871,0.469,2026-09
-49.875,-39.875,1.552,0.25,2026-09
-49.875,-37.875,2.218,0.02,2026-09
-49.875,-35.875,3.269,0.943,2026-09
-49.875,-33.875,3.39,1.085,2026-09
-49.875,-31.875,3.301,0.784,2026-09
-49.875,-29.875,2.039,-0.058,2026-09
-49.875,-27.875,2.975,0.617,2026-09
-49.875,-25.875,3.004,0.492,2026-09
-49.875,-23.875,2.708,0.21,2026-09
-49.875,-21.875,2.237,0.045,2026-09
-49.875,-19.875,2.435,0.164,2026-09
-49.875,-17.875,2.257,-0.016,2026-09
-49.875,-15.875,2.281,0.158,2026-09
-49.875,-13.875,2.189,-0.02,2026-09
-49.875,-11.875,2.103,0.188,2026-09
-49.875,-9.875,1.152,-0.238,2026-09
-49.875,-7.875,1.325,0.393,2026-09
-49.875,-5.875,1.761,0.468,2026-09
-49.875,-3.875,1.98,0.509,2026-09
-49.875,-1.875,1.912,0.381,2026-09
-47.875,0.125,4.326,0.612,2026-09
-47.875,2.125,4.552,0.428,2026-09
-47.875,4.125,4.912,0.803,2026-09
-47.875,6.125,3.874,0.294,2026-09
-47.875,8.125,4.551,0.942,2026-09
-47.875,10.125,4.516,0.504,2026-09
-47.875,12.125,4.74,1.027,2026-09
-47.875,14.125,5.187,1.025,2026-09
-47.875,16.125,4.213,0.508,2026-09
-47.875,18.125,4.508,0.697,2026-09
-47.875,20.125,4.779,0.916,2026-09
-47.875,22.125,4.514,1.103,2026-09
-47.875,24.125,4.654,0.879,2026-09
-47.875,26.125,3.612,-0.19,2026-09
-47.875,28.125,4.008,-0.061,2026-09
-47.875,30.125,6.222,0.884,2026-09
-47.875,32.125,5.699,0.383,2026-09
-47.875,34.125,6.395,1.541,2026-09
-47.875,36.125,5.847,1.644,2026-09
-47.875,38.125,4.693,0.873,2026-09
-47.875,40.125,3.922,0.059,2026-09
-47.875,42.125,4.067,0.286,2026-09
-47.875,44.125,4.216,0.371,2026-09
-47.875,46.125,3.574,-0.164,2026-09
-47.875,48.125,3.474,0.095,2026-09
-47.875,50.125,3.244,0.068,2026-09
-47.875,52.125,3.457,0.265,2026-09
-47.875,54.125,3.498,0.15,2026-09
-47.875,56.125,3.672,-0.103,2026-09
-47.875,58.125,4.161,-0.064,2026-09
-47.875,60.125,3.707,-0.185,2026-09
-47.875,62.125,3.744,0.285,2026-09
-47.875,64.125,3.296,0.163,2026-09
-47.875,66.125,3.86,0.511,2026-09
-47.875,68.125,3.915,0.623,2026-09
-47.875,70.125,3.861,0.614,2026-09
-47.875,72.125,2.62,0.16,2026-09
-47.875,74.125,3.186,-0.108,2026-09
-47.875,76.125,4.143,0.425,2026-09
-47.875,78.125,4.522,0.396,2026-09
-47.875,80.125,4.777,0.361,2026-09
-47.875,82.125,4.864,0.212,2026-09
-47.875,84.125,7.358,1.937,2026-09
-47.875,86.125,7.413,1.345,2026-09
-47.875,88.125,8.331,1.18,2026-09
-47.875,90.125,8.157,1.063,2026-09
-47.875,92.125,7.263,0.461,2026-09
-47.875,94.125,6.887,0.607,2026-09
-47.875,96.125,5.844,-0.141,2026-09
-47.875,98.125,5.139,-0.344,2026-09
-47.875,100.125,5.685,0.326,2026-09
-47.875,102.125,5.26,-0.049,2026-09
-47.875,104.125,6.1,0.47,2026-09
-47.875,106.125,5.452,-0.152,2026-09
-47.875,108.125,5.083,-0.588,2026-09
-47.875,110.125,6.415,0.029,2026-09
-47.875,112.125,8.904,1.424,2026-09
-47.875,114.125,7.964,0.296,2026-09
-47.875,116.125,8.103,0.696,2026-09
-47.875,118.125,8.287,0.856,2026-09
-47.875,120.125,7.298,-0.164,2026-09
-47.875,122.125,8.729,0.855,2026-09
-47.875,124.125,9.099,0.734,2026-09
-47.875,126.125,9.115,0.423,2026-09
-47.875,128.125,9.1,0.444,2026-09
-47.875,130.125,9.003,0.383,2026-09
-47.875,132.125,8.948,0.309,2026-09
-47.875,134.125,8.852,0.217,2026-09
-47.875,136.125,9.092,0.475,2026-09
-47.875,138.125,9.191,0.44,2026-09
-47.875,140.125,8.787,-0.138,2026-09
-47.875,142.125,9.886,0.943,2026-09
-47.875,144.125,10.362,1.466,2026-09
-47.875,146.125,9.055,0.062,2026-09
-47.875,148.125,9.794,0.873,2026-09
-47.875,150.125,10.078,1.103,2026-09
-47.875,152.125,9.521,0.17,2026-09
-47.875,154.125,9.573,0.382,2026-09
-47.875,156.125,9.43,0.399,2026-09
-47.875,158.125,9.426,0.603,2026-09
-47.875,160.125,9.977,0.998,2026-09
-47.875,162.125,9.842,0.462,2026-09
-47.875,164.125,11.506,1.565,2026-09
-47.875,166.125,11.29,0.743,2026-09
-47.875,168.125,10.67,0.677,2026-09
-47.875,170.125,7.889,0.039,2026-09
-47.875,172.125,7.904,0.206,2026-09
-47.875,174.125,7.96,0.336,2026-09
-47.875,176.125,7.619,0.062,2026-09
-47.875,178.125,8.207,0.289,2026-09
-47.875,-179.875,8.295,0.474,2026-09
-47.875,-177.875,7.408,-0.208,2026-09
-47.875,-175.875,9.684,0.292,2026-09
-47.875,-173.875,10.313,0.567,2026-09
-47.875,-171.875,10.334,0.517,2026-09
-47.875,-169.875,10.237,0.537,2026-09
-47.875,-167.875,9.55,0.064,2026-09
-47.875,-165.875,9.19,-0.01,2026-09
-47.875,-163.875,8.942,-0.262,2026-09
-47.875,-161.875,9.467,0.206,2026-09
-47.875,-159.875,9.065,-0.043,2026-09
-47.875,-157.875,9.053,0.087,2026-09
-47.875,-155.875,8.997,0.142,2026-09
-47.875,-153.875,8.934,0.216,2026-09
-47.875,-151.875,8.68,0.036,2026-09
-47.875,-149.875,8.589,0.083,2026-09
-47.875,-147.875,8.537,0.163,2026-09
-47.875,-145.875,8.206,-0.019,2026-09
-47.875,-143.875,8.059,-0.037,2026-09
-47.875,-141.875,8.149,0.178,2026-09
-47.875,-139.875,8.307,0.447,2026-09
-47.875,-137.875,8.144,0.369,2026-09
-47.875,-135.875,7.965,0.296,2026-09
-47.875,-133.875,7.866,0.328,2026-09
-47.875,-131.875,7.891,0.436,2026-09
-47.875,-129.875,8.023,0.629,2026-09
-47.875,-127.875,7.757,0.473,2026-09
-47.875,-125.875,7.552,0.355,2026-09
-47.875,-123.875,7.652,0.536,2026-09
-47.875,-121.875,7.814,0.744,2026-09
-47.875,-119.875,7.921,0.908,2026-09
-47.875,-117.875,7.657,0.587,2026-09
-47.875,-115.875,7.73,0.677,2026-09
-47.875,-113.875,7.959,0.952,2026-09
-47.875,-111.875,8.356,1.188,2026-09
-47.875,-109.875,8.555,1.303,2026-09
-47.875,-107.875,8.323,1.05,2026-09
-47.875,-105.875,8.186,0.985,2026-09
-47.875,-103.875,7.993,0.896,2026-09
-47.875,-101.875,7.828,0.858,2026-09
-47.875,-99.875,7.611,0.687,2026-09
-47.875,-97.875,7.316,0.499,2026-09
-47.875,-95.875,7.203,0.404,2026-09
-47.875,-93.875,7.518,0.66,2026-09
-47.875,-91.875,7.425,0.68,2026-09
-47.875,-89.875,7.326,0.586,2026-09
-47.875,-87.875,7.318,0.53,2026-09
-47.875,-85.875,7.182,0.327,2026-09
-47.875,-83.875,7.641,0.627,2026-09
-47.875,-81.875,7.599,0.413,2026-09
-47.875,-79.875,8.325,0.714,2026-09
-47.875,-77.875,8.708,0.631,2026-09
-47.875,-75.875,9.242,0.652,2026-09
-47.875,-65.875,6.359,0.147,2026-09
-47.875,-63.875,7.904,0.993,2026-09
-47.875,-61.875,7.211,0.715,2026-09
-47.875,-59.875,6.195,0.671,2026-09
-47.875,-57.875,5.535,0.532,2026-09
-47.875,-55.875,5.269,0.043,2026-09
-47.875,-53.875,6.518,0.06,2026-09
-47.875,-51.875,9.063,1.243,2026-09
-47.875,-49.875,12.38,4.231,2026-09
-47.875,-47.875,10.679,2.493,2026-09
-47.875,-45.875,8.743,0.612,2026-09
-47.875,-43.875,8.33,0.784,2026-09
-47.875,-41.875,8.648,1.616,2026-09
-47.875,-39.875,9.29,1.874,2026-09
-47.875,-37.875,9.794,2.796,2026-09
-47.875,-35.875,7.503,1.255,2026-09
-47.875,-33.875,5.514,0.607,2026-09
-47.875,-31.875,4.91,0.423,2026-09
-47.875,-29.875,5.047,0.917,2026-09
-47.875,-27.875,5.781,1.847,2026-09
-47.875,-25.875,3.427,-0.279,2026-09
-47.875,-23.875,3.557,0.139,2026-09
-47.875,-21.875,3.945,0.292,2026-09
-47.875,-19.875,4.719,0.529,2026-09
-47.875,-17.875,4.164,-0.157,2026-09
-47.875,-15.875,4.64,0.531,2026-09
-47.875,-13.875,4.045,0.35,2026-09
-47.875,-11.875,2.955,0.004,2026-09
-47.875,-9.875,2.413,-0.109,2026-09
-47.875,-7.875,1.791,-0.079,2026-09
-47.875,-5.875,2.405,-0.141,2026-09
-47.875,-3.875,4.305,0.844,2026-09
-47.875,-1.875,4.429,0.511,2026-09
-45.875,0.125,5.762,0.829,2026-09
-45.875,2.125,5.816,0.743,2026-09
-45.875,4.125,7.34,1.477,2026-09
-45.875,6.125,5.435,0.58,2026-09
-45.875,8.125,5.867,0.85,2026-09
-45.875,10.125,6.705,0.46,2026-09
-45.875,12.125,6.657,0.598,2026-09
-45.875,14.125,7.235,1.536,2026-09
-45.875,16.125,7.792,1.411,2026-09
-45.875,18.125,6.913,0.333,2026-09
-45.875,20.125,6.959,1.136,2026-09
-45.875,22.125,6.078,-0.107,2026-09
-45.875,24.125,6.452,0.486,2026-09
-45.875,26.125,5.534,-0.418,2026-09
-45.875,28.125,7.258,0.805,2026-09
-45.875,30.125,7.178,0.065,2026-09
-45.875,32.125,6.482,-0.21,2026-09
-45.875,34.125,7.452,0.934,2026-09
-45.875,36.125,6.644,0.688,2026-09
-45.875,38.125,6.179,0.956,2026-09
-45.875,40.125,5.472,-0.062,2026-09
-45.875,42.125,6.118,0.698,2026-09
-45.875,44.125,5.905,0.503,2026-09
-45.875,46.125,5.328,0.214,2026-09
-45.875,48.125,3.969,-0.341,2026-09
-45.875,50.125,5.033,0.456,2026-09
-45.875,52.125,4.376,0.317,2026-09
-45.875,54.125,3.908,-0.153,2026-09
-45.875,56.125,4.458,-0.667,2026-09
-45.875,58.125,5.401,-0.609,2026-09
-45.875,60.125,7.263,0.201,2026-09
-45.875,62.125,6.527,-0.507,2026-09
-45.875,64.125,4.43,-1.127,2026-09
-45.875,66.125,4.411,-0.238,2026-09
-45.875,68.125,4.39,0.158,2026-09
-45.875,70.125,4.965,-0.293,2026-09
-45.875,72.125,4.74,-0.87,2026-09
-45.875,74.125,10.312,2.655,2026-09
-45.875,76.125,10.807,2.316,2026-09
-45.875,78.125,5.409,-1.838,2026-09
-45.875,80.125,8.235,1.522,2026-09
-45.875,82.125,8.344,1.563,2026-09
-45.875,84.125,9.707,1.541,2026-09
-45.875,86.125,8.759,0.174,2026-09
-45.875,88.125,8.191,-0.19,2026-09
-45.875,90.125,9.445,1.225,2026-09
-45.875,92.125,8.989,0.915,2026-09
-45.875,94.125,8.621,0.868,2026-09
-45.875,96.125,6.824,-0.23,2026-09
-45.875,98.125,6.818,-0.32,2026-09
-45.875,100.125,8.314,-0.065,2026-09
-45.875,102.125,8.59,0.516,2026-09
-45.875,104.125,7.015,-1.38,2026-09
-45.875,106.125,10.106,0.895,2026-09
-45.875,108.125,9.986,0.704,2026-09
-45.875,110.125,9.427,0.372,2026-09
-45.875,112.125,9.654,0.578,2026-09
-45.875,114.125,9.532,0.494,2026-09
-45.875,116.125,9.478,0.438,2026-09
-45.875,118.125,9.244,0.283,2026-09
-45.875,120.125,9.312,0.442,2026-09
-45.875,122.125,9.234,0.205,2026-09
-45.875,124.125,9.471,0.442,2026-09
-45.875,126.125,9.375,0.344,2026-09
-45.875,128.125,9.211,0.263,2026-09
-45.875,130.125,9.343,0.357,2026-09
-45.875,132.125,9.305,0.248,2026-09
-45.875,134.125,9.181,0.033,2026-09
-45.875,136.125,9.414,0.136,2026-09
-45.875,138.125,9.483,0.071,2026-09
-45.875,140.125,11.042,1.499,2026-09
-45.875,142.125,11.637,1.78,2026-09
-45.875,144.125,12.005,1.688,2026-09
-45.875,146.125,10.774,0.174,2026-09
-45.875,148.125,12.916,2.164,2026-09
-45.875,150.125,12.051,1.43,2026-09
-45.875,152.125,12.626,2.036,2026-09
-45.875,154.125,11.289,1.154,2026-09
-45.875,156.125,10.916,0.76,2026-09
-45.875,158.125,10.647,0.662,2026-09
-45.875,160.125,10.6,0.454,2026-09
-45.875,162.125,11.236,0.853,2026-09
-45.875,164.125,12.076,1.177,2026-09
-45.875,166.125,12.296,0.61,2026-09
-45.875,172.125,8.13,0.082,2026-09
-45.875,174.125,8.28,0.027,2026-09
-45.875,176.125,8.638,0.143,2026-09
-45.875,178.125,9.076,0.425,2026-09
-45.875,-179.875,9.072,0.327,2026-09
-45.875,-177.875,9.131,-0.134,2026-09
-45.875,-175.875,10.136,-0.387,2026-09
-45.875,-173.875,10.803,0.405,2026-09
-45.875,-171.875,10.495,0.106,2026-09
-45.875,-169.875,10.255,-0.001,2026-09
-45.875,-167.875,10.064,-0.022,2026-09
-45.875,-165.875,9.924,0.036,2026-09
-45.875,-163.875,9.752,-0.0,2026-09
-45.875,-161.875,9.737,0.19,2026-09
-45.875,-159.875,9.519,0.107,2026-09
-45.875,-157.875,9.415,0.138,2026-09
-45.875,-155.875,9.087,-0.043,2026-09
-45.875,-153.875,8.976,-0.077,2026-09
-45.875,-151.875,8.92,0.025,2026-09
-45.875,-149.875,8.944,0.113,2026-09
-45.875,-147.875,8.567,-0.176,2026-09
-45.875,-145.875,8.588,-0.09,2026-09
-45.875,-143.875,8.707,0.185,2026-09
-45.875,-141.875,8.74,0.247,2026-09
-45.875,-139.875,8.578,0.203,2026-09
-45.875,-137.875,8.662,0.315,2026-09
-45.875,-135.875,8.395,0.164,2026-09
-45.875,-133.875,8.137,0.019,2026-09
-45.875,-131.875,8.345,0.317,2026-09
-45.875,-129.875,8.512,0.59,2026-09
-45.875,-127.875,8.422,0.557,2026-09
-45.875,-125.875,8.25,0.372,2026-09
-45.875,-123.875,8.848,0.986,2026-09
-45.875,-121.875,8.864,0.982,2026-09
-45.875,-119.875,8.876,1.013,2026-09
-45.875,-117.875,8.14,0.312,2026-09
-45.875,-115.875,8.464,0.553,2026-09
-45.875,-113.875,8.798,0.799,2026-09
-45.875,-111.875,9.243,1.198,2026-09
-45.875,-109.875,9.321,1.207,2026-09
-45.875,-107.875,9.073,1.001,2026-09
-45.875,-105.875,9.108,1.132,2026-09
-45.875,-103.875,8.79,0.945,2026-09
-45.875,-101.875,8.652,0.873,2026-09
-45.875,-99.875,8.334,0.59,2026-09
-45.875,-97.875,8.317,0.679,2026-09
-45.875,-95.875,8.53,0.898,2026-09
-45.875,-93.875,8.43,0.813,2026-09
-45.875,-91.875,8.285,0.688,2026-09
-45.875,-89.875,8.218,0.562,2026-09
-45.875,-87.875,8.433,0.618,2026-09
-45.875,-85.875,9.273,1.278,2026-09
-45.875,-83.875,9.041,1.002,2026-09
-45.875,-81.875,8.618,0.484,2026-09
-45.875,-79.875,9.18,0.756,2026-09
-45.875,-77.875,9.687,0.781,2026-09
-45.875,-75.875,10.14,0.873,2026-09
-45.875,-65.875,9.331,0.617,2026-09
-45.875,-63.875,8.701,0.614,2026-09
-45.875,-61.875,7.895,0.547,2026-09
-45.875,-59.875,6.583,0.563,2026-09
-45.875,-57.875,6.615,0.681,2026-09
-45.875,-55.875,7.113,-0.187,2026-09
-45.875,-53.875,10.373,1.706,2026-09
-45.875,-51.875,10.105,0.237,2026-09
-45.875,-49.875,10.964,1.599,2026-09
-45.875,-47.875,10.238,1.209,2026-09
-45.875,-45.875,9.688,1.024,2026-09
-45.875,-43.875,9.269,0.852,2026-09
-45.875,-41.875,9.088,0.912,2026-09
-45.875,-39.875,8.925,0.893,2026-09
-45.875,-37.875,8.882,1.056,2026-09
-45.875,-35.875,9.383,1.951,2026-09
-45.875,-33.875,7.955,1.253,2026-09
-45.875,-31.875,7.576,1.638,2026-09
-45.875,-29.875,6.002,-0.375,2026-09
-45.875,-27.875,5.837,0.339,2026-09
-45.875,-25.875,5.635,-0.113,2026-09
-45.875,-23.875,6.007,0.1,2026-09
-45.875,-21.875,5.583,-0.753,2026-09
-45.875,-19.875,6.838,0.535,2026-09
-45.875,-17.875,6.241,-0.006,2026-09
-45.875,-15.875,5.353,-0.006,2026-09
-45.875,-13.875,5.023,0.543,2026-09
-45.875,-11.875,4.55,0.468,2026-09
-45.875,-9.875,4.172,0.25,2026-09
-45.875,-7.875,4.213,0.084,2026-09
-45.875,-5.875,4.16,-0.449,2026-09
-45.875,-3.875,5.12,0.256,2026-09
-45.875,-1.875,5.715,0.853,2026-09
-43.875,0.125,9.669,1.539,2026-09
-43.875,2.125,9.433,1.32,2026-09
-43.875,4.125,10.001,2.048,2026-09
-43.875,6.125,8.942,1.579,2026-09
-43.875,8.125,9.331,2.175,2026-09
-43.875,10.125,10.445,2.865,2026-09
-43.875,12.125,11.591,3.51,2026-09
-43.875,14.125,8.764,-0.426,2026-09
-43.875,16.125,10.898,1.55,2026-09
-43.875,18.125,9.816,0.66,2026-09
-43.875,20.125,11.725,2.38,2026-09
-43.875,22.125,11.219,1.41,2026-09
-43.875,24.125,8.791,-0.893,2026-09
-43.875,26.125,12.398,2.939,2026-09
-43.875,28.125,10.314,0.544,2026-09
-43.875,30.125,9.713,0.419,2026-09
-43.875,32.125,9.331,0.208,2026-09
-43.875,34.125,7.976,0.26,2026-09
-43.875,36.125,7.874,0.494,2026-09
-43.875,38.125,8.954,1.883,2026-09
-43.875,40.125,7.632,0.638,2026-09
-43.875,42.125,6.492,0.272,2026-09
-43.875,44.125,5.907,0.221,2026-09
-43.875,46.125,4.891,-0.25,2026-09
-43.875,48.125,5.18,0.142,2026-09
-43.875,50.125,5.812,0.468,2026-09
-43.875,52.125,8.34,2.796,2026-09
-43.875,54.125,5.603,-0.602,2026-09
-43.875,56.125,7.309,-0.903,2026-09
-43.875,58.125,10.929,0.547,2026-09
-43.875,60.125,11.552,0.512,2026-09
-43.875,62.125,13.102,0.647,2026-09
-43.875,64.125,11.915,0.293,2026-09
-43.875,66.125,7.17,-2.309,2026-09
-43.875,68.125,10.863,0.98,2026-09
-43.875,70.125,12.333,1.291,2026-09
-43.875,72.125,11.677,1.172,2026-09
-43.875,74.125,10.678,0.145,2026-09
-43.875,76.125,10.934,0.944,2026-09
-43.875,78.125,8.204,-1.698,2026-09
-43.875,80.125,11.234,1.895,2026-09
-43.875,82.125,10.169,0.548,2026-09
-43.875,84.125,9.459,-0.425,2026-09
-43.875,86.125,11.023,1.165,2026-09
-43.875,88.125,9.498,-0.235,2026-09
-43.875,90.125,10.607,0.955,2026-09
-43.875,92.125,10.016,0.676,2026-09
-43.875,94.125,8.593,-0.668,2026-09
-43.875,96.125,10.663,0.806,2026-09
-43.875,98.125,10.621,0.485,2026-09
-43.875,100.125,10.603,0.61,2026-09
-43.875,102.125,10.502,0.577,2026-09
-43.875,104.125,10.496,0.737,2026-09
-43.875,106.125,10.284,0.581,2026-09
-43.875,108.125,10.286,0.7,2026-09
-43.875,110.125,10.179,0.569,2026-09
-43.875,112.125,9.888,0.249,2026-09
-43.875,114.125,9.709,0.158,2026-09
-43.875,116.125,9.894,0.386,2026-09
-43.875,118.125,9.58,0.182,2026-09
-43.875,120.125,9.408,-0.023,2026-09
-43.875,122.125,9.842,0.469,2026-09
-43.875,124.125,9.658,0.239,2026-09
-43.875,126.125,9.46,-0.018,2026-09
-43.875,128.125,9.386,-0.1,2026-09
-43.875,130.125,9.486,-0.052,2026-09
-43.875,132.125,9.505,-0.101,2026-09
-43.875,134.125,10.124,0.351,2026-09
-43.875,136.125,10.398,0.429,2026-09
-43.875,138.125,10.568,0.531,2026-09
-43.875,140.125,11.102,0.748,2026-09
-43.875,142.125,11.588,0.723,2026-09
-43.875,144.125,12.074,1.084,2026-09
-43.875,146.125,13.053,1.268,2026-09
-43.875,148.125,14.471,2.161,2026-09
-43.875,150.125,12.516,0.285,2026-09
-43.875,152.125,11.837,-0.223,2026-09
-43.875,154.125,12.681,0.996,2026-09
-43.875,156.125,12.303,0.941,2026-09
-43.875,158.125,12.261,0.835,2026-09
-43.875,160.125,11.998,0.627,2026-09
-43.875,162.125,12.001,0.812,2026-09
-43.875,164.125,11.803,0.371,2026-09
-43.875,166.125,12.562,0.726,2026-09
-43.875,168.125,12.986,0.607,2026-09
-43.875,172.125,10.576,0.716,2026-09
-43.875,174.125,10.295,0.453,2026-09
-43.875,176.125,10.715,0.165,2026-09
-43.875,178.125,10.206,0.129,2026-09
-43.875,-179.875,10.798,0.236,2026-09
-43.875,-177.875,11.47,0.518,2026-09
-43.875,-175.875,11.073,0.061,2026-09
-43.875,-173.875,12.204,0.449,2026-09
-43.875,-171.875,11.804,0.462,2026-09
-43.875,-169.875,10.648,-0.28,2026-09
-43.875,-167.875,10.393,-0.368,2026-09
-43.875,-165.875,10.459,-0.046,2026-09
-43.875,-163.875,10.179,-0.097,2026-09
-43.875,-161.875,10.232,0.097,2026-09
-43.875,-159.875,9.909,0.053,2026-09
-43.875,-157.875,9.841,0.067,2026-09
-43.875,-155.875,9.568,-0.184,2026-09
-43.875,-153.875,9.681,-0.071,2026-09
-43.875,-151.875,9.288,-0.387,2026-09
-43.875,-149.875,9.326,-0.27,2026-09
-43.875,-147.875,9.486,-0.077,2026-09
-43.875,-145.875,9.279,-0.117,2026-09
-43.875,-143.875,9.389,-0.042,2026-09
-43.875,-141.875,9.522,0.156,2026-09
-43.875,-139.875,9.212,0.013,2026-09
-43.875,-137.875,9.28,0.153,2026-09
-43.875,-135.875,8.923,-0.178,2026-09
-43.875,-133.875,9.098,-0.026,2026-09
-43.875,-131.875,9.328,0.186,2026-09
-43.875,-129.875,9.332,0.291,2026-09
-43.875,-127.875,9.313,0.213,2026-09
-43.875,-125.875,9.485,0.427,2026-09
-43.875,-123.875,9.768,0.661,2026-09
-43.875,-121.875,9.487,0.434,2026-09
-43.875,-119.875,9.994,0.932,2026-09
-43.875,-117.875,9.482,0.405,2026-09
-43.875,-115.875,10.069,1.072,2026-09
-43.875,-113.875,10.162,1.203,2026-09
-43.875,-111.875,10.143,1.002,2026-09
-43.875,-109.875,10.474,1.339,2026-09
-43.875,-107.875,9.972,0.884,2026-09
-43.875,-105.875,9.651,0.741,2026-09
-43.875,-103.875,9.534,0.65,2026-09
-43.875,-101.875,9.514,0.703,2026-09
-43.875,-99.875,9.933,1.312,2026-09
-43.875,-97.875,9.597,0.933,2026-09
-43.875,-95.875,9.418,0.722,2026-09
-43.875,-93.875,9.636,1.018,2026-09
-43.875,-91.875,9.494,0.782,2026-09
-43.875,-89.875,9.248,0.432,2026-09
-43.875,-87.875,9.878,1.075,2026-09
-43.875,-85.875,9.669,0.75,2026-09
-43.875,-83.875,9.53,0.554,2026-09
-43.875,-81.875,10.069,0.893,2026-09
-43.875,-79.875,10.542,1.055,2026-09
-43.875,-77.875,10.371,0.75,2026-09
-43.875,-75.875,10.671,0.826,2026-09
-43.875,-73.875,10.397,0.41,2026-09
-43.875,-63.875,9.57,0.529,2026-09
-43.875,-61.875,9.161,0.891,2026-09
-43.875,-59.875,7.265,0.396,2026-09
-43.875,-57.875,7.428,1.062,2026-09
-43.875,-55.875,10.235,2.302,2026-09
-43.875,-53.875,9.706,-1.163,2026-09
-43.875,-51.875,11.453,0.446,2026-09
-43.875,-49.875,10.456,0.008,2026-09
-43.875,-47.875,9.879,0.535,2026-09
-43.875,-45.875,9.572,0.806,2026-09
-43.875,-43.875,9.211,0.783,2026-09
-43.875,-41.875,9.144,0.898,2026-09
-43.875,-39.875,8.974,0.886,2026-09
-43.875,-37.875,8.65,0.678,2026-09
-43.875,-35.875,9.693,1.657,2026-09
-43.875,-33.875,8.423,0.756,2026-09
-43.875,-31.875,9.21,0.543,2026-09
-43.875,-29.875,8.382,0.223,2026-09
-43.875,-27.875,8.892,0.504,2026-09
-43.875,-25.875,10.356,1.84,2026-09
-43.875,-23.875,8.977,0.321,2026-09
-43.875,-21.875,9.09,0.058,2026-09
-43.875,-19.875,10.165,1.688,2026-09
-43.875,-17.875,9.491,1.476,2026-09
-43.875,-15.875,8.357,1.305,2026-09
-43.875,-13.875,10.265,2.825,2026-09
-43.875,-11.875,10.094,1.252,2026-09
-43.875,-9.875,11.123,2.211,2026-09
-43.875,-7.875,10.825,2.27,2026-09
-43.875,-5.875,9.258,1.191,2026-09
-43.875,-3.875,8.051,0.334,2026-09
-43.875,-1.875,8.502,0.696,2026-09
-41.875,0.125,10.646,1.485,2026-09
-41.875,2.125,10.701,1.605,2026-09
-41.875,4.125,10.153,1.069,2026-09
-41.875,6.125,10.459,1.308,2026-09
-41.875,8.125,10.966,1.747,2026-09
-41.875,10.125,10.687,1.053,2026-09
-41.875,12.125,15.373,4.499,2026-09
-41.875,14.125,15.514,3.576,2026-09
-41.875,16.125,13.241,0.799,2026-09
-41.875,18.125,15.61,3.185,2026-09
-41.875,20.125,15.492,2.698,2026-09
-41.875,22.125,16.668,3.514,2026-09
-41.875,24.125,19.259,5.955,2026-09
-41.875,26.125,17.278,5.231,2026-09
-41.875,28.125,13.2,0.984,2026-09
-41.875,30.125,12.957,0.637,2026-09
-41.875,32.125,12.262,0.301,2026-09
-41.875,34.125,12.096,0.695,2026-09
-41.875,36.125,11.419,0.32,2026-09
-41.875,38.125,10.57,-0.017,2026-09
-41.875,40.125,8.798,-1.374,2026-09
-41.875,42.125,12.031,1.667,2026-09
-41.875,44.125,8.261,-1.756,2026-09
-41.875,46.125,10.23,-0.122,2026-09
-41.875,48.125,10.831,1.95,2026-09
-41.875,50.125,7.996,-0.595,2026-09
-41.875,52.125,13.669,3.695,2026-09
-41.875,54.125,11.884,0.874,2026-09
-41.875,56.125,13.932,1.572,2026-09
-41.875,58.125,14.102,0.12,2026-09
-41.875,60.125,13.641,0.014,2026-09
-41.875,62.125,13.086,-0.373,2026-09
-41.875,64.125,13.44,0.14,2026-09
-41.875,66.125,13.037,0.984,2026-09
-41.875,68.125,11.545,-0.932,2026-09
-41.875,70.125,12.363,0.119,2026-09
-41.875,72.125,12.622,0.603,2026-09
-41.875,74.125,12.263,0.462,2026-09
-41.875,76.125,12.061,0.863,2026-09
-41.875,78.125,11.989,0.602,2026-09
-41.875,80.125,11.74,0.437,2026-09
-41.875,82.125,11.608,0.368,2026-09
-41.875,84.125,11.998,0.818,2026-09
-41.875,86.125,11.18,0.207,2026-09
-41.875,88.125,11.396,0.586,2026-09
-41.875,90.125,11.051,0.3,2026-09
-41.875,92.125,11.249,0.499,2026-09
-41.875,94.125,11.092,0.404,2026-09
-41.875,96.125,10.758,0.194,2026-09
-41.875,98.125,10.575,0.174,2026-09
-41.875,100.125,10.752,0.416,2026-09
-41.875,102.125,10.63,0.343,2026-09
-41.875,104.125,10.428,0.212,2026-09
-41.875,106.125,10.611,0.391,2026-09
-41.875,108.125,10.524,0.306,2026-09
-41.875,110.125,10.402,0.275,2026-09
-41.875,112.125,10.639,0.281,2026-09
-41.875,114.125,10.722,0.372,2026-09
-41.875,116.125,10.29,0.016,2026-09
-41.875,118.125,11.082,0.895,2026-09
-41.875,120.125,10.562,0.385,2026-09
-41.875,122.125,10.854,0.662,2026-09
-41.875,124.125,10.656,0.478,2026-09
-41.875,126.125,10.582,0.359,2026-09
-41.875,128.125,11.298,0.953,2026-09
-41.875,130.125,10.392,-0.059,2026-09
-41.875,132.125,11.196,0.759,2026-09
-41.875,134.125,11.18,0.687,2026-09
-41.875,136.125,11.395,0.719,2026-09
-41.875,138.125,12.061,1.053,2026-09
-41.875,140.125,13.124,1.551,2026-09
-41.875,142.125,12.884,0.905,2026-09
-41.875,144.125,12.851,0.659,2026-09
-41.875,150.125,14.738,1.145,2026-09
-41.875,152.125,15.276,1.96,2026-09
-41.875,154.125,13.622,0.548,2026-09
-41.875,156.125,13.842,0.869,2026-09
-41.875,158.125,14.016,1.027,2026-09
-41.875,160.125,13.884,1.158,2026-09
-41.875,162.125,12.89,0.31,2026-09
-41.875,164.125,13.695,1.314,2026-09
-41.875,166.125,13.532,1.022,2026-09
-41.875,168.125,13.388,0.787,2026-09
-41.875,170.125,14.101,0.931,2026-09
-41.875,174.125,10.942,0.207,2026-09
-41.875,176.125,12.004,-0.556,2026-09
-41.875,178.125,13.496,0.282,2026-09
-41.875,-179.875,12.551,-0.294,2026-09
-41.875,-177.875,12.772,-0.129,2026-09
-41.875,-175.875,12.453,-0.45,2026-09
-41.875,-173.875,12.624,0.055,2026-09
-41.875,-171.875,12.387,0.047,2026-09
-41.875,-169.875,11.877,0.003,2026-09
-41.875,-167.875,11.287,-0.307,2026-09
-41.875,-165.875,11.168,-0.164,2026-09
-41.875,-163.875,10.865,-0.324,2026-09
-41.875,-161.875,10.646,-0.344,2026-09
-41.875,-159.875,10.618,-0.15,2026-09
-41.875,-157.875,10.772,-0.016,2026-09
-41.875,-155.875,10.837,-0.086,2026-09
-41.875,-153.875,10.684,-0.271,2026-09
-41.875,-151.875,10.343,-0.503,2026-09
-41.875,-149.875,10.238,-0.595,2026-09
-41.875,-147.875,10.512,-0.23,2026-09
-41.875,-145.875,10.102,-0.484,2026-09
-41.875,-143.875,10.338,-0.088,2026-09
-41.875,-141.875,10.273,-0.182,2026-09
-41.875,-139.875,10.087,-0.279,2026-09
-41.875,-137.875,10.169,-0.254,2026-09
-41.875,-135.875,10.607,0.209,2026-09
-41.875,-133.875,10.527,0.106,2026-09
-41.875,-131.875,10.798,0.389,2026-09
-41.875,-129.875,10.729,0.261,2026-09
-41.875,-127.875,10.187,-0.17,2026-09
-41.875,-125.875,10.256,-0.08,2026-09
-41.875,-123.875,10.814,0.421,2026-09
-41.875,-121.875,10.747,0.457,2026-09
-41.875,-119.875,11.125,0.842,2026-09
-41.875,-117.875,11.09,0.84,2026-09
-41.875,-115.875,10.816,0.536,2026-09
-41.875,-113.875,11.203,0.993,2026-09
-41.875,-111.875,11.15,0.9,2026-09
-41.875,-109.875,10.765,0.427,2026-09
-41.875,-107.875,10.924,0.78,2026-09
-41.875,-105.875,11.009,1.019,2026-09
-41.875,-103.875,10.587,0.704,2026-09
-41.875,-101.875,11.118,1.198,2026-09
-41.875,-99.875,10.79,0.855,2026-09
-41.875,-97.875,10.742,0.97,2026-09
-41.875,-95.875,10.388,0.601,2026-09
-41.875,-93.875,10.544,0.791,2026-09
-41.875,-91.875,10.145,0.261,2026-09
-41.875,-89.875,11.144,1.287,2026-09
-41.875,-87.875,10.513,0.463,2026-09
-41.875,-85.875,11.057,1.123,2026-09
-41.875,-83.875,10.987,0.786,2026-09
-41.875,-81.875,10.981,0.554,2026-09
-41.875,-79.875,10.814,0.308,2026-09
-41.875,-77.875,11.067,0.522,2026-09
-41.875,-75.875,11.267,0.686,2026-09
-41.875,-63.875,10.764,0.235,2026-09
-41.875,-61.875,10.928,0.424,2026-09
-41.875,-59.875,9.579,0.784,2026-09
-41.875,-57.875,7.238,0.311,2026-09
-41.875,-55.875,8.147,0.514,2026-09
-41.875,-53.875,8.887,-2.905,2026-09
-41.875,-51.875,13.313,0.261,2026-09
-41.875,-49.875,12.692,0.332,2026-09
-41.875,-47.875,12.038,0.446,2026-09
-41.875,-45.875,10.391,0.012,2026-09
-41.875,-43.875,12.451,2.455,2026-09
-41.875,-41.875,10.126,-0.045,2026-09
-41.875,-39.875,11.07,0.456,2026-09
-41.875,-37.875,11.832,1.042,2026-09
-41.875,-35.875,10.819,-0.246,2026-09
-41.875,-33.875,10.57,0.448,2026-09
-41.875,-31.875,10.921,0.029,2026-09
-41.875,-29.875,10.883,0.041,2026-09
-41.875,-27.875,11.026,0.118,2026-09
-41.875,-25.875,11.454,0.462,2026-09
-41.875,-23.875,12.176,1.229,2026-09
-41.875,-21.875,11.17,0.537,2026-09
-41.875,-19.875,11.101,1.049,2026-09
-41.875,-17.875,10.869,0.778,2026-09
-41.875,-15.875,11.971,1.547,2026-09
-41.875,-13.875,11.403,0.931,2026-09
-41.875,-11.875,11.524,1.241,2026-09
-41.875,-9.875,10.999,1.053,2026-09
-41.875,-7.875,10.643,0.998,2026-09
-41.875,-5.875,10.584,1.073,2026-09
-41.875,-3.875,10.359,1.021,2026-09
-41.875,-1.875,10.233,0.905,2026-09
-39.875,0.125,12.237,2.031,2026-09
-39.875,2.125,12.301,1.918,2026-09
-39.875,4.125,11.754,1.012,2026-09
-39.875,6.125,13.599,2.526,2026-09
-39.875,8.125,14.772,3.41,2026-09
-39.875,10.125,16.236,4.439,2026-09
-39.875,12.125,16.335,3.193,2026-09
-39.875,14.125,17.58,3.085,2026-09
-39.875,16.125,17.898,2.224,2026-09
-39.875,18.125,17.222,0.573,2026-09
-39.875,20.125,18.048,1.406,2026-09
-39.875,22.125,17.001,0.735,2026-09
-39.875,24.125,19.218,3.941,2026-09
-39.875,26.125,18.508,3.952,2026-09
-39.875,28.125,15.382,0.485,2026-09
-39.875,30.125,18.397,2.435,2026-09
-39.875,32.125,16.988,2.323,2026-09
-39.875,34.125,19.021,4.103,2026-09
-39.875,36.125,18.178,3.243,2026-09
-39.875,38.125,14.503,0.312,2026-09
-39.875,40.125,14.987,0.63,2026-09
-39.875,42.125,13.025,-1.822,2026-09
-39.875,44.125,14.457,-0.492,2026-09
-39.875,46.125,16.708,1.594,2026-09
-39.875,48.125,16.144,1.479,2026-09
-39.875,50.125,13.531,-0.404,2026-09
-39.875,52.125,15.045,0.243,2026-09
-39.875,54.125,13.667,-1.29,2026-09
-39.875,56.125,15.287,0.512,2026-09
-39.875,58.125,14.401,0.028,2026-09
-39.875,60.125,13.828,-0.242,2026-09
-39.875,62.125,13.588,-0.238,2026-09
-39.875,64.125,13.39,-0.196,2026-09
-39.875,66.125,13.329,-0.122,2026-09
-39.875,68.125,13.289,0.105,2026-09
-39.875,70.125,13.202,0.236,2026-09
-39.875,72.125,13.027,0.242,2026-09
-39.875,74.125,12.834,0.311,2026-09
-39.875,76.125,12.799,0.485,2026-09
-39.875,78.125,12.061,-0.043,2026-09
-39.875,80.125,12.537,0.476,2026-09
-39.875,82.125,12.378,0.499,2026-09
-39.875,84.125,12.468,0.74,2026-09
-39.875,86.125,11.864,0.241,2026-09
-39.875,88.125,11.741,0.277,2026-09
-39.875,90.125,11.473,0.14,2026-09
-39.875,92.125,11.759,0.554,2026-09
-39.875,94.125,11.33,0.232,2026-09
-39.875,96.125,11.751,0.654,2026-09
-39.875,98.125,11.767,0.803,2026-09
-39.875,100.125,11.249,0.224,2026-09
-39.875,102.125,11.257,0.301,2026-09
-39.875,104.125,10.893,-0.265,2026-09
-39.875,106.125,11.187,0.017,2026-09
-39.875,108.125,11.338,0.251,2026-09
-39.875,110.125,12.492,1.158,2026-09
-39.875,112.125,11.567,0.141,2026-09
-39.875,114.125,12.623,1.014,2026-09
-39.875,116.125,11.439,-0.137,2026-09
-39.875,118.125,11.677,0.27,2026-09
-39.875,120.125,12.096,0.742,2026-09
-39.875,122.125,12.347,1.055,2026-09
-39.875,124.125,12.249,1.017,2026-09
-39.875,126.125,12.092,0.712,2026-09
-39.875,128.125,12.616,1.311,2026-09
-39.875,130.125,12.487,1.11,2026-09
-39.875,132.125,12.365,0.857,2026-09
-39.875,134.125,12.491,0.794,2026-09
-39.875,136.125,12.003,0.058,2026-09
-39.875,138.125,12.188,-0.151,2026-09
-39.875,140.125,12.871,-0.048,2026-09
-39.875,142.125,13.34,0.3,2026-09
-39.875,144.125,13.992,0.876,2026-09
-39.875,146.125,13.703,0.912,2026-09
-39.875,148.125,13.284,1.043,2026-09
-39.875,150.125,16.81,2.187,2026-09
-39.875,152.125,17.378,2.723,2026-09
-39.875,154.125,16.037,1.508,2026-09
-39.875,156.125,15.271,0.852,2026-09
-39.875,158.125,13.978,-0.284,2026-09
-39.875,160.125,15.491,1.591,2026-09
-39.875,162.125,14.614,0.92,2026-09
-39.875,164.125,15.166,1.658,2026-09
-39.875,166.125,14.208,0.737,2026-09
-39.875,168.125,14.616,1.05,2026-09
-39.875,170.125,14.549,0.968,2026-09
-39.875,172.125,14.324,0.782,2026-09
-39.875,174.125,13.911,0.782,2026-09
-39.875,178.125,13.909,-0.073,2026-09
-39.875,-179.875,13.91,0.019,2026-09
-39.875,-177.875,13.936,0.408,2026-09
-39.875,-175.875,13.56,0.409,2026-09
-39.875,-173.875,13.419,0.483,2026-09
-39.875,-171.875,12.876,0.172,2026-09
-39.875,-169.875,12.476,-0.1,2026-09
-39.875,-167.875,12.073,-0.29,2026-09
-39.875,-165.875,12.19,-0.167,2026-09
-39.875,-163.875,11.736,-0.473,2026-09
-39.875,-161.875,11.636,-0.394,2026-09
-39.875,-159.875,11.874,-0.124,2026-09
-39.875,-157.875,11.712,-0.383,2026-09
-39.875,-155.875,11.721,-0.301,2026-09
-39.875,-153.875,11.349,-0.594,2026-09
-39.875,-151.875,11.995,0.106,2026-09
-39.875,-149.875,11.378,-0.481,2026-09
-39.875,-147.875,11.294,-0.405,2026-09
-39.875,-145.875,10.93,-0.697,2026-09
-39.875,-143.875,11.085,-0.643,2026-09
-39.875,-141.875,11.284,-0.24,2026-09
-39.875,-139.875,11.662,0.103,2026-09
-39.875,-137.875,12.168,0.502,2026-09
-39.875,-135.875,11.932,0.178,2026-09
-39.875,-133.875,11.509,-0.241,2026-09
-39.875,-131.875,11.315,-0.436,2026-09
-39.875,-129.875,11.402,-0.291,2026-09
-39.875,-127.875,11.537,-0.048,2026-09
-39.875,-125.875,11.428,-0.212,2026-09
-39.875,-123.875,11.584,0.012,2026-09
-39.875,-121.875,11.73,0.196,2026-09
-39.875,-119.875,11.677,0.093,2026-09
-39.875,-117.875,11.982,0.474,2026-09
-39.875,-115.875,12.204,0.686,2026-09
-39.875,-113.875,12.177,0.69,2026-09
-39.875,-111.875,11.88,0.309,2026-09
-39.875,-109.875,12.208,0.618,2026-09
-39.875,-107.875,11.843,0.394,2026-09
-39.875,-105.875,11.799,0.615,2026-09
-39.875,-103.875,12.259,1.077,2026-09
-39.875,-101.875,11.615,0.508,2026-09
-39.875,-99.875,11.431,0.485,2026-09
-39.875,-97.875,11.352,0.405,2026-09
-39.875,-95.875,12.072,0.977,2026-09
-39.875,-93.875,11.485,0.418,2026-09
-39.875,-91.875,12.469,1.262,2026-09
-39.875,-89.875,12.379,1.135,2026-09
-39.875,-87.875,12.315,1.004,2026-09
-39.875,-85.875,12.166,0.723,2026-09
-39.875,-83.875,12.245,0.763,2026-09
-39.875,-81.875,11.808,0.361,2026-09
-39.875,-79.875,11.926,0.46,2026-09
-39.875,-77.875,11.97,0.597,2026-09
-39.875,-75.875,11.716,0.377,2026-09
-39.875,-73.875,12.243,0.915,2026-09
-39.875,-61.875,10.739,0.292,2026-09
-39.875,-59.875,10.862,0.184,2026-09
-39.875,-57.875,8.759,0.08,2026-09
-39.875,-55.875,6.923,-0.287,2026-09
-39.875,-53.875,8.831,-1.847,2026-09
-39.875,-51.875,14.924,-0.018,2026-09
-39.875,-49.875,14.606,0.318,2026-09
-39.875,-47.875,13.008,-0.607,2026-09
-39.875,-45.875,12.826,0.336,2026-09
-39.875,-43.875,15.307,2.423,2026-09
-39.875,-41.875,15.103,2.456,2026-09
-39.875,-39.875,10.929,-2.104,2026-09
-39.875,-37.875,14.268,1.189,2026-09
-39.875,-35.875,13.829,1.282,2026-09
-39.875,-33.875,13.886,0.998,2026-09
-39.875,-31.875,13.952,0.831,2026-09
-39.875,-29.875,13.797,0.985,2026-09
-39.875,-27.875,13.566,0.651,2026-09
-39.875,-25.875,12.557,0.033,2026-09
-39.875,-23.875,13.033,0.587,2026-09
-39.875,-21.875,13.136,1.021,2026-09
-39.875,-19.875,13.004,1.073,2026-09
-39.875,-17.875,12.444,0.8,2026-09
-39.875,-15.875,12.305,0.736,2026-09
-39.875,-13.875,12.225,0.9,2026-09
-39.875,-11.875,12.557,1.398,2026-09
-39.875,-9.875,11.882,0.998,2026-09
-39.875,-7.875,11.802,1.161,2026-09
-39.875,-5.875,11.465,1.118,2026-09
-39.875,-3.875,11.395,1.03,2026-09
-39.875,-1.875,11.324,1.067,2026-09
-37.875,0.125,13.449,1.048,2026-09
-37.875,2.125,14.463,1.67,2026-09
-37.875,4.125,13.694,1.363,2026-09
-37.875,6.125,14.007,1.418,2026-09
-37.875,8.125,14.638,1.437,2026-09
-37.875,10.125,16.353,2.647,2026-09
-37.875,12.125,16.246,1.515,2026-09
-37.875,14.125,17.001,1.324,2026-09
-37.875,16.125,17.0,0.227,2026-09
-37.875,18.125,16.877,-0.572,2026-09
-37.875,20.125,19.744,1.265,2026-09
-37.875,22.125,19.181,0.716,2026-09
-37.875,24.125,19.912,1.878,2026-09
-37.875,26.125,18.505,1.845,2026-09
-37.875,28.125,17.518,0.52,2026-09
-37.875,30.125,18.589,0.829,2026-09
-37.875,32.125,16.749,-0.168,2026-09
-37.875,34.125,18.834,1.541,2026-09
-37.875,36.125,18.0,0.711,2026-09
-37.875,38.125,17.24,0.411,2026-09
-37.875,40.125,16.986,0.71,2026-09
-37.875,42.125,17.357,0.784,2026-09
-37.875,44.125,17.371,1.009,2026-09
-37.875,46.125,16.516,0.379,2026-09
-37.875,48.125,16.447,0.447,2026-09
-37.875,50.125,16.25,0.418,2026-09
-37.875,52.125,16.04,0.464,2026-09
-37.875,54.125,15.826,0.546,2026-09
-37.875,56.125,15.072,0.115,2026-09
-37.875,58.125,14.299,-0.343,2026-09
-37.875,60.125,14.215,-0.21,2026-09
-37.875,62.125,13.684,-0.428,2026-09
-37.875,64.125,14.017,0.127,2026-09
-37.875,66.125,13.879,0.064,2026-09
-37.875,68.125,13.752,0.111,2026-09
-37.875,70.125,13.811,0.305,2026-09
-37.875,72.125,13.5,0.201,2026-09
-37.875,74.125,13.389,0.303,2026-09
-37.875,76.125,13.028,0.104,2026-09
-37.875,78.125,13.057,0.395,2026-09
-37.875,80.125,12.689,0.106,2026-09
-37.875,82.125,12.724,0.24,2026-09
-37.875,84.125,13.19,0.762,2026-09
-37.875,86.125,12.136,-0.054,2026-09
-37.875,88.125,12.224,0.195,2026-09
-37.875,90.125,12.362,0.368,2026-09
-37.875,92.125,12.509,0.522,2026-09
-37.875,94.125,12.073,0.104,2026-09
-37.875,96.125,12.668,0.791,2026-09
-37.875,98.125,12.527,0.627,2026-09
-37.875,100.125,12.519,0.675,2026-09
-37.875,102.125,12.123,-0.01,2026-09
-37.875,104.125,12.046,-0.394,2026-09
-37.875,106.125,13.913,1.399,2026-09
-37.875,108.125,13.802,1.026,2026-09
-37.875,110.125,13.824,0.802,2026-09
-37.875,112.125,13.08,-0.257,2026-09
-37.875,114.125,13.415,-0.244,2026-09
-37.875,116.125,13.977,0.387,2026-09
-37.875,118.125,15.38,2.161,2026-09
-37.875,120.125,14.001,0.71,2026-09
-37.875,122.125,13.776,0.787,2026-09
-37.875,124.125,12.612,-0.365,2026-09
-37.875,126.125,12.739,0.127,2026-09
-37.875,128.125,13.414,0.788,2026-09
-37.875,130.125,13.416,0.785,2026-09
-37.875,132.125,13.217,0.458,2026-09
-37.875,134.125,14.258,1.187,2026-09
-37.875,136.125,13.694,0.41,2026-09
-37.875,138.125,14.484,1.024,2026-09
-37.875,140.125,14.638,0.643,2026-09
-37.875,148.125,14.074,1.231,2026-09
-37.875,150.125,17.136,1.623,2026-09
-37.875,152.125,18.729,2.235,2026-09
-37.875,154.125,16.355,0.494,2026-09
-37.875,156.125,16.951,1.43,2026-09
-37.875,158.125,16.226,0.724,2026-09
-37.875,160.125,15.857,0.643,2026-09
-37.875,162.125,15.862,0.932,2026-09
-37.875,164.125,15.368,0.908,2026-09
-37.875,166.125,15.393,1.117,2026-09
-37.875,168.125,15.022,0.761,2026-09
-37.875,170.125,14.939,0.594,2026-09
-37.875,172.125,15.009,0.606,2026-09
-37.875,174.125,14.75,0.542,2026-09
-37.875,-179.875,14.764,-0.159,2026-09
-37.875,-177.875,14.475,0.258,2026-09
-37.875,-175.875,13.894,0.05,2026-09
-37.875,-173.875,13.815,0.163,2026-09
-37.875,-171.875,13.599,0.25,2026-09
-37.875,-169.875,13.211,-0.166,2026-09
-37.875,-167.875,13.223,-0.149,2026-09
-37.875,-165.875,12.977,-0.401,2026-09
-37.875,-163.875,12.847,-0.409,2026-09
-37.875,-161.875,12.887,-0.251,2026-09
-37.875,-159.875,13.001,-0.046,2026-09
-37.875,-157.875,12.757,-0.261,2026-09
-37.875,-155.875,12.578,-0.441,2026-09
-37.875,-153.875,12.985,0.014,2026-09
-37.875,-151.875,12.707,-0.181,2026-09
-37.875,-149.875,12.245,-0.576,2026-09
-37.875,-147.875,12.954,0.028,2026-09
-37.875,-145.875,12.662,-0.38,2026-09
-37.875,-143.875,12.975,0.126,2026-09
-37.875,-141.875,12.728,-0.171,2026-09
-37.875,-139.875,13.563,0.692,2026-09
-37.875,-137.875,13.111,0.04,2026-09
-37.875,-135.875,13.213,0.068,2026-09
-37.875,-133.875,13.215,0.076,2026-09
-37.875,-131.875,12.882,-0.187,2026-09
-37.875,-129.875,12.884,-0.195,2026-09
-37.875,-127.875,12.775,-0.316,2026-09
-37.875,-125.875,12.794,-0.284,2026-09
-37.875,-123.875,13.091,0.085,2026-09
-37.875,-121.875,13.357,0.508,2026-09
-37.875,-119.875,12.892,-0.005,2026-09
-37.875,-117.875,13.025,0.164,2026-09
-37.875,-115.875,13.592,0.747,2026-09
-37.875,-113.875,13.421,0.572,2026-09
-37.875,-111.875,13.871,0.95,2026-09
-37.875,-109.875,13.09,0.295,2026-09
-37.875,-107.875,12.695,0.029,2026-09
-37.875,-105.875,13.386,0.752,2026-09
-37.875,-103.875,13.156,0.645,2026-09
-37.875,-101.875,13.084,0.632,2026-09
-37.875,-99.875,12.672,0.048,2026-09
-37.875,-97.875,12.935,0.369,2026-09
-37.875,-95.875,12.801,0.393,2026-09
-37.875,-93.875,13.309,0.794,2026-09
-37.875,-91.875,13.399,0.764,2026-09
-37.875,-89.875,13.383,0.714,2026-09
-37.875,-87.875,13.437,0.857,2026-09
-37.875,-85.875,13.114,0.458,2026-09
-37.875,-83.875,13.382,0.82,2026-09
-37.875,-81.875,12.969,0.446,2026-09
-37.875,-79.875,12.917,0.542,2026-09
-37.875,-77.875,12.565,0.359,2026-09
-37.875,-75.875,12.64,0.647,2026-09
-37.875,-73.875,12.924,1.153,2026-09
-37.875,-55.875,9.327,-0.131,2026-09
-37.875,-53.875,11.237,-1.172,2026-09
-37.875,-51.875,12.717,-3.112,2026-09
-37.875,-49.875,14.96,-0.492,2026-09
-37.875,-47.875,16.061,0.937,2026-09
-37.875,-45.875,15.632,0.452,2026-09
-37.875,-43.875,16.16,1.111,2026-09
-37.875,-41.875,15.079,0.491,2026-09
-37.875,-39.875,14.826,0.246,2026-09
-37.875,-37.875,14.025,-0.51,2026-09
-37.875,-35.875,15.094,0.874,2026-09
-37.875,-33.875,14.775,0.404,2026-09
-37.875,-31.875,14.537,0.54,2026-09
-37.875,-29.875,13.949,0.072,2026-09
-37.875,-27.875,14.154,0.593,2026-09
-37.875,-25.875,13.88,0.421,2026-09
-37.875,-23.875,13.903,0.591,2026-09
-37.875,-21.875,13.608,0.64,2026-09
-37.875,-19.875,13.573,0.763,2026-09
-37.875,-17.875,14.165,1.492,2026-09
-37.875,-15.875,14.305,1.438,2026-09
-37.875,-13.875,13.329,0.588,2026-09
-37.875,-11.875,13.256,0.827,2026-09
-37.875,-9.875,12.986,0.837,2026-09
-37.875,-7.875,12.535,0.424,2026-09
-37.875,-5.875,12.964,0.862,2026-09
-37.875,-3.875,13.516,1.626,2026-09
-37.875,-1.875,12.733,0.378,2026-09
-35.875,0.125,15.366,1.209,2026-09
-35.875,2.125,15.117,0.824,2026-09
-35.875,4.125,16.015,1.348,2026-09
-35.875,6.125,16.799,2.163,2026-09
-35.875,8.125,16.171,1.508,2026-09
-35.875,10.125,15.276,-0.194,2026-09
-35.875,12.125,16.776,1.071,2026-09
-35.875,14.125,16.734,0.834,2026-09
-35.875,16.125,17.069,0.509,2026-09
-35.875,18.125,17.064,0.254,2026-09
-35.875,20.125,16.606,-0.242,2026-09
-35.875,22.125,19.276,0.344,2026-09
-35.875,24.125,21.005,1.548,2026-09
-35.875,26.125,20.293,1.313,2026-09
-35.875,28.125,20.139,1.473,2026-09
-35.875,30.125,19.928,1.487,2026-09
-35.875,32.125,20.72,2.585,2026-09
-35.875,34.125,19.687,1.686,2026-09
-35.875,36.125,18.163,0.448,2026-09
-35.875,38.125,17.217,-0.189,2026-09
-35.875,40.125,17.386,0.202,2026-09
-35.875,42.125,17.411,0.424,2026-09
-35.875,44.125,17.117,0.353,2026-09
-35.875,46.125,16.605,0.036,2026-09
-35.875,48.125,17.203,0.755,2026-09
-35.875,50.125,16.44,0.216,2026-09
-35.875,52.125,16.12,0.127,2026-09
-35.875,54.125,15.969,0.287,2026-09
-35.875,56.125,15.641,0.146,2026-09
-35.875,58.125,15.319,0.137,2026-09
-35.875,60.125,15.276,0.369,2026-09
-35.875,62.125,14.957,0.202,2026-09
-35.875,64.125,14.773,0.203,2026-09
-35.875,66.125,14.664,0.143,2026-09
-35.875,68.125,13.957,-0.437,2026-09
-35.875,70.125,14.163,-0.115,2026-09
-35.875,72.125,14.543,0.579,2026-09
-35.875,74.125,13.635,-0.179,2026-09
-35.875,76.125,13.865,0.184,2026-09
-35.875,78.125,13.985,0.452,2026-09
-35.875,80.125,13.226,-0.273,2026-09
-35.875,82.125,13.628,0.197,2026-09
-35.875,84.125,13.954,0.547,2026-09
-35.875,86.125,14.184,0.994,2026-09
-35.875,88.125,13.12,0.075,2026-09
-35.875,90.125,14.062,1.15,2026-09
-35.875,92.125,15.004,2.0,2026-09
-35.875,94.125,13.24,0.285,2026-09
-35.875,96.125,13.669,0.574,2026-09
-35.875,98.125,13.541,0.58,2026-09
-35.875,100.125,14.474,1.277,2026-09
-35.875,102.125,13.452,0.084,2026-09
-35.875,104.125,13.573,0.02,2026-09
-35.875,106.125,14.575,0.918,2026-09
-35.875,108.125,14.742,0.543,2026-09
-35.875,110.125,15.601,0.998,2026-09
-35.875,112.125,15.748,0.953,2026-09
-35.875,114.125,15.434,0.229,2026-09
-35.875,116.125,16.724,1.173,2026-09
-35.875,118.125,17.022,1.386,2026-09
-35.875,120.125,15.764,0.685,2026-09
-35.875,122.125,15.339,0.759,2026-09
-35.875,124.125,14.735,0.396,2026-09
-35.875,126.125,14.966,1.008,2026-09
-35.875,128.125,13.998,0.167,2026-09
-35.875,130.125,14.881,0.83,2026-09
-35.875,132.125,14.911,0.724,2026-09
-35.875,134.125,15.03,0.81,2026-09
-35.875,136.125,15.487,0.581,2026-09
-35.875,138.125,15.16,0.96,2026-09
-35.875,152.125,19.475,1.615,2026-09
-35.875,154.125,18.263,0.642,2026-09
-35.875,156.125,17.115,-0.038,2026-09
-35.875,158.125,18.034,1.189,2026-09
-35.875,160.125,18.144,1.552,2026-09
-35.875,162.125,17.347,1.159,2026-09
-35.875,164.125,17.058,1.325,2026-09
-35.875,166.125,16.29,0.847,2026-09
-35.875,168.125,16.166,0.688,2026-09
-35.875,170.125,16.08,0.926,2026-09
-35.875,172.125,15.726,0.678,2026-09
-35.875,176.125,16.433,0.656,2026-09
-35.875,178.125,15.903,0.232,2026-09
-35.875,-179.875,15.929,0.666,2026-09
-35.875,-177.875,15.782,0.987,2026-09
-35.875,-175.875,14.688,-0.024,2026-09
-35.875,-173.875,15.071,0.72,2026-09
-35.875,-171.875,14.158,-0.154,2026-09
-35.875,-169.875,14.154,-0.206,2026-09
-35.875,-167.875,13.782,-0.627,2026-09
-35.875,-165.875,14.631,0.329,2026-09
-35.875,-163.875,14.144,-0.155,2026-09
-35.875,-161.875,14.614,0.396,2026-09
-35.875,-159.875,13.971,-0.253,2026-09
-35.875,-157.875,14.524,0.246,2026-09
-35.875,-155.875,14.003,-0.343,2026-09
-35.875,-153.875,14.493,0.061,2026-09
-35.875,-151.875,15.13,0.804,2026-09
-35.875,-149.875,14.269,-0.017,2026-09
-35.875,-147.875,14.655,0.186,2026-09
-35.875,-145.875,14.25,-0.121,2026-09
-35.875,-143.875,14.578,0.212,2026-09
-35.875,-141.875,14.367,0.01,2026-09
-35.875,-139.875,13.864,-0.519,2026-09
-35.875,-137.875,13.946,-0.438,2026-09
-35.875,-135.875,14.506,0.117,2026-09
-35.875,-133.875,14.321,-0.001,2026-09
-35.875,-131.875,14.939,0.717,2026-09
-35.875,-129.875,14.981,0.735,2026-09
-35.875,-127.875,14.664,0.341,2026-09
-35.875,-125.875,13.816,-0.28,2026-09
-35.875,-123.875,14.025,-0.228,2026-09
-35.875,-121.875,13.809,-0.447,2026-09
-35.875,-119.875,14.363,0.006,2026-09
-35.875,-117.875,13.91,-0.368,2026-09
-35.875,-115.875,14.292,0.065,2026-09
-35.875,-113.875,14.386,0.283,2026-09
-35.875,-111.875,14.362,0.248,2026-09
-35.875,-109.875,14.4,0.173,2026-09
-35.875,-107.875,13.912,-0.318,2026-09
-35.875,-105.875,13.676,-0.198,2026-09
-35.875,-103.875,14.691,0.812,2026-09
-35.875,-101.875,13.91,0.012,2026-09
-35.875,-99.875,14.267,0.328,2026-09
-35.875,-97.875,14.066,0.14,2026-09
-35.875,-95.875,15.411,1.451,2026-09
-35.875,-93.875,14.242,0.275,2026-09
-35.875,-91.875,15.033,1.072,2026-09
-35.875,-89.875,14.893,1.046,2026-09
-35.875,-87.875,14.303,0.536,2026-09
-35.875,-85.875,14.193,0.57,2026-09
-35.875,-83.875,14.163,0.584,2026-09
-35.875,-81.875,14.26,0.75,2026-09
-35.875,-79.875,13.253,-0.152,2026-09
-35.875,-77.875,13.303,0.345,2026-09
-35.875,-75.875,13.65,0.999,2026-09
-35.875,-73.875,14.198,1.774,2026-09
-35.875,-55.875,12.56,-0.094,2026-09
-35.875,-53.875,10.565,-1.012,2026-09
-35.875,-51.875,15.718,-1.468,2026-09
-35.875,-49.875,17.224,0.357,2026-09
-35.875,-47.875,16.105,-0.186,2026-09
-35.875,-45.875,15.04,-1.075,2026-09
-35.875,-43.875,16.707,0.791,2026-09
-35.875,-41.875,15.56,-0.089,2026-09
-35.875,-39.875,15.971,0.438,2026-09
-35.875,-37.875,15.529,0.058,2026-09
-35.875,-35.875,15.666,0.439,2026-09
-35.875,-33.875,15.509,0.404,2026-09
-35.875,-31.875,15.152,0.342,2026-09
-35.875,-29.875,15.221,0.379,2026-09
-35.875,-27.875,14.883,0.367,2026-09
-35.875,-25.875,14.761,0.293,2026-09
-35.875,-23.875,14.67,0.373,2026-09
-35.875,-21.875,14.847,0.622,2026-09
-35.875,-19.875,14.117,-0.065,2026-09
-35.875,-17.875,14.605,0.571,2026-09
-35.875,-15.875,15.242,0.842,2026-09
-35.875,-13.875,14.691,0.223,2026-09
-35.875,-11.875,14.629,0.017,2026-09
-35.875,-9.875,14.934,0.601,2026-09
-35.875,-7.875,15.439,1.14,2026-09
-35.875,-5.875,14.215,0.187,2026-09
-35.875,-3.875,15.843,1.895,2026-09
-35.875,-1.875,15.9,1.692,2026-09
-33.875,0.125,16.998,1.391,2026-09
-33.875,2.125,17.08,1.258,2026-09
-33.875,4.125,17.247,1.354,2026-09
-33.875,6.125,17.204,1.167,2026-09
-33.875,8.125,17.052,1.214,2026-09
-33.875,10.125,17.113,1.25,2026-09
-33.875,12.125,17.233,1.373,2026-09
-33.875,14.125,16.926,0.803,2026-09
-33.875,16.125,16.748,0.461,2026-09
-33.875,18.125,13.319,-1.786,2026-09
-33.875,26.125,16.115,-1.537,2026-09
-33.875,28.125,21.544,0.597,2026-09
-33.875,30.125,21.745,2.165,2026-09
-33.875,32.125,20.407,1.101,2026-09
-33.875,34.125,18.567,-0.414,2026-09
-33.875,36.125,19.735,1.048,2026-09
-33.875,38.125,19.701,1.268,2026-09
-33.875,40.125,19.46,1.176,2026-09
-33.875,42.125,18.558,0.546,2026-09
-33.875,44.125,18.173,0.506,2026-09
-33.875,46.125,17.831,0.309,2026-09
-33.875,48.125,18.3,0.972,2026-09
-33.875,50.125,17.293,0.127,2026-09
-33.875,52.125,17.444,0.556,2026-09
-33.875,54.125,17.207,0.452,2026-09
-33.875,56.125,16.808,0.318,2026-09
-33.875,58.125,16.716,0.372,2026-09
-33.875,60.125,16.495,0.306,2026-09
-33.875,62.125,15.679,-0.18,2026-09
-33.875,64.125,15.475,-0.354,2026-09
-33.875,66.125,16.255,0.523,2026-09
-33.875,68.125,15.605,0.077,2026-09
-33.875,70.125,15.859,0.558,2026-09
-33.875,72.125,15.447,0.271,2026-09
-33.875,74.125,16.265,1.299,2026-09
-33.875,76.125,15.28,0.448,2026-09
-33.875,78.125,15.992,1.268,2026-09
-33.875,80.125,15.763,0.918,2026-09
-33.875,82.125,15.136,0.548,2026-09
-33.875,84.125,15.151,0.724,2026-09
-33.875,86.125,15.004,0.644,2026-09
-33.875,88.125,14.512,0.11,2026-09
-33.875,90.125,14.914,0.848,2026-09
-33.875,92.125,15.589,1.406,2026-09
-33.875,94.125,14.719,0.419,2026-09
-33.875,96.125,15.157,0.879,2026-09
-33.875,98.125,15.017,0.64,2026-09
-33.875,100.125,14.497,0.055,2026-09
-33.875,102.125,14.326,-0.299,2026-09
-33.875,104.125,16.147,1.367,2026-09
-33.875,106.125,16.074,0.922,2026-09
-33.875,108.125,17.311,1.734,2026-09
-33.875,110.125,17.633,1.786,2026-09
-33.875,112.125,16.516,-0.048,2026-09
-33.875,114.125,18.192,0.71,2026-09
-33.875,122.125,16.861,0.555,2026-09
-33.875,124.125,16.547,0.479,2026-09
-33.875,126.125,16.087,0.835,2026-09
-33.875,128.125,15.771,0.738,2026-09
-33.875,130.125,16.016,0.854,2026-09
-33.875,132.125,15.955,0.53,2026-09
-33.875,134.125,16.07,0.698,2026-09
-33.875,152.125,20.034,1.126,2026-09
-33.875,154.125,20.417,1.327,2026-09
-33.875,156.125,19.596,0.798,2026-09
-33.875,158.125,19.151,0.816,2026-09
-33.875,160.125,17.644,-0.096,2026-09
-33.875,162.125,18.842,1.223,2026-09
-33.875,164.125,17.441,0.464,2026-09
-33.875,166.125,17.206,0.214,2026-09
-33.875,168.125,16.659,0.619,2026-09
-33.875,170.125,16.792,0.875,2026-09
-33.875,172.125,16.467,0.791,2026-09
-33.875,174.125,17.219,0.442,2026-09
-33.875,176.125,16.918,0.353,2026-09
-33.875,178.125,17.147,1.028,2026-09
-33.875,-179.875,16.231,0.304,2026-09
-33.875,-177.875,15.829,0.082,2026-09
-33.875,-175.875,16.084,0.353,2026-09
-33.875,-173.875,15.849,0.37,2026-09
-33.875,-171.875,15.466,-0.142,2026-09
-33.875,-169.875,16.009,0.434,2026-09
-33.875,-167.875,15.305,-0.318,2026-09
-33.875,-165.875,15.855,0.276,2026-09
-33.875,-163.875,15.865,0.22,2026-09
-33.875,-161.875,15.516,-0.086,2026-09
-33.875,-159.875,15.652,-0.054,2026-09
-33.875,-157.875,15.567,-0.045,2026-09
-33.875,-155.875,15.758,0.159,2026-09
-33.875,-153.875,15.331,-0.412,2026-09
-33.875,-151.875,15.811,0.057,2026-09
-33.875,-149.875,15.377,-0.37,2026-09
-33.875,-147.875,15.235,-0.436,2026-09
-33.875,-145.875,15.575,-0.192,2026-09
-33.875,-143.875,15.959,0.338,2026-09
-33.875,-141.875,15.43,-0.196,2026-09
-33.875,-139.875,15.736,0.045,2026-09
-33.875,-137.875,15.383,-0.201,2026-09
-33.875,-135.875,15.635,0.045,2026-09
-33.875,-133.875,15.656,0.031,2026-09
-33.875,-131.875,15.913,0.279,2026-09
-33.875,-129.875,15.315,-0.384,2026-09
-33.875,-127.875,15.867,0.092,2026-09
-33.875,-125.875,15.257,-0.407,2026-09
-33.875,-123.875,15.511,-0.278,2026-09
-33.875,-121.875,15.67,0.026,2026-09
-33.875,-119.875,15.736,0.078,2026-09
-33.875,-117.875,15.004,-0.852,2026-09
-33.875,-115.875,15.95,0.156,2026-09
-33.875,-113.875,15.701,0.052,2026-09
-33.875,-111.875,15.558,-0.184,2026-09
-33.875,-109.875,16.176,0.333,2026-09
-33.875,-107.875,15.089,-0.485,2026-09
-33.875,-105.875,15.259,-0.232,2026-09
-33.875,-103.875,16.559,1.276,2026-09
-33.875,-101.875,16.404,0.851,2026-09
-33.875,-99.875,16.272,0.884,2026-09
-33.875,-97.875,15.503,0.103,2026-09
-33.875,-95.875,16.746,1.61,2026-09
-33.875,-93.875,15.176,0.076,2026-09
-33.875,-91.875,15.501,0.624,2026-09
-33.875,-89.875,15.961,1.047,2026-09
-33.875,-87.875,15.577,0.711,2026-09
-33.875,-85.875,15.652,1.01,2026-09
-33.875,-83.875,15.283,0.687,2026-09
-33.875,-81.875,14.908,0.524,2026-09
-33.875,-79.875,15.072,0.967,2026-09
-33.875,-77.875,14.421,0.545,2026-09
-33.875,-75.875,14.846,1.401,2026-09
-33.875,-73.875,14.422,1.391,2026-09
-33.875,-71.875,14.276,1.674,2026-09
-33.875,-51.875,11.489,-2.749,2026-09
-33.875,-49.875,18.746,0.141,2026-09
-33.875,-47.875,18.073,0.274,2026-09
-33.875,-45.875,17.788,0.528,2026-09
-33.875,-43.875,17.26,0.184,2026-09
-33.875,-41.875,16.535,-0.279,2026-09
-33.875,-39.875,16.377,-0.262,2026-09
-33.875,-37.875,16.921,0.394,2026-09
-33.875,-35.875,16.43,-0.205,2026-09
-33.875,-33.875,17.493,0.941,2026-09
-33.875,-31.875,16.251,0.01,2026-09
-33.875,-29.875,16.488,0.458,2026-09
-33.875,-27.875,16.388,0.305,2026-09
-33.875,-25.875,16.256,0.314,2026-09
-33.875,-23.875,16.052,0.026,2026-09
-33.875,-21.875,16.131,-0.058,2026-09
-33.875,-19.875,15.52,-0.534,2026-09
-33.875,-17.875,16.909,0.849,2026-09
-33.875,-15.875,17.137,1.05,2026-09
-33.875,-13.875,16.374,0.407,2026-09
-33.875,-11.875,16.91,1.032,2026-09
-33.875,-9.875,17.018,1.127,2026-09
-33.875,-7.875,16.967,1.173,2026-09
-33.875,-5.875,17.006,1.244,2026-09
-33.875,-3.875,16.26,0.484,2026-09
-33.875,-1.875,16.692,0.944,2026-09
-31.875,0.125,17.806,1.101,2026-09
-31.875,2.125,17.583,0.933,2026-09
-31.875,4.125,17.452,0.959,2026-09
-31.875,6.125,17.338,0.977,2026-09
-31.875,8.125,17.219,1.126,2026-09
-31.875,10.125,17.289,1.224,2026-09
-31.875,12.125,16.914,0.898,2026-09
-31.875,14.125,16.286,0.249,2026-09
-31.875,16.125,15.978,-0.014,2026-09
-31.875,18.125,13.846,-0.322,2026-09
-31.875,30.125,22.47,0.807,2026-09
-31.875,32.125,21.466,0.814,2026-09
-31.875,34.125,21.486,1.218,2026-09
-31.875,36.125,21.117,1.032,2026-09
-31.875,38.125,20.98,1.121,2026-09
-31.875,40.125,21.217,1.524,2026-09
-31.875,42.125,18.565,-0.826,2026-09
-31.875,44.125,18.254,-0.714,2026-09
-31.875,46.125,18.895,0.239,2026-09
-31.875,48.125,19.488,0.889,2026-09
-31.875,50.125,18.062,-0.336,2026-09
-31.875,52.125,19.065,0.786,2026-09
-31.875,54.125,18.428,0.284,2026-09
-31.875,56.125,17.913,0.083,2026-09
-31.875,58.125,18.246,0.734,2026-09
-31.875,60.125,17.998,0.507,2026-09
-31.875,62.125,17.638,0.267,2026-09
-31.875,64.125,17.834,0.623,2026-09
-31.875,66.125,17.502,0.505,2026-09
-31.875,68.125,16.574,-0.174,2026-09
-31.875,70.125,16.849,0.148,2026-09
-31.875,72.125,17.685,1.344,2026-09
-31.875,74.125,16.821,0.498,2026-09
-31.875,76.125,16.357,-0.178,2026-09
-31.875,78.125,17.069,0.598,2026-09
-31.875,80.125,16.564,0.269,2026-09
-31.875,82.125,16.016,0.081,2026-09
-31.875,84.125,16.856,0.96,2026-09
-31.875,86.125,17.053,1.235,2026-09
-31.875,88.125,16.557,0.763,2026-09
-31.875,90.125,15.959,0.035,2026-09
-31.875,92.125,16.498,0.743,2026-09
-31.875,94.125,16.141,0.499,2026-09
-31.875,96.125,16.209,0.473,2026-09
-31.875,98.125,16.768,0.938,2026-09
-31.875,100.125,16.879,0.984,2026-09
-31.875,102.125,17.046,1.018,2026-09
-31.875,104.125,17.413,1.45,2026-09
-31.875,106.125,17.415,1.167,2026-09
-31.875,108.125,17.197,0.364,2026-09
-31.875,110.125,18.593,1.116,2026-09
-31.875,112.125,18.208,-0.1,2026-09
-31.875,114.125,19.037,0.315,2026-09
-31.875,130.125,16.254,0.681,2026-09
-31.875,132.125,16.281,0.699,2026-09
-31.875,154.125,20.797,0.565,2026-09
-31.875,156.125,19.729,0.081,2026-09
-31.875,158.125,19.71,0.591,2026-09
-31.875,160.125,19.756,0.919,2026-09
-31.875,162.125,19.07,0.701,2026-09
-31.875,164.125,19.271,0.984,2026-09
-31.875,166.125,19.002,1.004,2026-09
-31.875,168.125,18.536,0.921,2026-09
-31.875,170.125,17.817,-0.085,2026-09
-31.875,172.125,17.709,0.174,2026-09
-31.875,174.125,17.823,0.434,2026-09
-31.875,176.125,17.696,0.391,2026-09
-31.875,178.125,17.689,0.43,2026-09
-31.875,-179.875,17.662,0.559,2026-09
-31.875,-177.875,17.63,0.77,2026-09
-31.875,-175.875,17.284,0.301,2026-09
-31.875,-173.875,17.613,0.713,2026-09
-31.875,-171.875,17.349,0.498,2026-09
-31.875,-169.875,16.729,-0.218,2026-09
-31.875,-167.875,17.14,0.177,2026-09
-31.875,-165.875,16.796,-0.153,2026-09
-31.875,-163.875,16.569,-0.388,2026-09
-31.875,-161.875,16.731,-0.151,2026-09
-31.875,-159.875,17.065,0.119,2026-09
-31.875,-157.875,16.853,-0.175,2026-09
-31.875,-155.875,16.541,-0.447,2026-09
-31.875,-153.875,17.321,0.478,2026-09
-31.875,-151.875,16.824,-0.296,2026-09
-31.875,-149.875,17.148,0.12,2026-09
-31.875,-147.875,16.936,-0.089,2026-09
-31.875,-145.875,16.955,-0.094,2026-09
-31.875,-143.875,16.439,-0.699,2026-09
-31.875,-141.875,16.952,-0.073,2026-09
-31.875,-139.875,17.376,0.246,2026-09
-31.875,-137.875,16.997,-0.174,2026-09
-31.875,-135.875,17.295,0.13,2026-09
-31.875,-133.875,16.734,-0.435,2026-09
-31.875,-131.875,16.66,-0.587,2026-09
-31.875,-129.875,16.893,-0.22,2026-09
-31.875,-127.875,17.69,0.517,2026-09
-31.875,-125.875,16.075,-1.008,2026-09
-31.875,-123.875,16.927,-0.214,2026-09
-31.875,-121.875,15.965,-1.272,2026-09
-31.875,-119.875,16.76,-0.608,2026-09
-31.875,-117.875,16.823,-0.52,2026-09
-31.875,-115.875,16.7,-0.683,2026-09
-31.875,-113.875,17.644,0.396,2026-09
-31.875,-111.875,16.987,-0.211,2026-09
-31.875,-109.875,17.467,0.384,2026-09
-31.875,-107.875,16.64,-0.303,2026-09
-31.875,-105.875,17.465,0.505,2026-09
-31.875,-103.875,17.449,0.473,2026-09
-31.875,-101.875,17.306,0.421,2026-09
-31.875,-99.875,17.487,0.802,2026-09
-31.875,-97.875,17.379,0.718,2026-09
-31.875,-95.875,17.33,0.891,2026-09
-31.875,-93.875,17.166,0.816,2026-09
-31.875,-91.875,16.594,0.464,2026-09
-31.875,-89.875,17.276,1.264,2026-09
-31.875,-87.875,16.624,0.724,2026-09
-31.875,-85.875,16.709,0.92,2026-09
-31.875,-83.875,16.4,0.857,2026-09
-31.875,-81.875,16.206,0.839,2026-09
-31.875,-79.875,15.899,0.698,2026-09
-31.875,-77.875,15.942,1.204,2026-09
-31.875,-75.875,15.458,1.144,2026-09
-31.875,-73.875,14.995,1.344,2026-09
-31.875,-71.875,14.842,1.633,2026-09
-31.875,-51.875,15.363,-0.292,2026-09
-31.875,-49.875,17.517,-0.693,2026-09
-31.875,-47.875,18.722,-0.635,2026-09
-31.875,-45.875,18.169,-0.369,2026-09
-31.875,-43.875,17.996,-0.265,2026-09
-31.875,-41.875,17.723,-0.27,2026-09
-31.875,-39.875,17.685,-0.409,2026-09
-31.875,-37.875,17.889,0.07,2026-09
-31.875,-35.875,17.45,-0.46,2026-09
-31.875,-33.875,17.671,-0.268,2026-09
-31.875,-31.875,17.349,-0.489,2026-09
-31.875,-29.875,17.604,-0.105,2026-09
-31.875,-27.875,17.959,0.224,2026-09
-31.875,-25.875,17.656,0.227,2026-09
-31.875,-23.875,17.432,0.028,2026-09
-31.875,-21.875,17.264,-0.154,2026-09
-31.875,-19.875,17.317,0.045,2026-09
-31.875,-17.875,17.85,0.557,2026-09
-31.875,-15.875,18.54,1.387,2026-09
-31.875,-13.875,17.596,0.616,2026-09
-31.875,-11.875,17.614,0.528,2026-09
-31.875,-9.875,18.402,1.319,2026-09
-31.875,-7.875,17.972,0.876,2026-09
-31.875,-5.875,18.042,1.168,2026-09
-31.875,-3.875,17.324,0.491,2026-09
-31.875,-1.875,17.909,1.13,2026-09
-29.875,0.125,18.428,1.042,2026-09
-29.875,2.125,18.322,1.224,2026-09
-29.875,4.125,18.074,1.188,2026-09
-29.875,6.125,17.495,0.725,2026-09
-29.875,8.125,17.041,0.515,2026-09
-29.875,10.125,16.871,0.581,2026-09
-29.875,12.125,16.501,0.368,2026-09
-29.875,14.125,16.251,0.324,2026-09
-29.875,16.125,14.16,-0.565,2026-09
-29.875,32.125,23.243,1.056,2026-09
-29.875,34.125,21.931,0.424,2026-09
-29.875,36.125,21.694,0.46,2026-09
-29.875,38.125,21.749,0.413,2026-09
-29.875,40.125,21.58,0.365,2026-09
-29.875,42.125,22.614,1.524,2026-09
-29.875,44.125,21.796,0.949,2026-09
-29.875,46.125,21.247,0.808,2026-09
-29.875,48.125,20.258,0.177,2026-09
-29.875,50.125,19.568,-0.404,2026-09
-29.875,52.125,19.742,0.108,2026-09
-29.875,54.125,19.911,0.386,2026-09
-29.875,56.125,20.517,1.185,2026-09
-29.875,58.125,20.139,1.029,2026-09
-29.875,60.125,18.789,-0.164,2026-09
-29.875,62.125,18.797,0.16,2026-09
-29.875,64.125,19.077,0.636,2026-09
-29.875,66.125,19.154,0.917,2026-09
-29.875,68.125,18.67,0.703,2026-09
-29.875,70.125,17.718,-0.349,2026-09
-29.875,72.125,18.515,0.55,2026-09
-29.875,74.125,18.765,0.806,2026-09
-29.875,76.125,18.232,0.176,2026-09
-29.875,78.125,18.319,0.462,2026-09
-29.875,80.125,18.131,0.578,2026-09
-29.875,82.125,18.221,0.845,2026-09
-29.875,84.125,17.908,0.345,2026-09
-29.875,86.125,18.782,1.384,2026-09
-29.875,88.125,18.911,1.555,2026-09
-29.875,90.125,17.691,0.298,2026-09
-29.875,92.125,17.493,-0.068,2026-09
-29.875,94.125,17.649,0.283,2026-09
-29.875,96.125,17.695,0.472,2026-09
-29.875,98.125,18.492,0.945,2026-09
-29.875,100.125,18.537,1.058,2026-09
-29.875,102.125,18.649,1.059,2026-09
-29.875,104.125,18.478,0.809,2026-09
-29.875,106.125,18.842,0.693,2026-09
-29.875,108.125,19.799,1.295,2026-09
-29.875,110.125,20.344,1.308,2026-09
-29.875,112.125,19.762,0.368,2026-09
-29.875,114.125,20.47,0.633,2026-09
-29.875,154.125,22.09,0.648,2026-09
-29.875,156.125,20.884,0.287,2026-09
-29.875,158.125,20.364,0.261,2026-09
-29.875,160.125,20.18,0.515,2026-09
-29.875,162.125,19.672,0.37,2026-09
-29.875,164.125,19.499,0.51,2026-09
-29.875,166.125,19.271,0.377,2026-09
-29.875,168.125,18.911,0.261,2026-09
-29.875,170.125,18.796,0.218,2026-09
-29.875,172.125,19.031,0.537,2026-09
-29.875,174.125,19.195,0.835,2026-09
-29.875,176.125,18.921,0.324,2026-09
-29.875,178.125,18.834,0.164,2026-09
-29.875,-179.875,18.332,-0.146,2026-09
-29.875,-177.875,18.186,0.106,2026-09
-29.875,-175.875,18.474,0.255,2026-09
-29.875,-173.875,18.06,-0.25,2026-09
-29.875,-171.875,18.547,0.233,2026-09
-29.875,-169.875,17.918,-0.361,2026-09
-29.875,-167.875,18.733,0.532,2026-09
-29.875,-165.875,18.292,0.024,2026-09
-29.875,-163.875,18.356,0.087,2026-09
-29.875,-161.875,17.68,-0.615,2026-09
-29.875,-159.875,17.573,-0.815,2026-09
-29.875,-157.875,17.972,-0.377,2026-09
-29.875,-155.875,18.462,0.099,2026-09
-29.875,-153.875,17.965,-0.462,2026-09
-29.875,-151.875,17.998,-0.384,2026-09
-29.875,-149.875,18.37,-0.15,2026-09
-29.875,-147.875,17.811,-0.51,2026-09
-29.875,-145.875,17.954,-0.493,2026-09
-29.875,-143.875,17.921,-0.576,2026-09
-29.875,-141.875,18.706,0.176,2026-09
-29.875,-139.875,17.613,-0.977,2026-09
-29.875,-137.875,17.983,-0.602,2026-09
-29.875,-135.875,18.175,-0.387,2026-09
-29.875,-133.875,18.004,-0.627,2026-09
-29.875,-131.875,17.738,-0.853,2026-09
-29.875,-129.875,18.751,0.076,2026-09
-29.875,-127.875,18.178,-0.586,2026-09
-29.875,-125.875,18.715,-0.104,2026-09
-29.875,-123.875,18.769,-0.045,2026-09
-29.875,-121.875,18.314,-0.554,2026-09
-29.875,-119.875,18.767,-0.069,2026-09
-29.875,-117.875,18.439,-0.478,2026-09
-29.875,-115.875,19.33,0.513,2026-09
-29.875,-113.875,19.125,0.395,2026-09
-29.875,-111.875,18.618,-0.11,2026-09
-29.875,-109.875,18.627,-0.068,2026-09
-29.875,-107.875,18.645,0.017,2026-09
-29.875,-105.875,19.168,0.807,2026-09
-29.875,-103.875,19.438,1.148,2026-09
-29.875,-101.875,19.498,1.225,2026-09
-29.875,-99.875,18.762,0.796,2026-09
-29.875,-97.875,19.053,1.359,2026-09
-29.875,-95.875,18.912,1.281,2026-09
-29.875,-93.875,18.383,0.959,2026-09
-29.875,-91.875,18.383,1.113,2026-09
-29.875,-89.875,18.232,0.993,2026-09
-29.875,-87.875,18.125,1.176,2026-09
-29.875,-85.875,17.53,0.797,2026-09
-29.875,-83.875,17.599,1.195,2026-09
-29.875,-81.875,17.245,1.034,2026-09
-29.875,-79.875,16.771,0.916,2026-09
-29.875,-77.875,16.615,1.284,2026-09
-29.875,-75.875,15.849,1.067,2026-09
-29.875,-73.875,15.935,1.904,2026-09
-29.875,-71.875,15.79,2.459,2026-09
-29.875,-49.875,15.947,-1.074,2026-09
-29.875,-47.875,20.068,-0.119,2026-09
-29.875,-45.875,19.864,-0.107,2026-09
-29.875,-43.875,19.607,-0.044,2026-09
-29.875,-41.875,19.118,-0.225,2026-09
-29.875,-39.875,19.475,0.157,2026-09
-29.875,-37.875,18.94,-0.166,2026-09
-29.875,-35.875,18.366,-0.62,2026-09
-29.875,-33.875,18.574,-0.335,2026-09
-29.875,-31.875,19.118,0.251,2026-09
-29.875,-29.875,18.671,-0.092,2026-09
-29.875,-27.875,18.714,-0.014,2026-09
-29.875,-25.875,19.369,0.731,2026-09
-29.875,-23.875,18.783,0.218,2026-09
-29.875,-21.875,19.72,1.083,2026-09
-29.875,-19.875,19.419,0.963,2026-09
-29.875,-17.875,19.237,1.014,2026-09
-29.875,-15.875,19.309,1.233,2026-09
-29.875,-13.875,19.004,0.896,2026-09
-29.875,-11.875,19.14,0.996,2026-09
-29.875,-9.875,18.948,0.926,2026-09
-29.875,-7.875,18.771,0.886,2026-09
-29.875,-5.875,18.697,0.941,2026-09
-29.875,-3.875,18.407,0.823,2026-09
-29.875,-1.875,18.575,1.099,2026-09
-27.875,0.125,18.966,1.007,2026-09
-27.875,2.125,18.585,0.908,2026-09
-27.875,4.125,18.001,0.65,2026-09
-27.875,6.125,17.787,0.711,2026-09
-27.875,8.125,17.616,0.807,2026-09
-27.875,10.125,16.947,0.436,2026-09
-27.875,12.125,16.895,0.708,2026-09
-27.875,14.125,15.388,-0.468,2026-09
-27.875,34.125,23.795,1.326,2026-09
-27.875,36.125,23.054,0.879,2026-09
-27.875,38.125,22.584,0.495,2026-09
-27.875,40.125,22.396,0.203,2026-09
-27.875,42.125,22.743,0.41,2026-09
-27.875,44.125,23.086,0.675,2026-09
-27.875,46.125,24.14,2.085,2026-09
-27.875,48.125,21.244,-0.028,2026-09
-27.875,50.125,22.636,1.42,2026-09
-27.875,52.125,21.267,0.234,2026-09
-27.875,54.125,23.032,2.328,2026-09
-27.875,56.125,21.633,0.885,2026-09
-27.875,58.125,21.533,0.971,2026-09
-27.875,60.125,20.011,-0.244,2026-09
-27.875,62.125,21.03,0.959,2026-09
-27.875,64.125,20.13,0.382,2026-09
-27.875,66.125,19.48,-0.143,2026-09
-27.875,68.125,19.251,-0.231,2026-09
-27.875,70.125,19.431,0.097,2026-09
-27.875,72.125,19.763,0.362,2026-09
-27.875,74.125,20.232,0.773,2026-09
-27.875,76.125,20.367,1.045,2026-09
-27.875,78.125,19.004,-0.289,2026-09
-27.875,80.125,20.215,1.151,2026-09
-27.875,82.125,19.316,0.375,2026-09
-27.875,84.125,19.752,0.951,2026-09
-27.875,86.125,19.92,0.989,2026-09
-27.875,88.125,19.433,0.4,2026-09
-27.875,90.125,19.776,0.908,2026-09
-27.875,92.125,19.063,0.235,2026-09
-27.875,94.125,19.141,0.459,2026-09
-27.875,96.125,19.51,0.808,2026-09
-27.875,98.125,20.16,1.328,2026-09
-27.875,100.125,19.276,0.416,2026-09
-27.875,102.125,19.227,0.339,2026-09
-27.875,104.125,20.305,1.022,2026-09
-27.875,106.125,20.709,1.372,2026-09
-27.875,108.125,20.017,0.396,2026-09
-27.875,110.125,21.152,1.106,2026-09
-27.875,112.125,21.245,0.912,2026-09
-27.875,114.125,20.563,0.944,2026-09
-27.875,154.125,22.419,0.143,2026-09
-27.875,156.125,20.957,-0.169,2026-09
-27.875,158.125,20.365,-0.44,2026-09
-27.875,160.125,20.188,-0.179,2026-09
-27.875,162.125,20.686,0.444,2026-09
-27.875,164.125,20.853,0.853,2026-09
-27.875,166.125,20.232,0.307,2026-09
-27.875,168.125,19.45,-0.516,2026-09
-27.875,170.125,19.435,-0.328,2026-09
-27.875,172.125,19.956,0.236,2026-09
-27.875,174.125,19.797,0.081,2026-09
-27.875,176.125,19.265,-0.367,2026-09
-27.875,178.125,19.455,-0.362,2026-09
-27.875,-179.875,19.508,-0.326,2026-09
-27.875,-177.875,19.991,0.363,2026-09
-27.875,-175.875,20.416,0.585,2026-09
-27.875,-173.875,19.775,0.242,2026-09
-27.875,-171.875,19.469,-0.232,2026-09
-27.875,-169.875,19.22,-0.335,2026-09
-27.875,-167.875,19.48,-0.091,2026-09
-27.875,-165.875,19.786,0.206,2026-09
-27.875,-163.875,19.451,-0.147,2026-09
-27.875,-161.875,19.328,-0.255,2026-09
-27.875,-159.875,19.027,-0.623,2026-09
-27.875,-157.875,19.136,-0.488,2026-09
-27.875,-155.875,18.631,-0.963,2026-09
-27.875,-153.875,19.287,-0.346,2026-09
-27.875,-151.875,19.653,-0.121,2026-09
-27.875,-149.875,19.568,-0.128,2026-09
-27.875,-147.875,19.451,-0.258,2026-09
-27.875,-145.875,19.534,-0.318,2026-09
-27.875,-143.875,19.781,-0.129,2026-09
-27.875,-141.875,20.049,0.031,2026-09
-27.875,-139.875,19.708,-0.274,2026-09
-27.875,-137.875,19.966,-0.12,2026-09
-27.875,-135.875,19.295,-0.788,2026-09
-27.875,-133.875,20.388,0.178,2026-09
-27.875,-131.875,20.558,0.479,2026-09
-27.875,-129.875,20.068,-0.122,2026-09
-27.875,-127.875,20.27,0.047,2026-09
-27.875,-125.875,20.51,0.177,2026-09
-27.875,-123.875,20.25,-0.134,2026-09
-27.875,-121.875,19.907,-0.439,2026-09
-27.875,-119.875,20.333,0.016,2026-09
-27.875,-117.875,20.17,-0.053,2026-09
-27.875,-115.875,20.355,0.22,2026-09
-27.875,-113.875,19.447,-0.699,2026-09
-27.875,-111.875,19.986,-0.047,2026-09
-27.875,-109.875,20.052,0.248,2026-09
-27.875,-107.875,19.966,0.26,2026-09
-27.875,-105.875,20.918,1.324,2026-09
-27.875,-103.875,20.817,1.494,2026-09
-27.875,-101.875,20.022,0.824,2026-09
-27.875,-99.875,20.582,1.65,2026-09
-27.875,-97.875,20.173,1.432,2026-09
-27.875,-95.875,19.999,1.415,2026-09
-27.875,-93.875,19.686,1.336,2026-09
-27.875,-91.875,19.219,1.078,2026-09
-27.875,-89.875,18.911,0.98,2026-09
-27.875,-87.875,18.549,0.926,2026-09
-27.875,-85.875,18.443,1.112,2026-09
-27.875,-83.875,18.439,1.384,2026-09
-27.875,-81.875,18.548,1.806,2026-09
-27.875,-79.875,17.37,1.005,2026-09
-27.875,-77.875,17.283,1.418,2026-09
-27.875,-75.875,16.566,1.228,2026-09
-27.875,-73.875,16.333,1.684,2026-09
-27.875,-71.875,16.605,2.462,2026-09
-27.875,-47.875,19.099,-0.209,2026-09
-27.875,-45.875,21.254,0.062,2026-09
-27.875,-43.875,22.235,1.059,2026-09
-27.875,-41.875,20.423,-0.366,2026-09
-27.875,-39.875,20.257,-0.136,2026-09
-27.875,-37.875,19.675,-0.623,2026-09
-27.875,-35.875,19.493,-0.785,2026-09
-27.875,-33.875,19.465,-0.624,2026-09
-27.875,-31.875,20.598,0.619,2026-09
-27.875,-29.875,20.252,0.172,2026-09
-27.875,-27.875,20.396,0.512,2026-09
-27.875,-25.875,20.425,0.654,2026-09
-27.875,-23.875,20.436,0.774,2026-09
-27.875,-21.875,20.056,0.525,2026-09
-27.875,-19.875,20.138,0.741,2026-09
-27.875,-17.875,19.48,0.258,2026-09
-27.875,-15.875,20.355,1.094,2026-09
-27.875,-13.875,20.025,0.859,2026-09
-27.875,-11.875,19.726,0.756,2026-09
-27.875,-9.875,19.623,0.793,2026-09
-27.875,-7.875,19.303,0.706,2026-09
-27.875,-5.875,19.182,0.732,2026-09
-27.875,-3.875,19.567,1.307,2026-09
-27.875,-1.875,19.541,1.426,2026-09
-25.875,0.125,19.037,0.702,2026-09
-25.875,2.125,18.845,0.771,2026-09
-25.875,4.125,18.313,0.526,2026-09
-25.875,6.125,17.918,0.574,2026-09
-25.875,8.125,17.628,0.701,2026-09
-25.875,10.125,16.624,0.099,2026-09
-25.875,12.125,16.007,0.143,2026-09
-25.875,14.125,13.757,-0.055,2026-09
-25.875,34.125,23.59,0.886,2026-09
-25.875,36.125,24.221,1.292,2026-09
-25.875,38.125,23.577,0.93,2026-09
-25.875,40.125,23.194,0.514,2026-09
-25.875,42.125,23.037,0.219,2026-09
-25.875,44.125,23.785,0.548,2026-09
-25.875,46.125,22.649,-0.003,2026-09
-25.875,48.125,24.579,1.51,2026-09
-25.875,50.125,24.172,1.835,2026-09
-25.875,52.125,23.444,1.132,2026-09
-25.875,54.125,22.656,0.58,2026-09
-25.875,56.125,22.518,0.747,2026-09
-25.875,58.125,22.492,0.773,2026-09
-25.875,60.125,21.636,0.344,2026-09
-25.875,62.125,21.873,0.779,2026-09
-25.875,64.125,21.91,0.977,2026-09
-25.875,66.125,22.636,1.83,2026-09
-25.875,68.125,20.672,-0.026,2026-09
-25.875,70.125,20.447,-0.306,2026-09
-25.875,72.125,21.499,0.809,2026-09
-25.875,74.125,21.746,1.196,2026-09
-25.875,76.125,21.572,1.155,2026-09
-25.875,78.125,21.292,0.911,2026-09
-25.875,80.125,21.002,0.734,2026-09
-25.875,82.125,20.451,0.325,2026-09
-25.875,84.125,20.382,0.382,2026-09
-25.875,86.125,20.465,0.389,2026-09
-25.875,88.125,20.17,0.259,2026-09
-25.875,90.125,20.222,0.446,2026-09
-25.875,92.125,19.94,0.261,2026-09
-25.875,94.125,19.777,0.03,2026-09
-25.875,96.125,20.337,0.543,2026-09
-25.875,98.125,21.059,1.116,2026-09
-25.875,100.125,20.491,0.51,2026-09
-25.875,102.125,21.102,0.983,2026-09
-25.875,104.125,21.07,0.734,2026-09
-25.875,106.125,21.264,0.916,2026-09
-25.875,108.125,21.929,1.393,2026-09
-25.875,110.125,21.816,1.074,2026-09
-25.875,112.125,21.895,0.499,2026-09
-25.875,114.125,21.02,1.355,2026-09
-25.875,154.125,22.631,-0.205,2026-09
-25.875,156.125,21.414,-0.426,2026-09
-25.875,158.125,21.011,-0.543,2026-09
-25.875,160.125,21.465,0.309,2026-09
-25.875,162.125,21.14,-0.006,2026-09
-25.875,164.125,21.166,-0.002,2026-09
-25.875,166.125,21.697,0.529,2026-09
-25.875,168.125,20.454,-0.538,2026-09
-25.875,170.125,20.844,-0.194,2026-09
-25.875,172.125,20.626,-0.341,2026-09
-25.875,174.125,21.029,0.157,2026-09
-25.875,176.125,21.002,0.231,2026-09
-25.875,178.125,20.508,-0.455,2026-09
-25.875,-179.875,20.799,-0.11,2026-09
-25.875,-177.875,21.004,-0.008,2026-09
-25.875,-175.875,20.877,-0.149,2026-09
-25.875,-173.875,20.064,-0.713,2026-09
-25.875,-171.875,20.687,-0.214,2026-09
-25.875,-169.875,20.516,-0.331,2026-09
-25.875,-167.875,19.66,-1.207,2026-09
-25.875,-165.875,20.249,-0.706,2026-09
-25.875,-163.875,20.519,-0.403,2026-09
-25.875,-161.875,20.642,-0.22,2026-09
-25.875,-159.875,20.169,-0.706,2026-09
-25.875,-157.875,21.22,0.293,2026-09
-25.875,-155.875,20.716,-0.378,2026-09
-25.875,-153.875,20.699,-0.361,2026-09
-25.875,-151.875,20.865,-0.2,2026-09
-25.875,-149.875,20.81,-0.312,2026-09
-25.875,-147.875,20.65,-0.52,2026-09
-25.875,-145.875,20.398,-0.969,2026-09
-25.875,-143.875,21.205,-0.239,2026-09
-25.875,-141.875,20.924,-0.471,2026-09
-25.875,-139.875,21.061,-0.41,2026-09
-25.875,-137.875,21.373,-0.042,2026-09
-25.875,-135.875,21.575,0.108,2026-09
-25.875,-133.875,21.742,0.315,2026-09
-25.875,-131.875,21.331,-0.296,2026-09
-25.875,-129.875,21.121,-0.518,2026-09
-25.875,-127.875,21.482,-0.153,2026-09
-25.875,-125.875,20.793,-0.864,2026-09
-25.875,-123.875,21.562,0.016,2026-09
-25.875,-121.875,21.513,0.025,2026-09
-25.875,-119.875,21.352,-0.146,2026-09
-25.875,-117.875,21.274,-0.091,2026-09
-25.875,-115.875,21.376,0.102,2026-09
-25.875,-113.875,21.818,0.673,2026-09
-25.875,-111.875,20.966,-0.119,2026-09
-25.875,-109.875,21.385,0.527,2026-09
-25.875,-107.875,21.396,0.768,2026-09
-25.875,-105.875,21.789,1.335,2026-09
-25.875,-103.875,21.381,1.137,2026-09
-25.875,-101.875,21.666,1.712,2026-09
-25.875,-99.875,20.939,1.127,2026-09
-25.875,-97.875,20.904,1.365,2026-09
-25.875,-95.875,20.638,1.364,2026-09
-25.875,-93.875,20.585,1.512,2026-09
-25.875,-91.875,20.179,1.413,2026-09
-25.875,-89.875,19.481,1.094,2026-09
-25.875,-87.875,19.004,0.97,2026-09
-25.875,-85.875,18.6,0.854,2026-09
-25.875,-83.875,19.011,1.567,2026-09
-25.875,-81.875,18.747,1.627,2026-09
-25.875,-79.875,18.517,1.746,2026-09
-25.875,-77.875,18.04,1.743,2026-09
-25.875,-75.875,17.498,1.731,2026-09
-25.875,-73.875,17.442,2.261,2026-09
-25.875,-71.875,17.481,2.524,2026-09
-25.875,-47.875,20.155,0.428,2026-09
-25.875,-45.875,21.61,0.423,2026-09
-25.875,-43.875,22.127,-0.061,2026-09
-25.875,-41.875,22.476,0.517,2026-09
-25.875,-39.875,22.121,0.261,2026-09
-25.875,-37.875,22.064,0.41,2026-09
-25.875,-35.875,21.587,0.093,2026-09
-25.875,-33.875,21.531,0.318,2026-09
-25.875,-31.875,21.184,-0.032,2026-09
-25.875,-29.875,21.494,0.359,2026-09
-25.875,-27.875,21.479,0.497,2026-09
-25.875,-25.875,20.99,0.147,2026-09
-25.875,-23.875,21.059,0.432,2026-09
-25.875,-21.875,21.516,0.91,2026-09
-25.875,-19.875,21.332,0.945,2026-09
-25.875,-17.875,21.382,1.133,2026-09
-25.875,-15.875,21.149,1.001,2026-09
-25.875,-13.875,20.867,0.898,2026-09
-25.875,-11.875,20.692,0.917,2026-09
-25.875,-9.875,20.349,0.785,2026-09
-25.875,-7.875,19.792,0.452,2026-09
-25.875,-5.875,20.144,1.103,2026-09
-25.875,-3.875,19.756,0.964,2026-09
-25.875,-1.875,19.198,0.601,2026-09
-23.875,0.125,19.394,0.759,2026-09
-23.875,2.125,19.119,0.787,2026-09
-23.875,4.125,18.49,0.512,2026-09
-23.875,6.125,18.084,0.613,2026-09
-23.875,8.125,17.624,0.544,2026-09
-23.875,10.125,17.01,0.436,2026-09
-23.875,12.125,16.272,0.667,2026-09
-23.875,14.125,14.156,0.784,2026-09
-23.875,36.125,24.742,0.695,2026-09
-23.875,38.125,24.13,0.544,2026-09
-23.875,40.125,24.329,0.676,2026-09
-23.875,42.125,24.282,0.349,2026-09
-23.875,48.125,25.186,1.377,2026-09
-23.875,50.125,24.413,1.138,2026-09
-23.875,52.125,24.063,0.98,2026-09
-23.875,54.125,23.237,0.359,2026-09
-23.875,56.125,24.102,1.574,2026-09
-23.875,58.125,23.358,0.952,2026-09
-23.875,60.125,23.119,0.944,2026-09
-23.875,62.125,22.757,0.801,2026-09
-23.875,64.125,22.785,0.952,2026-09
-23.875,66.125,23.378,1.659,2026-09
-23.875,68.125,22.605,0.976,2026-09
-23.875,70.125,22.421,0.85,2026-09
-23.875,72.125,22.218,0.852,2026-09
-23.875,74.125,22.038,0.633,2026-09
-23.875,76.125,21.987,0.774,2026-09
-23.875,78.125,21.46,0.201,2026-09
-23.875,80.125,21.25,0.072,2026-09
-23.875,82.125,21.378,0.425,2026-09
-23.875,84.125,21.746,0.719,2026-09
-23.875,86.125,21.316,0.461,2026-09
-23.875,88.125,21.377,0.494,2026-09
-23.875,90.125,20.618,-0.069,2026-09
-23.875,92.125,21.586,0.889,2026-09
-23.875,94.125,21.297,0.635,2026-09
-23.875,96.125,22.208,1.387,2026-09
-23.875,98.125,21.091,0.198,2026-09
-23.875,100.125,21.855,0.941,2026-09
-23.875,102.125,21.953,0.595,2026-09
-23.875,104.125,22.605,1.274,2026-09
-23.875,106.125,21.814,0.51,2026-09
-23.875,108.125,22.469,1.06,2026-09
-23.875,110.125,21.884,0.149,2026-09
-23.875,112.125,22.555,0.397,2026-09
-23.875,152.125,22.258,0.362,2026-09
-23.875,154.125,23.116,-0.195,2026-09
-23.875,156.125,22.694,0.163,2026-09
-23.875,158.125,22.399,0.211,2026-09
-23.875,160.125,21.792,-0.064,2026-09
-23.875,162.125,22.32,0.476,2026-09
-23.875,164.125,22.22,0.256,2026-09
-23.875,166.125,22.058,0.101,2026-09
-23.875,168.125,22.156,0.057,2026-09
-23.875,170.125,22.031,-0.134,2026-09
-23.875,172.125,22.022,-0.008,2026-09
-23.875,174.125,22.093,-0.019,2026-09
-23.875,176.125,21.583,-0.51,2026-09
-23.875,178.125,21.541,-0.672,2026-09
-23.875,-179.875,21.022,-1.169,2026-09
-23.875,-177.875,21.321,-0.987,2026-09
-23.875,-175.875,21.656,-0.639,2026-09
-23.875,-173.875,21.623,-0.386,2026-09
-23.875,-171.875,21.364,-0.934,2026-09
-23.875,-169.875,21.433,-0.866,2026-09
-23.875,-167.875,21.324,-1.026,2026-09
-23.875,-165.875,22.75,0.535,2026-09
-23.875,-163.875,21.577,-0.728,2026-09
-23.875,-161.875,22.025,-0.364,2026-09
-23.875,-159.875,22.228,-0.11,2026-09
-23.875,-157.875,22.697,0.326,2026-09
-23.875,-155.875,22.174,-0.365,2026-09
-23.875,-153.875,22.374,-0.174,2026-09
-23.875,-151.875,22.81,0.181,2026-09
-23.875,-149.875,21.743,-0.972,2026-09
-23.875,-147.875,22.511,-0.13,2026-09
-23.875,-145.875,22.718,0.057,2026-09
-23.875,-143.875,22.731,-0.1,2026-09
-23.875,-141.875,22.469,-0.392,2026-09
-23.875,-139.875,22.988,0.139,2026-09
-23.875,-137.875,22.663,-0.122,2026-09
-23.875,-135.875,22.419,-0.476,2026-09
-23.875,-133.875,22.493,-0.287,2026-09
-23.875,-131.875,22.45,-0.38,2026-09
-23.875,-129.875,22.617,-0.247,2026-09
-23.875,-127.875,22.351,-0.356,2026-09
-23.875,-125.875,22.392,-0.401,2026-09
-23.875,-123.875,22.319,-0.415,2026-09
-23.875,-121.875,22.389,-0.182,2026-09
-23.875,-119.875,22.351,-0.116,2026-09
-23.875,-117.875,22.513,0.154,2026-09
-23.875,-115.875,22.464,0.219,2026-09
-23.875,-113.875,22.558,0.501,2026-09
-23.875,-111.875,22.853,1.017,2026-09
-23.875,-109.875,22.72,1.106,2026-09
-23.875,-107.875,22.474,1.113,2026-09
-23.875,-105.875,22.262,1.11,2026-09
-23.875,-103.875,22.534,1.593,2026-09
-23.875,-101.875,22.26,1.565,2026-09
-23.875,-99.875,21.867,1.465,2026-09
-23.875,-97.875,21.698,1.556,2026-09
-23.875,-95.875,21.587,1.823,2026-09
-23.875,-93.875,20.907,1.488,2026-09
-23.875,-91.875,20.587,1.537,2026-09
-23.875,-89.875,19.952,1.211,2026-09
-23.875,-87.875,19.837,1.437,2026-09
-23.875,-85.875,19.563,1.424,2026-09
-23.875,-83.875,19.674,1.919,2026-09
-23.875,-81.875,19.078,1.654,2026-09
-23.875,-79.875,18.628,1.586,2026-09
-23.875,-77.875,18.299,1.617,2026-09
-23.875,-75.875,17.971,1.822,2026-09
-23.875,-73.875,17.552,1.84,2026-09
-23.875,-71.875,18.134,2.509,2026-09
-23.875,-45.875,21.763,0.559,2026-09
-23.875,-43.875,22.161,0.71,2026-09
-23.875,-41.875,22.431,0.183,2026-09
-23.875,-39.875,23.007,0.193,2026-09
-23.875,-37.875,22.682,0.031,2026-09
-23.875,-35.875,22.77,0.247,2026-09
-23.875,-33.875,22.886,0.471,2026-09
-23.875,-31.875,23.178,0.951,2026-09
-23.875,-29.875,22.617,0.501,2026-09
-23.875,-27.875,22.382,0.454,2026-09
-23.875,-25.875,22.623,0.886,2026-09
-23.875,-23.875,22.052,0.447,2026-09
-23.875,-21.875,22.252,0.857,2026-09
-23.875,-19.875,22.007,0.784,2026-09
-23.875,-17.875,22.05,1.065,2026-09
-23.875,-15.875,21.921,1.15,2026-09
-23.875,-13.875,21.737,1.145,2026-09
-23.875,-11.875,21.215,0.834,2026-09
-23.875,-9.875,20.513,0.42,2026-09
-23.875,-7.875,20.727,0.877,2026-09
-23.875,-5.875,20.61,1.052,2026-09
-23.875,-3.875,20.318,1.004,2026-09
-23.875,-1.875,19.736,0.731,2026-09
-21.875,0.125,19.561,0.682,2026-09
-21.875,2.125,19.125,0.599,2026-09
-21.875,4.125,18.378,0.318,2026-09
-21.875,6.125,18.252,0.644,2026-09
-21.875,8.125,17.608,0.5,2026-09
-21.875,10.125,17.314,0.772,2026-09
-21.875,12.125,16.536,0.952,2026-09
-21.875,14.125,15.051,1.119,2026-09
-21.875,36.125,25.324,0.793,2026-09
-21.875,38.125,25.244,0.717,2026-09
-21.875,40.125,24.684,0.122,2026-09
-21.875,42.125,25.075,0.089,2026-09
-21.875,48.125,24.88,0.969,2026-09
-21.875,50.125,25.152,1.421,2026-09
-21.875,52.125,24.636,1.058,2026-09
-21.875,54.125,24.389,1.03,2026-09
-21.875,56.125,24.141,0.998,2026-09
-21.875,58.125,24.094,1.086,2026-09
-21.875,60.125,23.823,1.079,2026-09
-21.875,62.125,23.777,1.057,2026-09
-21.875,64.125,23.829,1.232,2026-09
-21.875,66.125,23.564,1.038,2026-09
-21.875,68.125,23.297,0.936,2026-09
-21.875,70.125,22.793,0.483,2026-09
-21.875,72.125,22.79,0.497,2026-09
-21.875,74.125,22.642,0.506,2026-09
-21.875,76.125,22.762,0.727,2026-09
-21.875,78.125,22.443,0.439,2026-09
-21.875,80.125,21.729,-0.146,2026-09
-21.875,82.125,22.297,0.507,2026-09
-21.875,84.125,22.603,0.882,2026-09
-21.875,86.125,22.53,0.883,2026-09
-21.875,88.125,22.515,0.892,2026-09
-21.875,90.125,22.09,0.507,2026-09
-21.875,92.125,22.206,0.603,2026-09
-21.875,94.125,23.775,2.159,2026-09
-21.875,96.125,23.948,2.074,2026-09
-21.875,98.125,23.21,1.216,2026-09
-21.875,100.125,23.474,1.07,2026-09
-21.875,102.125,23.506,1.156,2026-09
-21.875,104.125,23.072,0.589,2026-09
-21.875,106.125,23.342,0.794,2026-09
-21.875,108.125,23.195,0.491,2026-09
-21.875,110.125,23.837,1.177,2026-09
-21.875,112.125,23.742,0.72,2026-09
-21.875,114.125,23.858,0.964,2026-09
-21.875,150.125,22.089,-0.186,2026-09
-21.875,152.125,22.535,-0.488,2026-09
-21.875,154.125,23.47,-0.363,2026-09
-21.875,156.125,22.594,-0.62,2026-09
-21.875,158.125,22.677,-0.301,2026-09
-21.875,160.125,22.945,0.207,2026-09
-21.875,162.125,23.021,0.185,2026-09
-21.875,164.125,22.955,0.118,2026-09
-21.875,168.125,22.892,-0.544,2026-09
-21.875,170.125,22.89,-0.208,2026-09
-21.875,172.125,22.736,-0.495,2026-09
-21.875,174.125,22.586,-0.636,2026-09
-21.875,176.125,22.723,-0.642,2026-09
-21.875,178.125,22.963,-0.282,2026-09
-21.875,-179.875,22.715,-0.589,2026-09
-21.875,-177.875,22.418,-0.977,2026-09
-21.875,-175.875,22.557,-0.881,2026-09
-21.875,-173.875,22.413,-0.974,2026-09
-21.875,-171.875,22.596,-0.946,2026-09
-21.875,-169.875,23.528,-0.112,2026-09
-21.875,-167.875,23.195,-0.521,2026-09
-21.875,-165.875,23.48,-0.257,2026-09
-21.875,-163.875,23.426,-0.311,2026-09
-21.875,-161.875,23.697,-0.167,2026-09
-21.875,-159.875,22.947,-0.892,2026-09
-21.875,-157.875,24.119,0.323,2026-09
-21.875,-155.875,23.898,0.07,2026-09
-21.875,-153.875,23.404,-0.48,2026-09
-21.875,-151.875,23.944,-0.055,2026-09
-21.875,-149.875,23.75,-0.281,2026-09
-21.875,-147.875,23.766,-0.17,2026-09
-21.875,-145.875,23.985,-0.08,2026-09
-21.875,-143.875,24.136,0.004,2026-09
-21.875,-141.875,23.955,-0.112,2026-09
-21.875,-139.875,23.787,-0.37,2026-09
-21.875,-137.875,23.594,-0.521,2026-09
-21.875,-135.875,23.514,-0.495,2026-09
-21.875,-133.875,23.927,-0.023,2026-09
-21.875,-131.875,23.381,-0.557,2026-09
-21.875,-129.875,23.225,-0.641,2026-09
-21.875,-127.875,23.329,-0.444,2026-09
-21.875,-125.875,23.021,-0.614,2026-09
-21.875,-123.875,23.522,-0.053,2026-09
-21.875,-121.875,23.427,0.028,2026-09
-21.875,-119.875,23.629,0.384,2026-09
-21.875,-117.875,23.519,0.386,2026-09
-21.875,-115.875,23.592,0.632,2026-09
-21.875,-113.875,23.411,0.717,2026-09
-21.875,-111.875,23.455,0.988,2026-09
-21.875,-109.875,23.565,1.366,2026-09
-21.875,-107.875,23.485,1.436,2026-09
-21.875,-105.875,23.235,1.49,2026-09
-21.875,-103.875,22.945,1.519,2026-09
-21.875,-101.875,22.65,1.534,2026-09
-21.875,-99.875,22.378,1.628,2026-09
-21.875,-97.875,22.381,1.955,2026-09
-21.875,-95.875,22.138,2.083,2026-09
-21.875,-93.875,21.316,1.605,2026-09
-21.875,-91.875,21.061,1.701,2026-09
-21.875,-89.875,20.928,1.913,2026-09
-21.875,-87.875,20.37,1.698,2026-09
-21.875,-85.875,20.125,1.753,2026-09
-21.875,-83.875,19.841,1.845,2026-09
-21.875,-81.875,19.522,1.848,2026-09
-21.875,-79.875,19.241,1.933,2026-09
-21.875,-77.875,18.75,1.779,2026-09
-21.875,-75.875,18.302,1.731,2026-09
-21.875,-73.875,17.852,1.61,2026-09
-21.875,-71.875,18.662,2.362,2026-09
-21.875,-39.875,23.65,0.227,2026-09
-21.875,-37.875,23.773,0.245,2026-09
-21.875,-35.875,23.939,0.553,2026-09
-21.875,-33.875,23.649,0.505,2026-09
-21.875,-31.875,23.718,0.712,2026-09
-21.875,-29.875,23.495,0.679,2026-09
-21.875,-27.875,23.696,1.063,2026-09
-21.875,-25.875,23.507,1.058,2026-09
-21.875,-23.875,23.275,1.022,2026-09
-21.875,-21.875,23.051,1.048,2026-09
-21.875,-19.875,23.015,1.253,2026-09
-21.875,-17.875,22.633,1.048,2026-09
-21.875,-15.875,22.343,1.026,2026-09
-21.875,-13.875,21.9,0.854,2026-09
-21.875,-11.875,21.665,0.876,2026-09
-21.875,-9.875,21.342,0.845,2026-09
-21.875,-7.875,20.958,0.714,2026-09
-21.875,-5.875,20.622,0.713,2026-09
-21.875,-3.875,20.174,0.581,2026-09
-21.875,-1.875,19.809,0.598,2026-09
-19.875,0.125,19.663,0.657,2026-09
-19.875,2.125,19.17,0.592,2026-09
-19.875,4.125,18.975,0.807,2026-09
-19.875,6.125,18.612,0.912,2026-09
-19.875,8.125,17.941,0.914,2026-09
-19.875,10.125,17.866,1.627,2026-09
-19.875,12.125,16.145,1.273,2026-09
-19.875,36.125,25.256,0.827,2026-09
-19.875,38.125,25.907,0.82,2026-09
-19.875,40.125,25.788,0.601,2026-09
-19.875,42.125,26.165,0.609,2026-09
-19.875,44.125,26.223,0.406,2026-09
-19.875,50.125,25.339,1.2,2026-09
-19.875,52.125,25.165,1.224,2026-09
-19.875,54.125,24.71,0.983,2026-09
-19.875,56.125,24.498,0.817,2026-09
-19.875,58.125,24.482,0.986,2026-09
-19.875,60.125,24.332,0.892,2026-09
-19.875,62.125,24.247,0.922,2026-09
-19.875,64.125,24.071,0.824,2026-09
-19.875,66.125,23.827,0.605,2026-09
-19.875,68.125,23.643,0.475,2026-09
-19.875,70.125,23.538,0.432,2026-09
-19.875,72.125,23.638,0.67,2026-09
-19.875,74.125,23.515,0.644,2026-09
-19.875,76.125,23.24,0.515,2026-09
-19.875,78.125,22.734,0.092,2026-09
-19.875,80.125,23.545,0.889,2026-09
-19.875,82.125,23.471,0.836,2026-09
-19.875,84.125,23.443,0.908,2026-09
-19.875,86.125,23.199,0.778,2026-09
-19.875,88.125,23.437,0.961,2026-09
-19.875,90.125,24.128,1.53,2026-09
-19.875,92.125,23.814,1.084,2026-09
-19.875,94.125,23.881,0.964,2026-09
-19.875,96.125,24.749,1.68,2026-09
-19.875,98.125,24.21,1.0,2026-09
-19.875,100.125,25.134,1.751,2026-09
-19.875,102.125,24.094,0.731,2026-09
-19.875,104.125,23.879,0.341,2026-09
-19.875,106.125,24.062,0.506,2026-09
-19.875,108.125,24.793,1.161,2026-09
-19.875,110.125,23.873,0.223,2026-09
-19.875,112.125,24.327,0.605,2026-09
-19.875,114.125,25.111,0.978,2026-09
-19.875,116.125,25.158,0.85,2026-09
-19.875,118.125,25.225,1.082,2026-09
-19.875,120.125,25.496,1.669,2026-09
-19.875,148.125,22.806,-0.828,2026-09
-19.875,150.125,23.462,-0.418,2026-09
-19.875,152.125,23.829,-0.428,2026-09
-19.875,154.125,23.718,-0.302,2026-09
-19.875,156.125,23.306,-0.598,2026-09
-19.875,158.125,23.283,-0.559,2026-09
-19.875,160.125,23.629,-0.208,2026-09
-19.875,162.125,23.379,-0.36,2026-09
-19.875,164.125,23.472,-0.544,2026-09
-19.875,166.125,24.175,-0.131,2026-09
-19.875,168.125,23.966,-0.31,2026-09
-19.875,170.125,23.532,-0.657,2026-09
-19.875,172.125,23.911,-0.508,2026-09
-19.875,174.125,23.403,-1.178,2026-09
-19.875,176.125,24.069,-0.601,2026-09
-19.875,178.125,23.381,-1.108,2026-09
-19.875,-179.875,23.38,-1.031,2026-09
-19.875,-177.875,23.615,-0.964,2026-09
-19.875,-175.875,23.895,-0.767,2026-09
-19.875,-173.875,23.361,-1.142,2026-09
-19.875,-171.875,24.342,-0.559,2026-09
-19.875,-169.875,24.478,-0.483,2026-09
-19.875,-167.875,24.089,-0.962,2026-09
-19.875,-165.875,24.681,-0.355,2026-09
-19.875,-163.875,24.443,-0.726,2026-09
-19.875,-161.875,24.373,-0.785,2026-09
-19.875,-159.875,24.936,-0.193,2026-09
-19.875,-157.875,24.634,-0.554,2026-09
-19.875,-155.875,24.544,-0.522,2026-09
-19.875,-153.875,25.252,0.056,2026-09
-19.875,-151.875,24.886,-0.296,2026-09
-19.875,-149.875,24.787,-0.395,2026-09
-19.875,-147.875,25.044,-0.208,2026-09
-19.875,-145.875,25.248,-0.062,2026-09
-19.875,-143.875,24.938,-0.285,2026-09
-19.875,-141.875,25.473,0.299,2026-09
-19.875,-139.875,24.716,-0.424,2026-09
-19.875,-137.875,24.611,-0.385,2026-09
-19.875,-135.875,25.037,0.028,2026-09
-19.875,-133.875,24.713,-0.131,2026-09
-19.875,-131.875,24.616,-0.146,2026-09
-19.875,-129.875,24.611,-0.053,2026-09
-19.875,-127.875,24.857,0.331,2026-09
-19.875,-125.875,24.51,0.146,2026-09
-19.875,-123.875,24.356,0.123,2026-09
-19.875,-121.875,24.176,0.121,2026-09
-19.875,-119.875,24.506,0.603,2026-09
-19.875,-117.875,24.263,0.585,2026-09
-19.875,-115.875,24.597,1.124,2026-09
-19.875,-113.875,24.516,1.292,2026-09
-19.875,-111.875,24.481,1.531,2026-09
-19.875,-109.875,24.312,1.655,2026-09
-19.875,-107.875,24.04,1.677,2026-09
-19.875,-105.875,23.593,1.579,2026-09
-19.875,-103.875,23.448,1.734,2026-09
-19.875,-101.875,22.774,1.443,2026-09
-19.875,-99.875,22.904,1.932,2026-09
-19.875,-97.875,22.496,1.839,2026-09
-19.875,-95.875,22.062,1.779,2026-09
-19.875,-93.875,21.759,1.857,2026-09
-19.875,-91.875,21.425,1.875,2026-09
-19.875,-89.875,20.861,1.656,2026-09
-19.875,-87.875,20.473,1.593,2026-09
-19.875,-85.875,20.323,1.715,2026-09
-19.875,-83.875,19.772,1.616,2026-09
-19.875,-81.875,19.766,1.962,2026-09
-19.875,-79.875,19.253,1.822,2026-09
-19.875,-77.875,19.172,2.04,2026-09
-19.875,-75.875,18.451,1.571,2026-09
-19.875,-73.875,18.514,1.676,2026-09
-19.875,-71.875,20.067,2.879,2026-09
-19.875,-39.875,24.029,0.367,2026-09
-19.875,-37.875,24.716,0.377,2026-09
-19.875,-35.875,24.678,0.608,2026-09
-19.875,-33.875,24.734,0.901,2026-09
-19.875,-31.875,24.607,0.932,2026-09
-19.875,-29.875,24.456,0.991,2026-09
-19.875,-27.875,24.153,0.95,2026-09
-19.875,-25.875,23.836,0.821,2026-09
-19.875,-23.875,23.664,0.93,2026-09
-19.875,-21.875,23.729,1.246,2026-09
-19.875,-19.875,23.08,0.826,2026-09
-19.875,-17.875,22.917,0.951,2026-09
-19.875,-15.875,22.359,0.67,2026-09
-19.875,-13.875,22.05,0.721,2026-09
-19.875,-11.875,21.73,0.709,2026-09
-19.875,-9.875,21.248,0.549,2026-09
-19.875,-7.875,20.926,0.57,2026-09
-19.875,-5.875,20.545,0.529,2026-09
-19.875,-3.875,20.2,0.543,2026-09
-19.875,-1.875,20.102,0.769,2026-09
-17.875,0.125,19.911,0.831,2026-09
-17.875,2.125,19.273,0.675,2026-09
-17.875,4.125,18.893,0.76,2026-09
-17.875,6.125,18.742,1.191,2026-09
-17.875,8.125,18.244,1.33,2026-09
-17.875,10.125,17.481,1.336,2026-09
-17.875,38.125,25.801,0.839,2026-09
-17.875,40.125,25.987,0.489,2026-09
-17.875,42.125,26.395,0.671,2026-09
-17.875,50.125,25.409,1.09,2026-09
-17.875,52.125,25.069,0.943,2026-09
-17.875,54.125,24.719,0.664,2026-09
-17.875,56.125,24.931,0.924,2026-09
-17.875,58.125,24.81,0.838,2026-09
-17.875,60.125,24.519,0.538,2026-09
-17.875,62.125,24.391,0.512,2026-09
-17.875,64.125,24.368,0.549,2026-09
-17.875,66.125,24.202,0.382,2026-09
-17.875,68.125,24.239,0.434,2026-09
-17.875,70.125,24.526,0.796,2026-09
-17.875,72.125,24.451,0.842,2026-09
-17.875,74.125,24.532,0.982,2026-09
-17.875,76.125,24.43,0.85,2026-09
-17.875,78.125,24.265,0.687,2026-09
-17.875,80.125,24.255,0.739,2026-09
-17.875,82.125,24.179,0.712,2026-09
-17.875,84.125,24.208,0.776,2026-09
-17.875,86.125,24.541,0.937,2026-09
-17.875,88.125,25.266,1.527,2026-09
-17.875,90.125,26.08,2.393,2026-09
-17.875,92.125,26.966,3.018,2026-09
-17.875,94.125,26.49,2.362,2026-09
-17.875,96.125,26.42,2.243,2026-09
-17.875,98.125,26.269,1.788,2026-09
-17.875,100.125,25.852,1.332,2026-09
-17.875,102.125,25.415,0.893,2026-09
-17.875,104.125,26.027,1.567,2026-09
-17.875,106.125,25.384,0.794,2026-09
-17.875,108.125,25.431,0.877,2026-09
-17.875,110.125,25.479,0.918,2026-09
-17.875,112.125,25.497,0.855,2026-09
-17.875,114.125,25.969,1.071,2026-09
-17.875,116.125,26.036,0.713,2026-09
-17.875,118.125,26.208,0.611,2026-09
-17.875,120.125,26.533,0.822,2026-09
-17.875,122.125,26.799,1.492,2026-09
-17.875,146.125,23.734,-0.689,2026-09
-17.875,148.125,24.598,-0.22,2026-09
-17.875,150.125,24.668,-0.003,2026-09
-17.875,152.125,24.19,-0.418,2026-09
-17.875,154.125,24.481,-0.202,2026-09
-17.875,156.125,24.554,-0.207,2026-09
-17.875,158.125,24.722,-0.152,2026-09
-17.875,160.125,24.188,-0.637,2026-09
-17.875,162.125,24.201,-0.524,2026-09
-17.875,164.125,24.819,-0.213,2026-09
-17.875,166.125,25.024,-0.428,2026-09
-17.875,168.125,24.757,-0.796,2026-09
-17.875,170.125,25.234,-0.173,2026-09
-17.875,172.125,24.764,-0.694,2026-09
-17.875,174.125,25.495,-0.183,2026-09
-17.875,176.125,24.922,-1.02,2026-09
-17.875,-179.875,24.842,-0.742,2026-09
-17.875,-177.875,25.076,-0.766,2026-09
-17.875,-175.875,25.317,-0.626,2026-09
-17.875,-173.875,25.482,-0.529,2026-09
-17.875,-171.875,25.329,-0.865,2026-09
-17.875,-169.875,25.366,-0.727,2026-09
-17.875,-167.875,25.398,-0.871,2026-09
-17.875,-165.875,25.444,-0.827,2026-09
-17.875,-163.875,25.794,-0.451,2026-09
-17.875,-161.875,25.635,-0.603,2026-09
-17.875,-159.875,25.849,-0.296,2026-09
-17.875,-157.875,26.138,-0.011,2026-09
-17.875,-155.875,25.663,-0.48,2026-09
-17.875,-153.875,25.945,-0.218,2026-09
-17.875,-151.875,26.148,-0.045,2026-09
-17.875,-149.875,26.169,-0.156,2026-09
-17.875,-147.875,25.982,-0.211,2026-09
-17.875,-145.875,26.106,-0.0,2026-09
-17.875,-143.875,25.795,-0.232,2026-09
-17.875,-141.875,25.941,-0.033,2026-09
-17.875,-139.875,25.839,0.027,2026-09
-17.875,-137.875,25.729,-0.002,2026-09
-17.875,-135.875,25.755,0.1,2026-09
-17.875,-133.875,25.762,0.282,2026-09
-17.875,-131.875,25.642,0.231,2026-09
-17.875,-129.875,25.437,0.226,2026-09
-17.875,-127.875,25.309,0.26,2026-09
-17.875,-125.875,25.387,0.501,2026-09
-17.875,-123.875,25.301,0.575,2026-09
-17.875,-121.875,25.322,0.792,2026-09
-17.875,-119.875,25.309,0.981,2026-09
-17.875,-117.875,25.441,1.369,2026-09
-17.875,-115.875,25.265,1.445,2026-09
-17.875,-113.875,25.14,1.616,2026-09
-17.875,-111.875,24.953,1.723,2026-09
-17.875,-109.875,24.82,1.854,2026-09
-17.875,-107.875,24.507,1.912,2026-09
-17.875,-105.875,24.049,1.747,2026-09
-17.875,-103.875,23.723,1.739,2026-09
-17.875,-101.875,23.48,1.899,2026-09
-17.875,-99.875,23.117,1.853,2026-09
-17.875,-97.875,22.614,1.736,2026-09
-17.875,-95.875,22.419,1.957,2026-09
-17.875,-93.875,21.961,1.874,2026-09
-17.875,-91.875,21.504,1.781,2026-09
-17.875,-89.875,20.979,1.604,2026-09
-17.875,-87.875,20.745,1.76,2026-09
-17.875,-85.875,20.192,1.58,2026-09
-17.875,-83.875,19.986,1.75,2026-09
-17.875,-81.875,19.683,1.863,2026-09
-17.875,-79.875,19.677,2.162,2026-09
-17.875,-77.875,20.012,2.86,2026-09
-17.875,-75.875,19.492,2.562,2026-09
-17.875,-73.875,19.892,2.764,2026-09
-17.875,-71.875,20.368,2.921,2026-09
-17.875,-37.875,25.286,0.564,2026-09
-17.875,-35.875,25.582,0.968,2026-09
-17.875,-33.875,25.525,1.086,2026-09
-17.875,-31.875,25.479,1.287,2026-09
-17.875,-29.875,25.13,1.204,2026-09
-17.875,-27.875,24.685,1.066,2026-09
-17.875,-25.875,24.174,0.839,2026-09
-17.875,-23.875,24.182,1.145,2026-09
-17.875,-21.875,23.61,0.88,2026-09
-17.875,-19.875,23.415,0.968,2026-09
-17.875,-17.875,23.283,1.116,2026-09
-17.875,-15.875,22.775,0.941,2026-09
-17.875,-13.875,22.554,1.031,2026-09
-17.875,-11.875,21.713,0.538,2026-09
-17.875,-9.875,21.277,0.451,2026-09
-17.875,-7.875,20.913,0.459,2026-09
-17.875,-5.875,20.629,0.524,2026-09
-17.875,-3.875,20.349,0.537,2026-09
-17.875,-1.875,20.063,0.595,2026-09
-15.875,0.125,19.618,0.427,2026-09
-15.875,2.125,19.482,0.727,2026-09
-15.875,4.125,19.035,0.704,2026-09
-15.875,6.125,18.393,0.611,2026-09
-15.875,8.125,18.621,1.209,2026-09
-15.875,10.125,19.718,2.199,2026-09
-15.875,42.125,26.642,0.734,2026-09
-15.875,44.125,26.643,0.674,2026-09
-15.875,50.125,25.389,1.027,2026-09
-15.875,52.125,25.107,0.595,2026-09
-15.875,54.125,25.331,0.771,2026-09
-15.875,56.125,25.249,0.693,2026-09
-15.875,58.125,25.059,0.587,2026-09
-15.875,60.125,24.794,0.398,2026-09
-15.875,62.125,24.966,0.525,2026-09
-15.875,64.125,25.475,1.137,2026-09
-15.875,66.125,24.779,0.416,2026-09
-15.875,68.125,25.326,0.977,2026-09
-15.875,70.125,25.025,0.698,2026-09
-15.875,72.125,25.452,1.082,2026-09
-15.875,74.125,25.443,0.939,2026-09
-15.875,76.125,25.243,0.713,2026-09
-15.875,78.125,25.141,0.69,2026-09
-15.875,80.125,25.097,0.671,2026-09
-15.875,82.125,24.975,0.507,2026-09
-15.875,84.125,25.365,0.674,2026-09
-15.875,86.125,26.022,1.138,2026-09
-15.875,88.125,26.566,1.573,2026-09
-15.875,90.125,27.124,2.121,2026-09
-15.875,92.125,27.172,2.092,2026-09
-15.875,94.125,26.488,1.042,2026-09
-15.875,96.125,27.119,1.602,2026-09
-15.875,98.125,27.922,2.367,2026-09
-15.875,100.125,26.404,0.947,2026-09
-15.875,102.125,26.614,1.169,2026-09
-15.875,104.125,26.625,1.269,2026-09
-15.875,106.125,26.468,1.074,2026-09
-15.875,108.125,26.336,0.971,2026-09
-15.875,110.125,26.475,1.113,2026-09
-15.875,112.125,26.412,1.064,2026-09
-15.875,114.125,26.487,0.765,2026-09
-15.875,116.125,26.916,0.926,2026-09
-15.875,118.125,27.304,0.99,2026-09
-15.875,120.125,27.27,0.744,2026-09
-15.875,122.125,27.114,0.787,2026-09
-15.875,124.125,27.49,0.677,2026-09
-15.875,138.125,26.118,0.752,2026-09
-15.875,140.125,25.839,0.36,2026-09
-15.875,146.125,25.103,-0.021,2026-09
-15.875,148.125,24.904,-0.299,2026-09
-15.875,150.125,25.26,-0.059,2026-09
-15.875,152.125,25.61,0.177,2026-09
-15.875,154.125,25.359,-0.254,2026-09
-15.875,156.125,25.605,-0.163,2026-09
-15.875,158.125,26.247,0.371,2026-09
-15.875,160.125,25.588,-0.182,2026-09
-15.875,162.125,25.669,-0.342,2026-09
-15.875,164.125,25.618,-0.494,2026-09
-15.875,166.125,25.7,-0.68,2026-09
-15.875,168.125,25.988,-0.573,2026-09
-15.875,170.125,26.258,-0.202,2026-09
-15.875,172.125,25.687,-0.817,2026-09
-15.875,174.125,26.247,-0.361,2026-09
-15.875,176.125,26.121,-0.596,2026-09
-15.875,178.125,26.042,-0.812,2026-09
-15.875,-179.875,26.049,-0.635,2026-09
-15.875,-177.875,26.143,-0.742,2026-09
-15.875,-175.875,26.195,-0.853,2026-09
-15.875,-173.875,26.372,-0.706,2026-09
-15.875,-171.875,26.231,-0.933,2026-09
-15.875,-169.875,26.407,-0.787,2026-09
-15.875,-167.875,26.594,-0.551,2026-09
-15.875,-165.875,26.723,-0.429,2026-09
-15.875,-163.875,26.581,-0.528,2026-09
-15.875,-161.875,26.832,-0.275,2026-09
-15.875,-159.875,26.859,-0.214,2026-09
-15.875,-157.875,27.022,0.006,2026-09
-15.875,-155.875,26.916,-0.105,2026-09
-15.875,-153.875,27.212,0.195,2026-09
-15.875,-151.875,26.885,-0.039,2026-09
-15.875,-149.875,27.08,0.168,2026-09
-15.875,-147.875,26.961,0.141,2026-09
-15.875,-145.875,26.832,0.109,2026-09
-15.875,-143.875,26.698,0.076,2026-09
-15.875,-141.875,26.866,0.417,2026-09
-15.875,-139.875,26.88,0.519,2026-09
-15.875,-137.875,26.802,0.519,2026-09
-15.875,-135.875,26.796,0.639,2026-09
-15.875,-133.875,26.386,0.394,2026-09
-15.875,-131.875,26.469,0.63,2026-09
-15.875,-129.875,26.136,0.462,2026-09
-15.875,-127.875,26.054,0.581,2026-09
-15.875,-125.875,26.231,0.931,2026-09
-15.875,-123.875,26.083,1.004,2026-09
-15.875,-121.875,26.039,1.163,2026-09
-15.875,-119.875,25.924,1.268,2026-09
-15.875,-117.875,25.815,1.463,2026-09
-15.875,-115.875,25.636,1.512,2026-09
-15.875,-113.875,25.467,1.627,2026-09
-15.875,-111.875,25.325,1.747,2026-09
-15.875,-109.875,25.121,1.867,2026-09
-15.875,-107.875,24.725,1.762,2026-09
-15.875,-105.875,24.434,1.819,2026-09
-15.875,-103.875,24.133,1.867,2026-09
-15.875,-101.875,23.752,1.855,2026-09
-15.875,-99.875,23.425,1.91,2026-09
-15.875,-97.875,22.999,1.86,2026-09
-15.875,-95.875,22.6,1.862,2026-09
-15.875,-93.875,22.176,1.822,2026-09
-15.875,-91.875,21.898,1.946,2026-09
-15.875,-89.875,21.442,1.918,2026-09
-15.875,-87.875,20.915,1.821,2026-09
-15.875,-85.875,20.509,1.858,2026-09
-15.875,-83.875,20.439,2.116,2026-09
-15.875,-81.875,20.397,2.564,2026-09
-15.875,-79.875,20.685,3.289,2026-09
-15.875,-77.875,21.297,4.354,2026-09
-15.875,-75.875,19.955,3.467,2026-09
-15.875,-37.875,26.31,1.036,2026-09
-15.875,-35.875,26.479,1.309,2026-09
-15.875,-33.875,26.214,1.174,2026-09
-15.875,-31.875,25.924,1.159,2026-09
-15.875,-29.875,25.587,1.103,2026-09
-15.875,-27.875,25.316,1.137,2026-09
-15.875,-25.875,25.15,1.24,2026-09
-15.875,-23.875,24.814,1.251,2026-09
-15.875,-21.875,24.592,1.339,2026-09
-15.875,-19.875,23.953,1.068,2026-09
-15.875,-17.875,23.761,1.215,2026-09
-15.875,-15.875,23.242,1.061,2026-09
-15.875,-13.875,22.591,0.828,2026-09
-15.875,-11.875,22.294,0.932,2026-09
-15.875,-9.875,21.773,0.737,2026-09
-15.875,-7.875,21.109,0.403,2026-09
-15.875,-5.875,21.142,0.814,2026-09
-15.875,-3.875,20.497,0.558,2026-09
-15.875,-1.875,20.06,0.498,2026-09
-13.875,0.125,20.424,0.655,2026-09
-13.875,2.125,20.132,0.517,2026-09
-13.875,4.125,19.634,0.463,2026-09
-13.875,6.125,19.735,0.966,2026-09
-13.875,8.125,20.163,1.254,2026-09
-13.875,10.125,20.585,0.952,2026-09
-13.875,12.125,20.066,-0.26,2026-09
-13.875,42.125,26.633,0.679,2026-09
-13.875,44.125,26.734,0.708,2026-09
-13.875,46.125,26.723,0.551,2026-09
-13.875,52.125,25.567,0.654,2026-09
-13.875,54.125,25.528,0.56,2026-09
-13.875,56.125,25.761,0.788,2026-09
-13.875,58.125,25.463,0.553,2026-09
-13.875,60.125,25.11,0.331,2026-09
-13.875,62.125,25.073,0.181,2026-09
-13.875,64.125,25.819,0.945,2026-09
-13.875,66.125,25.436,0.566,2026-09
-13.875,68.125,25.99,1.07,2026-09
-13.875,70.125,25.879,0.906,2026-09
-13.875,72.125,25.684,0.56,2026-09
-13.875,74.125,25.44,0.284,2026-09
-13.875,76.125,25.457,0.241,2026-09
-13.875,78.125,25.543,0.304,2026-09
-13.875,80.125,25.784,0.423,2026-09
-13.875,82.125,26.034,0.584,2026-09
-13.875,84.125,26.416,0.762,2026-09
-13.875,86.125,26.535,0.694,2026-09
-13.875,88.125,27.528,1.53,2026-09
-13.875,90.125,28.334,2.178,2026-09
-13.875,92.125,28.079,1.823,2026-09
-13.875,94.125,27.987,1.616,2026-09
-13.875,96.125,28.081,1.793,2026-09
-13.875,98.125,27.637,1.485,2026-09
-13.875,100.125,27.569,1.416,2026-09
-13.875,102.125,27.196,1.143,2026-09
-13.875,104.125,26.81,0.834,2026-09
-13.875,106.125,26.681,0.759,2026-09
-13.875,108.125,26.737,0.877,2026-09
-13.875,110.125,26.886,1.001,2026-09
-13.875,112.125,26.955,0.931,2026-09
-13.875,114.125,26.769,0.517,2026-09
-13.875,116.125,26.973,0.449,2026-09
-13.875,118.125,27.432,0.698,2026-09
-13.875,120.125,27.503,0.432,2026-09
-13.875,122.125,27.794,0.484,2026-09
-13.875,124.125,28.101,0.608,2026-09
-13.875,126.125,27.679,0.6,2026-09
-13.875,128.125,27.916,0.75,2026-09
-13.875,136.125,26.962,0.669,2026-09
-13.875,138.125,26.412,0.185,2026-09
-13.875,140.125,26.365,-0.15,2026-09
-13.875,144.125,24.784,-0.271,2026-09
-13.875,146.125,25.31,0.011,2026-09
-13.875,148.125,25.559,0.076,2026-09
-13.875,150.125,25.621,-0.051,2026-09
-13.875,152.125,25.82,-0.167,2026-09
-13.875,154.125,26.28,-0.091,2026-09
-13.875,156.125,26.323,-0.187,2026-09
-13.875,158.125,26.815,0.132,2026-09
-13.875,160.125,27.01,0.09,2026-09
-13.875,162.125,26.634,-0.302,2026-09
-13.875,164.125,26.435,-0.55,2026-09
-13.875,166.125,26.722,-0.379,2026-09
-13.875,168.125,26.793,-0.322,2026-09
-13.875,170.125,26.862,-0.338,2026-09
-13.875,172.125,26.903,-0.402,2026-09
-13.875,174.125,27.12,-0.287,2026-09
-13.875,176.125,27.336,-0.173,2026-09
-13.875,178.125,27.293,-0.28,2026-09
-13.875,-179.875,27.031,-0.739,2026-09
-13.875,-177.875,26.927,-0.91,2026-09
-13.875,-175.875,27.287,-0.592,2026-09
-13.875,-173.875,27.565,-0.344,2026-09
-13.875,-171.875,27.577,-0.357,2026-09
-13.875,-169.875,27.766,-0.113,2026-09
-13.875,-167.875,27.554,-0.293,2026-09
-13.875,-165.875,27.645,-0.176,2026-09
-13.875,-163.875,27.631,-0.132,2026-09
-13.875,-161.875,27.85,0.125,2026-09
-13.875,-159.875,27.798,0.096,2026-09
-13.875,-157.875,28.038,0.376,2026-09
-13.875,-155.875,27.851,0.247,2026-09
-13.875,-153.875,27.999,0.449,2026-09
-13.875,-151.875,27.629,0.189,2026-09
-13.875,-149.875,27.634,0.263,2026-09
-13.875,-147.875,27.664,0.398,2026-09
-13.875,-145.875,27.609,0.454,2026-09
-13.875,-143.875,27.753,0.752,2026-09
-13.875,-141.875,27.465,0.567,2026-09
-13.875,-139.875,27.563,0.775,2026-09
-13.875,-137.875,27.387,0.755,2026-09
-13.875,-135.875,27.24,0.768,2026-09
-13.875,-133.875,27.143,0.835,2026-09
-13.875,-131.875,26.956,0.781,2026-09
-13.875,-129.875,26.96,0.979,2026-09
-13.875,-127.875,26.578,0.775,2026-09
-13.875,-125.875,26.616,0.991,2026-09
-13.875,-123.875,26.604,1.199,2026-09
-13.875,-121.875,26.361,1.205,2026-09
-13.875,-119.875,26.376,1.428,2026-09
-13.875,-117.875,26.095,1.379,2026-09
-13.875,-115.875,26.04,1.573,2026-09
-13.875,-113.875,25.728,1.562,2026-09
-13.875,-111.875,25.436,1.52,2026-09
-13.875,-109.875,25.386,1.713,2026-09
-13.875,-107.875,25.153,1.756,2026-09
-13.875,-105.875,24.672,1.623,2026-09
-13.875,-103.875,24.45,1.763,2026-09
-13.875,-101.875,24.056,1.716,2026-09
-13.875,-99.875,23.646,1.704,2026-09
-13.875,-97.875,23.476,1.939,2026-09
-13.875,-95.875,22.79,1.554,2026-09
-13.875,-93.875,22.462,1.697,2026-09
-13.875,-91.875,22.088,1.789,2026-09
-13.875,-89.875,21.783,1.962,2026-09
-13.875,-87.875,21.421,2.056,2026-09
-13.875,-85.875,20.992,2.072,2026-09
-13.875,-83.875,21.284,2.885,2026-09
-13.875,-81.875,22.249,4.188,2026-09
-13.875,-79.875,21.276,3.652,2026-09
-13.875,-77.875,22.194,5.191,2026-09
-13.875,-37.875,26.424,0.842,2026-09
-13.875,-35.875,26.788,1.136,2026-09
-13.875,-33.875,26.596,1.091,2026-09
-13.875,-31.875,26.278,1.047,2026-09
-13.875,-29.875,25.982,0.969,2026-09
-13.875,-27.875,25.723,0.959,2026-09
-13.875,-25.875,25.647,1.18,2026-09
-13.875,-23.875,25.3,1.138,2026-09
-13.875,-21.875,25.19,1.373,2026-09
-13.875,-19.875,24.726,1.225,2026-09
-13.875,-17.875,24.498,1.362,2026-09
-13.875,-15.875,23.852,1.028,2026-09
-13.875,-13.875,23.403,0.957,2026-09
-13.875,-11.875,22.928,0.886,2026-09
-13.875,-9.875,22.64,0.901,2026-09
-13.875,-7.875,21.83,0.562,2026-09
-13.875,-5.875,21.442,0.512,2026-09
-13.875,-3.875,21.096,0.634,2026-09
-13.875,-1.875,20.78,0.669,2026-09
-11.875,0.125,21.502,0.401,2026-09
-11.875,2.125,21.112,0.467,2026-09
-11.875,4.125,20.654,0.475,2026-09
-11.875,6.125,20.742,0.559,2026-09
-11.875,8.125,21.698,1.157,2026-09
-11.875,10.125,22.055,0.841,2026-09
-11.875,12.125,22.464,0.39,2026-09
-11.875,42.125,26.663,0.761,2026-09
-11.875,44.125,26.763,0.875,2026-09
-11.875,46.125,26.717,0.918,2026-09
-11.875,48.125,26.435,0.685,2026-09
-11.875,50.125,25.793,0.905,2026-09
-11.875,52.125,26.055,0.858,2026-09
-11.875,54.125,25.96,0.652,2026-09
-11.875,56.125,25.835,0.46,2026-09
-11.875,58.125,26.036,0.649,2026-09
-11.875,60.125,26.041,0.616,2026-09
-11.875,62.125,26.686,1.183,2026-09
-11.875,64.125,26.479,0.981,2026-09
-11.875,66.125,26.698,1.263,2026-09
-11.875,68.125,26.3,0.731,2026-09
-11.875,70.125,25.963,0.287,2026-09
-11.875,72.125,26.29,0.464,2026-09
-11.875,74.125,26.317,0.467,2026-09
-11.875,76.125,26.614,0.816,2026-09
-11.875,78.125,26.283,0.434,2026-09
-11.875,80.125,26.601,0.589,2026-09
-11.875,82.125,26.372,0.161,2026-09
-11.875,84.125,27.033,0.534,2026-09
-11.875,86.125,28.061,1.411,2026-09
-11.875,88.125,28.485,1.713,2026-09
-11.875,90.125,28.417,1.546,2026-09
-11.875,92.125,28.134,1.299,2026-09
-11.875,94.125,27.827,1.076,2026-09
-11.875,96.125,27.504,0.876,2026-09
-11.875,98.125,27.517,0.949,2026-09
-11.875,100.125,27.361,0.956,2026-09
-11.875,102.125,27.105,0.841,2026-09
-11.875,104.125,26.907,0.75,2026-09
-11.875,106.125,26.852,0.736,2026-09
-11.875,108.125,26.812,0.682,2026-09
-11.875,110.125,26.798,0.586,2026-09
-11.875,112.125,26.918,0.565,2026-09
-11.875,114.125,27.001,0.477,2026-09
-11.875,116.125,27.061,0.311,2026-09
-11.875,118.125,27.158,0.18,2026-09
-11.875,120.125,27.423,0.233,2026-09
-11.875,122.125,27.419,-0.011,2026-09
-11.875,124.125,27.577,0.035,2026-09
-11.875,126.125,27.839,0.015,2026-09
-11.875,128.125,28.042,0.122,2026-09
-11.875,130.125,27.6,0.018,2026-09
-11.875,132.125,27.456,-0.006,2026-09
-11.875,134.125,27.137,0.264,2026-09
-11.875,136.125,26.765,0.289,2026-09
-11.875,138.125,26.266,-0.215,2026-09
-11.875,140.125,26.534,-0.121,2026-09
-11.875,144.125,25.251,0.043,2026-09
-11.875,146.125,25.544,0.167,2026-09
-11.875,148.125,25.688,0.234,2026-09
-11.875,150.125,25.815,0.147,2026-09
-11.875,152.125,25.845,-0.075,2026-09
-11.875,154.125,26.891,0.301,2026-09
-11.875,156.125,27.335,0.056,2026-09
-11.875,158.125,27.487,0.03,2026-09
-11.875,160.125,27.73,0.129,2026-09
-11.875,162.125,27.82,0.136,2026-09
-11.875,164.125,27.74,0.042,2026-09
-11.875,166.125,27.786,0.012,2026-09
-11.875,168.125,27.821,-0.017,2026-09
-11.875,170.125,27.782,-0.099,2026-09
-11.875,172.125,27.889,-0.207,2026-09
-11.875,174.125,28.126,-0.048,2026-09
-11.875,176.125,28.027,-0.248,2026-09
-11.875,178.125,28.216,-0.133,2026-09
-11.875,-179.875,28.143,-0.253,2026-09
-11.875,-177.875,28.228,-0.251,2026-09
-11.875,-175.875,28.316,-0.138,2026-09
-11.875,-173.875,28.434,-0.019,2026-09
-11.875,-171.875,28.381,-0.045,2026-09
-11.875,-169.875,28.486,0.08,2026-09
-11.875,-167.875,28.445,0.086,2026-09
-11.875,-165.875,28.466,0.159,2026-09
-11.875,-163.875,28.439,0.149,2026-09
-11.875,-161.875,28.507,0.291,2026-09
-11.875,-159.875,28.488,0.33,2026-09
-11.875,-157.875,28.542,0.46,2026-09
-11.875,-155.875,28.648,0.667,2026-09
-11.875,-153.875,28.509,0.61,2026-09
-11.875,-151.875,28.51,0.744,2026-09
-11.875,-149.875,28.359,0.672,2026-09
-11.875,-147.875,28.483,0.919,2026-09
-11.875,-145.875,28.255,0.807,2026-09
-11.875,-143.875,28.028,0.688,2026-09
-11.875,-141.875,27.906,0.702,2026-09
-11.875,-139.875,27.927,0.869,2026-09
-11.875,-137.875,27.821,0.937,2026-09
-11.875,-135.875,27.611,0.89,2026-09
-11.875,-133.875,27.527,0.955,2026-09
-11.875,-131.875,27.271,0.855,2026-09
-11.875,-129.875,27.242,1.014,2026-09
-11.875,-127.875,27.007,0.96,2026-09
-11.875,-125.875,26.986,1.123,2026-09
-11.875,-123.875,26.895,1.197,2026-09
-11.875,-121.875,26.783,1.284,2026-09
-11.875,-119.875,26.735,1.43,2026-09
-11.875,-117.875,26.421,1.36,2026-09
-11.875,-115.875,26.111,1.276,2026-09
-11.875,-113.875,26.189,1.61,2026-09
-11.875,-111.875,25.867,1.505,2026-09
-11.875,-109.875,25.943,1.871,2026-09
-11.875,-107.875,25.5,1.717,2026-09
-11.875,-105.875,25.252,1.815,2026-09
-11.875,-103.875,24.795,1.706,2026-09
-11.875,-101.875,24.689,1.963,2026-09
-11.875,-99.875,24.243,1.847,2026-09
-11.875,-97.875,23.991,1.892,2026-09
-11.875,-95.875,23.485,1.745,2026-09
-11.875,-93.875,23.253,1.923,2026-09
-11.875,-91.875,22.651,1.757,2026-09
-11.875,-89.875,22.301,1.922,2026-09
-11.875,-87.875,22.12,2.306,2026-09
-11.875,-85.875,22.447,3.211,2026-09
-11.875,-83.875,22.89,3.891,2026-09
-11.875,-81.875,23.11,4.362,2026-09
-11.875,-79.875,22.703,4.234,2026-09
-11.875,-77.875,22.564,5.318,2026-09
-11.875,-35.875,26.968,1.063,2026-09
-11.875,-33.875,26.928,1.018,2026-09
-11.875,-31.875,26.661,0.904,2026-09
-11.875,-29.875,26.489,0.944,2026-09
-11.875,-27.875,26.437,1.119,2026-09
-11.875,-25.875,26.231,1.137,2026-09
-11.875,-23.875,25.922,1.082,2026-09
-11.875,-21.875,25.777,1.252,2026-09
-11.875,-19.875,25.063,0.834,2026-09
-11.875,-17.875,25.214,1.286,2026-09
-11.875,-15.875,24.691,1.073,2026-09
-11.875,-13.875,24.399,1.104,2026-09
-11.875,-11.875,23.754,0.764,2026-09
-11.875,-9.875,23.265,0.658,2026-09
-11.875,-7.875,22.854,0.666,2026-09
-11.875,-5.875,22.29,0.466,2026-09
-11.875,-3.875,22.283,0.783,2026-09
-11.875,-1.875,21.949,0.709,2026-09
-9.875,0.125,22.377,0.643,2026-09
-9.875,2.125,21.85,0.421,2026-09
-9.875,4.125,22.105,0.787,2026-09
-9.875,6.125,22.148,0.741,2026-09
-9.875,8.125,22.42,0.616,2026-09
-9.875,10.125,22.866,0.449,2026-09
-9.875,12.125,22.952,0.301,2026-09
-9.875,40.125,26.636,0.85,2026-09
-9.875,42.125,26.437,0.9,2026-09
-9.875,44.125,25.915,0.745,2026-09
-9.875,46.125,25.526,0.624,2026-09
-9.875,48.125,25.444,0.537,2026-09
-9.875,50.125,25.775,0.786,2026-09
-9.875,52.125,26.382,0.947,2026-09
-9.875,54.125,26.332,0.66,2026-09
-9.875,56.125,26.479,0.623,2026-09
-9.875,58.125,27.159,1.156,2026-09
-9.875,60.125,27.083,0.992,2026-09
-9.875,62.125,27.235,1.154,2026-09
-9.875,64.125,27.198,0.937,2026-09
-9.875,66.125,27.248,0.965,2026-09
-9.875,68.125,27.291,1.013,2026-09
-9.875,70.125,27.03,0.795,2026-09
-9.875,72.125,27.149,0.827,2026-09
-9.875,74.125,27.032,0.628,2026-09
-9.875,76.125,26.96,0.418,2026-09
-9.875,78.125,27.6,0.888,2026-09
-9.875,80.125,27.922,0.956,2026-09
-9.875,82.125,28.197,1.204,2026-09
-9.875,84.125,28.603,1.451,2026-09
-9.875,86.125,28.633,1.392,2026-09
-9.875,88.125,28.41,1.209,2026-09
-9.875,90.125,28.433,1.265,2026-09
-9.875,92.125,28.262,1.154,2026-09
-9.875,94.125,27.913,0.855,2026-09
-9.875,96.125,27.604,0.675,2026-09
-9.875,98.125,27.537,0.715,2026-09
-9.875,100.125,27.795,1.139,2026-09
-9.875,102.125,27.996,1.493,2026-09
-9.875,104.125,27.367,1.025,2026-09
-9.875,106.125,26.989,0.806,2026-09
-9.875,108.125,26.869,0.697,2026-09
-9.875,110.125,26.72,0.62,2026-09
-9.875,112.125,26.523,0.454,2026-09
-9.875,114.125,26.469,0.447,2026-09
-9.875,116.125,26.7,0.201,2026-09
-9.875,118.125,26.663,0.151,2026-09
-9.875,122.125,27.009,-0.09,2026-09
-9.875,126.125,27.465,-0.274,2026-09
-9.875,128.125,27.197,-0.317,2026-09
-9.875,130.125,26.895,-0.296,2026-09
-9.875,132.125,26.887,-0.085,2026-09
-9.875,134.125,26.643,-0.045,2026-09
-9.875,136.125,26.313,0.001,2026-09
-9.875,138.125,26.236,-0.168,2026-09
-9.875,140.125,25.992,-0.129,2026-09
-9.875,142.125,25.993,-0.101,2026-09
-9.875,144.125,25.736,0.172,2026-09
-9.875,146.125,25.606,0.131,2026-09
-9.875,150.125,26.503,-0.212,2026-09
-9.875,152.125,27.291,0.117,2026-09
-9.875,154.125,27.367,-0.125,2026-09
-9.875,156.125,27.454,-0.347,2026-09
-9.875,158.125,27.616,-0.366,2026-09
-9.875,160.125,27.633,-0.453,2026-09
-9.875,162.125,28.272,-0.056,2026-09
-9.875,164.125,28.483,0.128,2026-09
-9.875,166.125,28.419,0.075,2026-09
-9.875,168.125,28.432,-0.109,2026-09
-9.875,170.125,28.693,0.005,2026-09
-9.875,172.125,28.922,0.16,2026-09
-9.875,174.125,29.052,0.233,2026-09
-9.875,176.125,28.853,-0.063,2026-09
-9.875,178.125,28.803,-0.099,2026-09
-9.875,-179.875,28.705,-0.163,2026-09
-9.875,-177.875,28.968,0.081,2026-09
-9.875,-175.875,29.001,0.099,2026-09
-9.875,-173.875,29.016,0.147,2026-09
-9.875,-171.875,28.974,0.146,2026-09
-9.875,-169.875,29.088,0.298,2026-09
-9.875,-167.875,29.27,0.556,2026-09
-9.875,-165.875,29.236,0.595,2026-09
-9.875,-163.875,29.085,0.501,2026-09
-9.875,-161.875,29.212,0.713,2026-09
-9.875,-159.875,29.033,0.599,2026-09
-9.875,-157.875,29.177,0.841,2026-09
-9.875,-155.875,29.213,0.988,2026-09
-9.875,-153.875,29.21,1.085,2026-09
-9.875,-151.875,29.024,1.021,2026-09
-9.875,-149.875,28.942,1.042,2026-09
-9.875,-147.875,28.733,0.947,2026-09
-9.875,-145.875,28.601,0.926,2026-09
-9.875,-143.875,28.472,0.904,2026-09
-9.875,-141.875,28.364,0.946,2026-09
-9.875,-139.875,28.211,0.937,2026-09
-9.875,-137.875,27.927,0.946,2026-09
-9.875,-135.875,27.772,0.939,2026-09
-9.875,-133.875,27.663,0.989,2026-09
-9.875,-131.875,27.604,1.088,2026-09
-9.875,-129.875,27.496,1.122,2026-09
-9.875,-127.875,27.389,1.201,2026-09
-9.875,-125.875,27.307,1.299,2026-09
-9.875,-123.875,27.196,1.353,2026-09
-9.875,-121.875,27.009,1.389,2026-09
-9.875,-119.875,26.945,1.514,2026-09
-9.875,-117.875,26.831,1.576,2026-09
-9.875,-115.875,26.581,1.556,2026-09
-9.875,-113.875,26.697,1.91,2026-09
-9.875,-111.875,26.34,1.789,2026-09
-9.875,-109.875,26.294,2.021,2026-09
-9.875,-107.875,25.999,1.975,2026-09
-9.875,-105.875,25.677,1.958,2026-09
-9.875,-103.875,25.38,1.982,2026-09
-9.875,-101.875,25.199,2.073,2026-09
-9.875,-99.875,24.757,1.933,2026-09
-9.875,-97.875,24.438,1.92,2026-09
-9.875,-95.875,24.35,2.187,2026-09
-9.875,-93.875,24.186,2.419,2026-09
-9.875,-91.875,23.857,2.466,2026-09
-9.875,-89.875,23.402,2.571,2026-09
-9.875,-87.875,24.111,3.766,2026-09
-9.875,-85.875,23.942,3.974,2026-09
-9.875,-83.875,23.977,4.402,2026-09
-9.875,-81.875,24.007,4.714,2026-09
-9.875,-79.875,23.813,5.078,2026-09
-9.875,-35.875,26.974,0.967,2026-09
-9.875,-33.875,27.178,0.964,2026-09
-9.875,-31.875,27.052,0.917,2026-09
-9.875,-29.875,26.979,0.993,2026-09
-9.875,-27.875,27.06,1.238,2026-09
-9.875,-25.875,26.732,1.116,2026-09
-9.875,-23.875,26.479,1.107,2026-09
-9.875,-21.875,26.123,1.019,2026-09
-9.875,-19.875,25.751,0.912,2026-09
-9.875,-17.875,25.631,1.111,2026-09
-9.875,-15.875,25.111,0.924,2026-09
-9.875,-13.875,24.653,0.765,2026-09
-9.875,-11.875,24.205,0.64,2026-09
-9.875,-9.875,23.981,0.716,2026-09
-9.875,-7.875,23.61,0.636,2026-09
-9.875,-5.875,23.504,0.806,2026-09
-9.875,-3.875,23.058,0.65,2026-09
-9.875,-1.875,22.778,0.581,2026-09
-7.875,0.125,22.907,0.577,2026-09
-7.875,2.125,22.78,0.572,2026-09
-7.875,4.125,22.967,0.718,2026-09
-7.875,6.125,23.115,0.796,2026-09
-7.875,8.125,23.013,0.248,2026-09
-7.875,10.125,23.542,0.338,2026-09
-7.875,12.125,23.139,0.106,2026-09
-7.875,40.125,26.583,0.867,2026-09
-7.875,42.125,26.515,0.991,2026-09
-7.875,44.125,25.979,0.729,2026-09
-7.875,46.125,25.91,0.737,2026-09
-7.875,48.125,26.397,1.049,2026-09
-7.875,50.125,26.413,0.872,2026-09
-7.875,52.125,26.625,0.897,2026-09
-7.875,54.125,26.815,0.924,2026-09
-7.875,56.125,27.254,1.077,2026-09
-7.875,58.125,28.0,1.535,2026-09
-7.875,60.125,27.776,1.112,2026-09
-7.875,62.125,28.037,1.256,2026-09
-7.875,64.125,27.85,0.932,2026-09
-7.875,66.125,28.037,1.009,2026-09
-7.875,68.125,27.961,0.919,2026-09
-7.875,70.125,27.608,0.503,2026-09
-7.875,72.125,27.694,0.637,2026-09
-7.875,74.125,28.145,0.926,2026-09
-7.875,76.125,28.369,0.872,2026-09
-7.875,78.125,28.376,0.674,2026-09
-7.875,80.125,28.702,0.957,2026-09
-7.875,82.125,28.931,1.152,2026-09
-7.875,84.125,28.782,1.041,2026-09
-7.875,86.125,28.565,0.874,2026-09
-7.875,88.125,28.44,0.797,2026-09
-7.875,90.125,28.323,0.778,2026-09
-7.875,92.125,28.107,0.626,2026-09
-7.875,94.125,27.88,0.499,2026-09
-7.875,96.125,27.763,0.437,2026-09
-7.875,98.125,27.806,0.593,2026-09
-7.875,100.125,27.988,0.858,2026-09
-7.875,102.125,27.636,0.535,2026-09
-7.875,104.125,27.144,0.156,2026-09
-7.875,106.125,26.071,-0.219,2026-09
-7.875,108.125,25.675,-0.047,2026-09
-7.875,110.125,24.803,-0.499,2026-09
-7.875,116.125,27.684,-0.348,2026-09
-7.875,118.125,27.46,-0.396,2026-09
-7.875,120.125,27.739,-0.275,2026-09
-7.875,122.125,27.94,-0.28,2026-09
-7.875,124.125,27.799,-0.396,2026-09
-7.875,126.125,26.936,-0.59,2026-09
-7.875,128.125,27.044,-0.104,2026-09
-7.875,130.125,26.865,-0.241,2026-09
-7.875,132.125,26.275,-0.454,2026-09
-7.875,134.125,25.995,-0.388,2026-09
-7.875,136.125,25.573,-0.619,2026-09
-7.875,144.125,26.568,0.101,2026-09
-7.875,148.125,27.419,-0.37,2026-09
-7.875,150.125,27.056,-0.401,2026-09
-7.875,152.125,27.247,-0.751,2026-09
-7.875,154.125,27.455,-0.727,2026-09
-7.875,156.125,27.535,-0.848,2026-09
-7.875,158.125,28.083,-0.465,2026-09
-7.875,160.125,28.45,-0.384,2026-09
-7.875,162.125,28.612,-0.181,2026-09
-7.875,164.125,28.861,-0.058,2026-09
-7.875,166.125,28.982,-0.045,2026-09
-7.875,168.125,28.984,-0.137,2026-09
-7.875,170.125,29.305,0.075,2026-09
-7.875,172.125,29.402,0.137,2026-09
-7.875,174.125,29.302,-0.011,2026-09
-7.875,176.125,29.314,0.011,2026-09
-7.875,178.125,29.43,0.13,2026-09
-7.875,-179.875,29.465,0.183,2026-09
-7.875,-177.875,29.44,0.222,2026-09
-7.875,-175.875,29.433,0.271,2026-09
-7.875,-173.875,29.309,0.199,2026-09
-7.875,-171.875,29.535,0.536,2026-09
-7.875,-169.875,29.769,0.814,2026-09
-7.875,-167.875,29.788,0.954,2026-09
-7.875,-165.875,29.788,1.066,2026-09
-7.875,-163.875,29.739,1.101,2026-09
-7.875,-161.875,29.791,1.291,2026-09
-7.875,-159.875,29.812,1.418,2026-09
-7.875,-157.875,29.756,1.458,2026-09
-7.875,-155.875,29.504,1.309,2026-09
-7.875,-153.875,29.309,1.24,2026-09
-7.875,-151.875,29.232,1.316,2026-09
-7.875,-149.875,28.988,1.215,2026-09
-7.875,-147.875,28.809,1.172,2026-09
-7.875,-145.875,28.59,1.094,2026-09
-7.875,-143.875,28.434,1.132,2026-09
-7.875,-141.875,28.296,1.153,2026-09
-7.875,-139.875,28.154,1.219,2026-09
-7.875,-137.875,28.078,1.241,2026-09
-7.875,-135.875,28.021,1.343,2026-09
-7.875,-133.875,27.915,1.375,2026-09
-7.875,-131.875,27.771,1.401,2026-09
-7.875,-129.875,27.855,1.633,2026-09
-7.875,-127.875,27.695,1.666,2026-09
-7.875,-125.875,27.481,1.569,2026-09
-7.875,-123.875,27.422,1.712,2026-09
-7.875,-121.875,27.374,1.863,2026-09
-7.875,-119.875,27.261,1.948,2026-09
-7.875,-117.875,26.969,1.769,2026-09
-7.875,-115.875,27.139,2.173,2026-09
-7.875,-113.875,26.971,2.263,2026-09
-7.875,-111.875,26.792,2.293,2026-09
-7.875,-109.875,26.619,2.357,2026-09
-7.875,-107.875,26.274,2.22,2026-09
-7.875,-105.875,26.304,2.507,2026-09
-7.875,-103.875,25.94,2.4,2026-09
-7.875,-101.875,25.494,2.251,2026-09
-7.875,-99.875,25.487,2.453,2026-09
-7.875,-97.875,25.24,2.463,2026-09
-7.875,-95.875,25.276,2.75,2026-09
-7.875,-93.875,25.033,2.834,2026-09
-7.875,-91.875,24.957,3.069,2026-09
-7.875,-89.875,25.041,3.55,2026-09
-7.875,-87.875,24.513,3.527,2026-09
-7.875,-85.875,24.453,3.822,2026-09
-7.875,-83.875,24.45,4.511,2026-09
-7.875,-81.875,24.433,5.27,2026-09
-7.875,-79.875,23.216,5.682,2026-09
-7.875,-33.875,27.434,1.098,2026-09
-7.875,-31.875,27.421,1.123,2026-09
-7.875,-29.875,27.092,0.946,2026-09
-7.875,-27.875,27.002,1.039,2026-09
-7.875,-25.875,26.631,0.906,2026-09
-7.875,-23.875,26.182,0.714,2026-09
-7.875,-21.875,26.032,0.834,2026-09
-7.875,-19.875,25.319,0.441,2026-09
-7.875,-17.875,25.159,0.567,2026-09
-7.875,-15.875,25.119,0.743,2026-09
-7.875,-13.875,24.685,0.591,2026-09
-7.875,-11.875,24.484,0.622,2026-09
-7.875,-9.875,24.195,0.546,2026-09
-7.875,-7.875,24.006,0.626,2026-09
-7.875,-5.875,23.619,0.507,2026-09
-7.875,-3.875,23.371,0.516,2026-09
-7.875,-1.875,22.986,0.384,2026-09
-5.875,0.125,23.553,0.471,2026-09
-5.875,2.125,23.568,0.553,2026-09
-5.875,4.125,24.118,0.95,2026-09
-5.875,6.125,24.413,1.157,2026-09
-5.875,8.125,23.885,0.36,2026-09
-5.875,10.125,23.644,-0.148,2026-09
-5.875,12.125,23.21,-0.415,2026-09
-5.875,40.125,26.581,0.837,2026-09
-5.875,42.125,26.637,0.923,2026-09
-5.875,44.125,26.254,0.75,2026-09
-5.875,46.125,26.409,0.946,2026-09
-5.875,48.125,26.765,1.073,2026-09
-5.875,50.125,27.029,1.072,2026-09
-5.875,52.125,27.568,1.33,2026-09
-5.875,54.125,27.478,1.07,2026-09
-5.875,56.125,27.945,1.334,2026-09
-5.875,58.125,28.373,1.126,2026-09
-5.875,60.125,28.413,0.975,2026-09
-5.875,62.125,28.552,0.957,2026-09
-5.875,64.125,28.63,0.862,2026-09
-5.875,66.125,28.573,0.777,2026-09
-5.875,68.125,28.567,0.715,2026-09
-5.875,70.125,28.568,0.654,2026-09
-5.875,72.125,28.468,0.724,2026-09
-5.875,74.125,28.915,0.87,2026-09
-5.875,76.125,28.87,0.688,2026-09
-5.875,78.125,29.01,0.738,2026-09
-5.875,80.125,29.096,0.813,2026-09
-5.875,82.125,29.138,0.837,2026-09
-5.875,84.125,29.014,0.769,2026-09
-5.875,86.125,29.032,0.861,2026-09
-5.875,88.125,29.011,0.92,2026-09
-5.875,90.125,28.827,0.781,2026-09
-5.875,92.125,28.628,0.645,2026-09
-5.875,94.125,28.628,0.679,2026-09
-5.875,96.125,28.593,0.79,2026-09
-5.875,98.125,28.247,0.506,2026-09
-5.875,100.125,27.805,0.109,2026-09
-5.875,102.125,27.555,-0.093,2026-09
-5.875,104.125,27.28,-0.347,2026-09
-5.875,106.125,29.099,0.122,2026-09
-5.875,108.125,28.701,0.022,2026-09
-5.875,110.125,28.361,-0.158,2026-09
-5.875,112.125,28.093,-0.145,2026-09
-5.875,114.125,27.599,-0.331,2026-09
-5.875,116.125,27.492,-0.442,2026-09
-5.875,118.125,27.778,-0.283,2026-09
-5.875,120.125,26.505,-0.766,2026-09
-5.875,122.125,27.086,-0.439,2026-09
-5.875,124.125,26.953,-0.507,2026-09
-5.875,126.125,26.894,-0.355,2026-09
-5.875,128.125,26.674,-0.438,2026-09
-5.875,130.125,26.227,-0.641,2026-09
-5.875,132.125,25.867,-0.739,2026-09
-5.875,134.125,26.335,-0.406,2026-09
-5.875,136.125,26.091,-0.251,2026-09
-5.875,138.125,26.437,0.081,2026-09
-5.875,148.125,26.999,-0.84,2026-09
-5.875,152.125,27.351,-0.796,2026-09
-5.875,154.125,27.625,-1.232,2026-09
-5.875,156.125,28.599,-0.49,2026-09
-5.875,158.125,28.577,-0.574,2026-09
-5.875,160.125,28.881,-0.345,2026-09
-5.875,162.125,28.995,-0.345,2026-09
-5.875,164.125,29.056,-0.353,2026-09
-5.875,166.125,29.464,-0.037,2026-09
-5.875,168.125,29.57,0.033,2026-09
-5.875,170.125,29.574,0.009,2026-09
-5.875,172.125,29.703,0.149,2026-09
-5.875,174.125,29.782,0.262,2026-09
-5.875,176.125,29.888,0.405,2026-09
-5.875,178.125,29.922,0.493,2026-09
-5.875,-179.875,29.974,0.621,2026-09
-5.875,-177.875,29.75,0.495,2026-09
-5.875,-175.875,29.759,0.618,2026-09
-5.875,-173.875,29.679,0.641,2026-09
-5.875,-171.875,29.701,0.755,2026-09
-5.875,-169.875,29.853,1.024,2026-09
-5.875,-167.875,30.079,1.338,2026-09
-5.875,-165.875,30.148,1.551,2026-09
-5.875,-163.875,30.203,1.759,2026-09
-5.875,-161.875,30.145,1.833,2026-09
-5.875,-159.875,29.995,1.807,2026-09
-5.875,-157.875,29.978,1.933,2026-09
-5.875,-155.875,29.812,1.85,2026-09
-5.875,-153.875,29.534,1.728,2026-09
-5.875,-151.875,29.476,1.825,2026-09
-5.875,-149.875,29.082,1.553,2026-09
-5.875,-147.875,29.028,1.656,2026-09
-5.875,-145.875,28.901,1.676,2026-09
-5.875,-143.875,28.686,1.671,2026-09
-5.875,-141.875,28.407,1.559,2026-09
-5.875,-139.875,28.417,1.734,2026-09
-5.875,-137.875,28.344,1.821,2026-09
-5.875,-135.875,28.41,2.03,2026-09
-5.875,-133.875,28.358,2.104,2026-09
-5.875,-131.875,28.082,2.005,2026-09
-5.875,-129.875,27.978,2.062,2026-09
-5.875,-127.875,27.968,2.207,2026-09
-5.875,-125.875,28.086,2.428,2026-09
-5.875,-123.875,27.959,2.488,2026-09
-5.875,-121.875,27.723,2.446,2026-09
-5.875,-119.875,27.485,2.396,2026-09
-5.875,-117.875,27.217,2.349,2026-09
-5.875,-115.875,27.132,2.435,2026-09
-5.875,-113.875,27.365,2.968,2026-09
-5.875,-111.875,27.228,2.995,2026-09
-5.875,-109.875,27.088,3.051,2026-09
-5.875,-107.875,26.792,2.916,2026-09
-5.875,-105.875,26.839,3.221,2026-09
-5.875,-103.875,26.647,3.273,2026-09
-5.875,-101.875,26.462,3.308,2026-09
-5.875,-99.875,26.171,3.308,2026-09
-5.875,-97.875,25.806,3.229,2026-09
-5.875,-95.875,25.88,3.506,2026-09
-5.875,-93.875,25.832,3.582,2026-09
-5.875,-91.875,25.819,3.879,2026-09
-5.875,-89.875,25.577,3.938,2026-09
-5.875,-87.875,25.528,4.254,2026-09
-5.875,-85.875,25.38,4.703,2026-09
-5.875,-83.875,25.386,5.508,2026-09
-5.875,-81.875,25.02,6.563,2026-09
-5.875,-33.875,27.282,0.903,2026-09
-5.875,-31.875,27.038,0.733,2026-09
-5.875,-29.875,27.102,0.951,2026-09
-5.875,-27.875,27.022,1.004,2026-09
-5.875,-25.875,26.698,0.901,2026-09
-5.875,-23.875,26.209,0.664,2026-09
-5.875,-21.875,25.766,0.501,2026-09
-5.875,-19.875,25.861,0.906,2026-09
-5.875,-17.875,25.522,0.823,2026-09
-5.875,-15.875,24.857,0.397,2026-09
-5.875,-13.875,24.689,0.436,2026-09
-5.875,-11.875,24.573,0.467,2026-09
-5.875,-9.875,24.446,0.546,2026-09
-5.875,-7.875,24.369,0.675,2026-09
-5.875,-5.875,24.032,0.531,2026-09
-5.875,-3.875,23.872,0.56,2026-09
-5.875,-1.875,23.485,0.326,2026-09
-3.875,0.125,24.033,0.465,2026-09
-3.875,2.125,24.05,0.381,2026-09
-3.875,4.125,24.513,0.668,2026-09
-3.875,6.125,24.678,0.592,2026-09
-3.875,8.125,24.173,-0.097,2026-09
-3.875,10.125,23.49,-0.691,2026-09
-3.875,40.125,26.495,0.885,2026-09
-3.875,42.125,26.679,0.884,2026-09
-3.875,44.125,26.745,1.03,2026-09
-3.875,46.125,27.09,1.374,2026-09
-3.875,48.125,27.282,1.327,2026-09
-3.875,50.125,27.768,1.497,2026-09
-3.875,52.125,28.214,1.526,2026-09
-3.875,54.125,28.554,1.475,2026-09
-3.875,56.125,28.932,1.488,2026-09
-3.875,58.125,29.013,1.162,2026-09
-3.875,60.125,29.079,1.006,2026-09
-3.875,62.125,29.141,0.91,2026-09
-3.875,64.125,29.233,0.894,2026-09
-3.875,66.125,29.319,0.873,2026-09
-3.875,68.125,29.316,0.838,2026-09
-3.875,70.125,29.207,0.632,2026-09
-3.875,72.125,29.228,0.602,2026-09
-3.875,74.125,29.364,0.748,2026-09
-3.875,76.125,29.437,0.806,2026-09
-3.875,78.125,29.421,0.807,2026-09
-3.875,80.125,29.405,0.721,2026-09
-3.875,82.125,29.259,0.582,2026-09
-3.875,84.125,29.295,0.631,2026-09
-3.875,86.125,29.317,0.688,2026-09
-3.875,88.125,29.303,0.687,2026-09
-3.875,90.125,29.335,0.729,2026-09
-3.875,92.125,29.335,0.699,2026-09
-3.875,94.125,29.237,0.71,2026-09
-3.875,96.125,29.163,0.608,2026-09
-3.875,98.125,29.062,0.53,2026-09
-3.875,100.125,28.853,0.444,2026-09
-3.875,102.125,28.14,-0.013,2026-09
-3.875,106.125,29.052,0.024,2026-09
-3.875,108.125,28.389,-0.166,2026-09
-3.875,110.125,28.052,-0.231,2026-09
-3.875,112.125,27.923,-0.253,2026-09
-3.875,114.125,28.216,-0.092,2026-09
-3.875,116.125,28.652,0.179,2026-09
-3.875,118.125,28.532,-0.049,2026-09
-3.875,124.125,26.997,-0.544,2026-09
-3.875,126.125,26.494,-0.625,2026-09
-3.875,128.125,26.449,-0.617,2026-09
-3.875,130.125,26.609,-0.458,2026-09
-3.875,132.125,26.207,-0.869,2026-09
-3.875,134.125,25.921,-0.558,2026-09
-3.875,146.125,28.506,-0.466,2026-09
-3.875,148.125,28.504,-0.7,2026-09
-3.875,150.125,28.235,-1.085,2026-09
-3.875,152.125,27.471,-1.59,2026-09
-3.875,154.125,28.449,-0.767,2026-09
-3.875,156.125,28.657,-0.782,2026-09
-3.875,158.125,28.739,-0.806,2026-09
-3.875,160.125,28.878,-0.742,2026-09
-3.875,162.125,29.157,-0.48,2026-09
-3.875,164.125,29.194,-0.474,2026-09
-3.875,166.125,29.371,-0.304,2026-09
-3.875,168.125,29.518,-0.128,2026-09
-3.875,170.125,29.686,0.1,2026-09
-3.875,172.125,29.743,0.204,2026-09
-3.875,174.125,29.853,0.391,2026-09
-3.875,176.125,29.945,0.494,2026-09
-3.875,178.125,29.947,0.543,2026-09
-3.875,-179.875,30.016,0.717,2026-09
-3.875,-177.875,29.83,0.633,2026-09
-3.875,-175.875,29.743,0.718,2026-09
-3.875,-173.875,29.78,0.857,2026-09
-3.875,-171.875,29.888,1.093,2026-09
-3.875,-169.875,29.975,1.265,2026-09
-3.875,-167.875,30.107,1.52,2026-09
-3.875,-165.875,30.168,1.717,2026-09
-3.875,-163.875,30.304,2.015,2026-09
-3.875,-161.875,30.326,2.216,2026-09
-3.875,-159.875,30.275,2.269,2026-09
-3.875,-157.875,30.294,2.409,2026-09
-3.875,-155.875,30.224,2.475,2026-09
-3.875,-153.875,30.089,2.518,2026-09
-3.875,-151.875,30.01,2.578,2026-09
-3.875,-149.875,29.822,2.573,2026-09
-3.875,-147.875,29.735,2.667,2026-09
-3.875,-145.875,29.688,2.736,2026-09
-3.875,-143.875,29.629,2.863,2026-09
-3.875,-141.875,29.32,2.714,2026-09
-3.875,-139.875,29.301,2.851,2026-09
-3.875,-137.875,29.272,2.989,2026-09
-3.875,-135.875,29.203,3.031,2026-09
-3.875,-133.875,29.125,3.093,2026-09
-3.875,-131.875,29.062,3.229,2026-09
-3.875,-129.875,29.025,3.354,2026-09
-3.875,-127.875,28.795,3.265,2026-09
-3.875,-125.875,28.589,3.281,2026-09
-3.875,-123.875,28.396,3.219,2026-09
-3.875,-121.875,28.373,3.445,2026-09
-3.875,-119.875,28.167,3.473,2026-09
-3.875,-117.875,27.64,3.15,2026-09
-3.875,-115.875,27.769,3.545,2026-09
-3.875,-113.875,27.748,3.788,2026-09
-3.875,-111.875,27.842,4.02,2026-09
-3.875,-109.875,27.391,3.757,2026-09
-3.875,-107.875,27.229,3.837,2026-09
-3.875,-105.875,27.378,4.273,2026-09
-3.875,-103.875,27.167,4.304,2026-09
-3.875,-101.875,26.801,4.19,2026-09
-3.875,-99.875,26.483,4.168,2026-09
-3.875,-97.875,26.677,4.675,2026-09
-3.875,-95.875,26.68,4.947,2026-09
-3.875,-93.875,26.25,4.609,2026-09
-3.875,-91.875,25.974,4.388,2026-09
-3.875,-89.875,25.93,4.411,2026-09
-3.875,-87.875,25.984,4.775,2026-09
-3.875,-85.875,25.848,5.316,2026-09
-3.875,-83.875,25.543,5.99,2026-09
-3.875,-81.875,25.191,5.526,2026-09
-3.875,-37.875,27.361,0.873,2026-09
-3.875,-35.875,27.278,0.849,2026-09
-3.875,-33.875,27.115,0.706,2026-09
-3.875,-31.875,26.952,0.597,2026-09
-3.875,-29.875,26.947,0.717,2026-09
-3.875,-27.875,26.698,0.612,2026-09
-3.875,-25.875,26.627,0.76,2026-09
-3.875,-23.875,26.333,0.685,2026-09
-3.875,-21.875,26.254,0.856,2026-09
-3.875,-19.875,25.793,0.697,2026-09
-3.875,-17.875,25.392,0.629,2026-09
-3.875,-15.875,25.029,0.536,2026-09
-3.875,-13.875,24.691,0.415,2026-09
-3.875,-11.875,24.501,0.461,2026-09
-3.875,-9.875,24.321,0.438,2026-09
-3.875,-7.875,24.286,0.529,2026-09
-3.875,-5.875,24.248,0.581,2026-09
-3.875,-3.875,24.25,0.73,2026-09
-3.875,-1.875,24.042,0.559,2026-09
-1.875,0.125,24.51,0.258,2026-09
-1.875,2.125,24.442,-0.023,2026-09
-1.875,4.125,25.045,0.284,2026-09
-1.875,6.125,25.495,0.538,2026-09
-1.875,8.125,25.013,-0.086,2026-09
-1.875,42.125,26.582,0.936,2026-09
-1.875,44.125,27.028,1.204,2026-09
-1.875,46.125,27.264,1.337,2026-09
-1.875,48.125,27.718,1.497,2026-09
-1.875,50.125,28.32,1.79,2026-09
-1.875,52.125,28.644,1.711,2026-09
-1.875,54.125,28.717,1.257,2026-09
-1.875,56.125,28.994,1.089,2026-09
-1.875,58.125,29.219,0.951,2026-09
-1.875,60.125,29.273,0.782,2026-09
-1.875,62.125,29.398,0.698,2026-09
-1.875,64.125,29.406,0.583,2026-09
-1.875,66.125,29.504,0.593,2026-09
-1.875,68.125,29.646,0.73,2026-09
-1.875,70.125,29.665,0.757,2026-09
-1.875,72.125,29.584,0.649,2026-09
-1.875,74.125,29.589,0.714,2026-09
-1.875,76.125,29.579,0.702,2026-09
-1.875,78.125,29.554,0.682,2026-09
-1.875,80.125,29.493,0.687,2026-09
-1.875,82.125,29.433,0.681,2026-09
-1.875,84.125,29.444,0.614,2026-09
-1.875,86.125,29.519,0.687,2026-09
-1.875,88.125,29.554,0.751,2026-09
-1.875,90.125,29.581,0.786,2026-09
-1.875,92.125,29.64,0.733,2026-09
-1.875,94.125,29.648,0.735,2026-09
-1.875,96.125,29.577,0.685,2026-09
-1.875,98.125,29.567,0.714,2026-09
-1.875,100.125,29.652,0.611,2026-09
-1.875,106.125,28.992,0.064,2026-09
-1.875,108.125,28.179,-0.242,2026-09
-1.875,110.125,27.893,-0.644,2026-09
-1.875,118.125,29.274,0.281,2026-09
-1.875,122.125,28.147,-0.053,2026-09
-1.875,124.125,26.768,-0.609,2026-09
-1.875,126.125,27.656,-0.384,2026-09
-1.875,128.125,28.226,-0.178,2026-09
-1.875,136.125,30.191,0.695,2026-09
-1.875,140.125,29.617,0.306,2026-09
-1.875,142.125,29.642,0.359,2026-09
-1.875,144.125,29.359,0.087,2026-09
-1.875,146.125,29.262,-0.128,2026-09
-1.875,148.125,29.067,-0.34,2026-09
-1.875,150.125,29.228,-0.272,2026-09
-1.875,152.125,28.438,-0.968,2026-09
-1.875,154.125,28.434,-1.005,2026-09
-1.875,156.125,29.014,-0.543,2026-09
-1.875,158.125,29.386,-0.174,2026-09
-1.875,160.125,29.311,-0.245,2026-09
-1.875,162.125,29.227,-0.354,2026-09
-1.875,164.125,29.431,-0.139,2026-09
-1.875,166.125,29.465,-0.052,2026-09
-1.875,168.125,29.509,0.04,2026-09
-1.875,170.125,29.546,0.099,2026-09
-1.875,172.125,29.401,0.066,2026-09
-1.875,174.125,29.536,0.34,2026-09
-1.875,176.125,29.555,0.369,2026-09
-1.875,178.125,29.63,0.485,2026-09
-1.875,-179.875,29.833,0.751,2026-09
-1.875,-177.875,29.697,0.791,2026-09
-1.875,-175.875,29.698,0.939,2026-09
-1.875,-173.875,29.757,1.07,2026-09
-1.875,-171.875,29.878,1.329,2026-09
-1.875,-169.875,29.871,1.463,2026-09
-1.875,-167.875,30.038,1.804,2026-09
-1.875,-165.875,30.116,2.047,2026-09
-1.875,-163.875,30.208,2.269,2026-09
-1.875,-161.875,30.238,2.467,2026-09
-1.875,-159.875,30.234,2.619,2026-09
-1.875,-157.875,30.291,2.786,2026-09
-1.875,-155.875,30.261,2.869,2026-09
-1.875,-153.875,30.157,2.912,2026-09
-1.875,-151.875,30.18,3.116,2026-09
-1.875,-149.875,30.099,3.28,2026-09
-1.875,-147.875,30.014,3.401,2026-09
-1.875,-145.875,30.06,3.639,2026-09
-1.875,-143.875,29.883,3.585,2026-09
-1.875,-141.875,29.818,3.646,2026-09
-1.875,-139.875,29.813,3.815,2026-09
-1.875,-137.875,29.699,3.895,2026-09
-1.875,-135.875,29.626,3.99,2026-09
-1.875,-133.875,29.521,4.074,2026-09
-1.875,-131.875,29.396,4.19,2026-09
-1.875,-129.875,29.224,4.229,2026-09
-1.875,-127.875,29.051,4.231,2026-09
-1.875,-125.875,28.862,4.232,2026-09
-1.875,-123.875,28.748,4.239,2026-09
-1.875,-121.875,28.658,4.386,2026-09
-1.875,-119.875,28.576,4.573,2026-09
-1.875,-117.875,28.492,4.673,2026-09
-1.875,-115.875,28.365,4.781,2026-09
-1.875,-113.875,28.242,4.901,2026-09
-1.875,-111.875,28.089,4.957,2026-09
-1.875,-109.875,27.925,4.984,2026-09
-1.875,-107.875,27.828,5.121,2026-09
-1.875,-105.875,27.68,5.164,2026-09
-1.875,-103.875,27.544,5.322,2026-09
-1.875,-101.875,27.31,5.36,2026-09
-1.875,-99.875,27.256,5.487,2026-09
-1.875,-97.875,27.107,5.622,2026-09
-1.875,-95.875,26.93,5.766,2026-09
-1.875,-93.875,26.587,5.838,2026-09
-1.875,-91.875,26.221,5.217,2026-09
-1.875,-89.875,25.958,4.654,2026-09
-1.875,-87.875,26.098,4.982,2026-09
-1.875,-85.875,26.084,5.338,2026-09
-1.875,-83.875,26.514,6.173,2026-09
-1.875,-81.875,26.54,4.745,2026-09
-1.875,-43.875,28.03,0.835,2026-09
-1.875,-41.875,27.298,0.681,2026-09
-1.875,-39.875,27.345,0.699,2026-09
-1.875,-37.875,27.339,0.634,2026-09
-1.875,-35.875,27.28,0.679,2026-09
-1.875,-33.875,27.174,0.674,2026-09
-1.875,-31.875,26.895,0.482,2026-09
-1.875,-29.875,26.737,0.428,2026-09
-1.875,-27.875,26.759,0.633,2026-09
-1.875,-25.875,26.617,0.693,2026-09
-1.875,-23.875,26.373,0.633,2026-09
-1.875,-21.875,26.293,0.801,2026-09
-1.875,-19.875,25.997,0.762,2026-09
-1.875,-17.875,25.58,0.641,2026-09
-1.875,-15.875,25.304,0.614,2026-09
-1.875,-13.875,25.13,0.676,2026-09
-1.875,-11.875,24.845,0.67,2026-09
-1.875,-9.875,24.378,0.436,2026-09
-1.875,-7.875,24.267,0.474,2026-09
-1.875,-5.875,24.282,0.465,2026-09
-1.875,-3.875,24.407,0.449,2026-09
-1.875,-1.875,24.42,0.308,2026-09
0.125,0.125,26.146,0.489,2026-09
0.125,2.125,26.303,0.559,2026-09
0.125,4.125,26.276,0.534,2026-09
0.125,6.125,26.185,0.327,2026-09
0.125,8.125,26.442,0.668,2026-09
0.125,44.125,26.956,1.181,2026-09
0.125,46.125,27.416,1.387,2026-09
0.125,48.125,28.036,1.733,2026-09
0.125,50.125,28.582,2.015,2026-09
0.125,52.125,28.987,1.959,2026-09
0.125,54.125,29.052,1.371,2026-09
0.125,56.125,29.138,0.942,2026-09
0.125,58.125,29.406,0.85,2026-09
0.125,60.125,29.596,0.777,2026-09
0.125,62.125,29.643,0.585,2026-09
0.125,64.125,29.793,0.63,2026-09
0.125,66.125,29.808,0.569,2026-09
0.125,68.125,29.83,0.611,2026-09
0.125,70.125,29.835,0.683,2026-09
0.125,72.125,29.726,0.658,2026-09
0.125,74.125,29.793,0.819,2026-09
0.125,76.125,29.639,0.7,2026-09
0.125,78.125,29.596,0.69,2026-09
0.125,80.125,29.421,0.582,2026-09
0.125,82.125,29.464,0.651,2026-09
0.125,84.125,29.691,0.846,2026-09
0.125,86.125,29.669,0.804,2026-09
0.125,88.125,29.653,0.776,2026-09
0.125,90.125,29.817,0.89,2026-09
0.125,92.125,29.809,0.794,2026-09
0.125,94.125,29.841,0.8,2026-09
0.125,96.125,30.005,0.769,2026-09
0.125,98.125,30.146,0.705,2026-09
0.125,104.125,29.804,0.551,2026-09
0.125,106.125,28.7,-0.019,2026-09
0.125,108.125,28.626,-0.262,2026-09
0.125,118.125,29.314,0.352,2026-09
0.125,120.125,29.583,0.043,2026-09
0.125,122.125,28.837,-0.384,2026-09
0.125,124.125,27.73,-0.498,2026-09
0.125,126.125,27.415,-0.584,2026-09
0.125,128.125,28.92,0.061,2026-09
0.125,130.125,28.778,-0.188,2026-09
0.125,132.125,29.796,0.311,2026-09
0.125,134.125,30.268,0.71,2026-09
0.125,136.125,30.107,0.567,2026-09
0.125,138.125,29.85,0.307,2026-09
0.125,140.125,29.78,0.257,2026-09
0.125,142.125,29.744,0.277,2026-09
0.125,144.125,29.638,0.204,2026-09
0.125,146.125,29.342,-0.13,2026-09
0.125,148.125,29.104,-0.393,2026-09
0.125,150.125,29.295,-0.22,2026-09
0.125,152.125,29.151,-0.35,2026-09
0.125,154.125,29.373,-0.142,2026-09
0.125,156.125,29.541,-0.042,2026-09
0.125,158.125,29.692,0.162,2026-09
0.125,160.125,29.709,0.2,2026-09
0.125,162.125,29.579,0.138,2026-09
0.125,164.125,29.558,0.157,2026-09
0.125,166.125,29.55,0.26,2026-09
0.125,168.125,29.502,0.275,2026-09
0.125,170.125,29.425,0.229,2026-09
0.125,172.125,29.32,0.179,2026-09
0.125,174.125,29.228,0.073,2026-09
0.125,176.125,29.397,0.347,2026-09
0.125,178.125,29.446,0.5,2026-09
0.125,-179.875,29.566,0.759,2026-09
0.125,-177.875,29.558,0.903,2026-09
0.125,-175.875,29.515,1.01,2026-09
0.125,-173.875,29.591,1.217,2026-09
0.125,-171.875,29.564,1.338,2026-09
0.125,-169.875,29.649,1.595,2026-09
0.125,-167.875,29.767,1.894,2026-09
0.125,-165.875,29.939,2.206,2026-09
0.125,-163.875,29.997,2.423,2026-09
0.125,-161.875,30.214,2.835,2026-09
0.125,-159.875,30.335,3.091,2026-09
0.125,-157.875,30.314,3.159,2026-09
0.125,-155.875,30.274,3.307,2026-09
0.125,-153.875,30.239,3.447,2026-09
0.125,-151.875,30.135,3.542,2026-09
0.125,-149.875,30.076,3.664,2026-09
0.125,-147.875,30.08,3.837,2026-09
0.125,-145.875,30.053,3.969,2026-09
0.125,-143.875,29.976,4.073,2026-09
0.125,-141.875,29.879,4.173,2026-09
0.125,-139.875,29.861,4.314,2026-09
0.125,-137.875,29.649,4.258,2026-09
0.125,-135.875,29.524,4.332,2026-09
0.125,-133.875,29.426,4.421,2026-09
0.125,-131.875,29.318,4.49,2026-09
0.125,-129.875,29.193,4.548,2026-09
0.125,-127.875,29.03,4.515,2026-09
0.125,-125.875,28.867,4.504,2026-09
0.125,-123.875,28.734,4.555,2026-09
0.125,-121.875,28.672,4.715,2026-09
0.125,-119.875,28.463,4.728,2026-09
0.125,-117.875,28.333,4.812,2026-09
0.125,-115.875,28.27,4.933,2026-09
0.125,-113.875,28.158,4.97,2026-09
0.125,-111.875,28.223,5.266,2026-09
0.125,-109.875,28.264,5.519,2026-09
0.125,-107.875,27.83,5.257,2026-09
0.125,-105.875,27.72,5.326,2026-09
0.125,-103.875,27.535,5.343,2026-09
0.125,-101.875,27.395,5.322,2026-09
0.125,-99.875,27.584,5.543,2026-09
0.125,-97.875,27.668,5.68,2026-09
0.125,-95.875,27.429,5.508,2026-09
0.125,-93.875,27.017,5.233,2026-09
0.125,-91.875,27.345,5.438,2026-09
0.125,-89.875,26.93,3.656,2026-09
0.125,-87.875,26.443,2.793,2026-09
0.125,-85.875,26.786,2.861,2026-09
0.125,-83.875,27.205,2.964,2026-09
0.125,-81.875,27.59,2.666,2026-09
0.125,-47.875,28.784,0.652,2026-09
0.125,-45.875,27.943,0.675,2026-09
0.125,-43.875,27.741,0.752,2026-09
0.125,-41.875,27.867,0.718,2026-09
0.125,-39.875,27.901,0.712,2026-09
0.125,-37.875,27.711,0.63,2026-09
0.125,-35.875,27.422,0.502,2026-09
0.125,-33.875,27.152,0.378,2026-09
0.125,-31.875,27.04,0.413,2026-09
0.125,-29.875,27.033,0.568,2026-09
0.125,-27.875,26.722,0.41,2026-09
0.125,-25.875,26.516,0.426,2026-09
0.125,-23.875,26.42,0.618,2026-09
0.125,-21.875,26.391,0.838,2026-09
0.125,-19.875,25.894,0.53,2026-09
0.125,-17.875,25.653,0.5,2026-09
0.125,-15.875,25.84,0.863,2026-09
0.125,-13.875,25.156,0.457,2026-09
0.125,-11.875,24.866,0.333,2026-09
0.125,-9.875,24.602,0.413,2026-09
0.125,-7.875,24.16,-0.004,2026-09
0.125,-5.875,25.151,0.561,2026-09
0.125,-3.875,25.841,0.663,2026-09
0.125,-1.875,25.697,0.224,2026-09
2.125,0.125,26.229,0.216,2026-09
2.125,2.125,26.591,0.497,2026-09
2.125,4.125,26.522,0.429,2026-09
2.125,6.125,26.418,0.275,2026-09
2.125,8.125,26.814,0.488,2026-09
2.125,46.125,26.91,1.181,2026-09
2.125,48.125,27.46,1.423,2026-09
2.125,50.125,28.264,2.051,2026-09
2.125,52.125,28.638,2.139,2026-09
2.125,54.125,29.004,1.901,2026-09
2.125,56.125,29.326,1.492,2026-09
2.125,58.125,29.596,1.18,2026-09
2.125,60.125,29.763,0.989,2026-09
2.125,62.125,29.786,0.694,2026-09
2.125,64.125,29.827,0.57,2026-09
2.125,66.125,29.992,0.638,2026-09
2.125,68.125,30.083,0.784,2026-09
2.125,70.125,30.123,0.932,2026-09
2.125,72.125,29.905,0.795,2026-09
2.125,74.125,29.673,0.801,2026-09
2.125,76.125,29.729,0.917,2026-09
2.125,78.125,29.586,0.886,2026-09
2.125,80.125,29.323,0.758,2026-09
2.125,82.125,29.28,0.805,2026-09
2.125,84.125,29.477,0.953,2026-09
2.125,86.125,29.623,0.974,2026-09
2.125,88.125,29.669,0.887,2026-09
2.125,90.125,29.879,1.009,2026-09
2.125,92.125,29.964,0.992,2026-09
2.125,94.125,29.909,0.794,2026-09
2.125,96.125,30.271,0.973,2026-09
2.125,98.125,30.631,1.131,2026-09
2.125,102.125,30.301,0.703,2026-09
2.125,104.125,29.422,0.586,2026-09
2.125,106.125,29.639,0.53,2026-09
2.125,108.125,29.5,0.178,2026-09
2.125,110.125,30.253,0.527,2026-09
2.125,118.125,29.655,0.439,2026-09
2.125,120.125,29.828,0.316,2026-09
2.125,122.125,30.008,0.304,2026-09
2.125,124.125,29.909,0.205,2026-09
2.125,126.125,27.523,-0.843,2026-09
2.125,128.125,28.419,-0.388,2026-09
2.125,130.125,28.974,-0.229,2026-09
2.125,132.125,29.137,-0.197,2026-09
2.125,134.125,29.132,-0.203,2026-09
2.125,136.125,29.546,0.137,2026-09
2.125,138.125,29.689,0.183,2026-09
2.125,140.125,29.565,0.01,2026-09
2.125,142.125,29.521,-0.01,2026-09
2.125,144.125,29.662,0.142,2026-09
2.125,146.125,29.724,0.226,2026-09
2.125,148.125,29.633,0.133,2026-09
2.125,150.125,29.684,0.129,2026-09
2.125,152.125,29.804,0.222,2026-09
2.125,154.125,29.706,0.112,2026-09
2.125,156.125,29.711,0.057,2026-09
2.125,158.125,29.711,0.084,2026-09
2.125,160.125,29.6,0.022,2026-09
2.125,162.125,29.461,-0.105,2026-09
2.125,164.125,29.336,-0.186,2026-09
2.125,166.125,29.138,-0.347,2026-09
2.125,168.125,29.116,-0.327,2026-09
2.125,170.125,29.106,-0.28,2026-09
2.125,172.125,29.076,-0.223,2026-09
2.125,174.125,28.988,-0.387,2026-09
2.125,176.125,28.987,-0.328,2026-09
2.125,178.125,29.07,-0.124,2026-09
2.125,-179.875,29.154,0.028,2026-09
2.125,-177.875,29.117,0.136,2026-09
2.125,-175.875,29.15,0.28,2026-09
2.125,-173.875,29.158,0.412,2026-09
2.125,-171.875,29.202,0.598,2026-09
2.125,-169.875,29.211,0.716,2026-09
2.125,-167.875,29.387,1.077,2026-09
2.125,-165.875,29.671,1.481,2026-09
2.125,-163.875,29.929,1.878,2026-09
2.125,-161.875,29.992,2.073,2026-09
2.125,-159.875,29.979,2.153,2026-09
2.125,-157.875,30.074,2.394,2026-09
2.125,-155.875,30.135,2.532,2026-09
2.125,-153.875,30.25,2.796,2026-09
2.125,-151.875,30.189,2.903,2026-09
2.125,-149.875,29.983,2.817,2026-09
2.125,-147.875,29.948,2.895,2026-09
2.125,-145.875,30.031,3.105,2026-09
2.125,-143.875,29.943,3.119,2026-09
2.125,-141.875,29.955,3.333,2026-09
2.125,-139.875,29.882,3.478,2026-09
2.125,-137.875,29.839,3.569,2026-09
2.125,-135.875,29.587,3.39,2026-09
2.125,-133.875,29.334,3.274,2026-09
2.125,-131.875,29.286,3.43,2026-09
2.125,-129.875,29.311,3.6,2026-09
2.125,-127.875,29.084,3.444,2026-09
2.125,-125.875,29.04,3.451,2026-09
2.125,-123.875,29.028,3.57,2026-09
2.125,-121.875,28.802,3.501,2026-09
2.125,-119.875,28.627,3.481,2026-09
2.125,-117.875,28.742,3.697,2026-09
2.125,-115.875,28.688,3.637,2026-09
2.125,-113.875,28.543,3.561,2026-09
2.125,-111.875,28.679,3.77,2026-09
2.125,-109.875,28.686,3.743,2026-09
2.125,-107.875,28.275,3.373,2026-09
2.125,-105.875,28.11,3.181,2026-09
2.125,-103.875,28.006,3.04,2026-09
2.125,-101.875,27.989,2.952,2026-09
2.125,-99.875,28.133,2.891,2026-09
2.125,-97.875,28.238,2.937,2026-09
2.125,-95.875,28.261,2.724,2026-09
2.125,-93.875,28.398,2.865,2026-09
2.125,-91.875,28.519,2.919,2026-09
2.125,-89.875,28.278,2.763,2026-09
2.125,-87.875,28.082,2.168,2026-09
2.125,-85.875,28.232,2.137,2026-09
2.125,-83.875,28.104,1.93,2026-09
2.125,-81.875,28.267,1.897,2026-09
2.125,-79.875,28.512,1.939,2026-09
2.125,-49.875,29.302,0.652,2026-09
2.125,-47.875,27.833,0.573,2026-09
2.125,-45.875,27.957,0.654,2026-09
2.125,-43.875,28.292,0.732,2026-09
2.125,-41.875,28.525,0.736,2026-09
2.125,-39.875,28.467,0.665,2026-09
2.125,-37.875,28.401,0.717,2026-09
2.125,-35.875,27.785,0.198,2026-09
2.125,-33.875,27.633,0.048,2026-09
2.125,-31.875,27.475,-0.038,2026-09
2.125,-29.875,27.659,0.352,2026-09
2.125,-27.875,27.653,0.432,2026-09
2.125,-25.875,27.287,0.311,2026-09
2.125,-23.875,27.285,0.553,2026-09
2.125,-21.875,26.85,0.365,2026-09
2.125,-19.875,26.355,0.005,2026-09
2.125,-17.875,26.431,0.141,2026-09
2.125,-15.875,26.669,0.403,2026-09
2.125,-13.875,26.462,0.365,2026-09
2.125,-11.875,26.084,0.108,2026-09
2.125,-9.875,26.514,0.662,2026-09
2.125,-7.875,25.481,-0.184,2026-09
2.125,-5.875,25.575,-0.065,2026-09
2.125,-3.875,25.725,-0.041,2026-09
2.125,-1.875,26.308,0.361,2026-09
4.125,0.125,26.066,0.693,2026-09
4.125,2.125,26.197,0.46,2026-09
4.125,4.125,26.741,0.571,2026-09
4.125,6.125,26.956,0.409,2026-09
4.125,8.125,27.162,0.546,2026-09
4.125,48.125,26.739,1.418,2026-09
4.125,50.125,27.792,1.791,2026-09
4.125,52.125,27.964,1.712,2026-09
4.125,54.125,27.929,1.348,2026-09
4.125,56.125,28.544,1.419,2026-09
4.125,58.125,29.551,1.503,2026-09
4.125,60.125,29.724,1.141,2026-09
4.125,62.125,29.79,0.8,2026-09
4.125,64.125,29.899,0.71,2026-09
4.125,66.125,30.007,0.798,2026-09
4.125,68.125,30.144,0.953,2026-09
4.125,70.125,30.033,0.918,2026-09
4.125,72.125,29.964,0.99,2026-09
4.125,74.125,29.716,1.05,2026-09
4.125,76.125,29.707,1.165,2026-09
4.125,78.125,29.383,0.912,2026-09
4.125,80.125,29.204,0.878,2026-09
4.125,82.125,29.175,0.934,2026-09
4.125,84.125,29.197,0.89,2026-09
4.125,86.125,29.245,0.842,2026-09
4.125,88.125,29.46,0.937,2026-09
4.125,90.125,29.507,0.859,2026-09
4.125,92.125,29.648,0.867,2026-09
4.125,94.125,29.707,0.797,2026-09
4.125,96.125,30.265,1.165,2026-09
4.125,100.125,30.451,0.821,2026-09
4.125,104.125,29.215,0.237,2026-09
4.125,106.125,29.753,0.498,2026-09
4.125,108.125,29.896,0.669,2026-09
4.125,110.125,30.094,0.833,2026-09
4.125,112.125,30.206,0.803,2026-09
4.125,118.125,29.928,0.53,2026-09
4.125,120.125,29.527,0.216,2026-09
4.125,122.125,29.74,0.266,2026-09
4.125,124.125,29.577,0.178,2026-09
4.125,126.125,29.188,0.128,2026-09
4.125,128.125,28.776,-0.099,2026-09
4.125,130.125,28.885,-0.248,2026-09
4.125,132.125,28.817,-0.363,2026-09
4.125,134.125,29.287,0.071,2026-09
4.125,136.125,29.412,0.107,2026-09
4.125,138.125,29.428,0.06,2026-09
4.125,140.125,29.444,-0.012,2026-09
4.125,142.125,29.425,-0.012,2026-09
4.125,144.125,29.499,0.043,2026-09
4.125,146.125,29.535,0.051,2026-09
4.125,148.125,29.557,0.087,2026-09
4.125,150.125,29.578,0.07,2026-09
4.125,152.125,29.481,-0.012,2026-09
4.125,154.125,29.273,-0.321,2026-09
4.125,156.125,29.218,-0.378,2026-09
4.125,158.125,29.176,-0.387,2026-09
4.125,160.125,29.192,-0.365,2026-09
4.125,162.125,29.163,-0.412,2026-09
4.125,164.125,29.018,-0.517,2026-09
4.125,166.125,28.959,-0.567,2026-09
4.125,168.125,28.996,-0.566,2026-09
4.125,170.125,28.988,-0.529,2026-09
4.125,172.125,29.025,-0.479,2026-09
4.125,174.125,29.107,-0.349,2026-09
4.125,176.125,29.165,-0.251,2026-09
4.125,178.125,29.137,-0.205,2026-09
4.125,-179.875,29.11,-0.182,2026-09
4.125,-177.875,29.073,-0.159,2026-09
4.125,-175.875,29.089,-0.008,2026-09
4.125,-173.875,29.075,0.041,2026-09
4.125,-171.875,29.048,0.135,2026-09
4.125,-169.875,29.121,0.34,2026-09
4.125,-167.875,29.179,0.467,2026-09
4.125,-165.875,29.37,0.788,2026-09
4.125,-163.875,29.509,0.96,2026-09
4.125,-161.875,29.567,1.152,2026-09
4.125,-159.875,29.56,1.238,2026-09
4.125,-157.875,29.66,1.46,2026-09
4.125,-155.875,29.708,1.642,2026-09
4.125,-153.875,29.756,1.763,2026-09
4.125,-151.875,29.803,1.883,2026-09
4.125,-149.875,29.788,2.02,2026-09
4.125,-147.875,29.773,2.122,2026-09
4.125,-145.875,29.782,2.273,2026-09
4.125,-143.875,29.729,2.325,2026-09
4.125,-141.875,29.758,2.467,2026-09
4.125,-139.875,29.847,2.733,2026-09
4.125,-137.875,29.822,2.771,2026-09
4.125,-135.875,29.711,2.693,2026-09
4.125,-133.875,29.467,2.594,2026-09
4.125,-131.875,29.374,2.672,2026-09
4.125,-129.875,29.413,2.783,2026-09
4.125,-127.875,29.491,2.924,2026-09
4.125,-125.875,29.506,2.968,2026-09
4.125,-123.875,29.402,2.97,2026-09
4.125,-121.875,29.27,3.048,2026-09
4.125,-119.875,29.284,3.11,2026-09
4.125,-117.875,29.359,3.161,2026-09
4.125,-115.875,29.233,3.057,2026-09
4.125,-113.875,29.189,3.009,2026-09
4.125,-111.875,28.997,2.793,2026-09
4.125,-109.875,28.948,2.679,2026-09
4.125,-107.875,28.981,2.678,2026-09
4.125,-105.875,28.847,2.384,2026-09
4.125,-103.875,28.559,2.017,2026-09
4.125,-101.875,28.816,2.288,2026-09
4.125,-99.875,28.943,2.354,2026-09
4.125,-97.875,28.89,2.262,2026-09
4.125,-95.875,28.855,2.126,2026-09
4.125,-93.875,28.825,1.933,2026-09
4.125,-91.875,28.861,1.927,2026-09
4.125,-89.875,28.925,2.093,2026-09
4.125,-87.875,28.893,2.032,2026-09
4.125,-85.875,28.969,2.097,2026-09
4.125,-83.875,28.967,2.106,2026-09
4.125,-81.875,28.894,1.886,2026-09
4.125,-79.875,28.921,1.794,2026-09
4.125,-77.875,29.005,1.577,2026-09
4.125,-49.875,28.343,0.207,2026-09
4.125,-47.875,28.488,0.662,2026-09
4.125,-45.875,28.447,0.511,2026-09
4.125,-43.875,28.452,0.468,2026-09
4.125,-41.875,28.71,0.687,2026-09
4.125,-39.875,28.668,0.58,2026-09
4.125,-37.875,28.818,0.704,2026-09
4.125,-35.875,27.989,0.108,2026-09
4.125,-33.875,28.201,0.326,2026-09
4.125,-31.875,28.473,0.465,2026-09
4.125,-29.875,27.931,0.012,2026-09
4.125,-27.875,28.311,0.45,2026-09
4.125,-25.875,28.378,0.646,2026-09
4.125,-23.875,27.98,0.389,2026-09
4.125,-21.875,28.06,0.651,2026-09
4.125,-19.875,27.855,0.583,2026-09
4.125,-17.875,27.852,0.682,2026-09
4.125,-15.875,27.721,0.673,2026-09
4.125,-13.875,27.393,0.458,2026-09
4.125,-11.875,27.249,0.525,2026-09
4.125,-9.875,27.267,0.724,2026-09
4.125,-7.875,26.887,0.692,2026-09
4.125,-5.875,26.387,1.363,2026-09
4.125,-3.875,25.423,0.457,2026-09
4.125,-1.875,25.325,0.286,2026-09
6.125,2.125,26.123,0.37,2026-09
6.125,4.125,27.04,0.611,2026-09
6.125,50.125,27.233,1.564,2026-09
6.125,52.125,27.658,1.482,2026-09
6.125,54.125,27.642,1.377,2026-09
6.125,56.125,27.484,1.015,2026-09
6.125,58.125,28.974,1.369,2026-09
6.125,60.125,29.857,1.633,2026-09
6.125,62.125,29.917,1.271,2026-09
6.125,64.125,29.907,1.043,2026-09
6.125,66.125,29.991,1.105,2026-09
6.125,68.125,29.99,1.102,2026-09
6.125,70.125,29.976,1.197,2026-09
6.125,72.125,29.871,1.19,2026-09
6.125,74.125,29.728,1.283,2026-09
6.125,76.125,29.417,1.166,2026-09
6.125,78.125,29.23,1.217,2026-09
6.125,80.125,28.959,1.136,2026-09
6.125,82.125,28.989,0.827,2026-09
6.125,84.125,29.05,0.81,2026-09
6.125,86.125,29.054,0.785,2026-09
6.125,88.125,29.212,0.852,2026-09
6.125,90.125,29.399,0.966,2026-09
6.125,92.125,29.333,0.842,2026-09
6.125,94.125,29.677,1.063,2026-09
6.125,96.125,30.269,1.111,2026-09
6.125,98.125,30.202,0.921,2026-09
6.125,100.125,30.517,0.74,2026-09
6.125,104.125,29.472,0.333,2026-09
6.125,106.125,29.415,0.349,2026-09
6.125,108.125,29.854,0.778,2026-09
6.125,110.125,29.61,0.659,2026-09
6.125,112.125,29.651,0.592,2026-09
6.125,114.125,29.863,0.637,2026-09
6.125,116.125,30.744,0.967,2026-09
6.125,118.125,30.69,0.863,2026-09
6.125,120.125,29.69,0.632,2026-09
6.125,122.125,29.281,0.363,2026-09
6.125,124.125,29.765,0.424,2026-09
6.125,126.125,28.881,-0.334,2026-09
6.125,128.125,29.201,0.112,2026-09
6.125,130.125,29.11,0.065,2026-09
6.125,132.125,29.134,0.048,2026-09
6.125,134.125,29.126,-0.031,2026-09
6.125,136.125,29.401,0.12,2026-09
6.125,138.125,29.328,0.022,2026-09
6.125,140.125,29.261,-0.014,2026-09
6.125,142.125,29.154,-0.237,2026-09
6.125,144.125,29.151,-0.23,2026-09
6.125,146.125,29.022,-0.322,2026-09
6.125,148.125,29.055,-0.335,2026-09
6.125,150.125,28.952,-0.469,2026-09
6.125,152.125,28.926,-0.576,2026-09
6.125,154.125,28.951,-0.601,2026-09
6.125,156.125,28.886,-0.655,2026-09
6.125,158.125,28.963,-0.616,2026-09
6.125,160.125,29.153,-0.431,2026-09
6.125,162.125,29.083,-0.481,2026-09
6.125,164.125,29.107,-0.461,2026-09
6.125,166.125,29.256,-0.27,2026-09
6.125,168.125,29.243,-0.313,2026-09
6.125,170.125,29.308,-0.198,2026-09
6.125,172.125,29.481,-0.013,2026-09
6.125,174.125,29.756,0.309,2026-09
6.125,176.125,29.605,0.174,2026-09
6.125,178.125,29.482,0.036,2026-09
6.125,-179.875,29.367,-0.035,2026-09
6.125,-177.875,29.363,0.033,2026-09
6.125,-175.875,29.405,0.114,2026-09
6.125,-173.875,29.412,0.161,2026-09
6.125,-171.875,29.316,0.145,2026-09
6.125,-169.875,29.289,0.151,2026-09
6.125,-167.875,29.362,0.275,2026-09
6.125,-165.875,29.447,0.424,2026-09
6.125,-163.875,29.439,0.464,2026-09
6.125,-161.875,29.446,0.489,2026-09
6.125,-159.875,29.524,0.653,2026-09
6.125,-157.875,29.557,0.762,2026-09
6.125,-155.875,29.598,0.933,2026-09
6.125,-153.875,29.656,1.036,2026-09
6.125,-151.875,29.631,1.054,2026-09
6.125,-149.875,29.565,1.138,2026-09
6.125,-147.875,29.602,1.251,2026-09
6.125,-145.875,29.557,1.301,2026-09
6.125,-143.875,29.495,1.346,2026-09
6.125,-141.875,29.421,1.359,2026-09
6.125,-139.875,29.575,1.671,2026-09
6.125,-137.875,29.564,1.742,2026-09
6.125,-135.875,29.531,1.819,2026-09
6.125,-133.875,29.548,1.875,2026-09
6.125,-131.875,29.436,1.844,2026-09
6.125,-129.875,29.372,1.869,2026-09
6.125,-127.875,29.423,1.925,2026-09
6.125,-125.875,29.456,2.026,2026-09
6.125,-123.875,29.505,2.224,2026-09
6.125,-121.875,29.5,2.341,2026-09
6.125,-119.875,29.465,2.34,2026-09
6.125,-117.875,29.429,2.304,2026-09
6.125,-115.875,29.403,2.266,2026-09
6.125,-113.875,29.395,2.233,2026-09
6.125,-111.875,29.273,2.055,2026-09
6.125,-109.875,29.219,1.951,2026-09
6.125,-107.875,29.12,1.845,2026-09
6.125,-105.875,29.083,1.793,2026-09
6.125,-103.875,29.149,1.888,2026-09
6.125,-101.875,29.222,2.018,2026-09
6.125,-99.875,29.213,2.063,2026-09
6.125,-97.875,29.153,2.037,2026-09
6.125,-95.875,29.128,2.026,2026-09
6.125,-93.875,29.239,2.064,2026-09
6.125,-91.875,29.4,2.162,2026-09
6.125,-89.875,29.345,2.063,2026-09
6.125,-87.875,29.502,2.224,2026-09
6.125,-85.875,29.529,2.184,2026-09
6.125,-83.875,29.307,1.835,2026-09
6.125,-81.875,29.127,1.625,2026-09
6.125,-79.875,28.936,1.3,2026-09
6.125,-77.875,29.16,1.483,2026-09
6.125,-55.875,28.746,0.532,2026-09
6.125,-53.875,28.327,0.405,2026-09
6.125,-51.875,29.146,0.522,2026-09
6.125,-49.875,28.98,0.446,2026-09
6.125,-47.875,29.313,0.705,2026-09
6.125,-45.875,29.961,0.952,2026-09
6.125,-43.875,29.636,0.619,2026-09
6.125,-41.875,28.837,0.103,2026-09
6.125,-39.875,29.081,0.394,2026-09
6.125,-37.875,29.265,0.573,2026-09
6.125,-35.875,28.519,0.03,2026-09
6.125,-33.875,28.685,0.32,2026-09
6.125,-31.875,28.822,0.466,2026-09
6.125,-29.875,28.591,0.396,2026-09
6.125,-27.875,28.693,0.552,2026-09
6.125,-25.875,28.607,0.603,2026-09
6.125,-23.875,28.47,0.586,2026-09
6.125,-21.875,28.41,0.703,2026-09
6.125,-19.875,28.323,0.797,2026-09
6.125,-17.875,28.201,0.941,2026-09
6.125,-15.875,28.013,0.801,2026-09
6.125,-13.875,27.767,0.704,2026-09
6.125,-11.875,27.679,0.822,2026-09
8.125,50.125,24.629,0.172,2026-09
8.125,52.125,27.115,1.276,2026-09
8.125,54.125,27.012,1.012,2026-09
8.125,56.125,27.107,0.88,2026-09
8.125,58.125,28.381,1.473,2026-09
8.125,60.125,29.262,1.707,2026-09
8.125,62.125,29.665,1.544,2026-09
8.125,64.125,29.875,1.444,2026-09
8.125,66.125,29.939,1.431,2026-09
8.125,68.125,29.83,1.324,2026-09
8.125,70.125,29.801,1.369,2026-09
8.125,72.125,29.786,1.421,2026-09
8.125,74.125,29.362,1.114,2026-09
8.125,76.125,29.088,1.217,2026-09
8.125,78.125,28.272,0.959,2026-09
8.125,82.125,29.938,0.867,2026-09
8.125,84.125,29.102,0.609,2026-09
8.125,86.125,29.016,0.713,2026-09
8.125,88.125,29.09,0.71,2026-09
8.125,90.125,29.175,0.854,2026-09
8.125,92.125,29.149,0.861,2026-09
8.125,94.125,29.27,0.829,2026-09
8.125,96.125,29.208,0.715,2026-09
8.125,98.125,29.438,0.678,2026-09
8.125,102.125,29.949,0.742,2026-09
8.125,104.125,29.475,0.512,2026-09
8.125,106.125,29.492,0.623,2026-09
8.125,108.125,29.665,0.734,2026-09
8.125,110.125,29.424,0.622,2026-09
8.125,112.125,29.361,0.506,2026-09
8.125,114.125,29.451,0.588,2026-09
8.125,116.125,29.638,0.572,2026-09
8.125,118.125,30.071,0.842,2026-09
8.125,120.125,29.841,0.69,2026-09
8.125,122.125,29.56,0.393,2026-09
8.125,128.125,29.166,0.002,2026-09
8.125,130.125,28.998,-0.082,2026-09
8.125,132.125,29.141,0.054,2026-09
8.125,134.125,29.035,-0.032,2026-09
8.125,136.125,29.051,-0.164,2026-09
8.125,138.125,29.018,-0.184,2026-09
8.125,140.125,29.111,-0.183,2026-09
8.125,142.125,29.075,-0.243,2026-09
8.125,144.125,29.005,-0.386,2026-09
8.125,146.125,28.972,-0.374,2026-09
8.125,148.125,28.817,-0.572,2026-09
8.125,150.125,28.792,-0.644,2026-09
8.125,152.125,28.685,-0.711,2026-09
8.125,154.125,28.693,-0.787,2026-09
8.125,156.125,29.001,-0.543,2026-09
8.125,158.125,29.326,-0.214,2026-09
8.125,160.125,29.249,-0.267,2026-09
8.125,162.125,29.331,-0.148,2026-09
8.125,164.125,29.32,-0.125,2026-09
8.125,166.125,29.451,0.038,2026-09
8.125,168.125,29.652,0.297,2026-09
8.125,170.125,29.879,0.586,2026-09
8.125,172.125,30.224,0.961,2026-09
8.125,174.125,30.126,0.866,2026-09
8.125,176.125,30.105,0.887,2026-09
8.125,178.125,30.036,0.839,2026-09
8.125,-179.875,29.965,0.76,2026-09
8.125,-177.875,29.972,0.864,2026-09
8.125,-175.875,29.732,0.694,2026-09
8.125,-173.875,29.66,0.635,2026-09
8.125,-171.875,29.71,0.742,2026-09
8.125,-169.875,29.781,0.752,2026-09
8.125,-167.875,29.638,0.732,2026-09
8.125,-165.875,29.624,0.762,2026-09
8.125,-163.875,29.547,0.747,2026-09
8.125,-161.875,29.504,0.687,2026-09
8.125,-159.875,29.377,0.591,2026-09
8.125,-157.875,29.402,0.6,2026-09
8.125,-155.875,29.445,0.676,2026-09
8.125,-153.875,29.505,0.766,2026-09
8.125,-151.875,29.437,0.804,2026-09
8.125,-149.875,29.278,0.716,2026-09
8.125,-147.875,29.22,0.688,2026-09
8.125,-145.875,29.243,0.742,2026-09
8.125,-143.875,29.145,0.703,2026-09
8.125,-141.875,29.134,0.804,2026-09
8.125,-139.875,29.147,0.899,2026-09
8.125,-137.875,29.141,0.965,2026-09
8.125,-135.875,29.27,1.158,2026-09
8.125,-133.875,29.262,1.207,2026-09
8.125,-131.875,29.238,1.222,2026-09
8.125,-129.875,29.246,1.319,2026-09
8.125,-127.875,29.246,1.398,2026-09
8.125,-125.875,29.337,1.541,2026-09
8.125,-123.875,29.435,1.725,2026-09
8.125,-121.875,29.276,1.648,2026-09
8.125,-119.875,29.404,1.837,2026-09
8.125,-117.875,29.332,1.85,2026-09
8.125,-115.875,29.42,1.943,2026-09
8.125,-113.875,29.236,1.748,2026-09
8.125,-111.875,29.281,1.748,2026-09
8.125,-109.875,29.266,1.576,2026-09
8.125,-107.875,29.291,1.613,2026-09
8.125,-105.875,29.168,1.579,2026-09
8.125,-103.875,29.024,1.456,2026-09
8.125,-101.875,29.069,1.515,2026-09
8.125,-99.875,29.292,1.785,2026-09
8.125,-97.875,29.267,1.854,2026-09
8.125,-95.875,29.566,2.152,2026-09
8.125,-93.875,29.745,2.247,2026-09
8.125,-91.875,29.776,2.37,2026-09
8.125,-89.875,29.718,2.266,2026-09
8.125,-87.875,29.977,2.327,2026-09
8.125,-85.875,29.867,1.934,2026-09
8.125,-83.875,30.036,1.89,2026-09
8.125,-81.875,30.256,1.681,2026-09
8.125,-79.875,29.792,1.157,2026-09
8.125,-57.875,29.6,0.678,2026-09
8.125,-55.875,29.806,0.681,2026-09
8.125,-53.875,30.008,0.939,2026-09
8.125,-51.875,30.006,0.948,2026-09
8.125,-49.875,29.448,0.395,2026-09
8.125,-47.875,29.936,0.542,2026-09
8.125,-45.875,29.975,0.568,2026-09
8.125,-43.875,29.822,0.546,2026-09
8.125,-41.875,29.643,0.524,2026-09
8.125,-39.875,29.53,0.609,2026-09
8.125,-37.875,29.319,0.602,2026-09
8.125,-35.875,29.094,0.597,2026-09
8.125,-33.875,29.021,0.683,2026-09
8.125,-31.875,28.927,0.678,2026-09
8.125,-29.875,28.884,0.719,2026-09
8.125,-27.875,28.877,0.787,2026-09
8.125,-25.875,28.807,0.854,2026-09
8.125,-23.875,28.646,0.758,2026-09
8.125,-21.875,28.646,0.905,2026-09
8.125,-19.875,28.697,1.142,2026-09
8.125,-17.875,28.54,1.151,2026-09
8.125,-15.875,28.23,0.972,2026-09
8.125,-13.875,27.799,0.769,2026-09
10.125,52.125,26.565,1.596,2026-09
10.125,54.125,27.02,1.518,2026-09
10.125,56.125,27.633,1.766,2026-09
10.125,58.125,28.042,1.666,2026-09
10.125,60.125,28.389,1.42,2026-09
10.125,62.125,29.033,1.625,2026-09
10.125,64.125,29.426,1.572,2026-09
10.125,66.125,29.685,1.628,2026-09
10.125,68.125,29.614,1.456,2026-09
10.125,70.125,29.642,1.442,2026-09
10.125,72.125,29.656,1.451,2026-09
10.125,74.125,29.638,1.568,2026-09
10.125,76.125,28.72,1.248,2026-09
10.125,80.125,29.552,0.889,2026-09
10.125,82.125,29.768,0.886,2026-09
10.125,84.125,29.626,0.916,2026-09
10.125,86.125,29.433,0.86,2026-09
10.125,88.125,29.13,0.658,2026-09
10.125,90.125,29.293,0.853,2026-09
10.125,92.125,29.191,0.897,2026-09
10.125,94.125,29.176,0.891,2026-09
10.125,96.125,29.047,0.807,2026-09
10.125,98.125,29.103,0.674,2026-09
10.125,100.125,29.689,0.719,2026-09
10.125,102.125,29.603,0.749,2026-09
10.125,104.125,29.351,0.546,2026-09
10.125,108.125,29.277,0.703,2026-09
10.125,110.125,29.519,0.77,2026-09
10.125,112.125,29.462,0.684,2026-09
10.125,114.125,29.202,0.504,2026-09
10.125,116.125,29.23,0.444,2026-09
10.125,118.125,29.753,0.722,2026-09
10.125,120.125,29.53,0.513,2026-09
10.125,122.125,29.415,0.475,2026-09
10.125,124.125,29.765,0.35,2026-09
10.125,126.125,29.623,0.247,2026-09
10.125,128.125,29.316,0.173,2026-09
10.125,130.125,29.195,0.048,2026-09
10.125,132.125,29.204,0.102,2026-09
10.125,134.125,29.224,0.025,2026-09
10.125,136.125,29.175,-0.095,2026-09
10.125,138.125,29.173,-0.128,2026-09
10.125,140.125,29.183,-0.103,2026-09
10.125,142.125,29.257,-0.115,2026-09
10.125,144.125,29.166,-0.233,2026-09
10.125,146.125,29.271,-0.108,2026-09
10.125,148.125,29.218,-0.201,2026-09
10.125,150.125,29.209,-0.234,2026-09
10.125,152.125,29.054,-0.377,2026-09
10.125,154.125,29.341,-0.05,2026-09
10.125,156.125,29.457,0.0,2026-09
10.125,158.125,29.632,0.171,2026-09
10.125,160.125,29.722,0.333,2026-09
10.125,162.125,29.68,0.332,2026-09
10.125,164.125,29.79,0.49,2026-09
10.125,166.125,30.036,0.78,2026-09
10.125,168.125,30.215,1.028,2026-09
10.125,170.125,30.388,1.225,2026-09
10.125,172.125,30.332,1.25,2026-09
10.125,174.125,30.23,1.226,2026-09
10.125,176.125,30.122,1.199,2026-09
10.125,178.125,30.038,1.174,2026-09
10.125,-179.875,30.123,1.338,2026-09
10.125,-177.875,30.082,1.305,2026-09
10.125,-175.875,29.981,1.264,2026-09
10.125,-173.875,29.961,1.306,2026-09
10.125,-171.875,29.958,1.341,2026-09
10.125,-169.875,29.87,1.258,2026-09
10.125,-167.875,29.745,1.175,2026-09
10.125,-165.875,29.634,1.114,2026-09
10.125,-163.875,29.305,0.84,2026-09
10.125,-161.875,29.267,0.832,2026-09
10.125,-159.875,29.249,0.86,2026-09
10.125,-157.875,29.456,1.076,2026-09
10.125,-155.875,29.43,1.051,2026-09
10.125,-153.875,29.483,1.096,2026-09
10.125,-151.875,29.351,0.961,2026-09
10.125,-149.875,29.275,0.898,2026-09
10.125,-147.875,29.296,0.973,2026-09
10.125,-145.875,29.293,0.994,2026-09
10.125,-143.875,29.247,0.981,2026-09
10.125,-141.875,29.441,1.144,2026-09
10.125,-139.875,29.472,1.283,2026-09
10.125,-137.875,29.274,1.161,2026-09
10.125,-135.875,29.37,1.31,2026-09
10.125,-133.875,29.342,1.31,2026-09
10.125,-131.875,29.169,1.228,2026-09
10.125,-129.875,29.291,1.368,2026-09
10.125,-127.875,29.239,1.408,2026-09
10.125,-125.875,29.32,1.569,2026-09
10.125,-123.875,29.304,1.632,2026-09
10.125,-121.875,29.217,1.551,2026-09
10.125,-119.875,29.474,1.903,2026-09
10.125,-117.875,29.632,2.064,2026-09
10.125,-115.875,29.565,1.961,2026-09
10.125,-113.875,29.397,1.675,2026-09
10.125,-111.875,29.431,1.7,2026-09
10.125,-109.875,29.382,1.511,2026-09
10.125,-107.875,29.403,1.485,2026-09
10.125,-105.875,29.407,1.408,2026-09
10.125,-103.875,29.462,1.365,2026-09
10.125,-101.875,29.179,1.019,2026-09
10.125,-99.875,29.242,1.008,2026-09
10.125,-97.875,29.32,1.229,2026-09
10.125,-95.875,29.743,1.708,2026-09
10.125,-93.875,29.916,1.705,2026-09
10.125,-91.875,29.388,1.23,2026-09
10.125,-89.875,29.722,1.657,2026-09
10.125,-87.875,29.701,1.603,2026-09
10.125,-85.875,30.221,1.602,2026-09
10.125,-81.875,29.061,0.045,2026-09
10.125,-79.875,28.97,0.026,2026-09
10.125,-77.875,29.358,0.393,2026-09
10.125,-75.875,30.563,1.088,2026-09
10.125,-61.875,30.155,0.602,2026-09
10.125,-59.875,29.654,0.407,2026-09
10.125,-57.875,29.729,0.537,2026-09
10.125,-55.875,29.835,0.65,2026-09
10.125,-53.875,29.845,0.666,2026-09
10.125,-51.875,30.003,0.819,2026-09
10.125,-49.875,29.936,0.759,2026-09
10.125,-47.875,29.674,0.526,2026-09
10.125,-45.875,29.59,0.551,2026-09
10.125,-43.875,29.304,0.486,2026-09
10.125,-41.875,28.994,0.371,2026-09
10.125,-39.875,28.757,0.344,2026-09
10.125,-37.875,28.902,0.64,2026-09
10.125,-35.875,28.987,0.845,2026-09
10.125,-33.875,28.738,0.696,2026-09
10.125,-31.875,28.767,0.748,2026-09
10.125,-29.875,28.768,0.844,2026-09
10.125,-27.875,28.794,0.937,2026-09
10.125,-25.875,28.636,0.79,2026-09
10.125,-23.875,28.727,0.983,2026-09
10.125,-21.875,28.777,1.069,2026-09
10.125,-19.875,28.729,1.039,2026-09
10.125,-17.875,29.119,1.521,2026-09
10.125,-15.875,28.917,1.507,2026-09
12.125,44.125,30.825,0.862,2026-09
12.125,46.125,30.879,0.722,2026-09
12.125,48.125,31.083,0.436,2026-09
12.125,50.125,31.613,1.082,2026-09
12.125,52.125,26.925,1.737,2026-09
12.125,54.125,27.43,2.358,2026-09
12.125,56.125,27.336,1.664,2026-09
12.125,58.125,27.389,1.465,2026-09
12.125,60.125,27.86,1.501,2026-09
12.125,62.125,28.459,1.641,2026-09
12.125,64.125,28.894,1.607,2026-09
12.125,66.125,29.074,1.505,2026-09
12.125,68.125,29.315,1.475,2026-09
12.125,70.125,29.297,1.264,2026-09
12.125,72.125,29.576,1.458,2026-09
12.125,74.125,29.507,1.682,2026-09
12.125,80.125,29.445,0.535,2026-09
12.125,82.125,29.735,0.809,2026-09
12.125,84.125,29.485,0.69,2026-09
12.125,86.125,29.457,0.825,2026-09
12.125,88.125,29.269,0.677,2026-09
12.125,90.125,29.371,0.819,2026-09
12.125,92.125,29.312,0.867,2026-09
12.125,94.125,29.261,0.933,2026-09
12.125,96.125,29.027,0.821,2026-09
12.125,98.125,28.961,0.67,2026-09
12.125,100.125,29.544,0.524,2026-09
12.125,102.125,29.473,0.566,2026-09
12.125,110.125,28.79,-0.051,2026-09
12.125,112.125,29.279,0.65,2026-09
12.125,114.125,28.768,0.095,2026-09
12.125,116.125,29.007,0.324,2026-09
12.125,118.125,29.335,0.534,2026-09
12.125,120.125,29.283,0.399,2026-09
12.125,122.125,29.262,0.307,2026-09
12.125,124.125,29.404,0.38,2026-09
12.125,126.125,29.775,0.39,2026-09
12.125,128.125,29.451,0.255,2026-09
12.125,130.125,29.44,0.186,2026-09
12.125,132.125,29.414,0.199,2026-09
12.125,134.125,29.483,0.202,2026-09
12.125,136.125,29.534,0.194,2026-09
12.125,138.125,29.523,0.096,2026-09
12.125,140.125,29.439,0.029,2026-09
12.125,142.125,29.411,0.011,2026-09
12.125,144.125,29.296,-0.097,2026-09
12.125,146.125,29.51,0.154,2026-09
12.125,148.125,29.632,0.18,2026-09
12.125,150.125,29.607,0.162,2026-09
12.125,152.125,29.728,0.298,2026-09
12.125,154.125,29.864,0.407,2026-09
12.125,156.125,29.953,0.527,2026-09
12.125,158.125,30.125,0.754,2026-09
12.125,160.125,30.174,0.777,2026-09
12.125,162.125,30.174,0.876,2026-09
12.125,164.125,30.124,0.925,2026-09
12.125,166.125,30.229,1.113,2026-09
12.125,168.125,30.297,1.219,2026-09
12.125,170.125,30.284,1.287,2026-09
12.125,172.125,30.11,1.206,2026-09
12.125,174.125,29.985,1.136,2026-09
12.125,176.125,30.111,1.378,2026-09
12.125,178.125,29.767,1.106,2026-09
12.125,-179.875,29.707,1.095,2026-09
12.125,-177.875,29.795,1.238,2026-09
12.125,-175.875,29.877,1.381,2026-09
12.125,-173.875,29.843,1.46,2026-09
12.125,-171.875,29.691,1.354,2026-09
12.125,-169.875,29.518,1.197,2026-09
12.125,-167.875,29.321,1.08,2026-09
12.125,-165.875,29.146,0.91,2026-09
12.125,-163.875,28.989,0.792,2026-09
12.125,-161.875,28.587,0.479,2026-09
12.125,-159.875,28.999,0.942,2026-09
12.125,-157.875,28.913,0.89,2026-09
12.125,-155.875,28.63,0.599,2026-09
12.125,-153.875,29.166,1.102,2026-09
12.125,-151.875,29.371,1.317,2026-09
12.125,-149.875,29.216,1.176,2026-09
12.125,-147.875,29.199,1.175,2026-09
12.125,-145.875,29.136,1.124,2026-09
12.125,-143.875,29.228,1.185,2026-09
12.125,-141.875,29.357,1.286,2026-09
12.125,-139.875,29.302,1.3,2026-09
12.125,-137.875,29.291,1.343,2026-09
12.125,-135.875,29.501,1.469,2026-09
12.125,-133.875,29.476,1.467,2026-09
12.125,-131.875,29.427,1.394,2026-09
12.125,-129.875,29.376,1.342,2026-09
12.125,-127.875,29.372,1.375,2026-09
12.125,-125.875,29.415,1.517,2026-09
12.125,-123.875,29.29,1.366,2026-09
12.125,-121.875,29.338,1.36,2026-09
12.125,-119.875,29.483,1.573,2026-09
12.125,-117.875,29.608,1.659,2026-09
12.125,-115.875,29.656,1.647,2026-09
12.125,-113.875,29.566,1.541,2026-09
12.125,-111.875,29.628,1.504,2026-09
12.125,-109.875,29.571,1.403,2026-09
12.125,-107.875,29.479,1.216,2026-09
12.125,-105.875,29.629,1.182,2026-09
12.125,-103.875,29.674,1.085,2026-09
12.125,-101.875,29.714,0.88,2026-09
12.125,-99.875,29.287,0.341,2026-09
12.125,-97.875,29.699,0.752,2026-09
12.125,-95.875,30.19,1.368,2026-09
12.125,-93.875,30.247,1.222,2026-09
12.125,-91.875,30.117,1.035,2026-09
12.125,-89.875,30.045,1.143,2026-09
12.125,-87.875,29.971,0.712,2026-09
12.125,-81.875,29.075,0.121,2026-09
12.125,-79.875,29.108,0.22,2026-09
12.125,-77.875,29.132,0.344,2026-09
12.125,-75.875,29.123,0.276,2026-09
12.125,-73.875,28.938,0.125,2026-09
12.125,-69.875,28.089,-0.281,2026-09
12.125,-67.875,29.036,0.247,2026-09
12.125,-65.875,28.609,-0.062,2026-09
12.125,-63.875,29.26,0.385,2026-09
12.125,-61.875,29.501,0.26,2026-09
12.125,-59.875,29.512,0.372,2026-09
12.125,-57.875,29.472,0.456,2026-09
12.125,-55.875,29.451,0.491,2026-09
12.125,-53.875,29.448,0.575,2026-09
12.125,-51.875,29.246,0.489,2026-09
12.125,-49.875,29.003,0.342,2026-09
12.125,-47.875,29.084,0.532,2026-09
12.125,-45.875,28.596,0.145,2026-09
12.125,-43.875,28.39,0.092,2026-09
12.125,-41.875,28.388,0.217,2026-09
12.125,-39.875,28.434,0.341,2026-09
12.125,-37.875,28.354,0.399,2026-09
12.125,-35.875,28.478,0.536,2026-09
12.125,-33.875,28.537,0.681,2026-09
12.125,-31.875,28.608,0.733,2026-09
12.125,-29.875,28.627,0.809,2026-09
12.125,-27.875,28.722,0.936,2026-09
12.125,-25.875,28.801,1.055,2026-09
12.125,-23.875,28.69,0.999,2026-09
12.125,-21.875,28.83,1.082,2026-09
12.125,-19.875,28.737,0.84,2026-09
12.125,-17.875,29.317,1.424,2026-09
14.125,42.125,32.56,0.251,2026-09
14.125,50.125,30.245,1.266,2026-09
14.125,52.125,26.544,0.219,2026-09
14.125,54.125,27.487,1.634,2026-09
14.125,56.125,27.077,1.533,2026-09
14.125,58.125,26.942,1.313,2026-09
14.125,60.125,27.368,1.338,2026-09
14.125,62.125,27.644,1.151,2026-09
14.125,64.125,28.046,1.107,2026-09
14.125,66.125,28.545,1.258,2026-09
14.125,68.125,28.75,1.186,2026-09
14.125,70.125,29.005,1.111,2026-09
14.125,72.125,29.423,1.298,2026-09
14.125,74.125,28.777,1.189,2026-09
14.125,80.125,29.482,0.328,2026-09
14.125,82.125,29.73,0.634,2026-09
14.125,84.125,29.652,0.792,2026-09
14.125,86.125,29.403,0.642,2026-09
14.125,88.125,29.431,0.754,2026-09
14.125,90.125,29.435,0.809,2026-09
14.125,92.125,29.6,1.026,2026-09
14.125,94.125,29.273,0.892,2026-09
14.125,96.125,29.134,0.947,2026-09
14.125,98.125,28.821,0.627,2026-09
14.125,110.125,29.184,0.221,2026-09
14.125,112.125,29.065,0.431,2026-09
14.125,114.125,28.909,0.223,2026-09
14.125,116.125,29.253,0.464,2026-09
14.125,118.125,29.279,0.51,2026-09
14.125,120.125,29.176,0.281,2026-09
14.125,122.125,29.272,0.128,2026-09
14.125,124.125,29.441,0.229,2026-09
14.125,126.125,29.79,0.557,2026-09
14.125,128.125,29.624,0.385,2026-09
14.125,130.125,29.577,0.377,2026-09
14.125,132.125,29.444,0.15,2026-09
14.125,134.125,29.397,0.058,2026-09
14.125,136.125,29.643,0.195,2026-09
14.125,138.125,29.735,0.326,2026-09
14.125,140.125,29.78,0.362,2026-09
14.125,142.125,29.949,0.506,2026-09
14.125,144.125,30.024,0.621,2026-09
14.125,146.125,30.024,0.533,2026-09
14.125,148.125,29.796,0.326,2026-09
14.125,150.125,30.059,0.546,2026-09
14.125,152.125,30.191,0.683,2026-09
14.125,154.125,30.289,0.888,2026-09
14.125,156.125,30.334,0.952,2026-09
14.125,158.125,30.481,1.136,2026-09
14.125,160.125,30.544,1.23,2026-09
14.125,162.125,30.484,1.26,2026-09
14.125,164.125,30.317,1.137,2026-09
14.125,166.125,30.296,1.17,2026-09
14.125,168.125,30.119,1.056,2026-09
14.125,170.125,29.974,1.02,2026-09
14.125,172.125,29.942,1.082,2026-09
14.125,174.125,29.843,1.047,2026-09
14.125,176.125,29.834,1.121,2026-09
14.125,178.125,29.687,1.096,2026-09
14.125,-179.875,29.575,1.044,2026-09
14.125,-177.875,29.535,1.144,2026-09
14.125,-175.875,29.395,1.087,2026-09
14.125,-173.875,29.334,1.159,2026-09
14.125,-171.875,29.292,1.225,2026-09
14.125,-169.875,29.133,1.138,2026-09
14.125,-167.875,28.795,0.848,2026-09
14.125,-165.875,28.496,0.661,2026-09
14.125,-163.875,27.987,0.2,2026-09
14.125,-161.875,28.087,0.359,2026-09
14.125,-159.875,28.34,0.727,2026-09
14.125,-157.875,28.184,0.602,2026-09
14.125,-155.875,28.161,0.616,2026-09
14.125,-153.875,28.404,0.886,2026-09
14.125,-151.875,28.589,1.058,2026-09
14.125,-149.875,28.722,1.194,2026-09
14.125,-147.875,28.86,1.374,2026-09
14.125,-145.875,28.746,1.194,2026-09
14.125,-143.875,28.995,1.441,2026-09
14.125,-141.875,28.925,1.299,2026-09
14.125,-139.875,28.87,1.244,2026-09
14.125,-137.875,28.94,1.285,2026-09
14.125,-135.875,28.943,1.261,2026-09
14.125,-133.875,28.877,1.151,2026-09
14.125,-131.875,29.126,1.34,2026-09
14.125,-129.875,28.775,0.984,2026-09
14.125,-127.875,29.248,1.422,2026-09
14.125,-125.875,29.322,1.455,2026-09
14.125,-123.875,29.296,1.297,2026-09
14.125,-121.875,29.18,1.198,2026-09
14.125,-119.875,29.603,1.523,2026-09
14.125,-117.875,29.637,1.517,2026-09
14.125,-115.875,29.237,1.012,2026-09
14.125,-113.875,29.504,1.248,2026-09
14.125,-111.875,29.732,1.4,2026-09
14.125,-109.875,29.746,1.352,2026-09
14.125,-107.875,29.676,1.156,2026-09
14.125,-105.875,29.68,0.964,2026-09
14.125,-103.875,29.867,0.841,2026-09
14.125,-101.875,30.331,1.171,2026-09
14.125,-99.875,30.699,1.327,2026-09
14.125,-97.875,30.644,1.22,2026-09
14.125,-95.875,30.383,1.13,2026-09
14.125,-93.875,30.574,1.048,2026-09
14.125,-91.875,30.567,0.798,2026-09
14.125,-81.875,29.267,0.279,2026-09
14.125,-79.875,29.35,0.378,2026-09
14.125,-77.875,29.28,0.35,2026-09
14.125,-75.875,29.434,0.588,2026-09
14.125,-73.875,29.087,0.227,2026-09
14.125,-71.875,28.932,-0.03,2026-09
14.125,-69.875,29.489,0.454,2026-09
14.125,-67.875,29.679,0.653,2026-09
14.125,-65.875,29.664,0.617,2026-09
14.125,-63.875,29.598,0.438,2026-09
14.125,-61.875,29.558,0.436,2026-09
14.125,-59.875,29.407,0.461,2026-09
14.125,-57.875,29.322,0.472,2026-09
14.125,-55.875,29.034,0.374,2026-09
14.125,-53.875,28.901,0.376,2026-09
14.125,-51.875,28.763,0.387,2026-09
14.125,-49.875,28.523,0.331,2026-09
14.125,-47.875,28.319,0.257,2026-09
14.125,-45.875,28.313,0.403,2026-09
14.125,-43.875,28.102,0.335,2026-09
14.125,-41.875,28.069,0.394,2026-09
14.125,-39.875,27.89,0.249,2026-09
14.125,-37.875,28.004,0.493,2026-09
14.125,-35.875,28.109,0.691,2026-09
14.125,-33.875,28.357,0.896,2026-09
14.125,-31.875,28.269,0.75,2026-09
14.125,-29.875,28.658,1.162,2026-09
14.125,-27.875,28.815,1.282,2026-09
14.125,-25.875,28.59,1.02,2026-09
14.125,-23.875,28.631,1.123,2026-09
14.125,-21.875,28.751,1.06,2026-09
14.125,-19.875,29.123,1.167,2026-09
14.125,-17.875,29.509,1.444,2026-09
16.125,40.125,32.718,0.444,2026-09
16.125,42.125,32.793,0.968,2026-09
16.125,54.125,27.777,1.95,2026-09
16.125,56.125,27.409,1.536,2026-09
16.125,58.125,27.183,1.57,2026-09
16.125,60.125,27.078,1.182,2026-09
16.125,62.125,27.204,0.817,2026-09
16.125,64.125,27.839,0.998,2026-09
16.125,66.125,28.132,0.871,2026-09
16.125,68.125,28.422,0.778,2026-09
16.125,70.125,28.75,0.88,2026-09
16.125,72.125,29.186,1.058,2026-09
16.125,82.125,29.267,0.131,2026-09
16.125,84.125,29.549,0.557,2026-09
16.125,86.125,29.56,0.727,2026-09
16.125,88.125,29.595,0.877,2026-09
16.125,90.125,29.423,0.722,2026-09
16.125,92.125,29.44,0.785,2026-09
16.125,94.125,29.36,0.771,2026-09
16.125,96.125,29.402,1.022,2026-09
16.125,110.125,29.202,0.224,2026-09
16.125,112.125,29.38,0.624,2026-09
16.125,114.125,29.299,0.525,2026-09
16.125,116.125,29.35,0.436,2026-09
16.125,118.125,29.548,0.547,2026-09
16.125,120.125,29.32,0.237,2026-09
16.125,122.125,29.466,0.184,2026-09
16.125,124.125,29.572,0.297,2026-09
16.125,126.125,29.646,0.504,2026-09
16.125,128.125,29.609,0.408,2026-09
16.125,130.125,29.486,0.266,2026-09
16.125,132.125,29.237,-0.083,2026-09
16.125,134.125,29.442,0.073,2026-09
16.125,136.125,29.463,0.07,2026-09
16.125,138.125,29.609,0.148,2026-09
16.125,140.125,29.78,0.28,2026-09
16.125,142.125,29.939,0.429,2026-09
16.125,144.125,30.053,0.534,2026-09
16.125,146.125,30.173,0.663,2026-09
16.125,148.125,30.309,0.789,2026-09
16.125,150.125,30.408,0.922,2026-09
16.125,152.125,30.387,0.931,2026-09
16.125,154.125,30.408,0.972,2026-09
16.125,156.125,30.459,1.027,2026-09
16.125,158.125,30.523,1.173,2026-09
16.125,160.125,30.338,1.057,2026-09
16.125,162.125,30.277,1.042,2026-09
16.125,164.125,30.247,1.079,2026-09
16.125,166.125,29.998,0.852,2026-09
16.125,168.125,29.824,0.751,2026-09
16.125,170.125,29.747,0.774,2026-09
16.125,172.125,29.716,0.803,2026-09
16.125,174.125,29.679,0.873,2026-09
16.125,176.125,29.58,0.855,2026-09
16.125,178.125,29.519,0.875,2026-09
16.125,-179.875,29.421,0.9,2026-09
16.125,-177.875,29.315,0.906,2026-09
16.125,-175.875,29.207,0.93,2026-09
16.125,-173.875,29.108,0.976,2026-09
16.125,-171.875,28.92,0.903,2026-09
16.125,-169.875,28.852,0.978,2026-09
16.125,-167.875,28.867,1.087,2026-09
16.125,-165.875,28.507,0.846,2026-09
16.125,-163.875,28.203,0.664,2026-09
16.125,-161.875,28.11,0.693,2026-09
16.125,-159.875,27.979,0.745,2026-09
16.125,-157.875,27.913,0.803,2026-09
16.125,-155.875,27.994,0.941,2026-09
16.125,-153.875,27.912,0.895,2026-09
16.125,-151.875,28.007,0.993,2026-09
16.125,-149.875,28.068,1.142,2026-09
16.125,-147.875,28.25,1.423,2026-09
16.125,-145.875,28.066,1.257,2026-09
16.125,-143.875,28.293,1.548,2026-09
16.125,-141.875,28.341,1.505,2026-09
16.125,-139.875,28.428,1.573,2026-09
16.125,-137.875,28.179,1.238,2026-09
16.125,-135.875,28.023,1.108,2026-09
16.125,-133.875,27.953,0.828,2026-09
16.125,-131.875,28.486,1.259,2026-09
16.125,-129.875,28.175,0.963,2026-09
16.125,-127.875,28.081,0.83,2026-09
16.125,-125.875,27.67,0.335,2026-09
16.125,-123.875,28.242,0.782,2026-09
16.125,-121.875,27.889,0.42,2026-09
16.125,-119.875,29.116,1.453,2026-09
16.125,-117.875,29.017,1.225,2026-09
16.125,-115.875,28.975,0.945,2026-09
16.125,-113.875,29.187,1.09,2026-09
16.125,-111.875,29.439,1.289,2026-09
16.125,-109.875,29.509,1.171,2026-09
16.125,-107.875,29.645,1.068,2026-09
16.125,-105.875,30.043,1.221,2026-09
16.125,-103.875,30.522,1.258,2026-09
16.125,-101.875,30.75,1.233,2026-09
16.125,-99.875,31.219,1.449,2026-09
16.125,-97.875,31.031,1.155,2026-09
16.125,-87.875,30.21,0.395,2026-09
16.125,-85.875,29.882,0.339,2026-09
16.125,-83.875,29.912,0.461,2026-09
16.125,-81.875,29.585,0.348,2026-09
16.125,-79.875,29.449,0.383,2026-09
16.125,-77.875,29.32,0.274,2026-09
16.125,-75.875,29.422,0.473,2026-09
16.125,-73.875,29.347,0.381,2026-09
16.125,-71.875,29.286,0.279,2026-09
16.125,-69.875,29.499,0.463,2026-09
16.125,-67.875,29.676,0.616,2026-09
16.125,-65.875,29.622,0.574,2026-09
16.125,-63.875,29.563,0.49,2026-09
16.125,-61.875,29.648,0.581,2026-09
16.125,-59.875,29.315,0.529,2026-09
16.125,-57.875,29.306,0.63,2026-09
16.125,-55.875,29.056,0.519,2026-09
16.125,-53.875,28.761,0.435,2026-09
16.125,-51.875,28.58,0.423,2026-09
16.125,-49.875,28.367,0.423,2026-09
16.125,-47.875,28.207,0.444,2026-09
16.125,-45.875,27.998,0.343,2026-09
16.125,-43.875,27.87,0.422,2026-09
16.125,-41.875,27.687,0.395,2026-09
16.125,-39.875,27.671,0.523,2026-09
16.125,-37.875,27.631,0.59,2026-09
16.125,-35.875,27.428,0.461,2026-09
16.125,-33.875,27.704,0.805,2026-09
16.125,-31.875,27.887,0.969,2026-09
16.125,-29.875,28.035,1.109,2026-09
16.125,-27.875,28.461,1.46,2026-09
16.125,-25.875,28.164,1.081,2026-09
16.125,-23.875,27.618,0.883,2026-09
16.125,-21.875,28.222,1.162,2026-09
16.125,-19.875,28.575,0.963,2026-09
16.125,-17.875,29.072,1.05,2026-09
18.125,40.125,31.819,0.607,2026-09
18.125,58.125,27.239,1.544,2026-09
18.125,60.125,26.715,0.501,2026-09
18.125,62.125,27.506,0.897,2026-09
18.125,64.125,27.406,0.29,2026-09
18.125,66.125,27.979,0.423,2026-09
18.125,68.125,28.214,0.406,2026-09
18.125,70.125,28.613,0.547,2026-09
18.125,72.125,29.107,0.827,2026-09
18.125,84.125,29.788,0.539,2026-09
18.125,86.125,29.572,0.54,2026-09
18.125,88.125,29.758,0.905,2026-09
18.125,90.125,29.471,0.728,2026-09
18.125,92.125,29.35,0.621,2026-09
18.125,94.125,29.272,0.598,2026-09
18.125,108.125,29.279,0.327,2026-09
18.125,110.125,28.464,-0.203,2026-09
18.125,112.125,29.241,0.506,2026-09
18.125,114.125,29.037,0.202,2026-09
18.125,116.125,29.421,0.574,2026-09
18.125,118.125,29.439,0.498,2026-09
18.125,120.125,29.454,0.313,2026-09
18.125,124.125,29.632,0.468,2026-09
18.125,126.125,29.469,0.373,2026-09
18.125,128.125,29.37,0.293,2026-09
18.125,130.125,29.282,0.125,2026-09
18.125,132.125,29.214,-0.019,2026-09
18.125,134.125,29.303,-0.021,2026-09
18.125,136.125,29.324,-0.083,2026-09
18.125,138.125,29.377,-0.007,2026-09
18.125,140.125,29.755,0.275,2026-09
18.125,142.125,29.891,0.349,2026-09
18.125,144.125,30.088,0.561,2026-09
18.125,146.125,30.135,0.651,2026-09
18.125,148.125,30.339,0.867,2026-09
18.125,150.125,30.319,0.837,2026-09
18.125,152.125,30.289,0.788,2026-09
18.125,154.125,30.365,0.912,2026-09
18.125,156.125,30.304,0.942,2026-09
18.125,158.125,30.298,0.974,2026-09
18.125,160.125,30.353,1.114,2026-09
18.125,162.125,30.1,0.894,2026-09
18.125,164.125,29.99,0.874,2026-09
18.125,166.125,29.823,0.764,2026-09
18.125,168.125,29.57,0.523,2026-09
18.125,170.125,29.459,0.482,2026-09
18.125,172.125,29.415,0.514,2026-09
18.125,174.125,29.474,0.657,2026-09
18.125,176.125,29.469,0.753,2026-09
18.125,178.125,29.379,0.731,2026-09
18.125,-179.875,29.322,0.767,2026-09
18.125,-177.875,29.291,0.844,2026-09
18.125,-175.875,29.05,0.705,2026-09
18.125,-173.875,28.916,0.734,2026-09
18.125,-171.875,28.709,0.657,2026-09
18.125,-169.875,28.534,0.601,2026-09
18.125,-167.875,28.297,0.435,2026-09
18.125,-165.875,28.218,0.502,2026-09
18.125,-163.875,28.18,0.61,2026-09
18.125,-161.875,28.001,0.539,2026-09
18.125,-159.875,27.848,0.603,2026-09
18.125,-157.875,27.97,1.042,2026-09
18.125,-155.875,27.364,0.661,2026-09
18.125,-153.875,27.621,0.994,2026-09
18.125,-151.875,27.645,1.133,2026-09
18.125,-149.875,27.461,1.063,2026-09
18.125,-147.875,27.775,1.508,2026-09
18.125,-145.875,27.26,1.115,2026-09
18.125,-143.875,27.347,1.435,2026-09
18.125,-141.875,27.442,1.589,2026-09
18.125,-139.875,27.011,1.121,2026-09
18.125,-137.875,27.678,1.727,2026-09
18.125,-135.875,26.866,0.858,2026-09
18.125,-133.875,27.062,1.053,2026-09
18.125,-131.875,26.685,0.512,2026-09
18.125,-129.875,27.244,1.066,2026-09
18.125,-127.875,26.823,0.525,2026-09
18.125,-125.875,26.878,0.596,2026-09
18.125,-123.875,27.095,0.644,2026-09
18.125,-121.875,27.672,1.079,2026-09
18.125,-119.875,28.025,1.302,2026-09
18.125,-117.875,28.12,1.114,2026-09
18.125,-115.875,28.676,1.344,2026-09
18.125,-113.875,28.879,1.439,2026-09
18.125,-111.875,28.69,0.959,2026-09
18.125,-109.875,30.111,2.061,2026-09
18.125,-107.875,30.732,2.205,2026-09
18.125,-105.875,30.703,1.717,2026-09
18.125,-103.875,30.941,1.435,2026-09
18.125,-87.875,30.48,0.817,2026-09
18.125,-85.875,30.249,0.765,2026-09
18.125,-83.875,30.357,0.915,2026-09
18.125,-81.875,30.375,0.905,2026-09
18.125,-79.875,30.007,0.41,2026-09
18.125,-75.875,29.8,0.368,2026-09
18.125,-73.875,29.849,0.667,2026-09
18.125,-71.875,29.938,0.471,2026-09
18.125,-69.875,29.758,0.732,2026-09
18.125,-67.875,29.74,0.68,2026-09
18.125,-63.875,29.569,0.681,2026-09
18.125,-61.875,29.444,0.78,2026-09
18.125,-59.875,29.411,0.795,2026-09
18.125,-57.875,29.202,0.692,2026-09
18.125,-55.875,29.058,0.671,2026-09
18.125,-53.875,28.895,0.711,2026-09
18.125,-51.875,28.568,0.58,2026-09
18.125,-49.875,28.426,0.612,2026-09
18.125,-47.875,28.331,0.67,2026-09
18.125,-45.875,28.115,0.623,2026-09
18.125,-43.875,27.85,0.587,2026-09
18.125,-41.875,27.685,0.595,2026-09
18.125,-39.875,27.551,0.625,2026-09
18.125,-37.875,27.323,0.572,2026-09
18.125,-35.875,27.262,0.628,2026-09
18.125,-33.875,27.315,0.829,2026-09
18.125,-31.875,27.212,0.782,2026-09
18.125,-29.875,27.426,1.074,2026-09
18.125,-27.875,27.494,1.189,2026-09
18.125,-25.875,27.459,1.297,2026-09
18.125,-23.875,27.206,1.136,2026-09
18.125,-21.875,27.01,0.887,2026-09
18.125,-19.875,27.116,0.663,2026-09
18.125,-17.875,28.403,1.102,2026-09
20.125,38.125,31.342,0.328,2026-09
20.125,40.125,31.808,0.923,2026-09
20.125,58.125,24.596,-0.475,2026-09
20.125,60.125,26.091,-0.079,2026-09
20.125,62.125,26.731,-0.03,2026-09
20.125,64.125,27.246,-0.207,2026-09
20.125,66.125,27.675,-0.162,2026-09
20.125,68.125,28.007,-0.116,2026-09
20.125,70.125,28.371,0.096,2026-09
20.125,72.125,28.871,0.327,2026-09
20.125,88.125,29.9,0.774,2026-09
20.125,90.125,29.659,0.715,2026-09
20.125,92.125,29.523,0.634,2026-09
20.125,108.125,28.819,-0.014,2026-09
20.125,110.125,28.745,0.402,2026-09
20.125,112.125,28.923,0.354,2026-09
20.125,114.125,29.061,0.529,2026-09
20.125,116.125,29.259,0.65,2026-09
20.125,118.125,29.292,0.613,2026-09
20.125,120.125,29.044,0.289,2026-09
20.125,122.125,29.373,0.456,2026-09
20.125,124.125,29.483,0.692,2026-09
20.125,126.125,29.383,0.453,2026-09
20.125,128.125,29.356,0.329,2026-09
20.125,130.125,29.347,0.328,2026-09
20.125,132.125,29.182,0.066,2026-09
20.125,134.125,29.208,0.055,2026-09
20.125,136.125,29.271,0.009,2026-09
20.125,138.125,29.32,0.043,2026-09
20.125,140.125,29.602,0.249,2026-09
20.125,142.125,29.935,0.559,2026-09
20.125,144.125,30.088,0.691,2026-09
20.125,146.125,30.234,0.814,2026-09
20.125,148.125,30.259,0.827,2026-09
20.125,150.125,30.197,0.786,2026-09
20.125,152.125,30.146,0.756,2026-09
20.125,154.125,30.196,0.851,2026-09
20.125,156.125,30.077,0.747,2026-09
20.125,158.125,29.982,0.754,2026-09
20.125,160.125,30.097,0.95,2026-09
20.125,162.125,29.972,0.894,2026-09
20.125,164.125,29.912,0.879,2026-09
20.125,166.125,29.638,0.679,2026-09
20.125,168.125,29.438,0.542,2026-09
20.125,170.125,29.43,0.511,2026-09
20.125,172.125,29.361,0.543,2026-09
20.125,174.125,29.269,0.536,2026-09
20.125,176.125,29.071,0.439,2026-09
20.125,178.125,29.306,0.753,2026-09
20.125,-179.875,29.007,0.561,2026-09
20.125,-177.875,29.098,0.742,2026-09
20.125,-175.875,28.838,0.597,2026-09
20.125,-173.875,28.668,0.525,2026-09
20.125,-171.875,28.507,0.512,2026-09
20.125,-169.875,28.041,0.164,2026-09
20.125,-167.875,28.218,0.47,2026-09
20.125,-165.875,27.938,0.267,2026-09
20.125,-163.875,27.672,0.1,2026-09
20.125,-161.875,27.872,0.461,2026-09
20.125,-159.875,27.422,0.109,2026-09
20.125,-157.875,27.294,0.164,2026-09
20.125,-155.875,27.701,0.829,2026-09
20.125,-153.875,27.372,0.96,2026-09
20.125,-151.875,27.205,1.031,2026-09
20.125,-149.875,26.746,0.797,2026-09
20.125,-147.875,26.172,0.502,2026-09
20.125,-145.875,26.491,0.944,2026-09
20.125,-143.875,26.03,0.662,2026-09
20.125,-141.875,26.072,0.881,2026-09
20.125,-139.875,25.358,0.399,2026-09
20.125,-137.875,26.048,1.058,2026-09
20.125,-135.875,25.862,0.992,2026-09
20.125,-133.875,25.565,0.579,2026-09
20.125,-131.875,26.105,1.206,2026-09
20.125,-129.875,26.472,1.587,2026-09
20.125,-127.875,26.47,1.513,2026-09
20.125,-125.875,26.429,1.169,2026-09
20.125,-123.875,26.775,1.522,2026-09
20.125,-121.875,26.767,1.384,2026-09
20.125,-119.875,27.284,1.664,2026-09
20.125,-117.875,27.318,1.242,2026-09
20.125,-115.875,27.853,1.524,2026-09
20.125,-113.875,28.245,1.457,2026-09
20.125,-111.875,29.234,1.952,2026-09
20.125,-109.875,30.573,2.689,2026-09
20.125,-107.875,30.719,2.055,2026-09
20.125,-105.875,31.11,1.693,2026-09
20.125,-95.875,30.839,1.458,2026-09
20.125,-93.875,30.666,1.272,2026-09
20.125,-91.875,30.483,1.165,2026-09
20.125,-85.875,30.574,0.986,2026-09
20.125,-83.875,30.739,1.051,2026-09
20.125,-81.875,30.872,1.064,2026-09
20.125,-79.875,30.619,0.71,2026-09
20.125,-77.875,30.865,0.69,2026-09
20.125,-73.875,30.142,0.717,2026-09
20.125,-71.875,29.864,0.698,2026-09
20.125,-69.875,29.772,0.854,2026-09
20.125,-67.875,29.733,0.901,2026-09
20.125,-65.875,29.725,0.992,2026-09
20.125,-63.875,29.619,0.928,2026-09
20.125,-61.875,29.643,1.052,2026-09
20.125,-59.875,29.566,1.077,2026-09
20.125,-57.875,29.513,1.101,2026-09
20.125,-55.875,29.339,1.039,2026-09
20.125,-53.875,28.977,0.807,2026-09
20.125,-51.875,29.013,1.007,2026-09
20.125,-49.875,28.566,0.745,2026-09
20.125,-47.875,28.655,1.037,2026-09
20.125,-45.875,28.207,0.777,2026-09
20.125,-43.875,28.067,0.841,2026-09
20.125,-41.875,27.712,0.659,2026-09
20.125,-39.875,27.569,0.715,2026-09
20.125,-37.875,27.29,0.644,2026-09
20.125,-35.875,27.331,0.916,2026-09
20.125,-33.875,27.161,0.896,2026-09
20.125,-31.875,27.08,0.945,2026-09
20.125,-29.875,26.923,0.976,2026-09
20.125,-27.875,26.909,1.105,2026-09
20.125,-25.875,26.993,1.336,2026-09
20.125,-23.875,26.822,1.326,2026-09
20.125,-21.875,26.804,1.691,2026-09
20.125,-19.875,26.29,1.307,2026-09
20.125,-17.875,25.81,0.614,2026-09
22.125,38.125,30.944,0.394,2026-09
22.125,60.125,25.462,-1.028,2026-09
22.125,62.125,26.47,-0.349,2026-09
22.125,64.125,27.044,-0.561,2026-09
22.125,66.125,27.681,-0.474,2026-09
22.125,68.125,27.82,-0.425,2026-09
22.125,114.125,28.714,0.425,2026-09
22.125,116.125,28.444,0.211,2026-09
22.125,118.125,28.729,0.415,2026-09
22.125,120.125,29.201,0.412,2026-09
22.125,122.125,28.972,0.383,2026-09
22.125,124.125,29.162,0.476,2026-09
22.125,126.125,29.211,0.461,2026-09
22.125,128.125,29.206,0.384,2026-09
22.125,130.125,29.02,0.092,2026-09
22.125,132.125,29.056,0.07,2026-09
22.125,134.125,29.32,0.281,2026-09
22.125,136.125,29.385,0.383,2026-09
22.125,138.125,29.527,0.463,2026-09
22.125,140.125,29.576,0.458,2026-09
22.125,142.125,29.484,0.277,2026-09
22.125,144.125,29.705,0.497,2026-09
22.125,146.125,29.84,0.541,2026-09
22.125,148.125,30.147,0.789,2026-09
22.125,150.125,29.865,0.6,2026-09
22.125,152.125,29.843,0.575,2026-09
22.125,154.125,29.911,0.691,2026-09
22.125,156.125,30.053,0.904,2026-09
22.125,158.125,29.861,0.802,2026-09
22.125,160.125,29.808,0.821,2026-09
22.125,162.125,29.886,0.95,2026-09
22.125,164.125,29.72,0.846,2026-09
22.125,166.125,29.472,0.624,2026-09
22.125,168.125,29.257,0.433,2026-09
22.125,170.125,29.073,0.301,2026-09
22.125,172.125,28.921,0.228,2026-09
22.125,174.125,28.845,0.235,2026-09
22.125,176.125,29.072,0.593,2026-09
22.125,178.125,28.903,0.495,2026-09
22.125,-179.875,28.772,0.457,2026-09
22.125,-177.875,28.719,0.509,2026-09
22.125,-175.875,28.442,0.347,2026-09
22.125,-173.875,28.16,0.21,2026-09
22.125,-171.875,28.246,0.437,2026-09
22.125,-169.875,27.974,0.412,2026-09
22.125,-167.875,27.625,0.179,2026-09
22.125,-165.875,27.225,-0.18,2026-09
22.125,-163.875,27.163,-0.048,2026-09
22.125,-161.875,26.84,-0.235,2026-09
22.125,-159.875,26.93,0.003,2026-09
22.125,-157.875,26.752,0.329,2026-09
22.125,-155.875,26.933,0.71,2026-09
22.125,-153.875,26.921,0.829,2026-09
22.125,-151.875,26.645,0.789,2026-09
22.125,-149.875,26.636,0.991,2026-09
22.125,-147.875,25.855,0.486,2026-09
22.125,-145.875,26.269,1.183,2026-09
22.125,-143.875,25.224,0.343,2026-09
22.125,-141.875,25.614,0.945,2026-09
22.125,-139.875,25.049,0.655,2026-09
22.125,-137.875,25.86,1.694,2026-09
22.125,-135.875,25.487,1.466,2026-09
22.125,-133.875,25.0,1.172,2026-09
22.125,-131.875,25.187,1.374,2026-09
22.125,-129.875,24.736,1.042,2026-09
22.125,-127.875,25.269,1.611,2026-09
22.125,-125.875,25.468,1.838,2026-09
22.125,-123.875,25.622,1.677,2026-09
22.125,-121.875,25.79,1.682,2026-09
22.125,-119.875,26.252,1.848,2026-09
22.125,-117.875,26.674,1.949,2026-09
22.125,-115.875,27.843,2.554,2026-09
22.125,-113.875,28.686,2.85,2026-09
22.125,-111.875,29.309,2.282,2026-09
22.125,-109.875,31.013,2.951,2026-09
22.125,-107.875,31.385,2.319,2026-09
22.125,-105.875,31.702,1.612,2026-09
22.125,-95.875,31.054,1.445,2026-09
22.125,-93.875,31.108,1.421,2026-09
22.125,-91.875,31.278,1.776,2026-09
22.125,-89.875,31.172,1.934,2026-09
22.125,-87.875,30.671,1.941,2026-09
22.125,-85.875,30.568,1.122,2026-09
22.125,-83.875,30.979,1.096,2026-09
22.125,-81.875,31.164,1.091,2026-09
22.125,-75.875,30.177,0.885,2026-09
22.125,-73.875,29.968,0.884,2026-09
22.125,-71.875,29.915,0.982,2026-09
22.125,-69.875,29.927,1.103,2026-09
22.125,-67.875,29.846,1.058,2026-09
22.125,-65.875,29.967,1.272,2026-09
22.125,-63.875,29.801,1.178,2026-09
22.125,-61.875,29.882,1.367,2026-09
22.125,-59.875,29.715,1.26,2026-09
22.125,-57.875,29.574,1.228,2026-09
22.125,-55.875,29.441,1.129,2026-09
22.125,-53.875,29.441,1.229,2026-09
22.125,-51.875,29.19,1.194,2026-09
22.125,-49.875,29.022,1.207,2026-09
22.125,-47.875,28.967,1.321,2026-09
22.125,-45.875,28.669,1.22,2026-09
22.125,-43.875,28.291,1.008,2026-09
22.125,-41.875,28.092,1.069,2026-09
22.125,-39.875,27.848,1.017,2026-09
22.125,-37.875,27.62,1.042,2026-09
22.125,-35.875,27.416,1.073,2026-09
22.125,-33.875,27.273,1.13,2026-09
22.125,-31.875,27.036,1.072,2026-09
22.125,-29.875,26.742,0.946,2026-09
22.125,-27.875,26.678,1.043,2026-09
22.125,-25.875,26.764,1.287,2026-09
22.125,-23.875,26.518,1.286,2026-09
22.125,-21.875,26.155,1.3,2026-09
22.125,-19.875,25.324,1.29,2026-09
22.125,-17.875,24.094,1.831,2026-09
24.125,36.125,30.225,0.544,2026-09
24.125,52.125,34.498,1.076,2026-09
24.125,58.125,31.405,0.874,2026-09
24.125,60.125,29.788,1.388,2026-09
24.125,62.125,27.721,-0.043,2026-09
24.125,64.125,27.621,-0.382,2026-09
24.125,66.125,27.635,-0.309,2026-09
24.125,118.125,28.289,0.955,2026-09
24.125,120.125,27.838,0.156,2026-09
24.125,122.125,28.67,0.319,2026-09
24.125,124.125,28.767,0.276,2026-09
24.125,126.125,29.091,0.566,2026-09
24.125,128.125,29.275,0.6,2026-09
24.125,130.125,28.922,0.179,2026-09
24.125,132.125,28.628,-0.156,2026-09
24.125,134.125,28.806,0.046,2026-09
24.125,136.125,29.021,0.204,2026-09
24.125,138.125,29.519,0.775,2026-09
24.125,140.125,29.383,0.572,2026-09
24.125,142.125,29.542,0.678,2026-09
24.125,144.125,29.582,0.635,2026-09
24.125,146.125,29.472,0.397,2026-09
24.125,148.125,29.613,0.602,2026-09
24.125,150.125,29.666,0.651,2026-09
24.125,152.125,29.698,0.625,2026-09
24.125,154.125,29.523,0.523,2026-09
24.125,156.125,29.566,0.691,2026-09
24.125,158.125,29.652,0.862,2026-09
24.125,160.125,29.571,0.847,2026-09
24.125,162.125,29.366,0.688,2026-09
24.125,164.125,29.351,0.757,2026-09
24.125,166.125,29.267,0.74,2026-09
24.125,168.125,29.052,0.483,2026-09
24.125,170.125,28.922,0.377,2026-09
24.125,172.125,28.6,0.134,2026-09
24.125,174.125,28.578,0.234,2026-09
24.125,176.125,28.779,0.553,2026-09
24.125,178.125,28.504,0.272,2026-09
24.125,-179.875,28.316,0.14,2026-09
24.125,-177.875,28.423,0.301,2026-09
24.125,-175.875,28.251,0.254,2026-09
24.125,-173.875,27.743,-0.115,2026-09
24.125,-171.875,27.586,-0.12,2026-09
24.125,-169.875,27.462,-0.061,2026-09
24.125,-167.875,27.284,0.003,2026-09
24.125,-165.875,27.322,0.175,2026-09
24.125,-163.875,26.939,-0.048,2026-09
24.125,-161.875,26.25,-0.481,2026-09
24.125,-159.875,26.003,-0.54,2026-09
24.125,-157.875,26.608,0.297,2026-09
24.125,-155.875,26.716,0.647,2026-09
24.125,-153.875,26.655,0.766,2026-09
24.125,-151.875,26.254,0.552,2026-09
24.125,-149.875,26.045,0.638,2026-09
24.125,-147.875,25.844,0.728,2026-09
24.125,-145.875,24.856,0.027,2026-09
24.125,-143.875,24.831,0.294,2026-09
24.125,-141.875,25.005,0.831,2026-09
24.125,-139.875,24.459,0.548,2026-09
24.125,-137.875,24.742,1.206,2026-09
24.125,-135.875,23.747,0.431,2026-09
24.125,-133.875,24.203,1.176,2026-09
24.125,-131.875,24.092,1.314,2026-09
24.125,-129.875,23.713,1.086,2026-09
24.125,-127.875,24.013,1.593,2026-09
24.125,-125.875,24.226,1.683,2026-09
24.125,-123.875,24.238,1.664,2026-09
24.125,-121.875,25.026,2.252,2026-09
24.125,-119.875,26.114,2.96,2026-09
24.125,-117.875,26.382,2.807,2026-09
24.125,-115.875,27.414,3.583,2026-09
24.125,-113.875,28.812,3.923,2026-09
24.125,-111.875,29.965,3.212,2026-09
24.125,-109.875,31.023,1.646,2026-09
24.125,-107.875,31.332,1.477,2026-09
24.125,-95.875,30.867,1.275,2026-09
24.125,-93.875,30.992,1.339,2026-09
24.125,-91.875,31.317,1.722,2026-09
24.125,-89.875,31.247,1.696,2026-09
24.125,-87.875,31.279,1.917,2026-09
24.125,-85.875,31.016,1.617,2026-09
24.125,-83.875,30.9,1.601,2026-09
24.125,-81.875,30.803,1.512,2026-09
24.125,-79.875,30.518,1.147,2026-09
24.125,-77.875,30.39,0.942,2026-09
24.125,-75.875,30.265,1.127,2026-09
24.125,-73.875,29.955,0.991,2026-09
24.125,-71.875,29.951,1.11,2026-09
24.125,-69.875,29.99,1.165,2026-09
24.125,-67.875,30.074,1.309,2026-09
24.125,-65.875,30.016,1.371,2026-09
24.125,-63.875,30.18,1.609,2026-09
24.125,-61.875,29.986,1.514,2026-09
24.125,-59.875,29.841,1.43,2026-09
24.125,-57.875,29.729,1.333,2026-09
24.125,-55.875,29.608,1.277,2026-09
24.125,-53.875,29.497,1.259,2026-09
24.125,-51.875,29.505,1.484,2026-09
24.125,-49.875,29.304,1.417,2026-09
24.125,-47.875,29.332,1.683,2026-09
24.125,-45.875,29.069,1.561,2026-09
24.125,-43.875,28.765,1.457,2026-09
24.125,-41.875,28.545,1.459,2026-09
24.125,-39.875,28.123,1.232,2026-09
24.125,-37.875,28.057,1.388,2026-09
24.125,-35.875,27.776,1.34,2026-09
24.125,-33.875,27.578,1.415,2026-09
24.125,-31.875,27.195,1.219,2026-09
24.125,-29.875,26.864,1.12,2026-09
24.125,-27.875,26.584,1.05,2026-09
24.125,-25.875,26.274,0.922,2026-09
24.125,-23.875,26.196,1.035,2026-09
24.125,-21.875,25.882,0.988,2026-09
24.125,-19.875,25.544,1.194,2026-09
24.125,-17.875,24.776,1.553,2026-09
24.125,-15.875,20.779,0.609,2026-09
26.125,36.125,29.828,0.575,2026-09
26.125,52.125,33.822,0.995,2026-09
26.125,54.125,33.382,0.664,2026-09
26.125,56.125,31.857,0.319,2026-09
26.125,120.125,28.166,1.152,2026-09
26.125,122.125,27.622,0.295,2026-09
26.125,124.125,28.27,0.332,2026-09
26.125,126.125,28.872,0.402,2026-09
26.125,128.125,29.147,0.678,2026-09
26.125,130.125,28.486,-0.159,2026-09
26.125,132.125,28.4,-0.222,2026-09
26.125,134.125,28.368,-0.217,2026-09
26.125,136.125,28.332,-0.256,2026-09
26.125,138.125,28.663,0.091,2026-09
26.125,140.125,28.781,0.287,2026-09
26.125,142.125,28.771,0.262,2026-09
26.125,144.125,29.208,0.627,2026-09
26.125,146.125,29.067,0.392,2026-09
26.125,148.125,29.169,0.495,2026-09
26.125,150.125,29.372,0.666,2026-09
26.125,152.125,29.169,0.478,2026-09
26.125,154.125,29.22,0.598,2026-09
26.125,156.125,29.233,0.626,2026-09
26.125,158.125,29.347,0.799,2026-09
26.125,160.125,29.251,0.759,2026-09
26.125,162.125,28.737,0.33,2026-09
26.125,164.125,28.757,0.394,2026-09
26.125,166.125,29.008,0.725,2026-09
26.125,168.125,28.88,0.685,2026-09
26.125,170.125,28.593,0.385,2026-09
26.125,172.125,28.657,0.482,2026-09
26.125,174.125,28.313,0.296,2026-09
26.125,176.125,28.354,0.503,2026-09
26.125,178.125,28.265,0.377,2026-09
26.125,-179.875,27.989,0.07,2026-09
26.125,-177.875,28.199,0.334,2026-09
26.125,-175.875,27.579,-0.23,2026-09
26.125,-173.875,27.636,-0.035,2026-09
26.125,-171.875,27.156,-0.332,2026-09
26.125,-169.875,26.797,-0.566,2026-09
26.125,-167.875,26.998,-0.18,2026-09
26.125,-165.875,26.418,-0.536,2026-09
26.125,-163.875,26.462,-0.312,2026-09
26.125,-161.875,26.458,-0.215,2026-09
26.125,-159.875,25.844,-0.527,2026-09
26.125,-157.875,25.981,-0.239,2026-09
26.125,-155.875,25.701,-0.277,2026-09
26.125,-153.875,26.067,0.261,2026-09
26.125,-151.875,25.955,0.453,2026-09
26.125,-149.875,25.202,-0.047,2026-09
26.125,-147.875,25.201,0.246,2026-09
26.125,-145.875,24.737,0.105,2026-09
26.125,-143.875,24.204,-0.055,2026-09
26.125,-141.875,24.065,0.153,2026-09
26.125,-139.875,23.697,0.069,2026-09
26.125,-137.875,24.019,0.828,2026-09
26.125,-135.875,22.862,-0.043,2026-09
26.125,-133.875,23.039,0.509,2026-09
26.125,-131.875,22.776,0.553,2026-09
26.125,-129.875,22.774,0.836,2026-09
26.125,-127.875,21.844,0.091,2026-09
26.125,-125.875,23.142,1.562,2026-09
26.125,-123.875,23.795,2.167,2026-09
26.125,-121.875,24.395,2.741,2026-09
26.125,-119.875,25.549,3.61,2026-09
26.125,-117.875,25.585,3.394,2026-09
26.125,-115.875,26.73,4.107,2026-09
26.125,-113.875,29.088,5.109,2026-09
26.125,-109.875,31.225,1.238,2026-09
26.125,-95.875,30.99,1.579,2026-09
26.125,-93.875,31.151,1.675,2026-09
26.125,-91.875,30.958,1.548,2026-09
26.125,-89.875,30.896,1.595,2026-09
26.125,-87.875,30.743,1.561,2026-09
26.125,-85.875,30.642,1.459,2026-09
26.125,-83.875,30.719,1.663,2026-09
26.125,-81.875,30.859,1.345,2026-09
26.125,-79.875,30.556,1.311,2026-09
26.125,-77.875,30.289,1.093,2026-09
26.125,-75.875,30.25,1.347,2026-09
26.125,-73.875,30.171,1.35,2026-09
26.125,-71.875,30.103,1.38,2026-09
26.125,-69.875,30.116,1.464,2026-09
26.125,-67.875,30.117,1.474,2026-09
26.125,-65.875,30.238,1.673,2026-09
26.125,-63.875,30.242,1.804,2026-09
26.125,-61.875,30.142,1.762,2026-09
26.125,-59.875,30.007,1.715,2026-09
26.125,-57.875,29.8,1.5,2026-09
26.125,-55.875,29.439,1.132,2026-09
26.125,-53.875,29.61,1.417,2026-09
26.125,-51.875,29.645,1.582,2026-09
26.125,-49.875,29.592,1.702,2026-09
26.125,-47.875,29.452,1.764,2026-09
26.125,-45.875,29.294,1.726,2026-09
26.125,-43.875,29.069,1.676,2026-09
26.125,-41.875,28.822,1.577,2026-09
26.125,-39.875,28.382,1.355,2026-09
26.125,-37.875,28.218,1.413,2026-09
26.125,-35.875,27.899,1.339,2026-09
26.125,-33.875,27.733,1.423,2026-09
26.125,-31.875,27.317,1.243,2026-09
26.125,-29.875,27.042,1.257,2026-09
26.125,-27.875,26.684,1.124,2026-09
26.125,-25.875,26.302,1.006,2026-09
26.125,-23.875,25.891,0.863,2026-09
26.125,-21.875,25.902,1.058,2026-09
26.125,-19.875,25.52,0.88,2026-09
26.125,-17.875,25.072,0.975,2026-09
26.125,-15.875,24.016,0.743,2026-09
28.125,50.125,33.227,1.018,2026-09
28.125,122.125,27.496,0.803,2026-09
28.125,124.125,27.875,0.344,2026-09
28.125,126.125,28.302,0.35,2026-09
28.125,128.125,28.149,-0.052,2026-09
28.125,130.125,28.539,0.136,2026-09
28.125,132.125,28.63,0.247,2026-09
28.125,134.125,28.648,0.312,2026-09
28.125,136.125,28.589,0.323,2026-09
28.125,138.125,28.637,0.378,2026-09
28.125,140.125,28.714,0.501,2026-09
28.125,142.125,28.511,0.433,2026-09
28.125,144.125,29.085,0.835,2026-09
28.125,146.125,28.946,0.705,2026-09
28.125,148.125,29.0,0.725,2026-09
28.125,150.125,29.068,0.811,2026-09
28.125,152.125,29.152,0.876,2026-09
28.125,154.125,28.934,0.748,2026-09
28.125,156.125,28.767,0.614,2026-09
28.125,158.125,29.007,0.869,2026-09
28.125,160.125,28.574,0.438,2026-09
28.125,162.125,28.387,0.329,2026-09
28.125,164.125,28.034,0.024,2026-09
28.125,166.125,28.043,0.164,2026-09
28.125,168.125,28.173,0.464,2026-09
28.125,170.125,28.008,0.389,2026-09
28.125,172.125,27.825,0.256,2026-09
28.125,174.125,27.989,0.448,2026-09
28.125,176.125,27.9,0.49,2026-09
28.125,178.125,27.881,0.462,2026-09
28.125,-179.875,27.486,0.148,2026-09
28.125,-177.875,27.498,0.234,2026-09
28.125,-175.875,27.201,-0.064,2026-09
28.125,-173.875,27.0,-0.294,2026-09
28.125,-171.875,26.799,-0.373,2026-09
28.125,-169.875,26.55,-0.473,2026-09
28.125,-167.875,26.0,-0.908,2026-09
28.125,-165.875,26.538,-0.183,2026-09
28.125,-163.875,26.214,-0.343,2026-09
28.125,-161.875,26.047,-0.342,2026-09
28.125,-159.875,25.735,-0.473,2026-09
28.125,-157.875,25.837,-0.175,2026-09
28.125,-155.875,25.713,-0.029,2026-09
28.125,-153.875,25.465,-0.052,2026-09
28.125,-151.875,25.454,0.132,2026-09
28.125,-149.875,25.247,0.262,2026-09
28.125,-147.875,24.782,0.152,2026-09
28.125,-145.875,24.564,0.272,2026-09
28.125,-143.875,23.985,0.023,2026-09
28.125,-141.875,23.804,0.213,2026-09
28.125,-139.875,23.278,0.132,2026-09
28.125,-137.875,23.023,0.175,2026-09
28.125,-135.875,22.507,-0.005,2026-09
28.125,-133.875,22.137,-0.089,2026-09
28.125,-131.875,22.031,0.136,2026-09
28.125,-129.875,21.803,0.292,2026-09
28.125,-127.875,21.437,0.209,2026-09
28.125,-125.875,21.29,0.355,2026-09
28.125,-123.875,22.323,1.581,2026-09
28.125,-121.875,22.664,2.018,2026-09
28.125,-119.875,23.115,2.352,2026-09
28.125,-117.875,24.439,3.182,2026-09
28.125,-115.875,26.217,4.942,2026-09
28.125,-111.875,30.721,0.923,2026-09
28.125,-95.875,30.385,1.299,2026-09
28.125,-93.875,30.467,1.473,2026-09
28.125,-91.875,30.824,1.846,2026-09
28.125,-89.875,30.746,1.816,2026-09
28.125,-87.875,30.507,1.625,2026-09
28.125,-85.875,30.147,1.3,2026-09
28.125,-83.875,30.322,1.366,2026-09
28.125,-79.875,30.305,1.391,2026-09
28.125,-77.875,29.923,1.173,2026-09
28.125,-75.875,29.697,1.013,2026-09
28.125,-73.875,29.863,1.278,2026-09
28.125,-71.875,30.017,1.52,2026-09
28.125,-69.875,30.051,1.639,2026-09
28.125,-67.875,29.88,1.569,2026-09
28.125,-65.875,29.721,1.449,2026-09
28.125,-63.875,29.889,1.784,2026-09
28.125,-61.875,29.606,1.499,2026-09
28.125,-59.875,29.512,1.406,2026-09
28.125,-57.875,29.478,1.359,2026-09
28.125,-55.875,29.341,1.207,2026-09
28.125,-53.875,29.128,1.056,2026-09
28.125,-51.875,29.439,1.44,2026-09
28.125,-49.875,29.363,1.555,2026-09
28.125,-47.875,29.142,1.492,2026-09
28.125,-45.875,28.996,1.453,2026-09
28.125,-43.875,28.798,1.435,2026-09
28.125,-41.875,28.607,1.332,2026-09
28.125,-39.875,28.276,1.182,2026-09
28.125,-37.875,28.014,1.147,2026-09
28.125,-35.875,27.929,1.307,2026-09
28.125,-33.875,27.502,1.108,2026-09
28.125,-31.875,27.09,0.968,2026-09
28.125,-29.875,26.841,0.977,2026-09
28.125,-27.875,26.328,0.744,2026-09
28.125,-25.875,26.042,0.768,2026-09
28.125,-23.875,25.865,0.843,2026-09
28.125,-21.875,25.497,0.843,2026-09
28.125,-19.875,25.285,0.911,2026-09
28.125,-17.875,24.851,0.885,2026-09
28.125,-15.875,24.661,1.117,2026-09
28.125,-13.875,23.572,0.825,2026-09
30.125,50.125,32.776,1.145,2026-09
30.125,124.125,27.103,0.316,2026-09
30.125,126.125,27.599,0.238,2026-09
30.125,128.125,28.163,0.213,2026-09
30.125,130.125,28.478,0.364,2026-09
30.125,132.125,28.658,0.433,2026-09
30.125,134.125,28.505,0.468,2026-09
30.125,136.125,28.561,0.655,2026-09
30.125,138.125,28.549,0.708,2026-09
30.125,140.125,28.778,0.897,2026-09
30.125,142.125,28.851,0.95,2026-09
30.125,144.125,28.766,0.851,2026-09
30.125,146.125,28.685,0.801,2026-09
30.125,148.125,28.604,0.74,2026-09
30.125,150.125,28.274,0.441,2026-09
30.125,152.125,28.173,0.46,2026-09
30.125,154.125,28.111,0.47,2026-09
30.125,156.125,28.079,0.45,2026-09
30.125,158.125,28.2,0.54,2026-09
30.125,160.125,27.738,0.171,2026-09
30.125,162.125,27.216,-0.334,2026-09
30.125,164.125,27.127,-0.215,2026-09
30.125,166.125,26.68,-0.567,2026-09
30.125,168.125,27.084,-0.036,2026-09
30.125,170.125,27.352,0.357,2026-09
30.125,172.125,26.85,-0.062,2026-09
30.125,174.125,27.199,0.416,2026-09
30.125,176.125,27.432,0.667,2026-09
30.125,178.125,27.309,0.599,2026-09
30.125,-179.875,26.755,0.13,2026-09
30.125,-177.875,26.593,-0.001,2026-09
30.125,-175.875,26.895,0.285,2026-09
30.125,-173.875,26.799,0.16,2026-09
30.125,-171.875,26.019,-0.652,2026-09
30.125,-169.875,25.997,-0.559,2026-09
30.125,-167.875,26.021,-0.437,2026-09
30.125,-165.875,25.844,-0.488,2026-09
30.125,-163.875,25.884,-0.253,2026-09
30.125,-161.875,25.681,-0.241,2026-09
30.125,-159.875,25.411,-0.432,2026-09
30.125,-157.875,25.424,-0.281,2026-09
30.125,-155.875,25.359,-0.119,2026-09
30.125,-153.875,25.099,-0.19,2026-09
30.125,-151.875,25.476,0.472,2026-09
30.125,-149.875,25.092,0.366,2026-09
30.125,-147.875,24.768,0.413,2026-09
30.125,-145.875,24.377,0.387,2026-09
30.125,-143.875,24.136,0.48,2026-09
30.125,-141.875,23.633,0.382,2026-09
30.125,-139.875,23.347,0.421,2026-09
30.125,-137.875,22.831,0.297,2026-09
30.125,-135.875,22.34,0.102,2026-09
30.125,-133.875,21.999,0.187,2026-09
30.125,-131.875,21.78,0.345,2026-09
30.125,-129.875,21.46,0.459,2026-09
30.125,-127.875,20.995,0.37,2026-09
30.125,-125.875,20.616,0.554,2026-09
30.125,-123.875,20.372,0.719,2026-09
30.125,-121.875,21.135,1.68,2026-09
30.125,-119.875,22.149,2.707,2026-09
30.125,-117.875,23.394,3.156,2026-09
30.125,-115.875,23.274,3.336,2026-09
30.125,-113.875,30.459,0.846,2026-09
30.125,-89.875,30.343,2.145,2026-09
30.125,-87.875,30.267,1.8,2026-09
30.125,-85.875,30.132,1.552,2026-09
30.125,-79.875,30.35,1.366,2026-09
30.125,-77.875,29.484,1.124,2026-09
30.125,-75.875,29.24,1.051,2026-09
30.125,-73.875,29.282,1.229,2026-09
30.125,-71.875,29.578,1.589,2026-09
30.125,-69.875,29.474,1.535,2026-09
30.125,-67.875,29.247,1.365,2026-09
30.125,-65.875,29.286,1.355,2026-09
30.125,-63.875,29.357,1.48,2026-09
30.125,-61.875,29.209,1.403,2026-09
30.125,-59.875,29.083,1.276,2026-09
30.125,-57.875,28.654,0.907,2026-09
30.125,-55.875,28.763,1.073,2026-09
30.125,-53.875,28.785,1.089,2026-09
30.125,-51.875,28.683,1.036,2026-09
30.125,-49.875,28.956,1.34,2026-09
30.125,-47.875,28.95,1.466,2026-09
30.125,-45.875,29.014,1.632,2026-09
30.125,-43.875,28.742,1.522,2026-09
30.125,-41.875,28.472,1.473,2026-09
30.125,-39.875,28.118,1.295,2026-09
30.125,-37.875,27.928,1.215,2026-09
30.125,-35.875,27.685,1.168,2026-09
30.125,-33.875,27.468,1.17,2026-09
30.125,-31.875,27.114,1.058,2026-09
30.125,-29.875,26.269,0.555,2026-09
30.125,-27.875,26.1,0.678,2026-09
30.125,-25.875,25.918,0.681,2026-09
30.125,-23.875,25.751,0.778,2026-09
30.125,-21.875,25.331,0.655,2026-09
30.125,-19.875,25.107,0.707,2026-09
30.125,-17.875,25.107,1.024,2026-09
30.125,-15.875,24.686,0.948,2026-09
30.125,-13.875,24.573,1.356,2026-09
30.125,-11.875,23.924,1.385,2026-09
30.125,-9.875,20.602,0.49,2026-09
32.125,16.125,29.024,1.976,2026-09
32.125,18.125,28.823,2.005,2026-09
32.125,24.125,26.886,0.744,2026-09
32.125,26.125,27.284,0.914,2026-09
32.125,28.125,27.327,1.042,2026-09
32.125,30.125,27.024,0.493,2026-09
32.125,32.125,28.027,1.032,2026-09
32.125,34.125,28.984,1.285,2026-09
32.125,122.125,26.907,1.771,2026-09
32.125,124.125,27.104,2.055,2026-09
32.125,126.125,27.096,1.188,2026-09
32.125,128.125,27.71,0.467,2026-09
32.125,130.125,28.001,1.171,2026-09
32.125,132.125,27.987,0.513,2026-09
32.125,134.125,28.225,0.379,2026-09
32.125,136.125,28.549,0.867,2026-09
32.125,138.125,28.463,0.841,2026-09
32.125,140.125,27.969,0.335,2026-09
32.125,142.125,28.799,1.245,2026-09
32.125,144.125,28.416,0.86,2026-09
32.125,146.125,28.235,0.734,2026-09
32.125,148.125,28.065,0.649,2026-09
32.125,150.125,27.584,0.236,2026-09
32.125,152.125,27.676,0.396,2026-09
32.125,154.125,27.76,0.531,2026-09
32.125,156.125,27.409,0.273,2026-09
32.125,158.125,27.328,0.351,2026-09
32.125,160.125,27.15,0.242,2026-09
32.125,162.125,26.618,-0.243,2026-09
32.125,164.125,26.84,0.11,2026-09
32.125,166.125,26.245,-0.36,2026-09
32.125,168.125,26.136,-0.345,2026-09
32.125,170.125,26.211,-0.021,2026-09
32.125,172.125,26.142,0.11,2026-09
32.125,174.125,25.918,-0.026,2026-09
32.125,176.125,25.869,-0.041,2026-09
32.125,178.125,26.032,0.229,2026-09
32.125,-179.875,26.064,0.343,2026-09
32.125,-177.875,25.898,0.173,2026-09
32.125,-175.875,25.892,0.099,2026-09
32.125,-173.875,25.734,-0.103,2026-09
32.125,-171.875,25.378,-0.513,2026-09
32.125,-169.875,25.777,-0.107,2026-09
32.125,-167.875,25.623,-0.105,2026-09
32.125,-165.875,25.747,0.124,2026-09
32.125,-163.875,25.645,0.196,2026-09
32.125,-161.875,25.381,0.019,2026-09
32.125,-159.875,25.29,0.006,2026-09
32.125,-157.875,25.09,-0.072,2026-09
32.125,-155.875,25.01,0.012,2026-09
32.125,-153.875,24.737,-0.035,2026-09
32.125,-151.875,24.736,0.18,2026-09
32.125,-149.875,24.757,0.451,2026-09
32.125,-147.875,24.575,0.576,2026-09
32.125,-145.875,24.594,0.929,2026-09
32.125,-143.875,24.241,0.951,2026-09
32.125,-141.875,23.897,0.923,2026-09
32.125,-139.875,23.295,0.611,2026-09
32.125,-137.875,22.842,0.545,2026-09
32.125,-135.875,22.481,0.546,2026-09
32.125,-133.875,21.789,0.284,2026-09
32.125,-131.875,21.613,0.591,2026-09
32.125,-129.875,20.799,0.261,2026-09
32.125,-127.875,20.544,0.682,2026-09
32.125,-125.875,20.06,0.687,2026-09
32.125,-123.875,19.846,1.08,2026-09
32.125,-121.875,19.89,1.782,2026-09
32.125,-119.875,20.842,2.426,2026-09
32.125,-117.875,22.367,2.163,2026-09
32.125,-79.875,28.302,0.89,2026-09
32.125,-77.875,29.832,1.218,2026-09
32.125,-75.875,28.832,0.929,2026-09
32.125,-73.875,28.815,1.268,2026-09
32.125,-71.875,28.644,1.117,2026-09
32.125,-69.875,28.814,1.455,2026-09
32.125,-67.875,28.731,1.28,2026-09
32.125,-65.875,29.027,1.578,2026-09
32.125,-63.875,28.85,1.509,2026-09
32.125,-61.875,28.253,0.967,2026-09
32.125,-59.875,28.488,1.178,2026-09
32.125,-57.875,28.462,1.238,2026-09
32.125,-55.875,28.271,1.043,2026-09
32.125,-53.875,28.112,0.899,2026-09
32.125,-51.875,28.46,1.295,2026-09
32.125,-49.875,28.594,1.433,2026-09
32.125,-47.875,28.256,1.141,2026-09
32.125,-45.875,27.858,0.838,2026-09
32.125,-43.875,27.933,1.062,2026-09
32.125,-41.875,27.956,1.269,2026-09
32.125,-39.875,27.86,1.321,2026-09
32.125,-37.875,27.464,1.161,2026-09
32.125,-35.875,27.545,1.294,2026-09
32.125,-33.875,27.066,1.056,2026-09
32.125,-31.875,26.974,1.216,2026-09
32.125,-29.875,26.61,1.147,2026-09
32.125,-27.875,25.88,0.823,2026-09
32.125,-25.875,25.842,0.851,2026-09
32.125,-23.875,25.615,0.89,2026-09
32.125,-21.875,25.348,0.888,2026-09
32.125,-19.875,24.917,0.772,2026-09
32.125,-17.875,24.686,0.759,2026-09
32.125,-15.875,24.356,0.886,2026-09
32.125,-13.875,24.356,1.144,2026-09
32.125,-11.875,24.458,1.478,2026-09
32.125,-9.875,21.527,0.079,2026-09
34.125,10.125,30.063,2.166,2026-09
34.125,12.125,29.226,2.371,2026-09
34.125,14.125,29.137,2.308,2026-09
34.125,16.125,29.277,2.577,2026-09
34.125,18.125,28.903,2.408,2026-09
34.125,20.125,28.847,2.585,2026-09
34.125,22.125,27.027,1.423,2026-09
34.125,24.125,26.204,1.099,2026-09
34.125,26.125,26.364,0.713,2026-09
34.125,28.125,24.661,-0.045,2026-09
34.125,30.125,26.819,1.48,2026-09
34.125,32.125,28.017,1.412,2026-09
34.125,34.125,28.08,0.883,2026-09
34.125,122.125,25.683,1.698,2026-09
34.125,124.125,27.057,2.712,2026-09
34.125,126.125,25.391,1.819,2026-09
34.125,128.125,26.079,1.105,2026-09
34.125,130.125,26.508,0.873,2026-09
34.125,138.125,26.172,0.327,2026-09
34.125,140.125,27.488,0.576,2026-09
34.125,142.125,28.007,0.739,2026-09
34.125,144.125,27.295,0.202,2026-09
34.125,146.125,27.405,0.423,2026-09
34.125,148.125,27.226,0.196,2026-09
34.125,150.125,27.0,0.019,2026-09
34.125,152.125,27.05,0.216,2026-09
34.125,154.125,26.991,0.272,2026-09
34.125,156.125,26.871,0.355,2026-09
34.125,158.125,26.438,0.126,2026-09
34.125,160.125,26.056,-0.163,2026-09
34.125,162.125,25.874,-0.156,2026-09
34.125,164.125,25.788,-0.227,2026-09
34.125,166.125,25.932,0.129,2026-09
34.125,168.125,25.803,0.247,2026-09
34.125,170.125,25.42,-0.162,2026-09
34.125,172.125,25.324,0.107,2026-09
34.125,174.125,25.134,0.145,2026-09
34.125,176.125,24.963,0.041,2026-09
34.125,178.125,25.116,0.266,2026-09
34.125,-179.875,25.001,0.238,2026-09
34.125,-177.875,24.102,-0.473,2026-09
34.125,-175.875,24.7,0.135,2026-09
34.125,-173.875,24.769,-0.03,2026-09
34.125,-171.875,24.94,0.059,2026-09
34.125,-169.875,25.392,0.522,2026-09
34.125,-167.875,25.506,0.745,2026-09
34.125,-165.875,25.501,0.798,2026-09
34.125,-163.875,25.223,0.575,2026-09
34.125,-161.875,25.243,0.625,2026-09
34.125,-159.875,24.9,0.368,2026-09
34.125,-157.875,24.749,0.304,2026-09
34.125,-155.875,24.489,0.209,2026-09
34.125,-153.875,24.268,0.057,2026-09
34.125,-151.875,24.113,0.163,2026-09
34.125,-149.875,24.002,0.303,2026-09
34.125,-147.875,23.282,-0.204,2026-09
34.125,-145.875,23.594,0.448,2026-09
34.125,-143.875,23.646,0.828,2026-09
34.125,-141.875,23.345,0.728,2026-09
34.125,-139.875,23.108,0.84,2026-09
34.125,-137.875,22.526,0.559,2026-09
34.125,-135.875,21.845,0.278,2026-09
34.125,-133.875,21.859,0.764,2026-09
34.125,-131.875,20.886,0.251,2026-09
34.125,-129.875,20.563,0.644,2026-09
34.125,-127.875,20.205,1.079,2026-09
34.125,-125.875,19.674,1.251,2026-09
34.125,-123.875,18.999,1.345,2026-09
34.125,-121.875,18.931,1.72,2026-09
34.125,-119.875,21.394,3.373,2026-09
34.125,-77.875,27.339,0.718,2026-09
34.125,-75.875,29.421,1.258,2026-09
34.125,-73.875,28.078,1.017,2026-09
34.125,-71.875,27.904,0.971,2026-09
34.125,-69.875,27.692,0.708,2026-09
34.125,-67.875,28.051,0.998,2026-09
34.125,-65.875,28.317,1.295,2026-09
34.125,-63.875,28.125,1.16,2026-09
34.125,-61.875,27.85,1.052,2026-09
34.125,-59.875,27.706,0.989,2026-09
34.125,-57.875,27.505,0.8,2026-09
34.125,-55.875,27.485,0.85,2026-09
34.125,-53.875,27.593,1.033,2026-09
34.125,-51.875,27.928,1.489,2026-09
34.125,-49.875,28.062,1.546,2026-09
34.125,-47.875,28.065,1.635,2026-09
34.125,-45.875,27.48,1.194,2026-09
34.125,-43.875,27.587,1.317,2026-09
34.125,-41.875,27.438,1.273,2026-09
34.125,-39.875,27.688,1.613,2026-09
34.125,-37.875,27.562,1.738,2026-09
34.125,-35.875,26.617,0.926,2026-09
34.125,-33.875,27.057,1.574,2026-09
34.125,-31.875,26.374,1.117,2026-09
34.125,-29.875,26.332,1.247,2026-09
34.125,-27.875,26.28,1.344,2026-09
34.125,-25.875,25.901,1.161,2026-09
34.125,-23.875,25.515,1.026,2026-09
34.125,-21.875,25.151,0.932,2026-09
34.125,-19.875,24.721,0.86,2026-09
34.125,-17.875,24.112,0.617,2026-09
34.125,-15.875,24.051,0.912,2026-09
34.125,-13.875,23.89,1.005,2026-09
34.125,-11.875,24.286,1.427,2026-09
34.125,-9.875,24.218,1.198,2026-09
34.125,-7.875,24.536,1.289,2026-09
36.125,0.125,24.541,0.821,2026-09
36.125,12.125,28.346,2.793,2026-09
36.125,14.125,28.455,2.961,2026-09
36.125,16.125,29.037,3.384,2026-09
36.125,18.125,28.593,2.622,2026-09
36.125,20.125,28.129,2.556,2026-09
36.125,22.125,27.73,2.499,2026-09
36.125,24.125,25.295,0.887,2026-09
36.125,26.125,24.51,0.483,2026-09
36.125,28.125,27.185,1.021,2026-09
36.125,30.125,28.212,0.929,2026-09
36.125,32.125,28.539,0.835,2026-09
36.125,34.125,28.781,0.901,2026-09
36.125,122.125,25.138,1.66,2026-09
36.125,124.125,25.874,1.947,2026-09
36.125,126.125,24.559,1.625,2026-09
36.125,130.125,25.793,1.771,2026-09
36.125,132.125,25.656,1.292,2026-09
36.125,134.125,26.136,1.09,2026-09
36.125,136.125,26.361,1.108,2026-09
36.125,142.125,26.791,1.58,2026-09
36.125,144.125,26.697,0.68,2026-09
36.125,146.125,26.576,1.316,2026-09
36.125,148.125,24.944,-0.818,2026-09
36.125,150.125,26.857,0.733,2026-09
36.125,152.125,26.6,0.88,2026-09
36.125,154.125,25.244,-0.206,2026-09
36.125,156.125,26.129,0.817,2026-09
36.125,158.125,25.827,0.647,2026-09
36.125,160.125,25.08,0.142,2026-09
36.125,162.125,24.731,-0.218,2026-09
36.125,164.125,25.612,0.874,2026-09
36.125,166.125,25.159,0.775,2026-09
36.125,168.125,24.559,0.313,2026-09
36.125,170.125,24.756,0.481,2026-09
36.125,172.125,24.63,0.469,2026-09
36.125,174.125,24.728,0.72,2026-09
36.125,176.125,24.358,0.513,2026-09
36.125,178.125,24.161,0.265,2026-09
36.125,-179.875,23.807,0.091,2026-09
36.125,-177.875,23.62,0.19,2026-09
36.125,-175.875,24.106,0.628,2026-09
36.125,-173.875,24.042,0.648,2026-09
36.125,-171.875,24.315,0.792,2026-09
36.125,-169.875,24.827,1.347,2026-09
36.125,-167.875,25.019,1.516,2026-09
36.125,-165.875,24.629,1.108,2026-09
36.125,-163.875,24.533,0.941,2026-09
36.125,-161.875,24.47,1.064,2026-09
36.125,-159.875,23.986,0.584,2026-09
36.125,-157.875,24.192,0.831,2026-09
36.125,-155.875,23.616,0.338,2026-09
36.125,-153.875,23.299,0.107,2026-09
36.125,-151.875,23.179,0.113,2026-09
36.125,-149.875,22.937,0.031,2026-09
36.125,-147.875,22.338,-0.318,2026-09
36.125,-145.875,22.549,0.054,2026-09
36.125,-143.875,22.274,0.021,2026-09
36.125,-141.875,22.161,0.195,2026-09
36.125,-139.875,22.04,0.305,2026-09
36.125,-137.875,21.56,0.173,2026-09
36.125,-135.875,21.098,0.061,2026-09
36.125,-133.875,20.842,0.307,2026-09
36.125,-131.875,20.251,0.29,2026-09
36.125,-129.875,20.005,0.736,2026-09
36.125,-127.875,19.686,1.234,2026-09
36.125,-125.875,18.523,0.761,2026-09
36.125,-123.875,17.825,1.117,2026-09
36.125,-121.875,16.455,1.271,2026-09
36.125,-75.875,26.113,1.473,2026-09
36.125,-73.875,28.441,1.63,2026-09
36.125,-71.875,27.67,0.769,2026-09
36.125,-69.875,27.432,0.718,2026-09
36.125,-67.875,27.77,1.032,2026-09
36.125,-65.875,27.616,0.851,2026-09
36.125,-63.875,27.709,1.005,2026-09
36.125,-61.875,27.584,1.04,2026-09
36.125,-59.875,27.778,1.409,2026-09
36.125,-57.875,27.021,0.81,2026-09
36.125,-55.875,27.042,1.001,2026-09
36.125,-53.875,27.261,1.182,2026-09
36.125,-51.875,26.696,0.689,2026-09
36.125,-49.875,26.856,0.964,2026-09
36.125,-47.875,26.894,1.153,2026-09
36.125,-45.875,26.788,1.112,2026-09
36.125,-43.875,26.684,1.146,2026-09
36.125,-41.875,26.5,1.098,2026-09
36.125,-39.875,26.245,0.946,2026-09
36.125,-37.875,26.794,1.718,2026-09
36.125,-35.875,26.117,1.157,2026-09
36.125,-33.875,26.209,1.561,2026-09
36.125,-31.875,26.189,1.836,2026-09
36.125,-29.875,25.772,1.567,2026-09
36.125,-27.875,25.514,1.479,2026-09
36.125,-25.875,25.144,1.24,2026-09
36.125,-23.875,25.112,1.343,2026-09
36.125,-21.875,24.587,1.069,2026-09
36.125,-19.875,24.213,1.03,2026-09
36.125,-17.875,23.996,1.166,2026-09
36.125,-15.875,23.576,1.138,2026-09
36.125,-13.875,23.289,1.119,2026-09
36.125,-11.875,23.114,1.043,2026-09
36.125,-9.875,23.054,0.97,2026-09
36.125,-7.875,23.479,0.911,2026-09
36.125,-5.875,20.99,-0.599,2026-09
36.125,-3.875,24.307,2.115,2026-09
36.125,-1.875,25.101,1.509,2026-09
38.125,0.125,26.507,1.816,2026-09
38.125,2.125,27.058,2.309,2026-09
38.125,4.125,27.445,2.592,2026-09
38.125,6.125,27.88,3.011,2026-09
38.125,8.125,27.841,3.208,2026-09
38.125,10.125,27.739,3.562,2026-09
38.125,12.125,27.761,3.141,2026-09
38.125,14.125,28.786,3.266,2026-09
38.125,18.125,28.374,2.965,2026-09
38.125,20.125,27.422,2.539,2026-09
38.125,24.125,25.13,1.018,2026-09
38.125,26.125,22.825,0.025,2026-09
38.125,50.125,25.532,0.129,2026-09
38.125,52.125,26.961,0.598,2026-09
38.125,118.125,25.333,1.837,2026-09
38.125,120.125,24.644,1.502,2026-09
38.125,122.125,24.619,1.707,2026-09
38.125,124.125,23.545,1.166,2026-09
38.125,130.125,24.905,2.257,2026-09
38.125,132.125,24.337,1.336,2026-09
38.125,134.125,25.022,1.157,2026-09
38.125,136.125,24.917,0.77,2026-09
38.125,138.125,25.578,0.806,2026-09
38.125,142.125,22.523,0.307,2026-09
38.125,144.125,22.513,-0.735,2026-09
38.125,146.125,24.705,1.347,2026-09
38.125,148.125,23.808,0.299,2026-09
38.125,150.125,24.102,0.328,2026-09
38.125,152.125,23.942,-0.084,2026-09
38.125,154.125,24.436,0.544,2026-09
38.125,156.125,25.06,1.354,2026-09
38.125,158.125,24.232,0.58,2026-09
38.125,160.125,23.876,0.4,2026-09
38.125,162.125,23.584,0.32,2026-09
38.125,164.125,24.567,1.653,2026-09
38.125,166.125,24.99,2.166,2026-09
38.125,168.125,22.752,0.364,2026-09
38.125,170.125,23.547,1.026,2026-09
38.125,172.125,23.518,1.374,2026-09
38.125,174.125,23.918,1.771,2026-09
38.125,176.125,24.209,2.127,2026-09
38.125,178.125,22.381,0.115,2026-09
38.125,-179.875,23.441,1.307,2026-09
38.125,-177.875,23.191,1.27,2026-09
38.125,-175.875,23.04,1.065,2026-09
38.125,-173.875,23.456,1.721,2026-09
38.125,-171.875,23.518,1.66,2026-09
38.125,-169.875,23.725,1.793,2026-09
38.125,-167.875,23.826,1.807,2026-09
38.125,-165.875,23.828,1.764,2026-09
38.125,-163.875,23.693,1.658,2026-09
38.125,-161.875,23.302,1.288,2026-09
38.125,-159.875,23.107,1.111,2026-09
38.125,-157.875,22.937,0.935,2026-09
38.125,-155.875,22.519,0.572,2026-09
38.125,-153.875,22.606,0.739,2026-09
38.125,-151.875,22.142,0.304,2026-09
38.125,-149.875,21.659,-0.096,2026-09
38.125,-147.875,21.429,-0.162,2026-09
38.125,-145.875,21.141,-0.255,2026-09
38.125,-143.875,21.32,0.109,2026-09
38.125,-141.875,20.66,-0.432,2026-09
38.125,-139.875,20.665,-0.248,2026-09
38.125,-137.875,20.548,-0.154,2026-09
38.125,-135.875,20.112,-0.312,2026-09
38.125,-133.875,20.531,0.509,2026-09
38.125,-131.875,20.117,0.69,2026-09
38.125,-129.875,19.081,0.365,2026-09
38.125,-127.875,18.581,0.863,2026-09
38.125,-125.875,17.417,1.009,2026-09
38.125,-123.875,16.413,2.137,2026-09
38.125,-73.875,24.251,0.912,2026-09
38.125,-71.875,25.739,1.291,2026-09
38.125,-69.875,26.852,1.216,2026-09
38.125,-67.875,26.269,0.216,2026-09
38.125,-65.875,28.442,2.073,2026-09
38.125,-63.875,27.499,1.095,2026-09
38.125,-61.875,27.477,1.042,2026-09
38.125,-59.875,26.973,0.767,2026-09
38.125,-57.875,26.389,0.399,2026-09
38.125,-55.875,26.229,0.265,2026-09
38.125,-53.875,26.667,0.829,2026-09
38.125,-51.875,26.181,0.506,2026-09
38.125,-49.875,26.196,0.645,2026-09
38.125,-47.875,25.863,0.615,2026-09
38.125,-45.875,25.562,0.621,2026-09
38.125,-43.875,25.953,1.082,2026-09
38.125,-41.875,25.827,1.133,2026-09
38.125,-39.875,24.819,0.42,2026-09
38.125,-37.875,25.195,1.01,2026-09
38.125,-35.875,25.261,1.229,2026-09
38.125,-33.875,25.461,1.754,2026-09
38.125,-31.875,24.97,1.601,2026-09
38.125,-29.875,24.608,1.562,2026-09
38.125,-27.875,24.714,1.813,2026-09
38.125,-25.875,24.269,1.628,2026-09
38.125,-23.875,24.15,1.357,2026-09
38.125,-21.875,23.682,1.088,2026-09
38.125,-19.875,23.291,0.909,2026-09
38.125,-17.875,23.393,1.339,2026-09
38.125,-15.875,22.98,1.356,2026-09
38.125,-13.875,22.77,1.358,2026-09
38.125,-11.875,22.369,1.182,2026-09
38.125,-9.875,21.741,1.315,2026-09
40.125,0.125,26.282,1.515,2026-09
40.125,2.125,26.787,2.024,2026-09
40.125,4.125,26.853,2.369,2026-09
40.125,6.125,27.109,3.079,2026-09
40.125,8.125,26.9,3.592,2026-09
40.125,10.125,28.364,3.896,2026-09
40.125,12.125,28.351,3.837,2026-09
40.125,14.125,27.941,3.454,2026-09
40.125,24.125,25.088,1.286,2026-09
40.125,26.125,23.037,0.489,2026-09
40.125,50.125,24.441,0.37,2026-09
40.125,52.125,26.126,2.138,2026-09
40.125,120.125,24.699,1.949,2026-09
40.125,130.125,22.712,1.951,2026-09
40.125,132.125,22.82,1.608,2026-09
40.125,134.125,23.285,1.812,2026-09
40.125,136.125,24.11,2.193,2026-09
40.125,138.125,24.741,1.987,2026-09
40.125,142.125,21.215,0.549,2026-09
40.125,144.125,20.675,0.141,2026-09
40.125,146.125,24.056,4.259,2026-09
40.125,148.125,20.892,-0.084,2026-09
40.125,150.125,23.451,1.77,2026-09
40.125,152.125,22.323,1.022,2026-09
40.125,154.125,22.646,1.307,2026-09
40.125,156.125,22.432,1.647,2026-09
40.125,158.125,23.005,2.136,2026-09
40.125,160.125,22.193,1.46,2026-09
40.125,162.125,22.883,2.268,2026-09
40.125,164.125,22.177,1.449,2026-09
40.125,166.125,22.363,1.667,2026-09
40.125,168.125,21.638,1.071,2026-09
40.125,170.125,21.763,1.801,2026-09
40.125,172.125,22.606,2.479,2026-09
40.125,174.125,21.934,1.802,2026-09
40.125,176.125,21.705,1.689,2026-09
40.125,178.125,21.652,1.732,2026-09
40.125,-179.875,22.108,2.03,2026-09
40.125,-177.875,21.299,1.406,2026-09
40.125,-175.875,21.608,1.416,2026-09
40.125,-173.875,21.806,1.83,2026-09
40.125,-171.875,21.719,1.714,2026-09
40.125,-169.875,22.901,3.035,2026-09
40.125,-167.875,22.101,2.082,2026-09
40.125,-165.875,22.242,2.082,2026-09
40.125,-163.875,22.631,2.458,2026-09
40.125,-161.875,21.945,1.711,2026-09
40.125,-159.875,21.747,1.474,2026-09
40.125,-157.875,21.565,1.329,2026-09
40.125,-155.875,21.049,0.736,2026-09
40.125,-153.875,21.233,0.952,2026-09
40.125,-151.875,21.355,1.001,2026-09
40.125,-149.875,20.732,0.446,2026-09
40.125,-147.875,20.523,0.282,2026-09
40.125,-145.875,20.264,0.082,2026-09
40.125,-143.875,20.101,0.073,2026-09
40.125,-141.875,19.727,-0.244,2026-09
40.125,-139.875,19.77,-0.175,2026-09
40.125,-137.875,19.301,-0.442,2026-09
40.125,-135.875,19.219,-0.329,2026-09
40.125,-133.875,18.743,-0.458,2026-09
40.125,-131.875,18.96,0.117,2026-09
40.125,-129.875,18.814,0.502,2026-09
40.125,-127.875,17.869,0.503,2026-09
40.125,-125.875,17.096,1.502,2026-09
40.125,-73.875,22.177,0.598,2026-09
40.125,-71.875,22.944,1.774,2026-09
40.125,-69.875,24.947,3.449,2026-09
40.125,-67.875,23.396,0.732,2026-09
40.125,-65.875,25.235,1.533,2026-09
40.125,-63.875,26.672,2.038,2026-09
40.125,-61.875,26.622,1.43,2026-09
40.125,-59.875,26.13,0.963,2026-09
40.125,-57.875,25.982,0.769,2026-09
40.125,-55.875,24.082,-1.201,2026-09
40.125,-53.875,25.838,1.038,2026-09
40.125,-51.875,25.977,1.283,2026-09
40.125,-49.875,24.933,0.378,2026-09
40.125,-47.875,24.564,0.914,2026-09
40.125,-45.875,24.207,0.213,2026-09
40.125,-43.875,24.707,0.835,2026-09
40.125,-41.875,24.645,1.022,2026-09
40.125,-39.875,24.556,1.295,2026-09
40.125,-37.875,24.201,1.133,2026-09
40.125,-35.875,23.799,0.771,2026-09
40.125,-33.875,23.611,0.869,2026-09
40.125,-31.875,24.489,1.917,2026-09
40.125,-29.875,23.89,1.741,2026-09
40.125,-27.875,23.562,1.509,2026-09
40.125,-25.875,23.615,1.695,2026-09
40.125,-23.875,23.133,1.249,2026-09
40.125,-21.875,22.562,0.887,2026-09
40.125,-19.875,22.45,0.922,2026-09
40.125,-17.875,22.107,0.937,2026-09
40.125,-15.875,22.188,1.21,2026-09
40.125,-13.875,22.104,1.487,2026-09
40.125,-11.875,21.805,1.472,2026-09
40.125,-9.875,20.37,0.73,2026-09
42.125,4.125,23.46,2.413,2026-09
42.125,6.125,25.061,3.768,2026-09
42.125,8.125,26.625,3.953,2026-09
42.125,10.125,27.096,4.228,2026-09
42.125,16.125,26.91,3.639,2026-09
42.125,18.125,26.953,3.431,2026-09
42.125,28.125,23.872,1.21,2026-09
42.125,30.125,24.364,1.584,2026-09
42.125,32.125,24.143,1.383,2026-09
42.125,34.125,23.386,0.905,2026-09
42.125,36.125,23.283,0.527,2026-09
42.125,38.125,23.852,0.546,2026-09
42.125,40.125,24.457,0.429,2026-09
42.125,50.125,24.296,1.277,2026-09
42.125,52.125,23.54,2.248,2026-09
42.125,132.125,20.219,1.552,2026-09
42.125,134.125,20.747,2.143,2026-09
42.125,136.125,21.808,2.327,2026-09
42.125,138.125,21.906,1.696,2026-09
42.125,140.125,23.311,1.136,2026-09
42.125,142.125,20.558,0.602,2026-09
42.125,144.125,20.623,2.946,2026-09
42.125,146.125,20.796,3.122,2026-09
42.125,148.125,19.528,2.526,2026-09
42.125,150.125,16.217,-0.59,2026-09
42.125,152.125,17.495,-0.663,2026-09
42.125,154.125,20.8,1.92,2026-09
42.125,156.125,20.581,2.125,2026-09
42.125,158.125,21.014,3.113,2026-09
42.125,160.125,20.42,3.044,2026-09
42.125,162.125,20.5,3.514,2026-09
42.125,164.125,18.752,2.06,2026-09
42.125,166.125,20.753,3.781,2026-09
42.125,168.125,20.966,3.867,2026-09
42.125,170.125,20.158,2.334,2026-09
42.125,172.125,19.556,2.099,2026-09
42.125,174.125,19.92,2.466,2026-09
42.125,176.125,20.885,3.426,2026-09
42.125,178.125,19.74,2.185,2026-09
42.125,-179.875,19.647,2.184,2026-09
42.125,-177.875,20.118,2.716,2026-09
42.125,-175.875,20.32,2.93,2026-09
42.125,-173.875,19.813,2.268,2026-09
42.125,-171.875,20.433,2.912,2026-09
42.125,-169.875,20.309,2.614,2026-09
42.125,-167.875,20.797,3.247,2026-09
42.125,-165.875,20.76,2.959,2026-09
42.125,-163.875,20.485,2.5,2026-09
42.125,-161.875,20.547,2.354,2026-09
42.125,-159.875,20.273,2.114,2026-09
42.125,-157.875,20.196,1.966,2026-09
42.125,-155.875,19.675,1.313,2026-09
42.125,-153.875,19.997,1.502,2026-09
42.125,-151.875,19.712,1.179,2026-09
42.125,-149.875,19.423,0.8,2026-09
42.125,-147.875,19.119,0.494,2026-09
42.125,-145.875,19.179,0.504,2026-09
42.125,-143.875,19.051,0.409,2026-09
42.125,-141.875,18.813,0.17,2026-09
42.125,-139.875,18.614,-0.052,2026-09
42.125,-137.875,18.603,-0.066,2026-09
42.125,-135.875,18.403,-0.203,2026-09
42.125,-133.875,17.933,-0.51,2026-09
42.125,-131.875,18.127,-0.129,2026-09
42.125,-129.875,18.337,0.281,2026-09
42.125,-127.875,17.011,-0.155,2026-09
42.125,-125.875,17.03,1.868,2026-09
42.125,-81.875,22.133,0.904,2026-09
42.125,-69.875,18.023,0.567,2026-09
42.125,-67.875,17.888,1.033,2026-09
42.125,-65.875,17.07,0.394,2026-09
42.125,-63.875,18.894,-0.383,2026-09
42.125,-61.875,21.297,0.847,2026-09
42.125,-59.875,20.458,-1.378,2026-09
42.125,-57.875,21.954,-0.156,2026-09
42.125,-55.875,21.812,0.035,2026-09
42.125,-53.875,23.505,1.457,2026-09
42.125,-51.875,24.535,3.446,2026-09
42.125,-49.875,22.661,3.445,2026-09
42.125,-47.875,20.293,-0.322,2026-09
42.125,-45.875,23.65,0.49,2026-09
42.125,-43.875,23.551,0.428,2026-09
42.125,-41.875,24.063,1.433,2026-09
42.125,-39.875,21.474,-0.877,2026-09
42.125,-37.875,22.619,0.649,2026-09
42.125,-35.875,21.296,-0.751,2026-09
42.125,-33.875,22.563,0.968,2026-09
42.125,-31.875,22.368,0.957,2026-09
42.125,-29.875,22.574,1.513,2026-09
42.125,-27.875,22.214,1.273,2026-09
42.125,-25.875,22.607,1.781,2026-09
42.125,-23.875,22.545,1.884,2026-09
42.125,-21.875,21.675,1.245,2026-09
42.125,-19.875,20.749,0.409,2026-09
42.125,-17.875,21.497,1.294,2026-09
42.125,-15.875,21.424,1.389,2026-09
42.125,-13.875,21.299,1.464,2026-09
42.125,-11.875,20.791,1.571,2026-09
42.125,-9.875,20.257,1.621,2026-09
44.125,14.125,26.746,3.881,2026-09
44.125,30.125,23.643,2.026,2026-09
44.125,32.125,23.185,1.836,2026-09
44.125,34.125,22.583,1.017,2026-09
44.125,36.125,23.276,1.639,2026-09
44.125,38.125,24.512,1.536,2026-09
44.125,48.125,23.197,1.082,2026-09
44.125,50.125,20.44,-1.139,2026-09
44.125,136.125,18.561,1.469,2026-09
44.125,138.125,20.322,1.512,2026-09
44.125,140.125,21.78,1.501,2026-09
44.125,144.125,18.087,1.372,2026-09
44.125,146.125,17.027,0.939,2026-09
44.125,148.125,12.543,-0.349,2026-09
44.125,150.125,15.409,1.285,2026-09
44.125,152.125,16.108,2.223,2026-09
44.125,154.125,14.901,0.205,2026-09
44.125,156.125,16.62,0.886,2026-09
44.125,158.125,18.812,3.157,2026-09
44.125,160.125,17.589,1.867,2026-09
44.125,162.125,17.716,2.469,2026-09
44.125,164.125,17.346,2.649,2026-09
44.125,166.125,17.632,3.283,2026-09
44.125,168.125,17.354,3.421,2026-09
44.125,170.125,18.093,3.577,2026-09
44.125,172.125,18.201,3.528,2026-09
44.125,174.125,17.784,3.015,2026-09
44.125,176.125,18.91,3.897,2026-09
44.125,178.125,18.077,3.258,2026-09
44.125,-179.875,18.257,3.57,2026-09
44.125,-177.875,17.941,3.123,2026-09
44.125,-175.875,17.566,2.694,2026-09
44.125,-173.875,18.004,3.062,2026-09
44.125,-171.875,18.107,2.907,2026-09
44.125,-169.875,17.824,2.707,2026-09
44.125,-167.875,18.12,2.777,2026-09
44.125,-165.875,18.394,2.858,2026-09
44.125,-163.875,18.213,2.442,2026-09
44.125,-161.875,18.408,2.565,2026-09
44.125,-159.875,18.352,2.365,2026-09
44.125,-157.875,18.478,2.37,2026-09
44.125,-155.875,18.086,1.807,2026-09
44.125,-153.875,18.533,2.142,2026-09
44.125,-151.875,18.432,1.731,2026-09
44.125,-149.875,17.904,1.07,2026-09
44.125,-147.875,17.867,0.896,2026-09
44.125,-145.875,18.254,1.191,2026-09
44.125,-143.875,18.065,0.932,2026-09
44.125,-141.875,17.913,0.738,2026-09
44.125,-139.875,17.703,0.399,2026-09
44.125,-137.875,17.76,0.358,2026-09
44.125,-135.875,17.634,0.085,2026-09
44.125,-133.875,17.301,-0.316,2026-09
44.125,-131.875,17.133,-0.387,2026-09
44.125,-129.875,17.76,0.21,2026-09
44.125,-127.875,17.763,0.438,2026-09
44.125,-125.875,16.741,0.823,2026-09
44.125,-81.875,19.428,0.788,2026-09
44.125,-67.875,13.514,0.466,2026-09
44.125,-63.875,17.221,0.745,2026-09
44.125,-61.875,17.817,0.516,2026-09
44.125,-59.875,17.015,0.165,2026-09
44.125,-57.875,17.776,0.718,2026-09
44.125,-55.875,18.504,0.885,2026-09
44.125,-53.875,18.432,0.914,2026-09
44.125,-51.875,18.539,1.616,2026-09
44.125,-49.875,17.121,1.681,2026-09
44.125,-47.875,17.472,0.546,2026-09
44.125,-45.875,22.334,3.281,2026-09
44.125,-43.875,19.243,-1.179,2026-09
44.125,-41.875,20.664,-0.434,2026-09
44.125,-39.875,21.568,0.774,2026-09
44.125,-37.875,20.21,0.037,2026-09
44.125,-35.875,21.196,0.98,2026-09
44.125,-33.875,20.715,0.508,2026-09
44.125,-31.875,21.193,1.2,2026-09
44.125,-29.875,20.605,0.751,2026-09
44.125,-27.875,21.202,1.492,2026-09
44.125,-25.875,21.143,1.572,2026-09
44.125,-23.875,20.283,0.784,2026-09
44.125,-21.875,20.177,0.888,2026-09
44.125,-19.875,19.882,0.714,2026-09
44.125,-17.875,20.258,1.058,2026-09
44.125,-15.875,20.268,1.176,2026-09
44.125,-13.875,20.712,1.71,2026-09
44.125,-11.875,20.748,1.844,2026-09
44.125,-9.875,20.089,1.509,2026-09
44.125,-7.875,20.246,1.257,2026-09
44.125,-5.875,21.594,1.819,2026-09
44.125,-3.875,22.016,1.626,2026-09
44.125,-1.875,21.976,1.444,2026-09
46.125,32.125,21.653,1.287,2026-09
46.125,36.125,22.263,1.286,2026-09
46.125,38.125,21.347,1.144,2026-09
46.125,50.125,21.776,1.672,2026-09
46.125,52.125,21.649,1.782,2026-09
46.125,138.125,16.878,0.643,2026-09
46.125,140.125,19.58,1.691,2026-09
46.125,144.125,16.075,1.419,2026-09
46.125,146.125,14.737,0.721,2026-09
46.125,148.125,14.79,1.474,2026-09
46.125,150.125,11.227,0.172,2026-09
46.125,152.125,13.297,2.53,2026-09
46.125,154.125,13.598,2.277,2026-09
46.125,156.125,14.298,1.868,2026-09
46.125,158.125,14.495,1.708,2026-09
46.125,160.125,15.806,2.441,2026-09
46.125,162.125,17.549,3.558,2026-09
46.125,164.125,15.582,2.32,2026-09
46.125,166.125,16.035,3.337,2026-09
46.125,168.125,15.578,2.88,2026-09
46.125,170.125,15.441,3.208,2026-09
46.125,172.125,16.639,3.95,2026-09
46.125,174.125,15.762,3.08,2026-09
46.125,176.125,16.299,3.746,2026-09
46.125,178.125,15.763,3.314,2026-09
46.125,-179.875,15.674,3.147,2026-09
46.125,-177.875,14.657,1.902,2026-09
46.125,-175.875,14.663,1.873,2026-09
46.125,-173.875,14.732,1.829,2026-09
46.125,-171.875,15.344,2.258,2026-09
46.125,-169.875,15.602,2.447,2026-09
46.125,-167.875,15.941,2.585,2026-09
46.125,-165.875,16.185,2.617,2026-09
46.125,-163.875,16.328,2.552,2026-09
46.125,-161.875,16.022,2.077,2026-09
46.125,-159.875,16.313,2.204,2026-09
46.125,-157.875,16.762,2.477,2026-09
46.125,-155.875,16.415,1.964,2026-09
46.125,-153.875,16.752,2.063,2026-09
46.125,-151.875,16.672,1.785,2026-09
46.125,-149.875,16.437,1.38,2026-09
46.125,-147.875,16.427,1.14,2026-09
46.125,-145.875,16.504,1.035,2026-09
46.125,-143.875,16.695,1.073,2026-09
46.125,-141.875,16.512,0.794,2026-09
46.125,-139.875,17.116,1.249,2026-09
46.125,-137.875,16.406,0.275,2026-09
46.125,-135.875,16.653,0.26,2026-09
46.125,-133.875,16.406,-0.134,2026-09
46.125,-131.875,16.385,-0.344,2026-09
46.125,-129.875,16.866,-0.003,2026-09
46.125,-127.875,17.087,0.184,2026-09
46.125,-125.875,16.612,0.216,2026-09
46.125,-123.875,15.474,1.141,2026-09
46.125,-83.875,16.795,0.826,2026-09
46.125,-63.875,17.304,0.393,2026-09
46.125,-61.875,16.22,-0.694,2026-09
46.125,-57.875,15.63,0.36,2026-09
46.125,-55.875,15.615,1.081,2026-09
46.125,-53.875,14.499,0.963,2026-09
46.125,-51.875,15.642,1.16,2026-09
46.125,-49.875,15.674,1.509,2026-09
46.125,-47.875,12.962,0.682,2026-09
46.125,-45.875,15.863,1.693,2026-09
46.125,-43.875,16.871,-0.021,2026-09
46.125,-41.875,19.035,-0.027,2026-09
46.125,-39.875,18.852,-0.531,2026-09
46.125,-37.875,18.551,-0.07,2026-09
46.125,-35.875,17.682,-0.746,2026-09
46.125,-33.875,17.687,-0.641,2026-09
46.125,-31.875,19.982,1.52,2026-09
46.125,-29.875,18.238,-0.28,2026-09
46.125,-27.875,19.302,0.941,2026-09
46.125,-25.875,19.894,1.5,2026-09
46.125,-23.875,18.905,0.684,2026-09
46.125,-21.875,19.159,0.867,2026-09
46.125,-19.875,19.371,1.126,2026-09
46.125,-17.875,19.06,0.919,2026-09
46.125,-15.875,19.169,1.07,2026-09
46.125,-13.875,19.399,1.253,2026-09
46.125,-11.875,20.316,2.127,2026-09
46.125,-9.875,20.48,2.266,2026-09
46.125,-7.875,20.307,2.035,2026-09
46.125,-5.875,20.649,1.992,2026-09
46.125,-3.875,20.926,2.107,2026-09
46.125,-1.875,20.639,1.838,2026-09
48.125,140.125,17.189,1.509,2026-09
48.125,142.125,16.974,1.522,2026-09
48.125,144.125,13.022,0.111,2026-09
48.125,146.125,14.485,1.638,2026-09
48.125,148.125,14.671,2.174,2026-09
48.125,150.125,13.14,1.661,2026-09
48.125,152.125,12.737,3.233,2026-09
48.125,154.125,6.945,-1.065,2026-09
48.125,156.125,13.139,2.01,2026-09
48.125,158.125,13.275,1.843,2026-09
48.125,160.125,13.735,2.028,2026-09
48.125,162.125,14.496,2.501,2026-09
48.125,164.125,14.11,2.34,2026-09
48.125,166.125,14.028,2.387,2026-09
48.125,168.125,14.11,2.717,2026-09
48.125,170.125,15.039,3.69,2026-09
48.125,172.125,13.588,2.362,2026-09
48.125,174.125,14.132,2.856,2026-09
48.125,176.125,13.581,2.422,2026-09
48.125,178.125,14.024,2.798,2026-09
48.125,-179.875,13.955,2.666,2026-09
48.125,-177.875,13.649,2.314,2026-09
48.125,-175.875,13.539,2.089,2026-09
48.125,-173.875,13.165,1.636,2026-09
48.125,-171.875,13.261,1.644,2026-09
48.125,-169.875,13.875,2.124,2026-09
48.125,-167.875,13.974,2.07,2026-09
48.125,-165.875,14.348,2.31,2026-09
48.125,-163.875,14.314,2.155,2026-09
48.125,-161.875,14.229,1.855,2026-09
48.125,-159.875,14.66,2.035,2026-09
48.125,-157.875,14.755,1.957,2026-09
48.125,-155.875,14.984,1.889,2026-09
48.125,-153.875,15.102,1.863,2026-09
48.125,-151.875,15.036,1.596,2026-09
48.125,-149.875,14.954,1.31,2026-09
48.125,-147.875,14.928,1.067,2026-09
48.125,-145.875,15.417,1.31,2026-09
48.125,-143.875,15.292,0.973,2026-09
48.125,-141.875,15.644,1.115,2026-09
48.125,-139.875,15.471,0.825,2026-09
48.125,-137.875,15.835,0.986,2026-09
48.125,-135.875,15.75,0.596,2026-09
48.125,-133.875,15.673,0.071,2026-09
48.125,-131.875,15.977,0.137,2026-09
48.125,-129.875,16.439,0.409,2026-09
48.125,-127.875,16.195,0.518,2026-09
48.125,-125.875,15.07,0.927,2026-09
48.125,-87.875,13.743,1.104,2026-09
48.125,-65.875,14.683,0.893,2026-09
48.125,-63.875,14.028,0.773,2026-09
48.125,-61.875,14.602,0.75,2026-09
48.125,-59.875,15.021,0.79,2026-09
48.125,-51.875,11.991,0.529,2026-09
48.125,-49.875,11.731,0.612,2026-09
48.125,-47.875,12.124,1.061,2026-09
48.125,-45.875,12.866,0.643,2026-09
48.125,-43.875,13.399,0.323,2026-09
48.125,-41.875,16.91,-0.241,2026-09
48.125,-39.875,18.167,0.846,2026-09
48.125,-37.875,16.861,-0.213,2026-09
48.125,-35.875,16.687,0.053,2026-09
48.125,-33.875,16.891,0.208,2026-09
48.125,-31.875,16.646,-0.002,2026-09
48.125,-29.875,18.089,1.227,2026-09
48.125,-27.875,17.443,0.592,2026-09
48.125,-25.875,17.93,1.086,2026-09
48.125,-23.875,18.145,1.181,2026-09
48.125,-21.875,18.174,1.08,2026-09
48.125,-19.875,17.97,0.909,2026-09
48.125,-17.875,17.934,0.759,2026-09
48.125,-15.875,18.464,1.185,2026-09
48.125,-13.875,18.418,1.344,2026-09
48.125,-11.875,18.62,1.331,2026-09
48.125,-9.875,18.876,1.831,2026-09
48.125,-7.875,18.541,1.782,2026-09
48.125,-5.875,19.112,1.966,2026-09
50.125,0.125,19.187,2.031,2026-09
50.125,142.125,16.756,1.494,2026-09
50.125,144.125,13.506,2.921,2026-09
50.125,146.125,13.747,2.522,2026-09
50.125,148.125,13.756,1.915,2026-09
50.125,150.125,12.739,1.483,2026-09
50.125,152.125,12.303,1.728,2026-09
50.125,154.125,10.453,0.976,2026-09
50.125,156.125,11.204,1.549,2026-09
50.125,158.125,13.117,2.569,2026-09
50.125,160.125,12.842,1.683,2026-09
50.125,162.125,13.117,1.743,2026-09
50.125,164.125,13.08,1.832,2026-09
50.125,166.125,13.173,2.223,2026-09
50.125,168.125,13.511,2.773,2026-09
50.125,170.125,12.739,2.269,2026-09
50.125,172.125,12.752,2.454,2026-09
50.125,174.125,12.374,2.098,2026-09
50.125,176.125,11.54,1.204,2026-09
50.125,178.125,11.819,1.411,2026-09
50.125,-179.875,11.931,1.561,2026-09
50.125,-177.875,12.263,1.824,2026-09
50.125,-175.875,12.36,1.787,2026-09
50.125,-173.875,12.349,1.688,2026-09
50.125,-171.875,12.283,1.567,2026-09
50.125,-169.875,12.136,1.26,2026-09
50.125,-167.875,12.82,1.851,2026-09
50.125,-165.875,12.997,1.876,2026-09
50.125,-163.875,13.311,2.009,2026-09
50.125,-161.875,13.446,1.947,2026-09
50.125,-159.875,13.611,1.923,2026-09
50.125,-157.875,13.411,1.521,2026-09
50.125,-155.875,13.729,1.638,2026-09
50.125,-153.875,13.686,1.401,2026-09
50.125,-151.875,13.758,1.322,2026-09
50.125,-149.875,13.912,1.201,2026-09
50.125,-147.875,14.12,1.203,2026-09
50.125,-145.875,14.13,0.998,2026-09
50.125,-143.875,14.37,0.98,2026-09
50.125,-141.875,14.602,1.016,2026-09
50.125,-139.875,14.835,0.969,2026-09
50.125,-137.875,15.196,1.077,2026-09
50.125,-135.875,15.277,0.743,2026-09
50.125,-133.875,15.362,0.53,2026-09
50.125,-131.875,15.711,0.699,2026-09
50.125,-129.875,15.412,0.448,2026-09
50.125,-127.875,13.786,0.374,2026-09
50.125,-65.875,11.42,0.888,2026-09
50.125,-63.875,9.708,-0.935,2026-09
50.125,-61.875,11.913,0.397,2026-09
50.125,-59.875,12.116,0.533,2026-09
50.125,-57.875,14.082,1.288,2026-09
50.125,-55.875,11.716,1.064,2026-09
50.125,-53.875,10.551,0.539,2026-09
50.125,-51.875,10.928,1.087,2026-09
50.125,-49.875,10.374,1.013,2026-09
50.125,-47.875,12.195,1.011,2026-09
50.125,-45.875,13.516,0.731,2026-09
50.125,-43.875,14.133,-0.285,2026-09
50.125,-41.875,13.86,-1.394,2026-09
50.125,-39.875,14.254,-0.899,2026-09
50.125,-37.875,14.227,-0.592,2026-09
50.125,-35.875,15.593,0.879,2026-09
50.125,-33.875,14.913,-0.072,2026-09
50.125,-31.875,15.019,0.063,2026-09
50.125,-29.875,15.439,0.173,2026-09
50.125,-27.875,15.687,0.328,2026-09
50.125,-25.875,15.483,0.095,2026-09
50.125,-23.875,16.617,0.916,2026-09
50.125,-21.875,16.546,0.666,2026-09
50.125,-19.875,16.949,0.895,2026-09
50.125,-17.875,16.92,0.727,2026-09
50.125,-15.875,17.424,1.268,2026-09
50.125,-13.875,17.464,1.257,2026-09
50.125,-11.875,17.759,1.556,2026-09
50.125,-9.875,17.829,1.784,2026-09
50.125,-7.875,18.065,1.53,2026-09
50.125,-5.875,17.238,1.631,2026-09
50.125,-3.875,17.154,1.284,2026-09
50.125,-1.875,18.529,1.782,2026-09
52.125,2.125,19.44,2.223,2026-09
52.125,4.125,19.397,1.832,2026-09
52.125,144.125,12.674,1.461,2026-09
52.125,146.125,13.347,1.116,2026-09
52.125,148.125,12.472,0.504,2026-09
52.125,150.125,12.634,1.065,2026-09
52.125,152.125,12.59,1.367,2026-09
52.125,154.125,12.358,1.628,2026-09
52.125,156.125,11.926,1.319,2026-09
52.125,160.125,11.368,0.668,2026-09
52.125,162.125,12.248,1.082,2026-09
52.125,164.125,12.608,1.619,2026-09
52.125,166.125,12.344,1.615,2026-09
52.125,168.125,11.919,1.418,2026-09
52.125,170.125,11.623,1.434,2026-09
52.125,172.125,10.774,0.826,2026-09
52.125,174.125,10.111,0.69,2026-09
52.125,176.125,9.229,0.56,2026-09
52.125,178.125,9.327,0.394,2026-09
52.125,-179.875,8.273,0.216,2026-09
52.125,-177.875,9.807,1.12,2026-09
52.125,-175.875,9.022,0.136,2026-09
52.125,-173.875,9.132,0.166,2026-09
52.125,-171.875,8.148,-0.579,2026-09
52.125,-169.875,10.16,0.02,2026-09
52.125,-167.875,10.996,0.261,2026-09
52.125,-165.875,11.895,0.999,2026-09
52.125,-163.875,12.146,1.211,2026-09
52.125,-161.875,12.643,1.556,2026-09
52.125,-159.875,12.721,1.378,2026-09
52.125,-157.875,12.896,1.466,2026-09
52.125,-155.875,13.0,1.467,2026-09
52.125,-153.875,13.064,1.348,2026-09
52.125,-151.875,13.278,1.387,2026-09
52.125,-149.875,13.345,1.279,2026-09
52.125,-147.875,13.673,1.469,2026-09
52.125,-145.875,13.69,1.307,2026-09
52.125,-143.875,13.736,1.075,2026-09
52.125,-141.875,13.875,1.011,2026-09
52.125,-139.875,14.205,0.982,2026-09
52.125,-137.875,14.643,1.056,2026-09
52.125,-135.875,14.977,1.037,2026-09
52.125,-133.875,14.641,0.616,2026-09
52.125,-131.875,14.208,0.516,2026-09
52.125,-129.875,13.882,0.381,2026-09
52.125,-79.875,10.783,2.553,2026-09
52.125,-53.875,8.46,1.336,2026-09
52.125,-51.875,8.685,1.311,2026-09
52.125,-49.875,10.867,1.531,2026-09
52.125,-47.875,11.961,0.625,2026-09
52.125,-45.875,12.176,0.35,2026-09
52.125,-43.875,12.86,0.418,2026-09
52.125,-41.875,12.301,-0.411,2026-09
52.125,-39.875,12.21,0.018,2026-09
52.125,-37.875,12.185,-0.15,2026-09
52.125,-35.875,12.184,-0.33,2026-09
52.125,-33.875,12.424,-0.492,2026-09
52.125,-31.875,13.257,-0.038,2026-09
52.125,-29.875,13.984,0.519,2026-09
52.125,-27.875,13.882,0.045,2026-09
52.125,-25.875,15.127,0.97,2026-09
52.125,-23.875,15.111,0.785,2026-09
52.125,-21.875,15.732,1.042,2026-09
52.125,-19.875,15.113,0.202,2026-09
52.125,-17.875,16.16,0.809,2026-09
52.125,-15.875,15.862,0.556,2026-09
52.125,-13.875,15.752,0.633,2026-09
52.125,-11.875,16.262,0.934,2026-09
52.125,-5.875,16.563,1.385,2026-09
54.125,0.125,15.631,1.902,2026-09
54.125,2.125,17.469,2.284,2026-09
54.125,4.125,17.838,1.792,2026-09
54.125,6.125,18.554,1.665,2026-09
54.125,8.125,17.467,0.871,2026-09
54.125,14.125,16.986,0.535,2026-09
54.125,138.125,11.222,0.735,2026-09
54.125,140.125,12.231,1.536,2026-09
54.125,142.125,14.838,2.461,2026-09
54.125,144.125,10.982,-0.166,2026-09
54.125,146.125,13.583,1.754,2026-09
54.125,148.125,13.263,1.649,2026-09
54.125,150.125,12.822,1.39,2026-09
54.125,152.125,12.511,1.277,2026-09
54.125,154.125,12.169,1.085,2026-09
54.125,160.125,12.261,1.175,2026-09
54.125,162.125,11.458,0.589,2026-09
54.125,164.125,11.212,0.44,2026-09
54.125,166.125,10.82,0.383,2026-09
54.125,168.125,10.276,0.14,2026-09
54.125,170.125,10.73,0.779,2026-09
54.125,172.125,10.554,0.673,2026-09
54.125,174.125,11.193,1.374,2026-09
54.125,176.125,11.036,1.453,2026-09
54.125,178.125,10.741,1.451,2026-09
54.125,-179.875,10.272,1.18,2026-09
54.125,-177.875,10.483,1.311,2026-09
54.125,-175.875,10.472,1.194,2026-09
54.125,-173.875,10.535,1.231,2026-09
54.125,-171.875,10.14,0.935,2026-09
54.125,-169.875,10.102,1.03,2026-09
54.125,-167.875,9.104,0.558,2026-09
54.125,-165.875,8.63,-0.141,2026-09
54.125,-163.875,10.418,0.251,2026-09
54.125,-161.875,10.933,0.293,2026-09
54.125,-159.875,11.125,0.03,2026-09
54.125,-157.875,12.435,0.899,2026-09
54.125,-155.875,12.8,1.199,2026-09
54.125,-153.875,12.903,1.315,2026-09
54.125,-151.875,13.048,1.316,2026-09
54.125,-149.875,12.976,1.21,2026-09
54.125,-147.875,13.04,1.108,2026-09
54.125,-145.875,13.335,1.159,2026-09
54.125,-143.875,13.603,1.218,2026-09
54.125,-141.875,13.586,0.991,2026-09
54.125,-139.875,14.142,1.183,2026-09
54.125,-137.875,14.303,1.079,2026-09
54.125,-135.875,14.353,1.075,2026-09
54.125,-133.875,13.617,0.282,2026-09
54.125,-131.875,12.471,0.265,2026-09
54.125,-81.875,10.266,2.515,2026-09
54.125,-79.875,8.818,0.995,2026-09
54.125,-55.875,6.17,0.418,2026-09
54.125,-53.875,6.227,0.946,2026-09
54.125,-51.875,9.699,1.681,2026-09
54.125,-49.875,10.827,1.045,2026-09
54.125,-47.875,10.895,0.856,2026-09
54.125,-45.875,11.309,1.201,2026-09
54.125,-43.875,11.195,0.819,2026-09
54.125,-41.875,10.907,0.421,2026-09
54.125,-39.875,10.682,0.046,2026-09
54.125,-37.875,11.049,0.069,2026-09
54.125,-35.875,11.043,-0.083,2026-09
54.125,-33.875,11.485,-0.013,2026-09
54.125,-31.875,11.93,-0.197,2026-09
54.125,-29.875,12.176,-0.303,2026-09
54.125,-27.875,12.663,-0.15,2026-09
54.125,-25.875,13.154,-0.128,2026-09
54.125,-23.875,13.454,0.005,2026-09
54.125,-21.875,14.257,0.282,2026-09
54.125,-19.875,14.716,0.507,2026-09
54.125,-17.875,15.011,0.623,2026-09
54.125,-15.875,15.175,0.661,2026-09
54.125,-13.875,14.954,0.503,2026-09
54.125,-11.875,14.717,0.415,2026-09
54.125,-5.875,15.168,0.861,2026-09
54.125,-3.875,16.895,1.503,2026-09
56.125,0.125,14.998,1.188,2026-09
56.125,2.125,16.033,1.476,2026-09
56.125,4.125,15.997,1.185,2026-09
56.125,6.125,16.686,1.107,2026-09
56.125,8.125,16.662,0.709,2026-09
56.125,12.125,16.277,0.714,2026-09
56.125,16.125,14.604,-0.351,2026-09
56.125,18.125,15.794,0.685,2026-09
56.125,20.125,16.904,1.135,2026-09
56.125,138.125,12.121,0.657,2026-09
56.125,140.125,12.714,1.393,2026-09
56.125,142.125,12.62,1.434,2026-09
56.125,144.125,10.83,0.858,2026-09
56.125,146.125,11.222,0.583,2026-09
56.125,148.125,12.66,1.588,2026-09
56.125,150.125,11.968,0.905,2026-09
56.125,152.125,11.916,1.163,2026-09
56.125,154.125,11.837,1.208,2026-09
56.125,162.125,11.774,1.242,2026-09
56.125,164.125,11.106,0.688,2026-09
56.125,166.125,10.663,0.422,2026-09
56.125,168.125,9.785,-0.247,2026-09
56.125,170.125,10.0,0.177,2026-09
56.125,172.125,10.571,0.863,2026-09
56.125,174.125,10.739,1.132,2026-09
56.125,176.125,10.764,1.366,2026-09
56.125,178.125,10.646,1.371,2026-09
56.125,-179.875,10.411,1.18,2026-09
56.125,-177.875,10.49,1.305,2026-09
56.125,-175.875,9.892,0.623,2026-09
56.125,-173.875,10.085,0.841,2026-09
56.125,-171.875,9.669,0.565,2026-09
56.125,-169.875,9.2,0.198,2026-09
56.125,-167.875,9.557,0.158,2026-09
56.125,-165.875,9.777,0.323,2026-09
56.125,-163.875,9.942,0.108,2026-09
56.125,-161.875,10.783,0.586,2026-09
56.125,-157.875,10.779,-0.141,2026-09
56.125,-155.875,11.261,0.639,2026-09
56.125,-153.875,10.714,-0.066,2026-09
56.125,-151.875,13.133,1.504,2026-09
56.125,-149.875,13.044,1.267,2026-09
56.125,-147.875,13.117,1.076,2026-09
56.125,-145.875,13.478,1.362,2026-09
56.125,-143.875,13.655,1.395,2026-09
56.125,-141.875,14.246,1.791,2026-09
56.125,-139.875,14.045,1.326,2026-09
56.125,-137.875,14.238,1.388,2026-09
56.125,-135.875,13.266,0.676,2026-09
56.125,-133.875,10.211,-1.237,2026-09
56.125,-85.875,8.469,1.455,2026-09
56.125,-83.875,8.154,1.5,2026-09
56.125,-81.875,8.175,1.426,2026-09
56.125,-79.875,6.082,-0.315,2026-09
56.125,-77.875,8.449,1.054,2026-09
56.125,-59.875,4.846,0.326,2026-09
56.125,-57.875,4.972,0.547,2026-09
56.125,-55.875,9.103,1.557,2026-09
56.125,-53.875,9.901,1.84,2026-09
56.125,-51.875,10.186,1.755,2026-09
56.125,-49.875,10.274,1.725,2026-09
56.125,-47.875,10.16,1.543,2026-09
56.125,-45.875,9.909,1.199,2026-09
56.125,-43.875,9.698,0.788,2026-09
56.125,-41.875,10.025,0.723,2026-09
56.125,-39.875,10.083,0.486,2026-09
56.125,-37.875,10.422,0.423,2026-09
56.125,-35.875,10.754,0.376,2026-09
56.125,-33.875,11.135,0.289,2026-09
56.125,-31.875,11.449,0.107,2026-09
56.125,-29.875,11.723,-0.121,2026-09
56.125,-27.875,12.037,-0.093,2026-09
56.125,-25.875,12.666,0.074,2026-09
56.125,-23.875,12.829,-0.097,2026-09
56.125,-21.875,13.033,-0.219,2026-09
56.125,-19.875,14.104,0.701,2026-09
56.125,-17.875,13.657,0.259,2026-09
56.125,-15.875,13.38,0.272,2026-09
56.125,-13.875,13.925,0.224,2026-09
56.125,-11.875,14.041,0.351,2026-09
56.125,-9.875,14.243,0.477,2026-09
56.125,-7.875,14.466,0.556,2026-09
56.125,-5.875,14.672,0.975,2026-09
56.125,-1.875,14.218,1.237,2026-09
58.125,0.125,13.926,0.825,2026-09
58.125,2.125,14.511,0.832,2026-09
58.125,4.125,14.417,0.437,2026-09
58.125,6.125,15.702,0.623,2026-09
58.125,8.125,15.883,0.573,2026-09
58.125,10.125,15.166,0.217,2026-09
58.125,18.125,16.175,1.463,2026-09
58.125,20.125,16.289,1.35,2026-09
58.125,22.125,15.964,0.866,2026-09
58.125,24.125,16.654,1.356,2026-09
58.125,142.125,12.147,1.197,2026-09
58.125,144.125,12.203,1.077,2026-09
58.125,146.125,11.963,0.859,2026-09
58.125,148.125,11.198,0.094,2026-09
58.125,150.125,10.29,0.108,2026-09
58.125,152.125,9.369,0.697,2026-09
58.125,154.125,10.536,1.727,2026-09
58.125,156.125,10.501,1.657,2026-09
58.125,158.125,10.328,1.187,2026-09
58.125,162.125,12.386,1.191,2026-09
58.125,164.125,11.185,1.269,2026-09
58.125,166.125,10.542,0.908,2026-09
58.125,168.125,9.505,0.049,2026-09
58.125,170.125,9.436,0.154,2026-09
58.125,172.125,9.406,0.028,2026-09
58.125,174.125,9.575,0.241,2026-09
58.125,176.125,9.809,0.541,2026-09
58.125,178.125,9.643,0.529,2026-09
58.125,-179.875,9.997,0.885,2026-09
58.125,-177.875,9.843,0.784,2026-09
58.125,-175.875,9.743,0.81,2026-09
58.125,-173.875,9.324,0.452,2026-09
58.125,-171.875,8.772,-0.033,2026-09
58.125,-169.875,7.961,-0.458,2026-09
58.125,-167.875,7.774,-0.628,2026-09
58.125,-165.875,8.205,-0.574,2026-09
58.125,-163.875,7.962,-1.357,2026-09
58.125,-161.875,8.996,-0.874,2026-09
58.125,-159.875,10.152,-0.55,2026-09
58.125,-157.875,11.768,-0.166,2026-09
58.125,-153.875,11.604,0.634,2026-09
58.125,-151.875,10.381,0.147,2026-09
58.125,-149.875,10.777,0.057,2026-09
58.125,-147.875,13.672,1.71,2026-09
58.125,-145.875,13.361,1.163,2026-09
58.125,-143.875,13.677,1.32,2026-09
58.125,-141.875,14.244,1.64,2026-09
58.125,-139.875,14.234,1.548,2026-09
58.125,-137.875,13.488,0.983,2026-09
58.125,-91.875,8.006,0.759,2026-09
58.125,-89.875,6.938,0.268,2026-09
58.125,-87.875,7.252,0.983,2026-09
58.125,-85.875,7.022,0.856,2026-09
58.125,-83.875,7.721,1.375,2026-09
58.125,-81.875,8.259,1.855,2026-09
58.125,-79.875,6.573,0.323,2026-09
58.125,-77.875,8.835,1.667,2026-09
58.125,-61.875,5.116,1.239,2026-09
58.125,-59.875,3.614,0.378,2026-09
58.125,-57.875,7.994,1.417,2026-09
58.125,-55.875,9.177,1.772,2026-09
58.125,-53.875,9.265,1.693,2026-09
58.125,-51.875,8.907,1.341,2026-09
58.125,-49.875,8.699,1.154,2026-09
58.125,-47.875,8.75,1.33,2026-09
58.125,-45.875,9.156,1.486,2026-09
58.125,-43.875,9.091,1.249,2026-09
58.125,-41.875,9.36,1.265,2026-09
58.125,-39.875,9.581,1.022,2026-09
58.125,-37.875,9.898,0.856,2026-09
58.125,-35.875,10.421,0.88,2026-09
58.125,-33.875,10.764,0.815,2026-09
58.125,-31.875,11.24,0.861,2026-09
58.125,-29.875,11.575,0.587,2026-09
58.125,-27.875,11.799,0.442,2026-09
58.125,-25.875,12.233,0.391,2026-09
58.125,-23.875,12.657,0.392,2026-09
58.125,-21.875,12.912,0.658,2026-09
58.125,-19.875,12.976,0.462,2026-09
58.125,-17.875,12.846,0.426,2026-09
58.125,-15.875,12.814,0.295,2026-09
58.125,-13.875,12.815,0.335,2026-09
58.125,-11.875,13.135,0.182,2026-09
58.125,-9.875,13.544,0.545,2026-09
58.125,-7.875,13.672,0.384,2026-09
58.125,-5.875,13.512,0.476,2026-09
58.125,-1.875,13.5,0.875,2026-09
60.125,0.125,12.982,0.371,2026-09
60.125,2.125,13.483,0.41,2026-09
60.125,4.125,13.834,-0.042,2026-09
60.125,22.125,14.793,0.61,2026-09
60.125,26.125,15.637,1.163,2026-09
60.125,28.125,16.152,1.46,2026-09
60.125,156.125,8.666,0.403,2026-09
60.125,158.125,8.878,1.246,2026-09
60.125,160.125,9.634,1.543,2026-09
60.125,166.125,11.057,1.175,2026-09
60.125,168.125,10.401,0.884,2026-09
60.125,172.125,8.731,-0.3,2026-09
60.125,174.125,8.999,-0.023,2026-09
60.125,176.125,8.846,-0.033,2026-09
60.125,178.125,9.168,0.362,2026-09
60.125,-179.875,9.55,0.737,2026-09
60.125,-177.875,8.982,0.546,2026-09
60.125,-175.875,8.439,-0.033,2026-09
60.125,-173.875,7.819,-0.189,2026-09
60.125,-171.875,7.617,-0.169,2026-09
60.125,-169.875,8.034,0.429,2026-09
60.125,-167.875,8.221,-0.852,2026-09
60.125,-151.875,11.052,-0.14,2026-09
60.125,-145.875,12.789,0.64,2026-09
60.125,-93.875,8.282,1.672,2026-09
60.125,-91.875,7.328,0.664,2026-09
60.125,-89.875,7.478,1.08,2026-09
60.125,-87.875,7.36,1.261,2026-09
60.125,-85.875,7.469,1.456,2026-09
60.125,-83.875,7.49,1.471,2026-09
60.125,-81.875,7.755,1.799,2026-09
60.125,-79.875,8.44,2.265,2026-09
60.125,-77.875,9.823,2.811,2026-09
60.125,-67.875,2.061,0.175,2026-09
60.125,-65.875,2.298,0.068,2026-09
60.125,-63.875,2.258,0.447,2026-09
60.125,-61.875,2.468,0.257,2026-09
60.125,-59.875,6.471,1.128,2026-09
60.125,-57.875,7.869,1.439,2026-09
60.125,-55.875,7.909,1.299,2026-09
60.125,-53.875,8.279,1.591,2026-09
60.125,-51.875,7.949,1.339,2026-09
60.125,-49.875,7.985,1.546,2026-09
60.125,-47.875,6.07,1.169,2026-09
60.125,-45.875,4.758,1.337,2026-09
60.125,-41.875,8.181,0.497,2026-09
60.125,-39.875,9.53,0.963,2026-09
60.125,-37.875,9.774,1.08,2026-09
60.125,-35.875,10.145,1.112,2026-09
60.125,-33.875,10.457,1.086,2026-09
60.125,-31.875,10.714,0.981,2026-09
60.125,-29.875,11.032,0.807,2026-09
60.125,-27.875,11.27,0.637,2026-09
60.125,-25.875,11.801,0.74,2026-09
60.125,-23.875,11.82,0.508,2026-09
60.125,-21.875,12.289,0.602,2026-09
60.125,-19.875,12.366,0.623,2026-09
60.125,-17.875,12.528,0.779,2026-09
60.125,-15.875,12.177,0.331,2026-09
60.125,-13.875,12.617,0.605,2026-09
60.125,-11.875,12.54,0.588,2026-09
60.125,-9.875,12.196,0.432,2026-09
60.125,-7.875,11.955,0.337,2026-09
60.125,-5.875,11.778,0.159,2026-09
60.125,-3.875,12.872,0.721,2026-09
60.125,-1.875,12.662,0.743,2026-09
62.125,0.125,12.053,0.513,2026-09
62.125,2.125,12.254,0.343,2026-09
62.125,4.125,13.641,0.073,2026-09
62.125,18.125,14.366,1.476,2026-09
62.125,20.125,14.673,1.626,2026-09
62.125,164.125,11.85,1.161,2026-09
62.125,176.125,8.079,0.555,2026-09
62.125,178.125,8.26,0.43,2026-09
62.125,-179.875,8.483,0.433,2026-09
62.125,-177.875,7.959,0.065,2026-09
62.125,-175.875,6.952,-0.74,2026-09
62.125,-173.875,6.966,-0.537,2026-09
62.125,-171.875,7.714,0.381,2026-09
62.125,-169.875,8.09,0.743,2026-09
62.125,-167.875,7.697,-0.199,2026-09
62.125,-165.875,9.54,0.284,2026-09
62.125,-91.875,7.17,1.401,2026-09
62.125,-89.875,7.665,1.387,2026-09
62.125,-87.875,7.495,1.568,2026-09
62.125,-85.875,7.481,1.749,2026-09
62.125,-83.875,6.449,1.327,2026-09
62.125,-81.875,6.565,1.346,2026-09
62.125,-71.875,4.496,1.494,2026-09
62.125,-69.875,3.813,1.228,2026-09
62.125,-67.875,1.259,0.139,2026-09
62.125,-65.875,1.338,0.129,2026-09
62.125,-63.875,3.403,0.472,2026-09
62.125,-61.875,5.755,1.917,2026-09
62.125,-59.875,6.638,1.216,2026-09
62.125,-57.875,7.116,1.106,2026-09
62.125,-55.875,7.162,1.075,2026-09
62.125,-53.875,6.899,1.246,2026-09
62.125,-51.875,5.676,0.906,2026-09
62.125,-49.875,5.097,1.638,2026-09
62.125,-41.875,3.931,-0.392,2026-09
62.125,-39.875,8.954,0.689,2026-09
62.125,-37.875,9.832,1.044,2026-09
62.125,-35.875,10.252,1.225,2026-09
62.125,-33.875,10.293,1.06,2026-09
62.125,-31.875,10.598,1.129,2026-09
62.125,-29.875,10.646,0.863,2026-09
62.125,-27.875,10.884,0.887,2026-09
62.125,-25.875,10.977,0.699,2026-09
62.125,-23.875,11.569,0.906,2026-09
62.125,-21.875,11.838,0.964,2026-09
62.125,-19.875,11.95,0.887,2026-09
62.125,-17.875,12.073,0.84,2026-09
62.125,-15.875,12.096,0.761,2026-09
62.125,-13.875,12.346,1.051,2026-09
62.125,-11.875,12.262,1.003,2026-09
62.125,-9.875,11.766,0.726,2026-09
62.125,-7.875,10.692,0.536,2026-09
62.125,-5.875,10.91,0.557,2026-09
62.125,-3.875,10.876,0.452,2026-09
62.125,-1.875,11.26,0.135,2026-09
64.125,0.125,11.084,0.39,2026-09
64.125,2.125,11.593,0.171,2026-09
64.125,4.125,12.05,0.291,2026-09
64.125,6.125,12.351,0.189,2026-09
64.125,8.125,12.819,0.083,2026-09
64.125,10.125,12.894,0.013,2026-09
64.125,22.125,13.749,1.648,2026-09
64.125,-179.875,7.457,0.42,2026-09
64.125,-177.875,7.875,0.458,2026-09
64.125,-175.875,7.542,0.128,2026-09
64.125,-173.875,6.81,-0.124,2026-09
64.125,-171.875,5.805,-0.161,2026-09
64.125,-169.875,5.934,0.026,2026-09
64.125,-167.875,7.035,0.344,2026-09
64.125,-165.875,8.244,-0.189,2026-09
64.125,-163.875,9.468,-0.111,2026-09
64.125,-161.875,9.714,-0.054,2026-09
64.125,-87.875,6.181,1.615,2026-09
64.125,-79.875,2.963,1.422,2026-09
64.125,-77.875,1.799,0.704,2026-09
64.125,-75.875,3.401,1.552,2026-09
64.125,-73.875,4.025,1.778,2026-09
64.125,-63.875,2.343,-0.03,2026-09
64.125,-61.875,2.901,0.126,2026-09
64.125,-59.875,4.277,1.131,2026-09
64.125,-57.875,5.619,0.963,2026-09
64.125,-55.875,5.346,0.828,2026-09
64.125,-53.875,5.155,1.263,2026-09
64.125,-51.875,4.558,0.64,2026-09
64.125,-39.875,5.136,0.239,2026-09
64.125,-37.875,6.297,0.304,2026-09
64.125,-35.875,7.893,0.011,2026-09
64.125,-33.875,9.864,1.006,2026-09
64.125,-31.875,10.349,1.183,2026-09
64.125,-29.875,10.495,0.938,2026-09
64.125,-27.875,10.681,0.937,2026-09
64.125,-25.875,10.517,0.976,2026-09
64.125,-23.875,10.82,0.977,2026-09
64.125,-15.875,10.001,0.406,2026-09
64.125,-13.875,9.814,0.597,2026-09
64.125,-11.875,9.988,0.655,2026-09
64.125,-9.875,9.418,0.4,2026-09
64.125,-7.875,8.513,-0.181,2026-09
64.125,-5.875,9.468,0.468,2026-09
64.125,-3.875,10.03,0.465,2026-09
64.125,-1.875,10.549,0.378,2026-09
66.125,0.125,11.306,0.763,2026-09
66.125,2.125,11.481,0.526,2026-09
66.125,4.125,11.829,0.719,2026-09
66.125,6.125,12.163,0.555,2026-09
66.125,8.125,12.3,0.559,2026-09
66.125,10.125,12.382,0.524,2026-09
66.125,12.125,12.657,0.561,2026-09
66.125,36.125,10.939,1.631,2026-09
66.125,38.125,10.026,1.25,2026-09
66.125,40.125,9.905,1.636,2026-09
66.125,44.125,11.866,2.229,2026-09
66.125,-167.875,7.18,-0.056,2026-09
66.125,-165.875,7.656,-0.086,2026-09
66.125,-163.875,7.78,-0.807,2026-09
66.125,-85.875,1.673,1.11,2026-09
66.125,-83.875,2.581,2.133,2026-09
66.125,-81.875,2.144,1.485,2026-09
66.125,-79.875,1.668,1.315,2026-09
66.125,-77.875,1.223,0.6,2026-09
66.125,-75.875,2.902,1.292,2026-09
66.125,-61.875,3.156,1.238,2026-09
66.125,-59.875,4.73,2.669,2026-09
66.125,-57.875,4.503,1.459,2026-09
66.125,-55.875,5.893,1.665,2026-09
66.125,-53.875,5.541,1.104,2026-09
66.125,-37.875,2.623,0.138,2026-09
66.125,-35.875,4.067,1.133,2026-09
66.125,-33.875,3.496,0.248,2026-09
66.125,-31.875,3.523,-0.574,2026-09
66.125,-29.875,3.763,-1.043,2026-09
66.125,-27.875,4.243,-1.523,2026-09
66.125,-25.875,8.158,0.491,2026-09
66.125,-23.875,9.671,0.985,2026-09
66.125,-19.875,8.069,0.486,2026-09
66.125,-13.875,8.417,0.711,2026-09
66.125,-11.875,7.615,0.399,2026-09
66.125,-9.875,7.886,0.405,2026-09
66.125,-7.875,8.055,0.252,2026-09
66.125,-5.875,9.2,0.581,2026-09
66.125,-3.875,9.978,0.707,2026-09
66.125,-1.875,10.826,0.955,2026-09
68.125,0.125,11.058,1.078,2026-09
68.125,2.125,11.099,1.059,2026-09
68.125,4.125,10.958,0.731,2026-09
68.125,6.125,11.162,0.649,2026-09
68.125,8.125,11.484,0.638,2026-09
68.125,10.125,11.772,0.685,2026-09
68.125,12.125,11.985,0.958,2026-09
68.125,14.125,12.082,0.914,2026-09
68.125,16.125,11.982,0.672,2026-09
68.125,40.125,9.895,2.069,2026-09
68.125,42.125,9.619,1.731,2026-09
68.125,44.125,10.083,1.79,2026-09
68.125,48.125,9.836,2.341,2026-09
68.125,50.125,10.229,2.777,2026-09
68.125,74.125,12.403,9.233,2026-09
68.125,-175.875,2.848,-0.779,2026-09
68.125,-173.875,1.647,-2.456,2026-09
68.125,-171.875,3.672,-0.803,2026-09
68.125,-169.875,4.183,-0.613,2026-09
68.125,-167.875,5.882,0.126,2026-09
68.125,-165.875,7.651,0.234,2026-09
68.125,-113.875,5.734,1.627,2026-09
68.125,-111.875,6.13,2.101,2026-09
68.125,-109.875,6.386,3.105,2026-09
68.125,-107.875,7.57,4.782,2026-09
68.125,-103.875,5.718,3.069,2026-09
68.125,-101.875,5.597,2.664,2026-09
68.125,-99.875,5.691,2.947,2026-09
68.125,-95.875,5.673,3.527,2026-09
68.125,-87.875,1.412,1.615,2026-09
68.125,-85.875,1.557,1.831,2026-09
68.125,-81.875,4.399,3.169,2026-09
68.125,-79.875,3.884,2.636,2026-09
68.125,-77.875,3.837,2.847,2026-09
68.125,-73.875,4.802,2.99,2026-09
68.125,-65.875,5.209,2.655,2026-09
68.125,-63.875,4.359,1.982,2026-09
68.125,-61.875,5.101,2.545,2026-09
68.125,-59.875,5.213,2.415,2026-09
68.125,-57.875,5.746,2.107,2026-09
68.125,-55.875,5.814,1.549,2026-09
68.125,-53.875,5.426,1.127,2026-09
68.125,-31.875,2.856,0.821,2026-09
68.125,-29.875,3.231,0.92,2026-09
68.125,-27.875,3.836,1.46,2026-09
68.125,-25.875,3.419,1.283,2026-09
68.125,-23.875,3.98,1.687,2026-09
68.125,-21.875,4.603,1.087,2026-09
68.125,-19.875,4.522,0.413,2026-09
68.125,-17.875,6.245,1.024,2026-09
68.125,-15.875,6.525,1.065,2026-09
68.125,-13.875,7.019,1.185,2026-09
68.125,-11.875,7.562,1.137,2026-09
68.125,-9.875,7.904,1.057,2026-09
68.125,-7.875,8.403,0.907,2026-09
68.125,-5.875,9.543,1.185,2026-09
68.125,-3.875,9.898,1.029,2026-09
68.125,-1.875,10.85,1.479,2026-09
70.125,0.125,10.01,1.259,2026-09
70.125,2.125,10.253,1.47,2026-09
70.125,4.125,10.28,1.318,2026-09
70.125,6.125,10.792,1.421,2026-09
70.125,8.125,10.806,1.335,2026-09
70.125,10.125,10.684,1.149,2026-09
70.125,12.125,10.821,1.152,2026-09
70.125,14.125,10.595,0.758,2026-09
70.125,16.125,10.949,0.831,2026-09
70.125,18.125,10.972,0.898,2026-09
70.125,20.125,10.332,0.791,2026-09
70.125,32.125,10.015,1.222,2026-09
70.125,34.125,9.851,1.226,2026-09
70.125,36.125,9.658,1.368,2026-09
70.125,38.125,8.973,1.014,2026-09
70.125,40.125,8.998,1.121,2026-09
70.125,42.125,8.744,1.306,2026-09
70.125,44.125,8.813,1.424,2026-09
70.125,46.125,8.684,1.419,2026-09
70.125,48.125,9.042,2.008,2026-09
70.125,50.125,8.982,2.134,2026-09
70.125,52.125,9.079,2.465,2026-09
70.125,54.125,9.043,2.793,2026-09
70.125,56.125,8.968,2.813,2026-09
70.125,58.125,9.741,3.769,2026-09
70.125,60.125,8.757,3.366,2026-09
70.125,62.125,9.525,3.902,2026-09
70.125,64.125,9.613,3.978,2026-09
70.125,66.125,10.027,4.742,2026-09
70.125,160.125,3.581,0.761,2026-09
70.125,162.125,3.751,1.438,2026-09
70.125,164.125,3.198,1.006,2026-09
70.125,166.125,2.192,0.164,2026-09
70.125,168.125,3.042,1.079,2026-09
70.125,170.125,3.444,1.312,2026-09
70.125,172.125,2.991,1.286,2026-09
70.125,174.125,3.113,1.483,2026-09
70.125,176.125,2.247,0.207,2026-09
70.125,178.125,1.15,-1.236,2026-09
70.125,-179.875,0.119,-2.368,2026-09
70.125,-177.875,0.002,-2.81,2026-09
70.125,-175.875,-0.291,-4.14,2026-09
70.125,-173.875,2.456,-2.21,2026-09
70.125,-171.875,3.708,-1.183,2026-09
70.125,-169.875,3.323,-1.536,2026-09
70.125,-167.875,3.484,-1.836,2026-09
70.125,-165.875,5.528,-0.416,2026-09
70.125,-163.875,6.284,0.713,2026-09
70.125,-143.875,2.298,0.671,2026-09
70.125,-141.875,1.385,-0.787,2026-09
70.125,-139.875,1.042,-1.55,2026-09
70.125,-137.875,2.285,-0.934,2026-09
70.125,-135.875,2.854,-0.575,2026-09
70.125,-133.875,3.877,0.342,2026-09
70.125,-131.875,4.847,1.612,2026-09
70.125,-129.875,5.604,2.379,2026-09
70.125,-125.875,3.608,0.368,2026-09
70.125,-123.875,3.524,0.204,2026-09
70.125,-121.875,2.513,-0.879,2026-09
70.125,-119.875,2.629,-0.874,2026-09
70.125,-117.875,3.436,-0.348,2026-09
70.125,-99.875,2.047,1.905,2026-09
70.125,-97.875,3.004,2.471,2026-09
70.125,-91.875,2.417,2.087,2026-09
70.125,-89.875,1.723,1.615,2026-09
70.125,-87.875,1.271,1.526,2026-09
70.125,-77.875,4.303,3.784,2026-09
70.125,-65.875,4.853,2.171,2026-09
70.125,-63.875,5.434,2.622,2026-09
70.125,-61.875,5.673,2.762,2026-09
70.125,-59.875,5.703,2.561,2026-09
70.125,-57.875,5.355,1.611,2026-09
70.125,-55.875,5.367,1.046,2026-09
70.125,-23.875,4.992,2.844,2026-09
70.125,-21.875,3.878,2.362,2026-09
70.125,-19.875,2.703,1.423,2026-09
70.125,-17.875,4.548,1.659,2026-09
70.125,-15.875,5.948,1.723,2026-09
70.125,-13.875,6.757,1.654,2026-09
70.125,-11.875,7.292,1.463,2026-09
70.125,-9.875,7.512,1.253,2026-09
70.125,-7.875,7.921,1.162,2026-09
70.125,-5.875,10.011,2.282,2026-09
70.125,-3.875,9.912,1.572,2026-09
70.125,-1.875,9.773,0.983,2026-09
72.125,0.125,7.887,1.042,2026-09
72.125,2.125,8.604,1.176,2026-09
72.125,4.125,9.083,1.298,2026-09
72.125,6.125,9.2,1.207,2026-09
72.125,8.125,8.987,1.032,2026-09
72.125,10.125,9.22,1.159,2026-09
72.125,12.125,9.785,1.302,2026-09
72.125,14.125,10.117,1.201,2026-09
72.125,16.125,10.31,1.172,2026-09
72.125,18.125,9.887,1.033,2026-09
72.125,20.125,9.67,1.066,2026-09
72.125,22.125,9.875,1.29,2026-09
72.125,24.125,9.742,1.096,2026-09
72.125,26.125,9.683,1.287,2026-09
72.125,28.125,9.513,1.304,2026-09
72.125,30.125,9.69,1.548,2026-09
72.125,32.125,9.386,1.455,2026-09
72.125,34.125,8.867,1.33,2026-09
72.125,36.125,8.081,1.211,2026-09
72.125,38.125,7.233,0.576,2026-09
72.125,40.125,7.739,0.747,2026-09
72.125,42.125,8.328,1.155,2026-09
72.125,44.125,7.969,0.986,2026-09
72.125,46.125,7.78,0.966,2026-09
72.125,48.125,7.715,1.31,2026-09
72.125,50.125,7.899,1.896,2026-09
72.125,52.125,7.531,2.238,2026-09
72.125,56.125,4.754,0.794,2026-09
72.125,58.125,6.808,2.312,2026-09
72.125,60.125,7.2,2.468,2026-09
72.125,62.125,7.728,2.754,2026-09
72.125,64.125,7.209,2.487,2026-09
72.125,66.125,8.85,4.316,2026-09
72.125,68.125,8.856,4.746,2026-09
72.125,74.125,9.517,5.436,2026-09
72.125,76.125,9.435,5.649,2026-09
72.125,78.125,8.559,5.639,2026-09
72.125,82.125,11.304,7.841,2026-09
72.125,130.125,6.454,2.489,2026-09
72.125,132.125,5.424,1.828,2026-09
72.125,134.125,5.171,1.823,2026-09
72.125,136.125,4.449,1.296,2026-09
72.125,138.125,4.604,1.577,2026-09
72.125,150.125,3.415,1.047,2026-09
72.125,152.125,3.931,1.837,2026-09
72.125,154.125,4.032,2.216,2026-09
72.125,156.125,3.982,2.302,2026-09
72.125,158.125,3.67,2.206,2026-09
72.125,160.125,3.123,1.945,2026-09
72.125,162.125,1.956,0.975,2026-09
72.125,164.125,0.669,-0.23,2026-09
72.125,166.125,-0.405,-1.157,2026-09
72.125,168.125,-0.842,-1.391,2026-09
72.125,170.125,-0.626,-1.124,2026-09
72.125,172.125,-0.676,-1.299,2026-09
72.125,174.125,-1.061,-1.826,2026-09
72.125,176.125,-1.152,-1.844,2026-09
72.125,178.125,-1.285,-1.894,2026-09
72.125,-179.875,-0.967,-1.532,2026-09
72.125,-177.875,-0.603,-1.232,2026-09
72.125,-175.875,-0.661,-1.909,2026-09
72.125,-173.875,0.08,-2.274,2026-09
72.125,-171.875,-0.012,-2.192,2026-09
72.125,-169.875,0.929,-1.638,2026-09
72.125,-167.875,1.673,-1.328,2026-09
72.125,-165.875,1.737,-1.086,2026-09
72.125,-163.875,0.853,-1.479,2026-09
72.125,-161.875,-0.038,-1.756,2026-09
72.125,-159.875,0.367,-1.167,2026-09
72.125,-157.875,0.442,-1.334,2026-09
72.125,-155.875,0.203,-1.586,2026-09
72.125,-153.875,0.731,-0.984,2026-09
72.125,-151.875,-0.585,-1.891,2026-09
72.125,-149.875,-0.536,-1.679,2026-09
72.125,-147.875,0.729,-0.223,2026-09
72.125,-145.875,-0.498,-1.417,2026-09
72.125,-143.875,-1.32,-2.045,2026-09
72.125,-141.875,-1.155,-1.794,2026-09
72.125,-139.875,-0.828,-1.271,2026-09
72.125,-137.875,-0.841,-1.025,2026-09
72.125,-135.875,-0.936,-0.978,2026-09
72.125,-133.875,-0.285,-0.26,2026-09
72.125,-131.875,-0.288,-0.174,2026-09
72.125,-129.875,0.394,0.124,2026-09
72.125,-127.875,2.283,1.285,2026-09
72.125,-125.875,2.204,0.51,2026-09
72.125,-119.875,2.552,0.657,2026-09
72.125,-107.875,0.568,0.832,2026-09
72.125,-103.875,-0.265,0.139,2026-09
72.125,-101.875,1.12,1.056,2026-09
72.125,-95.875,3.016,2.843,2026-09
72.125,-93.875,2.197,1.854,2026-09
72.125,-91.875,2.09,1.823,2026-09
72.125,-89.875,1.938,2.144,2026-09
72.125,-85.875,3.242,2.685,2026-09
72.125,-73.875,4.06,2.183,2026-09
72.125,-71.875,4.156,2.005,2026-09
72.125,-69.875,4.689,2.12,2026-09
72.125,-67.875,5.171,2.31,2026-09
72.125,-65.875,5.728,2.901,2026-09
72.125,-63.875,5.636,2.884,2026-09
72.125,-61.875,5.354,2.481,2026-09
72.125,-59.875,5.286,1.684,2026-09
72.125,-57.875,5.122,0.9,2026-09
72.125,-55.875,5.063,1.237,2026-09
72.125,-21.875,4.699,3.627,2026-09
72.125,-19.875,2.778,2.124,2026-09
72.125,-17.875,1.851,0.63,2026-09
72.125,-15.875,3.844,1.056,2026-09
72.125,-13.875,4.169,0.861,2026-09
72.125,-11.875,4.515,0.709,2026-09
72.125,-9.875,5.148,0.842,2026-09
72.125,-7.875,5.477,0.762,2026-09
72.125,-5.875,5.892,0.825,2026-09
72.125,-3.875,6.981,1.461,2026-09
72.125,-1.875,7.025,0.911,2026-09
74.125,0.125,6.452,1.745,2026-09
74.125,2.125,6.951,1.94,2026-09
74.125,4.125,7.113,1.481,2026-09
74.125,6.125,7.588,1.122,2026-09
74.125,8.125,8.026,1.106,2026-09
74.125,10.125,7.996,0.872,2026-09
74.125,12.125,8.252,0.924,2026-09
74.125,14.125,9.005,1.318,2026-09
74.125,16.125,9.056,1.683,2026-09
74.125,18.125,4.857,-0.197,2026-09
74.125,20.125,4.827,-0.084,2026-09
74.125,22.125,6.503,0.696,2026-09
74.125,24.125,7.516,1.043,2026-09
74.125,26.125,7.825,1.045,2026-09
74.125,28.125,7.915,1.021,2026-09
74.125,30.125,7.847,1.02,2026-09
74.125,32.125,7.243,0.867,2026-09
74.125,34.125,7.239,1.015,2026-09
74.125,36.125,6.88,1.095,2026-09
74.125,38.125,5.966,0.904,2026-09
74.125,40.125,5.819,0.927,2026-09
74.125,42.125,6.223,1.168,2026-09
74.125,44.125,6.854,1.408,2026-09
74.125,46.125,7.275,1.724,2026-09
74.125,48.125,6.828,1.505,2026-09
74.125,50.125,6.043,1.18,2026-09
74.125,52.125,6.909,1.919,2026-09
74.125,54.125,6.832,2.143,2026-09
74.125,60.125,3.889,0.24,2026-09
74.125,62.125,4.247,0.323,2026-09
74.125,64.125,5.381,1.419,2026-09
74.125,66.125,6.538,2.636,2026-09
74.125,68.125,6.9,3.024,2026-09
74.125,70.125,6.77,2.988,2026-09
74.125,72.125,6.814,3.108,2026-09
74.125,74.125,7.171,3.477,2026-09
74.125,76.125,7.463,3.864,2026-09
74.125,78.125,7.058,3.524,2026-09
74.125,80.125,7.045,3.546,2026-09
74.125,82.125,6.694,3.285,2026-09
74.125,84.125,6.004,2.82,2026-09
74.125,86.125,6.646,4.315,2026-09
74.125,110.125,4.48,3.343,2026-09
74.125,112.125,4.814,3.191,2026-09
74.125,114.125,3.992,2.171,2026-09
74.125,116.125,4.06,2.053,2026-09
74.125,118.125,3.653,1.51,2026-09
74.125,120.125,3.71,1.198,2026-09
74.125,122.125,3.491,0.962,2026-09
74.125,124.125,3.328,0.914,2026-09
74.125,126.125,2.961,0.396,2026-09
74.125,128.125,3.051,0.303,2026-09
74.125,130.125,2.797,-0.108,2026-09
74.125,132.125,2.487,-0.338,2026-09
74.125,134.125,1.736,-0.76,2026-09
74.125,136.125,1.558,-0.7,2026-09
74.125,138.125,1.969,-0.127,2026-09
74.125,140.125,2.368,0.356,2026-09
74.125,142.125,2.167,0.435,2026-09
74.125,144.125,1.63,0.053,2026-09
74.125,146.125,0.91,-0.477,2026-09
74.125,148.125,0.62,-0.61,2026-09
74.125,150.125,1.604,0.512,2026-09
74.125,152.125,2.235,1.251,2026-09
74.125,154.125,2.398,1.492,2026-09
74.125,156.125,2.473,1.795,2026-09
74.125,158.125,2.299,1.78,2026-09
74.125,160.125,1.894,1.601,2026-09
74.125,162.125,1.686,1.595,2026-09
74.125,164.125,1.549,1.627,2026-09
74.125,166.125,1.325,1.506,2026-09
74.125,168.125,1.151,1.439,2026-09
74.125,170.125,0.665,1.021,2026-09
74.125,172.125,-0.022,0.281,2026-09
74.125,174.125,-0.953,-0.66,2026-09
74.125,176.125,-1.399,-1.149,2026-09
74.125,178.125,-1.506,-1.245,2026-09
74.125,-179.875,-1.508,-1.322,2026-09
74.125,-177.875,-1.449,-1.331,2026-09
74.125,-175.875,-1.38,-1.223,2026-09
74.125,-173.875,-1.322,-1.193,2026-09
74.125,-171.875,-1.199,-1.142,2026-09
74.125,-169.875,-1.049,-1.283,2026-09
74.125,-167.875,-0.868,-1.24,2026-09
74.125,-165.875,-0.541,-1.073,2026-09
74.125,-163.875,-0.264,-0.912,2026-09
74.125,-161.875,-0.472,-1.032,2026-09
74.125,-159.875,-0.885,-1.256,2026-09
74.125,-157.875,-0.996,-1.294,2026-09
74.125,-155.875,-0.975,-1.164,2026-09
74.125,-153.875,-1.118,-1.232,2026-09
74.125,-151.875,-1.216,-1.138,2026-09
74.125,-149.875,-1.226,-1.059,2026-09
74.125,-147.875,-1.287,-1.078,2026-09
74.125,-145.875,-1.118,-0.81,2026-09
74.125,-143.875,-0.972,-0.556,2026-09
74.125,-141.875,-1.096,-0.549,2026-09
74.125,-139.875,-0.996,-0.408,2026-09
74.125,-137.875,-1.268,-0.578,2026-09
74.125,-135.875,-1.417,-0.594,2026-09
74.125,-133.875,-1.163,-0.258,2026-09
74.125,-131.875,-1.151,-0.279,2026-09
74.125,-129.875,-1.215,-0.405,2026-09
74.125,-127.875,-1.281,-0.628,2026-09
74.125,-125.875,-1.26,-1.086,2026-09
74.125,-115.875,-1.026,-0.624,2026-09
74.125,-113.875,-1.105,-0.726,2026-09
74.125,-111.875,-1.062,-0.749,2026-09
74.125,-109.875,-1.189,-0.866,2026-09
74.125,-107.875,-1.136,-0.761,2026-09
74.125,-105.875,-1.207,-0.794,2026-09
74.125,-103.875,-1.029,-0.642,2026-09
74.125,-101.875,-1.13,-0.655,2026-09
74.125,-99.875,-0.822,-0.28,2026-09
74.125,-97.875,-0.546,-0.233,2026-09
74.125,-95.875,0.944,0.985,2026-09
74.125,-93.875,1.384,1.493,2026-09
74.125,-91.875,1.022,0.991,2026-09
74.125,-89.875,1.059,1.019,2026-09
74.125,-87.875,1.415,1.272,2026-09
74.125,-85.875,1.568,1.195,2026-09
74.125,-83.875,2.228,1.672,2026-09
74.125,-81.875,1.97,1.34,2026-09
74.125,-79.875,2.451,1.265,2026-09
74.125,-77.875,2.959,1.711,2026-09
74.125,-75.875,3.458,1.979,2026-09
74.125,-73.875,3.721,1.974,2026-09
74.125,-71.875,3.707,1.708,2026-09
74.125,-69.875,3.733,1.529,2026-09
74.125,-67.875,4.198,1.781,2026-09
74.125,-65.875,4.813,2.403,2026-09
74.125,-63.875,4.775,2.221,2026-09
74.125,-61.875,4.759,1.946,2026-09
74.125,-59.875,4.329,1.308,2026-09
74.125,-57.875,4.124,0.812,2026-09
74.125,-19.875,3.134,2.872,2026-09
74.125,-17.875,1.788,1.837,2026-09
74.125,-15.875,0.543,0.438,2026-09
74.125,-13.875,2.29,0.519,2026-09
74.125,-11.875,3.598,0.721,2026-09
74.125,-9.875,4.466,1.087,2026-09
74.125,-7.875,4.973,1.22,2026-09
74.125,-5.875,5.03,1.007,2026-09
74.125,-3.875,5.332,1.066,2026-09
74.125,-1.875,5.994,1.545,2026-09
76.125,0.125,4.595,0.321,2026-09
76.125,2.125,5.354,0.738,2026-09
76.125,4.125,6.09,0.928,2026-09
76.125,6.125,6.499,0.673,2026-09
76.125,8.125,6.831,0.663,2026-09
76.125,10.125,6.918,0.781,2026-09
76.125,12.125,7.509,0.985,2026-09
76.125,14.125,8.064,1.889,2026-09
76.125,16.125,5.762,1.12,2026-09
76.125,18.125,5.937,1.649,2026-09
76.125,20.125,5.689,1.665,2026-09
76.125,22.125,5.193,1.497,2026-09
76.125,24.125,4.008,1.137,2026-09
76.125,26.125,4.219,1.247,2026-09
76.125,28.125,5.123,1.192,2026-09
76.125,30.125,5.904,1.167,2026-09
76.125,32.125,5.85,1.236,2026-09
76.125,34.125,5.741,1.436,2026-09
76.125,36.125,5.6,1.521,2026-09
76.125,38.125,5.105,1.428,2026-09
76.125,40.125,5.054,1.513,2026-09
76.125,42.125,5.64,1.869,2026-09
76.125,44.125,5.839,2.014,2026-09
76.125,46.125,5.937,2.259,2026-09
76.125,48.125,4.726,1.427,2026-09
76.125,50.125,4.47,1.369,2026-09
76.125,52.125,5.044,1.519,2026-09
76.125,54.125,4.788,1.482,2026-09
76.125,56.125,5.429,2.173,2026-09
76.125,58.125,5.382,2.104,2026-09
76.125,60.125,5.341,2.124,2026-09
76.125,68.125,4.909,1.97,2026-09
76.125,70.125,5.496,2.565,2026-09
76.125,72.125,6.128,3.204,2026-09
76.125,74.125,6.132,3.43,2026-09
76.125,76.125,6.224,3.733,2026-09
76.125,78.125,6.088,3.751,2026-09
76.125,80.125,5.777,3.646,2026-09
76.125,82.125,5.395,3.409,2026-09
76.125,84.125,4.971,3.082,2026-09
76.125,86.125,4.337,2.518,2026-09
76.125,88.125,3.761,2.012,2026-09
76.125,90.125,3.056,1.475,2026-09
76.125,92.125,2.013,0.749,2026-09
76.125,94.125,1.528,0.516,2026-09
76.125,98.125,1.982,1.068,2026-09
76.125,114.125,0.413,-0.331,2026-09
76.125,116.125,0.519,-0.442,2026-09
76.125,118.125,0.723,-0.38,2026-09
76.125,120.125,-0.15,-1.381,2026-09
76.125,122.125,-0.024,-1.542,2026-09
76.125,124.125,0.396,-1.319,2026-09
76.125,126.125,0.295,-1.45,2026-09
76.125,128.125,-0.506,-2.299,2026-09
76.125,130.125,0.188,-1.658,2026-09
76.125,132.125,0.198,-1.728,2026-09
76.125,134.125,0.232,-1.649,2026-09
76.125,136.125,0.118,-1.518,2026-09
76.125,138.125,-0.091,-1.547,2026-09
76.125,140.125,-0.081,-1.391,2026-09
76.125,142.125,-0.437,-1.532,2026-09
76.125,144.125,-0.26,-1.395,2026-09
76.125,146.125,-0.154,-1.114,2026-09
76.125,148.125,-0.171,-0.932,2026-09
76.125,150.125,0.128,-0.443,2026-09
76.125,152.125,0.279,-0.147,2026-09
76.125,154.125,0.041,-0.209,2026-09
76.125,156.125,-0.391,-0.45,2026-09
76.125,158.125,-0.25,-0.078,2026-09
76.125,160.125,-0.125,0.146,2026-09
76.125,162.125,0.081,0.46,2026-09
76.125,164.125,0.424,0.988,2026-09
76.125,166.125,0.245,0.779,2026-09
76.125,168.125,0.115,0.669,2026-09
76.125,170.125,-0.267,0.323,2026-09
76.125,172.125,-0.578,0.016,2026-09
76.125,174.125,-0.814,-0.208,2026-09
76.125,176.125,-1.214,-0.586,2026-09
76.125,178.125,-1.273,-0.674,2026-09
76.125,-179.875,-1.296,-0.749,2026-09
76.125,-177.875,-1.304,-0.777,2026-09
76.125,-175.875,-1.284,-0.708,2026-09
76.125,-173.875,-1.309,-0.642,2026-09
76.125,-171.875,-1.263,-0.604,2026-09
76.125,-169.875,-1.238,-0.74,2026-09
76.125,-167.875,-1.313,-0.883,2026-09
76.125,-165.875,-1.324,-0.973,2026-09
76.125,-163.875,-1.258,-0.973,2026-09
76.125,-161.875,-1.299,-0.905,2026-09
76.125,-159.875,-1.252,-0.761,2026-09
76.125,-157.875,-0.955,-0.437,2026-09
76.125,-155.875,-0.938,-0.332,2026-09
76.125,-153.875,-0.878,-0.251,2026-09
76.125,-151.875,-0.823,-0.131,2026-09
76.125,-149.875,-0.82,-0.071,2026-09
76.125,-147.875,-0.804,-0.045,2026-09
76.125,-145.875,-0.89,-0.093,2026-09
76.125,-143.875,-1.023,-0.172,2026-09
76.125,-141.875,-1.165,-0.289,2026-09
76.125,-139.875,-1.396,-0.443,2026-09
76.125,-137.875,-1.362,-0.436,2026-09
76.125,-135.875,-1.194,-0.219,2026-09
76.125,-133.875,-1.101,0.05,2026-09
76.125,-131.875,-1.191,-0.002,2026-09
76.125,-129.875,-1.359,-0.15,2026-09
76.125,-127.875,-1.394,-0.186,2026-09
76.125,-125.875,-1.526,-0.279,2026-09
76.125,-123.875,-1.421,-0.477,2026-09
76.125,-117.875,-1.177,-0.611,2026-09
76.125,-111.875,-1.27,-0.176,2026-09
76.125,-109.875,-1.26,-0.193,2026-09
76.125,-107.875,-1.231,-0.117,2026-09
76.125,-105.875,-1.485,-0.471,2026-09
76.125,-101.875,-1.309,-0.574,2026-09
76.125,-95.875,-0.603,-0.399,2026-09
76.125,-93.875,0.874,0.899,2026-09
76.125,-89.875,-0.166,0.145,2026-09
76.125,-87.875,0.373,0.497,2026-09
76.125,-85.875,0.612,0.726,2026-09
76.125,-83.875,0.719,0.694,2026-09
76.125,-81.875,1.08,1.06,2026-09
76.125,-79.875,1.165,1.108,2026-09
76.125,-77.875,0.902,0.77,2026-09
76.125,-75.875,0.97,0.527,2026-09
76.125,-73.875,2.108,1.209,2026-09
76.125,-71.875,2.633,1.268,2026-09
76.125,-69.875,2.617,1.143,2026-09
76.125,-65.875,1.447,0.67,2026-09
76.125,-63.875,1.607,0.096,2026-09
76.125,-61.875,1.117,-0.427,2026-09
76.125,-17.875,1.502,1.992,2026-09
76.125,-15.875,1.273,1.682,2026-09
76.125,-13.875,0.706,0.955,2026-09
76.125,-11.875,0.382,0.486,2026-09
76.125,-9.875,0.207,0.108,2026-09
76.125,-7.875,0.275,-0.53,2026-09
76.125,-5.875,2.151,-0.063,2026-09
76.125,-3.875,3.289,0.055,2026-09
76.125,-1.875,4.292,0.39,2026-09
78.125,0.125,3.823,0.711,2026-09
78.125,2.125,4.639,0.506,2026-09
78.125,4.125,5.505,0.755,2026-09
78.125,6.125,6.364,1.155,2026-09
78.125,8.125,6.847,1.422,2026-09
78.125,10.125,6.472,1.996,2026-09
78.125,12.125,5.486,1.827,2026-09
78.125,20.125,4.043,2.132,2026-09
78.125,24.125,3.452,2.427,2026-09
78.125,26.125,3.015,1.681,2026-09
78.125,28.125,3.26,1.71,2026-09
78.125,30.125,3.48,1.708,2026-09
78.125,32.125,3.861,1.775,2026-09
78.125,34.125,3.436,1.441,2026-09
78.125,36.125,2.975,1.148,2026-09
78.125,38.125,3.154,1.401,2026-09
78.125,40.125,3.157,1.362,2026-09
78.125,42.125,3.174,1.306,2026-09
78.125,44.125,3.405,1.364,2026-09
78.125,46.125,3.508,1.388,2026-09
78.125,48.125,3.369,1.305,2026-09
78.125,50.125,3.218,1.266,2026-09
78.125,52.125,3.137,1.284,2026-09
78.125,54.125,2.885,1.03,2026-09
78.125,56.125,2.793,1.017,2026-09
78.125,58.125,2.974,1.337,2026-09
78.125,60.125,3.21,1.705,2026-09
78.125,62.125,3.416,1.96,2026-09
78.125,64.125,3.493,1.916,2026-09
78.125,66.125,3.601,2.048,2026-09
78.125,68.125,3.703,2.112,2026-09
78.125,70.125,3.979,2.329,2026-09
78.125,72.125,3.885,2.272,2026-09
78.125,74.125,3.897,2.245,2026-09
78.125,76.125,4.064,2.374,2026-09
78.125,78.125,3.782,2.215,2026-09
78.125,80.125,3.235,1.982,2026-09
78.125,82.125,2.957,1.983,2026-09
78.125,84.125,2.789,2.025,2026-09
78.125,86.125,2.71,2.019,2026-09
78.125,88.125,2.405,1.693,2026-09
78.125,90.125,1.921,1.441,2026-09
78.125,92.125,0.83,0.627,2026-09
78.125,94.125,0.328,0.328,2026-09
78.125,96.125,0.145,0.212,2026-09
78.125,98.125,0.192,0.339,2026-09
78.125,102.125,0.181,0.339,2026-09
78.125,104.125,-0.053,0.045,2026-09
78.125,106.125,-0.195,-0.226,2026-09
78.125,108.125,0.062,0.03,2026-09
78.125,110.125,-0.268,-0.299,2026-09
78.125,112.125,-0.352,-0.306,2026-09
78.125,114.125,-0.541,-0.493,2026-09
78.125,116.125,-0.972,-0.93,2026-09
78.125,118.125,-1.37,-1.323,2026-09
78.125,120.125,-1.26,-1.275,2026-09
78.125,122.125,-1.176,-1.166,2026-09
78.125,124.125,-1.23,-1.201,2026-09
78.125,126.125,-1.174,-1.155,2026-09
78.125,128.125,-1.166,-1.275,2026-09
78.125,130.125,-1.171,-1.493,2026-09
78.125,132.125,-1.327,-1.817,2026-09
78.125,134.125,-1.044,-1.651,2026-09
78.125,136.125,-0.911,-1.56,2026-09
78.125,138.125,-0.62,-1.225,2026-09
78.125,140.125,-0.664,-1.277,2026-09
78.125,142.125,-1.007,-1.549,2026-09
78.125,144.125,-1.161,-1.628,2026-09
78.125,146.125,-1.325,-1.682,2026-09
78.125,148.125,-1.472,-1.581,2026-09
78.125,150.125,-1.537,-1.461,2026-09
78.125,152.125,-1.412,-1.141,2026-09
78.125,154.125,-1.337,-0.867,2026-09
78.125,156.125,-1.112,-0.483,2026-09
78.125,158.125,-1.201,-0.448,2026-09
78.125,160.125,-1.359,-0.569,2026-09
78.125,162.125,-1.32,-0.544,2026-09
78.125,164.125,-1.138,-0.336,2026-09
78.125,166.125,-1.28,-0.479,2026-09
78.125,168.125,-1.225,-0.43,2026-09
78.125,170.125,-1.18,-0.383,2026-09
78.125,172.125,-1.181,-0.387,2026-09
78.125,174.125,-1.294,-0.482,2026-09
78.125,176.125,-1.241,-0.438,2026-09
78.125,178.125,-1.261,-0.442,2026-09
78.125,-179.875,-1.329,-0.505,2026-09
78.125,-177.875,-1.401,-0.556,2026-09
78.125,-175.875,-1.396,-0.513,2026-09
78.125,-173.875,-1.291,-0.417,2026-09
78.125,-171.875,-1.329,-0.458,2026-09
78.125,-169.875,-1.355,-0.471,2026-09
78.125,-167.875,-1.313,-0.384,2026-09
78.125,-165.875,-1.358,-0.397,2026-09
78.125,-163.875,-1.414,-0.413,2026-09
78.125,-161.875,-1.391,-0.369,2026-09
78.125,-159.875,-1.312,-0.292,2026-09
78.125,-157.875,-1.239,-0.245,2026-09
78.125,-155.875,-1.284,-0.298,2026-09
78.125,-153.875,-1.27,-0.271,2026-09
78.125,-151.875,-1.331,-0.302,2026-09
78.125,-149.875,-1.39,-0.357,2026-09
78.125,-147.875,-1.391,-0.324,2026-09
78.125,-145.875,-1.302,-0.209,2026-09
78.125,-143.875,-1.252,-0.136,2026-09
78.125,-141.875,-1.268,-0.152,2026-09
78.125,-139.875,-1.214,-0.074,2026-09
78.125,-137.875,-1.147,0.021,2026-09
78.125,-135.875,-1.25,-0.055,2026-09
78.125,-133.875,-1.289,-0.023,2026-09
78.125,-131.875,-1.325,-0.015,2026-09
78.125,-129.875,-1.351,0.017,2026-09
78.125,-127.875,-1.313,0.08,2026-09
78.125,-125.875,-1.318,0.101,2026-09
78.125,-123.875,-1.299,0.132,2026-09
78.125,-121.875,-1.324,0.128,2026-09
78.125,-119.875,-1.417,0.064,2026-09
78.125,-117.875,-1.473,-0.056,2026-09
78.125,-115.875,-1.587,-0.302,2026-09
78.125,-113.875,-1.501,-0.274,2026-09
78.125,-111.875,-1.521,-0.186,2026-09
78.125,-109.875,-1.478,-0.29,2026-09
78.125,-107.875,-1.64,-0.237,2026-09
78.125,-105.875,-1.609,-0.494,2026-09
78.125,-103.875,-1.416,-0.674,2026-09
78.125,-101.875,-1.399,-0.705,2026-09
78.125,-97.875,-1.414,-0.789,2026-09
78.125,-93.875,-1.394,-0.67,2026-09
78.125,-91.875,-0.827,-0.523,2026-09
78.125,-89.875,-0.612,-0.382,2026-09
78.125,-87.875,-0.136,0.106,2026-09
78.125,-85.875,0.347,0.384,2026-09
78.125,-73.875,1.2,1.102,2026-09
78.125,-19.875,-1.342,-0.356,2026-09
78.125,-17.875,-0.664,0.411,2026-09
78.125,-15.875,0.021,0.838,2026-09
78.125,-13.875,-0.438,0.196,2026-09
78.125,-11.875,-0.689,-0.089,2026-09
78.125,-9.875,-1.055,-0.385,2026-09
78.125,-7.875,-1.308,-0.657,2026-09
78.125,-5.875,-1.391,-0.824,2026-09
78.125,-3.875,-0.973,-1.182,2026-09
78.125,-1.875,1.815,0.095,2026-09
80.125,0.125,-1.512,-0.984,2026-09
80.125,2.125,0.073,0.078,2026-09
80.125,4.125,1.049,0.271,2026-09
80.125,6.125,0.642,-1.056,2026-09
80.125,8.125,2.222,0.215,2026-09
80.125,10.125,4.593,2.415,2026-09
80.125,12.125,5.221,3.271,2026-09
80.125,14.125,4.78,2.75,2026-09
80.125,16.125,4.604,3.042,2026-09
80.125,18.125,4.143,2.813,2026-09
80.125,22.125,4.035,3.155,2026-09
80.125,28.125,2.52,1.971,2026-09
80.125,30.125,1.368,1.141,2026-09
80.125,32.125,0.757,0.693,2026-09
80.125,34.125,1.521,1.404,2026-09
80.125,36.125,1.527,1.336,2026-09
80.125,38.125,1.541,1.23,2026-09
80.125,40.125,1.898,1.491,2026-09
80.125,42.125,1.986,1.41,2026-09
80.125,44.125,2.183,1.517,2026-09
80.125,46.125,1.919,1.242,2026-09
80.125,48.125,1.441,0.903,2026-09
80.125,50.125,0.813,0.575,2026-09
80.125,52.125,0.904,0.662,2026-09
80.125,54.125,0.999,0.599,2026-09
80.125,58.125,0.82,0.424,2026-09
80.125,60.125,1.096,0.791,2026-09
80.125,62.125,1.831,1.571,2026-09
80.125,64.125,2.043,1.704,2026-09
80.125,66.125,1.797,1.544,2026-09
80.125,68.125,2.045,1.817,2026-09
80.125,70.125,1.974,1.673,2026-09
80.125,72.125,2.715,2.064,2026-09
80.125,74.125,3.061,2.288,2026-09
80.125,76.125,1.851,1.36,2026-09
80.125,78.125,1.855,1.51,2026-09
80.125,80.125,1.936,1.79,2026-09
80.125,82.125,1.706,1.852,2026-09
80.125,84.125,1.499,1.695,2026-09
80.125,86.125,1.538,1.674,2026-09
80.125,88.125,1.216,1.363,2026-09
80.125,90.125,0.496,0.814,2026-09
80.125,92.125,-1.273,-0.812,2026-09
80.125,98.125,-0.196,0.555,2026-09
80.125,100.125,-0.322,0.325,2026-09
80.125,102.125,-0.117,0.584,2026-09
80.125,104.125,-0.494,0.301,2026-09
80.125,106.125,-0.893,-0.105,2026-09
80.125,108.125,-1.285,-0.495,2026-09
80.125,110.125,-1.315,-0.483,2026-09
80.125,112.125,-1.328,-0.508,2026-09
80.125,114.125,-1.456,-0.683,2026-09
80.125,116.125,-1.419,-0.702,2026-09
80.125,118.125,-1.447,-0.733,2026-09
80.125,120.125,-1.523,-0.779,2026-09
80.125,122.125,-1.481,-0.696,2026-09
80.125,124.125,-1.49,-0.733,2026-09
80.125,126.125,-1.373,-0.687,2026-09
80.125,128.125,-1.3,-0.677,2026-09
80.125,130.125,-1.371,-0.841,2026-09
80.125,132.125,-1.367,-0.88,2026-09
80.125,134.125,-1.343,-0.9,2026-09
80.125,136.125,-1.293,-0.872,2026-09
80.125,138.125,-1.312,-0.957,2026-09
80.125,140.125,-1.179,-0.891,2026-09
80.125,142.125,-1.223,-0.808,2026-09
80.125,144.125,-1.242,-0.758,2026-09
80.125,146.125,-1.261,-0.656,2026-09
80.125,148.125,-1.282,-0.634,2026-09
80.125,150.125,-1.357,-0.646,2026-09
80.125,152.125,-1.342,-0.552,2026-09
80.125,154.125,-1.481,-0.601,2026-09
80.125,156.125,-1.368,-0.414,2026-09
80.125,158.125,-1.349,-0.34,2026-09
80.125,160.125,-1.239,-0.224,2026-09
80.125,162.125,-1.18,-0.168,2026-09
80.125,164.125,-1.415,-0.371,2026-09
80.125,166.125,-1.285,-0.244,2026-09
80.125,168.125,-1.175,-0.142,2026-09
80.125,170.125,-1.411,-0.342,2026-09
80.125,172.125,-1.312,-0.269,2026-09
80.125,174.125,-1.368,-0.331,2026-09
80.125,176.125,-1.322,-0.312,2026-09
80.125,178.125,-1.339,-0.305,2026-09
80.125,-179.875,-1.282,-0.243,2026-09
80.125,-177.875,-1.282,-0.242,2026-09
80.125,-175.875,-1.347,-0.307,2026-09
80.125,-173.875,-1.336,-0.305,2026-09
80.125,-171.875,-1.367,-0.3,2026-09
80.125,-169.875,-1.398,-0.326,2026-09
80.125,-167.875,-1.425,-0.348,2026-09
80.125,-165.875,-1.427,-0.34,2026-09
80.125,-163.875,-1.416,-0.335,2026-09
80.125,-161.875,-1.433,-0.344,2026-09
80.125,-159.875,-1.479,-0.379,2026-09
80.125,-157.875,-1.496,-0.376,2026-09
80.125,-155.875,-1.507,-0.368,2026-09
80.125,-153.875,-1.435,-0.295,2026-09
80.125,-151.875,-1.419,-0.272,2026-09
80.125,-149.875,-1.377,-0.181,2026-09
80.125,-147.875,-1.252,-0.014,2026-09
80.125,-145.875,-1.268,-0.006,2026-09
80.125,-143.875,-1.294,0.007,2026-09
80.125,-141.875,-1.337,0.001,2026-09
80.125,-139.875,-1.347,0.013,2026-09
80.125,-137.875,-1.358,0.011,2026-09
80.125,-135.875,-1.416,-0.02,2026-09
80.125,-133.875,-1.49,-0.05,2026-09
80.125,-131.875,-1.454,0.023,2026-09
80.125,-129.875,-1.354,0.142,2026-09
80.125,-127.875,-1.46,0.06,2026-09
80.125,-125.875,-1.506,0.026,2026-09
80.125,-123.875,-1.484,0.054,2026-09
80.125,-121.875,-1.49,0.055,2026-09
80.125,-119.875,-1.519,0.027,2026-09
80.125,-117.875,-1.476,0.059,2026-09
80.125,-115.875,-1.574,-0.031,2026-09
80.125,-113.875,-1.622,-0.077,2026-09
80.125,-111.875,-1.618,-0.083,2026-09
80.125,-109.875,-1.662,-0.117,2026-09
80.125,-107.875,-1.676,-0.126,2026-09
80.125,-105.875,-1.654,-0.108,2026-09
80.125,-103.875,-1.661,-0.122,2026-09
80.125,-101.875,-1.662,-0.168,2026-09
80.125,-99.875,-1.614,-0.279,2026-09
80.125,-97.875,-1.611,-0.367,2026-09
80.125,-69.875,-1.242,-1.028,2026-09
80.125,-67.875,-1.254,-1.186,2026-09
80.125,-15.875,-1.485,-0.651,2026-09
80.125,-13.875,-1.403,-0.629,2026-09
80.125,-11.875,-1.466,-0.81,2026-09
80.125,-9.875,-1.526,-0.809,2026-09
80.125,-7.875,-1.554,-0.757,2026-09
80.125,-5.875,-1.542,-0.709,2026-09
80.125,-3.875,-1.515,-0.644,2026-09
80.125,-1.875,-1.496,-0.68,2026-09
82.125,0.125,-1.596,-0.3,2026-09
82.125,2.125,-1.554,-0.333,2026-09
82.125,4.125,-1.479,-0.378,2026-09
82.125,6.125,-1.545,-0.556,2026-09
82.125,8.125,-1.572,-0.671,2026-09
82.125,10.125,-1.492,-0.652,2026-09
82.125,12.125,-1.436,-0.673,2026-09
82.125,14.125,-1.434,-0.747,2026-09
82.125,16.125,-1.384,-0.766,2026-09
82.125,18.125,-1.428,-0.858,2026-09
82.125,20.125,-1.378,-0.831,2026-09
82.125,22.125,-1.403,-0.853,2026-09
82.125,24.125,-1.063,-0.487,2026-09
82.125,26.125,-1.159,-0.575,2026-09
82.125,28.125,-1.33,-0.686,2026-09
82.125,30.125,-1.217,-0.596,2026-09
82.125,32.125,-1.214,-0.638,2026-09
82.125,34.125,-1.143,-0.602,2026-09
82.125,36.125,-0.874,-0.337,2026-09
82.125,38.125,-0.736,-0.21,2026-09
82.125,40.125,-0.672,-0.18,2026-09
82.125,42.125,-0.344,0.092,2026-09
82.125,44.125,0.374,0.786,2026-09
82.125,46.125,0.797,1.229,2026-09
82.125,48.125,0.775,1.21,2026-09
82.125,50.125,0.713,1.187,2026-09
82.125,52.125,0.541,1.025,2026-09
82.125,54.125,0.377,0.863,2026-09
82.125,56.125,0.449,0.94,2026-09
82.125,58.125,0.268,0.734,2026-09
82.125,60.125,0.4,0.885,2026-09
82.125,62.125,0.322,0.862,2026-09
82.125,64.125,0.451,1.058,2026-09
82.125,66.125,0.421,1.05,2026-09
82.125,68.125,0.321,0.964,2026-09
82.125,70.125,0.375,0.985,2026-09
82.125,72.125,0.424,0.948,2026-09
82.125,74.125,0.704,1.156,2026-09
82.125,76.125,0.866,1.316,2026-09
82.125,78.125,1.073,1.56,2026-09
82.125,80.125,0.928,1.509,2026-09
82.125,82.125,0.609,1.277,2026-09
82.125,84.125,0.256,1.008,2026-09
82.125,86.125,-0.062,0.681,2026-09
82.125,88.125,0.111,0.826,2026-09
82.125,90.125,-0.052,0.684,2026-09
82.125,92.125,-0.113,0.67,2026-09
82.125,94.125,-0.477,0.365,2026-09
82.125,96.125,-0.874,0.054,2026-09
82.125,98.125,-1.232,-0.217,2026-09
82.125,100.125,-1.4,-0.316,2026-09
82.125,102.125,-1.454,-0.341,2026-09
82.125,104.125,-1.461,-0.335,2026-09
82.125,106.125,-1.525,-0.404,2026-09
82.125,108.125,-1.6,-0.507,2026-09
82.125,110.125,-1.564,-0.51,2026-09
82.125,112.125,-1.588,-0.569,2026-09
82.125,114.125,-1.529,-0.537,2026-09
82.125,116.125,-1.546,-0.563,2026-09
82.125,118.125,-1.539,-0.562,2026-09
82.125,120.125,-1.549,-0.573,2026-09
82.125,122.125,-1.6,-0.617,2026-09
82.125,124.125,-1.56,-0.583,2026-09
82.125,126.125,-1.515,-0.553,2026-09
82.125,128.125,-1.537,-0.59,2026-09
82.125,130.125,-1.53,-0.592,2026-09
82.125,132.125,-1.531,-0.584,2026-09
82.125,134.125,-1.498,-0.549,2026-09
82.125,136.125,-1.478,-0.537,2026-09
82.125,138.125,-1.438,-0.508,2026-09
82.125,140.125,-1.455,-0.515,2026-09
82.125,142.125,-1.429,-0.452,2026-09
82.125,144.125,-1.378,-0.357,2026-09
82.125,146.125,-1.371,-0.323,2026-09
82.125,148.125,-1.336,-0.299,2026-09
82.125,150.125,-1.411,-0.345,2026-09
82.125,152.125,-1.465,-0.349,2026-09
82.125,154.125,-1.513,-0.355,2026-09
82.125,156.125,-1.447,-0.279,2026-09
82.125,158.125,-1.51,-0.329,2026-09
82.125,160.125,-1.521,-0.327,2026-09
82.125,162.125,-1.47,-0.277,2026-09
82.125,164.125,-1.423,-0.247,2026-09
82.125,166.125,-1.451,-0.279,2026-09
82.125,168.125,-1.381,-0.217,2026-09
82.125,170.125,-1.506,-0.31,2026-09
82.125,172.125,-1.493,-0.274,2026-09
82.125,174.125,-1.53,-0.288,2026-09
82.125,176.125,-1.543,-0.294,2026-09
82.125,178.125,-1.501,-0.256,2026-09
82.125,-179.875,-1.385,-0.16,2026-09
82.125,-177.875,-1.397,-0.184,2026-09
82.125,-175.875,-1.528,-0.316,2026-09
82.125,-173.875,-1.606,-0.407,2026-09
82.125,-171.875,-1.512,-0.343,2026-09
82.125,-169.875,-1.553,-0.373,2026-09
82.125,-167.875,-1.502,-0.307,2026-09
82.125,-165.875,-1.526,-0.293,2026-09
82.125,-163.875,-1.52,-0.256,2026-09
82.125,-161.875,-1.568,-0.274,2026-09
82.125,-159.875,-1.527,-0.219,2026-09
82.125,-157.875,-1.435,-0.126,2026-09
82.125,-155.875,-1.461,-0.14,2026-09
82.125,-153.875,-1.472,-0.142,2026-09
82.125,-151.875,-1.459,-0.113,2026-09
82.125,-149.875,-1.505,-0.132,2026-09
82.125,-147.875,-1.498,-0.113,2026-09
82.125,-145.875,-1.445,-0.058,2026-09
82.125,-143.875,-1.373,0.008,2026-09
82.125,-141.875,-1.355,0.029,2026-09
82.125,-139.875,-1.458,-0.05,2026-09
82.125,-137.875,-1.444,-0.02,2026-09
82.125,-135.875,-1.467,-0.012,2026-09
82.125,-133.875,-1.509,-0.021,2026-09
82.125,-131.875,-1.55,-0.039,2026-09
82.125,-129.875,-1.521,-0.004,2026-09
82.125,-127.875,-1.488,0.03,2026-09
82.125,-125.875,-1.509,0.022,2026-09
82.125,-123.875,-1.53,0.002,2026-09
82.125,-121.875,-1.489,0.026,2026-09
82.125,-119.875,-1.543,-0.021,2026-09
82.125,-117.875,-1.556,-0.025,2026-09
82.125,-115.875,-1.561,-0.022,2026-09
82.125,-113.875,-1.578,-0.036,2026-09
82.125,-111.875,-1.584,-0.037,2026-09
82.125,-109.875,-1.606,-0.057,2026-09
82.125,-107.875,-1.597,-0.051,2026-09
82.125,-105.875,-1.664,-0.096,2026-09
82.125,-103.875,-1.688,-0.099,2026-09
82.125,-101.875,-1.67,-0.069,2026-09
82.125,-99.875,-1.663,-0.062,2026-09
82.125,-97.875,-1.658,-0.074,2026-09
82.125,-95.875,-1.649,-0.107,2026-09
82.125,-93.875,-1.616,-0.132,2026-09
82.125,-91.875,-1.607,-0.181,2026-09
82.125,-89.875,-1.657,-0.192,2026-09
82.125,-87.875,-1.403,0.071,2026-09
82.125,-61.875,-1.346,-0.56,2026-09
82.125,-59.875,-1.542,-0.193,2026-09
82.125,-57.875,-1.619,-0.233,2026-09
82.125,-51.875,-1.366,0.035,2026-09
82.125,-45.875,-0.976,-0.63,2026-09
82.125,-23.875,-1.428,-0.245,2026-09
82.125,-21.875,-1.517,-0.247,2026-09
82.125,-19.875,-1.619,-0.28,2026-09
82.125,-17.875,-1.653,-0.199,2026-09
82.125,-15.875,-1.67,-0.169,2026-09
82.125,-13.875,-1.68,-0.219,2026-09
82.125,-11.875,-1.6,-0.303,2026-09
82.125,-9.875,-1.575,-0.3,2026-09
82.125,-7.875,-1.532,-0.252,2026-09
82.125,-5.875,-1.505,-0.218,2026-09
82.125,-3.875,-1.484,-0.192,2026-09
82.125,-1.875,-1.503,-0.207,2026-09
84.125,0.125,-1.589,-0.166,2026-09
84.125,2.125,-1.56,-0.155,2026-09
84.125,4.125,-1.568,-0.179,2026-09
84.125,6.125,-1.481,-0.125,2026-09
84.125,8.125,-1.556,-0.207,2026-09
84.125,10.125,-1.536,-0.21,2026-09
84.125,12.125,-1.495,-0.198,2026-09
84.125,14.125,-1.477,-0.205,2026-09
84.125,16.125,-1.418,-0.179,2026-09
84.125,18.125,-1.432,-0.212,2026-09
84.125,20.125,-1.402,-0.206,2026-09
84.125,22.125,-1.411,-0.232,2026-09
84.125,24.125,-1.387,-0.23,2026-09
84.125,26.125,-1.368,-0.24,2026-09
84.125,28.125,-1.362,-0.255,2026-09
84.125,30.125,-1.429,-0.328,2026-09
84.125,32.125,-1.384,-0.304,2026-09
84.125,34.125,-1.37,-0.291,2026-09
84.125,36.125,-1.345,-0.269,2026-09
84.125,38.125,-1.481,-0.392,2026-09
84.125,40.125,-1.368,-0.28,2026-09
84.125,42.125,-1.343,-0.25,2026-09
84.125,44.125,-1.318,-0.229,2026-09
84.125,46.125,-1.326,-0.237,2026-09
84.125,48.125,-1.349,-0.249,2026-09
84.125,50.125,-1.336,-0.224,2026-09
84.125,52.125,-1.319,-0.207,2026-09
84.125,54.125,-1.243,-0.139,2026-09
84.125,56.125,-1.131,-0.035,2026-09
84.125,58.125,-1.153,-0.049,2026-09
84.125,60.125,-1.153,-0.029,2026-09
84.125,62.125,-1.147,-0.004,2026-09
84.125,64.125,-1.092,0.062,2026-09
84.125,66.125,-1.259,-0.106,2026-09
84.125,68.125,-1.315,-0.156,2026-09
84.125,70.125,-1.202,-0.031,2026-09
84.125,72.125,-0.947,0.208,2026-09
84.125,74.125,-1.145,0.013,2026-09
84.125,76.125,-1.365,-0.212,2026-09
84.125,78.125,-1.236,-0.082,2026-09
84.125,80.125,-1.385,-0.226,2026-09
84.125,82.125,-1.392,-0.227,2026-09
84.125,84.125,-1.462,-0.281,2026-09
84.125,86.125,-1.458,-0.274,2026-09
84.125,88.125,-1.437,-0.257,2026-09
84.125,90.125,-1.536,-0.338,2026-09
84.125,92.125,-1.5,-0.303,2026-09
84.125,94.125,-1.547,-0.332,2026-09
84.125,96.125,-1.563,-0.333,2026-09
84.125,98.125,-1.556,-0.327,2026-09
84.125,100.125,-1.589,-0.36,2026-09
84.125,102.125,-1.6,-0.378,2026-09
84.125,104.125,-1.59,-0.379,2026-09
84.125,106.125,-1.549,-0.35,2026-09
84.125,108.125,-1.571,-0.378,2026-09
84.125,110.125,-1.542,-0.369,2026-09
84.125,112.125,-1.504,-0.344,2026-09
84.125,114.125,-1.501,-0.346,2026-09
84.125,116.125,-1.49,-0.345,2026-09
84.125,118.125,-1.473,-0.34,2026-09
84.125,120.125,-1.449,-0.329,2026-09
84.125,122.125,-1.424,-0.305,2026-09
84.125,124.125,-1.441,-0.307,2026-09
84.125,126.125,-1.446,-0.314,2026-09
84.125,128.125,-1.43,-0.299,2026-09
84.125,130.125,-1.416,-0.281,2026-09
84.125,132.125,-1.422,-0.277,2026-09
84.125,134.125,-1.419,-0.255,2026-09
84.125,136.125,-1.438,-0.252,2026-09
84.125,138.125,-1.418,-0.226,2026-09
84.125,140.125,-1.445,-0.253,2026-09
84.125,142.125,-1.471,-0.289,2026-09
84.125,144.125,-1.466,-0.294,2026-09
84.125,146.125,-1.487,-0.312,2026-09
84.125,148.125,-1.447,-0.277,2026-09
84.125,150.125,-1.429,-0.259,2026-09
84.125,152.125,-1.422,-0.248,2026-09
84.125,154.125,-1.393,-0.22,2026-09
84.125,156.125,-1.385,-0.211,2026-09
84.125,158.125,-1.461,-0.259,2026-09
84.125,160.125,-1.534,-0.294,2026-09
84.125,162.125,-1.508,-0.249,2026-09
84.125,164.125,-1.521,-0.239,2026-09
84.125,166.125,-1.542,-0.247,2026-09
84.125,168.125,-1.55,-0.251,2026-09
84.125,170.125,-1.501,-0.208,2026-09
84.125,172.125,-1.428,-0.145,2026-09
84.125,174.125,-1.461,-0.17,2026-09
84.125,176.125,-1.476,-0.18,2026-09
84.125,178.125,-1.447,-0.154,2026-09
84.125,-179.875,-1.489,-0.187,2026-09
84.125,-177.875,-1.564,-0.25,2026-09
84.125,-175.875,-1.55,-0.241,2026-09
84.125,-173.875,-1.566,-0.261,2026-09
84.125,-171.875,-1.526,-0.222,2026-09
84.125,-169.875,-1.503,-0.187,2026-09
84.125,-167.875,-1.496,-0.164,2026-09
84.125,-165.875,-1.478,-0.135,2026-09
84.125,-163.875,-1.483,-0.129,2026-09
84.125,-161.875,-1.395,-0.043,2026-09
84.125,-159.875,-1.42,-0.054,2026-09
84.125,-157.875,-1.442,-0.065,2026-09
84.125,-155.875,-1.508,-0.114,2026-09
84.125,-153.875,-1.522,-0.123,2026-09
84.125,-151.875,-1.481,-0.088,2026-09
84.125,-149.875,-1.461,-0.069,2026-09
84.125,-147.875,-1.512,-0.105,2026-09
84.125,-145.875,-1.538,-0.123,2026-09
84.125,-143.875,-1.493,-0.083,2026-09
84.125,-141.875,-1.568,-0.145,2026-09
84.125,-139.875,-1.58,-0.155,2026-09
84.125,-137.875,-1.516,-0.101,2026-09
84.125,-135.875,-1.554,-0.128,2026-09
84.125,-133.875,-1.545,-0.117,2026-09
84.125,-131.875,-1.509,-0.08,2026-09
84.125,-129.875,-1.53,-0.086,2026-09
84.125,-127.875,-1.521,-0.065,2026-09
84.125,-125.875,-1.543,-0.072,2026-09
84.125,-123.875,-1.547,-0.073,2026-09
84.125,-121.875,-1.575,-0.097,2026-09
84.125,-119.875,-1.567,-0.089,2026-09
84.125,-117.875,-1.59,-0.098,2026-09
84.125,-115.875,-1.602,-0.095,2026-09
84.125,-113.875,-1.564,-0.052,2026-09
84.125,-111.875,-1.575,-0.051,2026-09
84.125,-109.875,-1.547,-0.015,2026-09
84.125,-107.875,-1.543,-0.003,2026-09
84.125,-105.875,-1.546,0.004,2026-09
84.125,-103.875,-1.556,0.003,2026-09
84.125,-101.875,-1.614,-0.036,2026-09
84.125,-99.875,-1.593,-0.009,2026-09
84.125,-97.875,-1.602,-0.01,2026-09
84.125,-95.875,-1.573,0.016,2026-09
84.125,-93.875,-1.549,0.036,2026-09
84.125,-91.875,-1.551,0.035,2026-09
84.125,-89.875,-1.567,0.025,2026-09
84.125,-87.875,-1.605,-0.004,2026-09
84.125,-85.875,-1.633,-0.025,2026-09
84.125,-83.875,-1.598,0.001,2026-09
84.125,-81.875,-1.612,-0.014,2026-09
84.125,-79.875,-1.594,-0.001,2026-09
84.125,-77.875,-1.59,0.005,2026-09
84.125,-75.875,-1.63,-0.02,2026-09
84.125,-73.875,-1.657,-0.034,2026-09
84.125,-71.875,-1.623,-0.017,2026-09
84.125,-69.875,-1.581,0.011,2026-09
84.125,-67.875,-1.64,-0.047,2026-09
84.125,-65.875,-1.666,-0.081,2026-09
84.125,-63.875,-1.687,-0.109,2026-09
84.125,-61.875,-1.619,-0.058,2026-09
84.125,-59.875,-1.659,-0.11,2026-09
84.125,-57.875,-1.633,-0.107,2026-09
84.125,-55.875,-1.62,-0.108,2026-09
84.125,-53.875,-1.603,-0.095,2026-09
84.125,-51.875,-1.592,-0.084,2026-09
84.125,-49.875,-1.592,-0.088,2026-09
84.125,-47.875,-1.656,-0.159,2026-09
84.125,-45.875,-1.66,-0.152,2026-09
84.125,-43.875,-1.66,-0.133,2026-09
84.125,-41.875,-1.662,-0.159,2026-09
84.125,-39.875,-1.641,-0.104,2026-09
84.125,-37.875,-1.687,-0.124,2026-09
84.125,-35.875,-1.709,-0.154,2026-09
84.125,-33.875,-1.717,-0.19,2026-09
84.125,-31.875,-1.721,-0.206,2026-09
84.125,-29.875,-1.677,-0.174,2026-09
84.125,-27.875,-1.698,-0.221,2026-09
84.125,-25.875,-1.7,-0.269,2026-09
84.125,-23.875,-1.695,-0.256,2026-09
84.125,-21.875,-1.7,-0.237,2026-09
84.125,-19.875,-1.713,-0.228,2026-09
84.125,-17.875,-1.696,-0.187,2026-09
84.125,-15.875,-1.715,-0.183,2026-09
84.125,-13.875,-1.672,-0.151,2026-09
84.125,-11.875,-1.601,-0.11,2026-09
84.125,-9.875,-1.546,-0.078,2026-09
84.125,-7.875,-1.58,-0.121,2026-09
84.125,-5.875,-1.654,-0.196,2026-09
84.125,-3.875,-1.679,-0.227,2026-09
84.125,-1.875,-1.617,-0.182,2026-09
86.125,0.125,-1.707,-0.307,2026-09
86.125,2.125,-1.691,-0.302,2026-09
86.125,4.125,-1.665,-0.287,2026-09
86.125,6.125,-1.647,-0.278,2026-09
86.125,8.125,-1.625,-0.266,2026-09
86.125,10.125,-1.593,-0.247,2026-09
86.125,12.125,-1.563,-0.231,2026-09
86.125,14.125,-1.534,-0.219,2026-09
86.125,16.125,-1.527,-0.224,2026-09
86.125,18.125,-1.483,-0.198,2026-09
86.125,20.125,-1.462,-0.19,2026-09
86.125,22.125,-1.469,-0.204,2026-09
86.125,24.125,-1.446,-0.192,2026-09
86.125,26.125,-1.423,-0.185,2026-09
86.125,28.125,-1.415,-0.186,2026-09
86.125,30.125,-1.373,-0.154,2026-09
86.125,32.125,-1.371,-0.161,2026-09
86.125,34.125,-1.334,-0.133,2026-09
86.125,36.125,-1.452,-0.23,2026-09
86.125,38.125,-1.494,-0.264,2026-09
86.125,40.125,-1.461,-0.234,2026-09
86.125,42.125,-1.499,-0.262,2026-09
86.125,44.125,-1.492,-0.254,2026-09
86.125,46.125,-1.424,-0.194,2026-09
86.125,48.125,-1.462,-0.22,2026-09
86.125,50.125,-1.503,-0.25,2026-09
86.125,52.125,-1.42,-0.181,2026-09
86.125,54.125,-1.449,-0.209,2026-09
86.125,56.125,-1.452,-0.216,2026-09
86.125,58.125,-1.459,-0.22,2026-09
86.125,60.125,-1.516,-0.264,2026-09
86.125,62.125,-1.547,-0.283,2026-09
86.125,64.125,-1.567,-0.298,2026-09
86.125,66.125,-1.442,-0.191,2026-09
86.125,68.125,-1.456,-0.201,2026-09
86.125,70.125,-1.514,-0.248,2026-09
86.125,72.125,-1.375,-0.131,2026-09
86.125,74.125,-1.414,-0.164,2026-09
86.125,76.125,-1.43,-0.179,2026-09
86.125,78.125,-1.501,-0.239,2026-09
86.125,80.125,-1.528,-0.264,2026-09
86.125,82.125,-1.515,-0.254,2026-09
86.125,84.125,-1.521,-0.258,2026-09
86.125,86.125,-1.493,-0.23,2026-09
86.125,88.125,-1.478,-0.212,2026-09
86.125,90.125,-1.527,-0.248,2026-09
86.125,92.125,-1.49,-0.214,2026-09
86.125,94.125,-1.488,-0.207,2026-09
86.125,96.125,-1.492,-0.205,2026-09
86.125,98.125,-1.515,-0.226,2026-09
86.125,100.125,-1.532,-0.245,2026-09
86.125,102.125,-1.495,-0.223,2026-09
86.125,104.125,-1.543,-0.27,2026-09
86.125,106.125,-1.534,-0.268,2026-09
86.125,108.125,-1.551,-0.287,2026-09
86.125,110.125,-1.576,-0.315,2026-09
86.125,112.125,-1.463,-0.225,2026-09
86.125,114.125,-1.484,-0.244,2026-09
86.125,116.125,-1.448,-0.218,2026-09
86.125,118.125,-1.468,-0.24,2026-09
86.125,120.125,-1.45,-0.23,2026-09
86.125,122.125,-1.469,-0.245,2026-09
86.125,124.125,-1.466,-0.238,2026-09
86.125,126.125,-1.485,-0.252,2026-09
86.125,128.125,-1.449,-0.22,2026-09
86.125,130.125,-1.526,-0.282,2026-09
86.125,132.125,-1.551,-0.298,2026-09
86.125,134.125,-1.511,-0.254,2026-09
86.125,136.125,-1.503,-0.237,2026-09
86.125,138.125,-1.495,-0.227,2026-09
86.125,140.125,-1.526,-0.254,2026-09
86.125,142.125,-1.573,-0.303,2026-09
86.125,144.125,-1.559,-0.293,2026-09
86.125,146.125,-1.512,-0.253,2026-09
86.125,148.125,-1.523,-0.26,2026-09
86.125,150.125,-1.519,-0.253,2026-09
86.125,152.125,-1.449,-0.19,2026-09
86.125,154.125,-1.433,-0.173,2026-09
86.125,156.125,-1.377,-0.122,2026-09
86.125,158.125,-1.459,-0.181,2026-09
86.125,160.125,-1.483,-0.186,2026-09
86.125,162.125,-1.473,-0.164,2026-09
86.125,164.125,-1.536,-0.207,2026-09
86.125,166.125,-1.469,-0.145,2026-09
86.125,168.125,-1.391,-0.079,2026-09
86.125,170.125,-1.458,-0.134,2026-09
86.125,172.125,-1.47,-0.144,2026-09
86.125,174.125,-1.472,-0.145,2026-09
86.125,176.125,-1.465,-0.138,2026-09
86.125,178.125,-1.472,-0.142,2026-09
86.125,-179.875,-1.468,-0.137,2026-09
86.125,-177.875,-1.483,-0.149,2026-09
86.125,-175.875,-1.485,-0.154,2026-09
86.125,-173.875,-1.481,-0.154,2026-09
86.125,-171.875,-1.499,-0.168,2026-09
86.125,-169.875,-1.501,-0.164,2026-09
86.125,-167.875,-1.517,-0.171,2026-09
86.125,-165.875,-1.527,-0.175,2026-09
86.125,-163.875,-1.542,-0.183,2026-09
86.125,-161.875,-1.561,-0.194,2026-09
86.125,-159.875,-1.598,-0.222,2026-09
86.125,-157.875,-1.619,-0.237,2026-09
86.125,-155.875,-1.606,-0.222,2026-09
86.125,-153.875,-1.478,-0.113,2026-09
86.125,-151.875,-1.535,-0.159,2026-09
86.125,-149.875,-1.565,-0.181,2026-09
86.125,-147.875,-1.568,-0.18,2026-09
86.125,-145.875,-1.565,-0.176,2026-09
86.125,-143.875,-1.566,-0.176,2026-09
86.125,-141.875,-1.592,-0.198,2026-09
86.125,-139.875,-1.587,-0.195,2026-09
86.125,-137.875,-1.573,-0.183,2026-09
86.125,-135.875,-1.582,-0.19,2026-09
86.125,-133.875,-1.521,-0.137,2026-09
86.125,-131.875,-1.52,-0.132,2026-09
86.125,-129.875,-1.535,-0.137,2026-09
86.125,-127.875,-1.569,-0.159,2026-09
86.125,-125.875,-1.583,-0.165,2026-09
86.125,-123.875,-1.584,-0.165,2026-09
86.125,-121.875,-1.568,-0.151,2026-09
86.125,-119.875,-1.586,-0.164,2026-09
86.125,-117.875,-1.627,-0.194,2026-09
86.125,-115.875,-1.63,-0.19,2026-09
86.125,-113.875,-1.663,-0.213,2026-09
86.125,-111.875,-1.686,-0.227,2026-09
86.125,-109.875,-1.682,-0.22,2026-09
86.125,-107.875,-1.682,-0.216,2026-09
86.125,-105.875,-1.668,-0.195,2026-09
86.125,-103.875,-1.687,-0.206,2026-09
86.125,-101.875,-1.664,-0.184,2026-09
86.125,-99.875,-1.686,-0.196,2026-09
86.125,-97.875,-1.691,-0.197,2026-09
86.125,-95.875,-1.703,-0.204,2026-09
86.125,-93.875,-1.673,-0.176,2026-09
86.125,-91.875,-1.656,-0.159,2026-09
86.125,-89.875,-1.644,-0.146,2026-09
86.125,-87.875,-1.664,-0.159,2026-09
86.125,-85.875,-1.67,-0.163,2026-09
86.125,-83.875,-1.693,-0.184,2026-09
86.125,-81.875,-1.654,-0.152,2026-09
86.125,-79.875,-1.633,-0.136,2026-09
86.125,-77.875,-1.626,-0.129,2026-09
86.125,-75.875,-1.686,-0.176,2026-09
86.125,-73.875,-1.676,-0.165,2026-09
86.125,-71.875,-1.686,-0.177,2026-09
86.125,-69.875,-1.677,-0.176,2026-09
86.125,-67.875,-1.662,-0.172,2026-09
86.125,-65.875,-1.635,-0.156,2026-09
86.125,-63.875,-1.643,-0.169,2026-09
86.125,-61.875,-1.649,-0.179,2026-09
86.125,-59.875,-1.644,-0.184,2026-09
86.125,-57.875,-1.684,-0.229,2026-09
86.125,-55.875,-1.642,-0.204,2026-09
86.125,-53.875,-1.659,-0.221,2026-09
86.125,-51.875,-1.647,-0.212,2026-09
86.125,-49.875,-1.688,-0.247,2026-09
86.125,-47.875,-1.684,-0.248,2026-09
86.125,-45.875,-1.68,-0.243,2026-09
86.125,-43.875,-1.674,-0.229,2026-09
86.125,-41.875,-1.684,-0.235,2026-09
86.125,-39.875,-1.655,-0.195,2026-09
86.125,-37.875,-1.659,-0.192,2026-09
86.125,-35.875,-1.713,-0.24,2026-09
86.125,-33.875,-1.683,-0.224,2026-09
86.125,-31.875,-1.689,-0.236,2026-09
86.125,-29.875,-1.667,-0.226,2026-09
86.125,-27.875,-1.676,-0.246,2026-09
86.125,-25.875,-1.664,-0.252,2026-09
86.125,-23.875,-1.634,-0.229,2026-09
86.125,-21.875,-1.676,-0.258,2026-09
86.125,-19.875,-1.622,-0.204,2026-09
86.125,-17.875,-1.624,-0.194,2026-09
86.125,-15.875,-1.631,-0.189,2026-09
86.125,-13.875,-1.648,-0.206,2026-09
86.125,-11.875,-1.687,-0.25,2026-09
86.125,-9.875,-1.675,-0.249,2026-09
86.125,-7.875,-1.657,-0.243,2026-09
86.125,-5.875,-1.629,-0.227,2026-09
86.125,-3.875,-1.609,-0.216,2026-09
86.125,-1.875,-1.717,-0.31,2026-09
88.125,0.125,-1.689,-0.325,2026-09
88.125,2.125,-1.687,-0.325,2026-09
88.125,4.125,-1.691,-0.331,2026-09
88.125,6.125,-1.685,-0.325,2026-09
88.125,8.125,-1.664,-0.308,2026-09
88.125,10.125,-1.658,-0.304,2026-09
88.125,12.125,-1.653,-0.302,2026-09
88.125,14.125,-1.629,-0.283,2026-09
88.125,16.125,-1.63,-0.287,2026-09
88.125,18.125,-1.599,-0.264,2026-09
88.125,20.125,-1.587,-0.258,2026-09
88.125,22.125,-1.584,-0.257,2026-09
88.125,24.125,-1.588,-0.262,2026-09
88.125,26.125,-1.597,-0.272,2026-09
88.125,28.125,-1.642,-0.311,2026-09
88.125,30.125,-1.631,-0.303,2026-09
88.125,32.125,-1.569,-0.253,2026-09
88.125,34.125,-1.541,-0.228,2026-09
88.125,36.125,-1.573,-0.254,2026-09
88.125,38.125,-1.618,-0.29,2026-09
88.125,40.125,-1.564,-0.243,2026-09
88.125,42.125,-1.564,-0.242,2026-09
88.125,44.125,-1.555,-0.233,2026-09
88.125,46.125,-1.547,-0.225,2026-09
88.125,48.125,-1.544,-0.219,2026-09
88.125,50.125,-1.538,-0.212,2026-09
88.125,52.125,-1.55,-0.222,2026-09
88.125,54.125,-1.553,-0.224,2026-09
88.125,56.125,-1.536,-0.208,2026-09
88.125,58.125,-1.544,-0.214,2026-09
88.125,60.125,-1.518,-0.189,2026-09
88.125,62.125,-1.486,-0.159,2026-09
88.125,64.125,-1.478,-0.15,2026-09
88.125,66.125,-1.448,-0.123,2026-09
88.125,68.125,-1.455,-0.127,2026-09
88.125,70.125,-1.484,-0.149,2026-09
88.125,72.125,-1.467,-0.133,2026-09
88.125,74.125,-1.474,-0.138,2026-09
88.125,76.125,-1.494,-0.155,2026-09
88.125,78.125,-1.496,-0.157,2026-09
88.125,80.125,-1.482,-0.146,2026-09
88.125,82.125,-1.49,-0.153,2026-09
88.125,84.125,-1.481,-0.145,2026-09
88.125,86.125,-1.5,-0.16,2026-09
88.125,88.125,-1.5,-0.159,2026-09
88.125,90.125,-1.474,-0.137,2026-09
88.125,92.125,-1.493,-0.151,2026-09
88.125,94.125,-1.449,-0.114,2026-09
88.125,96.125,-1.454,-0.117,2026-09
88.125,98.125,-1.481,-0.14,2026-09
88.125,100.125,-1.49,-0.148,2026-09
88.125,102.125,-1.467,-0.13,2026-09
88.125,104.125,-1.413,-0.086,2026-09
88.125,106.125,-1.404,-0.081,2026-09
88.125,108.125,-1.424,-0.096,2026-09
88.125,110.125,-1.419,-0.095,2026-09
88.125,112.125,-1.416,-0.093,2026-09
88.125,114.125,-1.446,-0.12,2026-09
88.125,116.125,-1.427,-0.104,2026-09
88.125,118.125,-1.441,-0.117,2026-09
88.125,120.125,-1.445,-0.122,2026-09
88.125,122.125,-1.424,-0.103,2026-09
88.125,124.125,-1.438,-0.114,2026-09
88.125,126.125,-1.441,-0.117,2026-09
88.125,128.125,-1.449,-0.124,2026-09
88.125,130.125,-1.448,-0.123,2026-09
88.125,132.125,-1.474,-0.144,2026-09
88.125,134.125,-1.48,-0.149,2026-09
88.125,136.125,-1.483,-0.151,2026-09
88.125,138.125,-1.489,-0.156,2026-09
88.125,140.125,-1.479,-0.15,2026-09
88.125,142.125,-1.479,-0.153,2026-09
88.125,144.125,-1.473,-0.15,2026-09
88.125,146.125,-1.419,-0.106,2026-09
88.125,148.125,-1.489,-0.165,2026-09
88.125,150.125,-1.498,-0.173,2026-09
88.125,152.125,-1.485,-0.163,2026-09
88.125,154.125,-1.477,-0.156,2026-09
88.125,156.125,-1.478,-0.156,2026-09
88.125,158.125,-1.497,-0.17,2026-09
88.125,160.125,-1.533,-0.197,2026-09
88.125,162.125,-1.485,-0.154,2026-09
88.125,164.125,-1.501,-0.164,2026-09
88.125,166.125,-1.478,-0.144,2026-09
88.125,168.125,-1.486,-0.151,2026-09
88.125,170.125,-1.487,-0.151,2026-09
88.125,172.125,-1.475,-0.142,2026-09
88.125,174.125,-1.477,-0.144,2026-09
88.125,176.125,-1.464,-0.133,2026-09
88.125,178.125,-1.549,-0.204,2026-09
88.125,-179.875,-1.547,-0.203,2026-09
88.125,-177.875,-1.519,-0.18,2026-09
88.125,-175.875,-1.536,-0.195,2026-09
88.125,-173.875,-1.511,-0.174,2026-09
88.125,-171.875,-1.502,-0.166,2026-09
88.125,-169.875,-1.486,-0.152,2026-09
88.125,-167.875,-1.492,-0.155,2026-09
88.125,-165.875,-1.488,-0.15,2026-09
88.125,-163.875,-1.487,-0.148,2026-09
88.125,-161.875,-1.497,-0.154,2026-09
88.125,-159.875,-1.479,-0.138,2026-09
88.125,-157.875,-1.562,-0.205,2026-09
88.125,-155.875,-1.589,-0.226,2026-09
88.125,-153.875,-1.57,-0.21,2026-09
88.125,-151.875,-1.589,-0.225,2026-09
88.125,-149.875,-1.588,-0.224,2026-09
88.125,-147.875,-1.595,-0.228,2026-09
88.125,-145.875,-1.595,-0.228,2026-09
88.125,-143.875,-1.596,-0.229,2026-09
88.125,-141.875,-1.572,-0.209,2026-09
88.125,-139.875,-1.608,-0.24,2026-09
88.125,-137.875,-1.598,-0.232,2026-09
88.125,-135.875,-1.567,-0.206,2026-09
88.125,-133.875,-1.566,-0.205,2026-09
88.125,-131.875,-1.579,-0.216,2026-09
88.125,-129.875,-1.606,-0.239,2026-09
88.125,-127.875,-1.633,-0.26,2026-09
88.125,-125.875,-1.636,-0.262,2026-09
88.125,-123.875,-1.633,-0.26,2026-09
88.125,-121.875,-1.638,-0.265,2026-09
88.125,-119.875,-1.628,-0.258,2026-09
88.125,-117.875,-1.65,-0.276,2026-09
88.125,-115.875,-1.619,-0.249,2026-09
88.125,-113.875,-1.627,-0.255,2026-09
88.125,-111.875,-1.651,-0.275,2026-09
88.125,-109.875,-1.658,-0.279,2026-09
88.125,-107.875,-1.618,-0.244,2026-09
88.125,-105.875,-1.604,-0.231,2026-09
88.125,-103.875,-1.634,-0.256,2026-09
88.125,-101.875,-1.651,-0.27,2026-09
88.125,-99.875,-1.642,-0.261,2026-09
88.125,-97.875,-1.652,-0.268,2026-09
88.125,-95.875,-1.673,-0.286,2026-09
88.125,-93.875,-1.67,-0.282,2026-09
88.125,-91.875,-1.653,-0.268,2026-09
88.125,-89.875,-1.649,-0.264,2026-09
88.125,-87.875,-1.684,-0.292,2026-09
88.125,-85.875,-1.689,-0.296,2026-09
88.125,-83.875,-1.649,-0.263,2026-09
88.125,-81.875,-1.607,-0.228,2026-09
88.125,-79.875,-1.606,-0.228,2026-09
88.125,-77.875,-1.595,-0.218,2026-09
88.125,-75.875,-1.62,-0.239,2026-09
88.125,-73.875,-1.637,-0.252,2026-09
88.125,-71.875,-1.65,-0.263,2026-09
88.125,-69.875,-1.658,-0.271,2026-09
88.125,-67.875,-1.63,-0.25,2026-09
88.125,-65.875,-1.616,-0.24,2026-09
88.125,-63.875,-1.581,-0.212,2026-09
88.125,-61.875,-1.63,-0.253,2026-09
88.125,-59.875,-1.659,-0.28,2026-09
88.125,-57.875,-1.701,-0.317,2026-09
88.125,-55.875,-1.689,-0.31,2026-09
88.125,-53.875,-1.685,-0.307,2026-09
88.125,-51.875,-1.694,-0.315,2026-09
88.125,-49.875,-1.698,-0.32,2026-09
88.125,-47.875,-1.696,-0.319,2026-09
88.125,-45.875,-1.688,-0.312,2026-09
88.125,-43.875,-1.684,-0.307,2026-09
88.125,-41.875,-1.664,-0.289,2026-09
88.125,-39.875,-1.661,-0.284,2026-09
88.125,-37.875,-1.663,-0.285,2026-09
88.125,-35.875,-1.663,-0.286,2026-09
88.125,-33.875,-1.635,-0.265,2026-09
88.125,-31.875,-1.606,-0.243,2026-09
88.125,-29.875,-1.626,-0.261,2026-09
88.125,-27.875,-1.72,-0.343,2026-09
88.125,-25.875,-1.732,-0.357,2026-09
88.125,-23.875,-1.725,-0.35,2026-09
88.125,-21.875,-1.741,-0.362,2026-09
88.125,-19.875,-1.72,-0.343,2026-09
88.125,-17.875,-1.702,-0.327,2026-09
88.125,-15.875,-1.718,-0.337,2026-09
88.125,-13.875,-1.716,-0.337,2026-09
88.125,-11.875,-1.701,-0.327,2026-09
88.125,-9.875,-1.717,-0.342,2026-09
88.125,-7.875,-1.722,-0.348,2026-09
88.125,-5.875,-1.728,-0.354,2026-09
88.125,-3.875,-1.718,-0.347,2026-09
88.125,-1.875,-1.705,-0.337,2026-09
